canonical_researchr_id,name,mapped_name_for_matching,pc_name_norm,openalex_id,orcid,openalex_matched,match_source,match_confidence,needs_manual_review,review_reason,n_evidence_rows,n_citing_papers,n_cited_works,n_openalex_ids,candidate_openalex_ids,candidate_ref_author_names,candidate_orcids,n_pc_rows,n_conferences,first_observed_pc_year,last_observed_pc_year
aaronstump,Aaron Stump,Aaron Stump,aaron stump,A5072489480,0000-0002-9720-0003,True,strict_name_one_openalex_id,high,False,,53,44,21,1,['A5072489480'],['Aaron Stump'],['0000-0002-9720-0003'],2,1,2019,2023
abhinavverma1,Abhinav Verma,Abhinav Verma,abhinav verma,A5101988843,0000-0002-9820-8285,True,strict_name_one_openalex_id,high,False,,1,1,1,1,['A5101988843'],['Abhinav Verma'],['0000-0002-9820-8285'],1,1,2023,2023
adamchlipala,Adam Chlipala,Adam Chlipala,adam chlipala,A5078100439,0000-0001-7085-9417,True,strict_name_one_openalex_id,high,False,,382,235,61,1,['A5078100439'],['Adam Chlipala'],['0000-0001-7085-9417'],8,3,2017,2025
adamwelc,Adam Welc,Adam Welc,adam welc,A5078668785,0009-0005-0515-4994,True,strict_name_one_openalex_id,high,False,,28,23,11,1,['A5078668785'],['Adam Welc'],['0009-0005-0515-4994'],2,1,2020,2021
adriansampson,Adrian Sampson,Adrian Sampson,adrian sampson,A5004782337,0000-0003-0837-8924,True,strict_name_one_openalex_id,high,False,,67,43,23,1,['A5004782337'],['Adrian Sampson'],['0000-0003-0837-8924'],3,2,2018,2020
aggelosbiboudis,Aggelos Biboudis,Aggelos Biboudis,aggelos biboudis,A5089315679,,True,strict_name_one_openalex_id,high,False,,41,35,10,1,['A5089315679'],['Aggelos Biboudis'],[],1,1,2023,2023
ahmedbouajjani,Ahmed Bouajjani,Ahmed Bouajjani,ahmed bouajjani,A5045477471,0000-0002-2060-3592,True,strict_name_one_openalex_id,high,False,,184,102,63,1,['A5045477471'],['Ahmed Bouajjani'],['0000-0002-2060-3592'],2,1,2021,2024
ainalinngeorges,Aina Linn Georges,Aina Linn Georges,aina linn georges,A5041169923,0000-0002-5951-4642,True,strict_name_one_openalex_id,high,False,,42,27,9,1,['A5041169923'],['Aïna Linn Georges'],['0000-0002-5951-4642'],1,1,2025,2025
akashlal,Akash Lal,Akash Lal,akash lal,A5029930688,0009-0002-4359-9378,True,strict_name_one_openalex_id,high,False,,92,65,39,1,['A5029930688'],['Akash Lal'],['0009-0002-4359-9378'],5,2,2017,2023
akimasamorihata,Akimasa Morihata,Akimasa Morihata,akimasa morihata,A5037284935,0000-0003-2741-5954,True,strict_name_one_openalex_id,high,False,,28,11,13,1,['A5037284935'],['Akimasa Morihata'],['0000-0003-2741-5954'],1,1,2021,2021
alanjeffrey1,Alan Jeffrey,Alan Jeffrey,alan jeffrey,A5012868882,0000-0001-6342-0318,True,strict_name_one_openalex_id,high,False,,70,47,15,1,['A5012868882'],['Alan Jeffrey'],['0000-0001-6342-0318'],4,2,2017,2023
alanschmitt,Alan Schmitt,Alan Schmitt,alan schmitt,A5013605827,,True,strict_name_one_openalex_id,high,False,,62,46,13,1,['A5013605827'],['Alan Schmitt'],[],1,1,2021,2021
alastairdonaldson,Alastair F. Donaldson,Alastair F. Donaldson,alastair f donaldson,A5080781439,0000-0002-7448-7961,True,strict_name_one_openalex_id,high,False,,236,105,64,1,['A5080781439'],['Alastair F. Donaldson'],['0000-0002-7448-7961'],6,3,2018,2024
alastairreid,Alastair Reid,Alastair Reid,alastair reid,A5000183647,0000-0003-4695-6668,True,strict_name_one_openalex_id,high,False,,38,25,9,1,['A5000183647'],['Alastair Reid'],['0000-0003-4695-6668'],2,1,2023,2024
alcidesfonseca,Alcides Fonseca,Alcides Fonseca,alcides fonseca,A5089334093,0000-0002-0879-4015,True,strict_name_one_openalex_id,high,False,,13,7,7,1,['A5089334093'],['Alcides Fonseca'],['0000-0002-0879-4015'],1,1,2023,2023
alejandroaguirre1,Alejandro Aguirre,Alejandro Aguirre,alejandro aguirre,A5073092626,0000-0001-6746-2734,True,strict_name_one_openalex_id,high,False,,82,44,15,1,['A5073092626'],['Alejandro Aguirre'],['0000-0001-6746-2734'],2,2,2024,2025
alejandrorusso,Alejandro Russo,Alejandro Russo,alejandro russo,A5028178671,0000-0002-4338-6316,True,strict_name_one_openalex_id,high,False,,119,46,39,1,['A5028178671'],['Alejandro Russo'],['0000-0002-4338-6316'],2,1,2018,2024
aleksandarnanevski,Aleksandar Nanevski,Aleksandar Nanevski,aleksandar nanevski,A5026624853,0000-0002-4851-1075,True,strict_name_one_openalex_id,high,False,,269,139,40,1,['A5026624853'],['Aleksandar Nanevski'],['0000-0002-4851-1075'],3,2,2018,2024
alexpotanin,Alex Potanin,Alex Potanin,alex potanin,A5057086547,0000-0002-4242-2725,True,strict_name_one_openalex_id,high,False,,44,34,23,1,['A5057086547'],['Alex Potanin'],['0000-0002-4242-2725'],4,2,2019,2025
alexreinking1,Alex Reinking,Alex Reinking,alex reinking,A5065315146,0000-0003-3285-2112,True,strict_name_one_openalex_id,high,False,,21,21,2,1,['A5065315146'],['Alex Reinking'],['0000-0003-3285-2112'],1,1,2025,2025
alexsanchezstern2,Alex Sanchez-Stern,Alex Sanchez-Stern,alex sanchez-stern,A5088457102,0000-0003-0600-7898,True,strict_name_one_openalex_id,high,False,,49,35,7,1,['A5088457102'],['Alex Sanchez-Stern'],['0000-0003-0600-7898'],1,1,2024,2024
alexavanhattum1,Alexa VanHattum,Alexa VanHattum,alexa vanhattum,A5029623128,0000-0001-6128-8907,True,strict_name_one_openalex_id,high,False,,20,20,5,1,['A5029623128'],['Alexa VanHattum'],['0000-0001-6128-8907'],1,1,2025,2025
alexanderbakst,Alexander Bakst,Alexander Bakst,alexander bakst,A5054040964,0000-0002-9696-7157,True,strict_name_one_openalex_id,high,False,,42,39,8,1,['A5054040964'],['Alexander Bakst'],['0000-0002-9696-7157'],1,1,2025,2025
alexanderklew,Alexander K. Lew,Alexander K. Lew,alexander k lew,A5056016273,0000-0002-9262-4392,True,strict_name_one_openalex_id,high,False,,52,28,9,1,['A5056016273'],['Alexander K. Lew'],['0000-0002-9262-4392'],1,1,2025,2025
alexandrabugariu,Alexandra Bugariu,Alexandra Bugariu,alexandra bugariu,A5064460214,0000-0002-7412-0895,True,strict_name_one_openalex_id,high,False,,8,6,2,1,['A5064460214'],['Alexandra Bugariu'],['0000-0002-7412-0895'],1,1,2024,2024
alexandrajimborean,Alexandra Jimborean,Alexandra Jimborean,alexandra jimborean,A5039379608,0000-0001-8642-2447,True,strict_name_one_openalex_id,high,False,,6,2,6,1,['A5039379608'],['Alexandra Jimborean'],['0000-0001-8642-2447'],2,1,2020,2023
alexandremoine,Alexandre Moine,Alexandre Moine,alexandre moine,A5022449209,0000-0002-2169-1977,True,strict_name_one_openalex_id,high,False,,7,7,2,1,['A5022449209'],['Alexandre Moine'],['0000-0002-2169-1977'],1,1,2025,2025
alexeygotsman,Alexey Gotsman,Alexey Gotsman,alexey gotsman,A5068242118,0000-0002-2454-4171,True,strict_name_one_openalex_id,high,False,,211,118,39,1,['A5068242118'],['Alexey Gotsman'],['0000-0002-2454-4171'],2,1,2020,2024
alvincheung,Alvin Cheung,Alvin Cheung,alvin cheung,A5059427197,0000-0001-6261-6263,True,strict_name_one_openalex_id,high,False,,198,110,34,1,['A5059427197'],['Alvin Cheung'],['0000-0001-6261-6263'],5,3,2017,2025
amalahmed,Amal Ahmed,Amal Ahmed,amal ahmed,A5084250644,0000-0001-7424-572X,True,strict_name_one_openalex_id,high,False,,489,208,64,1,['A5084250644'],['Amal Ahmed'],['0000-0001-7424-572X'],5,3,2019,2023
amintimany,Amin Timany,Amin Timany,amin timany,A5030831735,0000-0002-2237-851X,True,strict_name_one_openalex_id,high,False,,301,146,29,1,['A5030831735'],['Amin Timany'],['0000-0002-2237-851X'],3,3,2021,2025
amosrobinson,Amos Robinson,Amos Robinson,amos robinson,A5027828112,,True,strict_name_one_openalex_id,high,False,,2,2,2,1,['A5027828112'],['Amos Robinson'],[],1,1,2023,2023
amrsabry,Amr Sabry,Amr Sabry,amr sabry,A5084476883,0000-0002-1025-7331,True,strict_name_one_openalex_id,high,False,,248,180,42,1,['A5084476883'],['Amr Sabry'],['0000-0002-1025-7331'],2,1,2018,2023
anamilanova,Ana Milanova,Ana Milanova,ana milanova,A5083326011,0009-0005-9667-5276,True,strict_name_one_openalex_id,high,False,,94,57,21,1,['A5083326011'],['Ana Milanova'],['0009-0005-9667-5276'],7,2,2017,2025
anasokolova,Ana Sokolova,Ana Sokolova,ana sokolova,A5074223895,0000-0002-8384-3438,True,strict_name_one_openalex_id,high,False,,17,14,12,1,['A5074223895'],['Ana Sokolova'],['0000-0002-8384-3438'],1,1,2021,2021
andersmiltner1,Anders Miltner,Anders Miltner,anders miltner,A5001856793,0000-0002-8338-4008,True,strict_name_one_openalex_id,high,False,,37,36,6,1,['A5001856793'],['Anders Miltner'],['0000-0002-8338-4008'],2,1,2022,2024
andersmoller,Anders Møller,Anders Møller,anders moller,A5103189175,0000-0003-1333-2314,True,strict_name_one_openalex_id,high,False,,182,95,46,1,['A5103189175'],['Anders Møller'],['0000-0003-1333-2314'],5,2,2017,2024
andreavezzosi2,Andrea Vezzosi,Andrea Vezzosi,andrea vezzosi,A5066208562,0000-0001-9570-9407,True,strict_name_one_openalex_id,high,False,,74,45,12,1,['A5066208562'],['Andrea Vezzosi'],['0000-0001-9570-9407'],1,1,2024,2024
andreasabel,Andreas Abel,Andreas Abel,andreas abel,A5008534457,0000-0003-0420-4492,True,strict_name_one_openalex_id,high,False,,193,103,56,1,['A5008534457'],['Andreas Abel'],['0000-0003-0420-4492'],4,2,2019,2025
andreaspavlogiannis1,Andreas Pavlogiannis,Andreas Pavlogiannis,andreas pavlogiannis,A5022252401,0000-0002-8943-0722,True,strict_name_one_openalex_id,high,False,,152,62,34,1,['A5022252401'],['Andreas Pavlogiannis'],['0000-0002-8943-0722'],3,2,2021,2024
andreaspodelski,Andreas Podelski,Andreas Podelski,andreas podelski,A5062411838,0000-0003-2540-9489,True,strict_name_one_openalex_id,high,False,,179,83,50,1,['A5062411838'],['Andreas Podelski'],['0000-0003-2540-9489'],2,1,2019,2023
andreasrossberg,Andreas Rossberg,Andreas Rossberg,andreas rossberg,A5054382677,0000-0003-3137-3160,True,strict_name_one_openalex_id,high,False,,133,99,21,1,['A5054382677'],['Andreas Rossberg'],['0000-0003-3137-3160'],4,2,2018,2023
andreaszeller,Andreas Zeller,Andreas Zeller,andreas zeller,A5051672229,0000-0003-4719-8803,True,strict_name_one_openalex_id,high,False,,84,56,37,1,['A5051672229'],['Andreas Zeller'],['0000-0003-4719-8803'],3,2,2017,2024
andreeacostea,Andreea Costea,Andreea Costea,andreea costea,A5082345697,0000-0002-9089-9392,True,strict_name_one_openalex_id,high,False,,9,7,4,1,['A5082345697'],['Andreea Costea'],['0000-0002-9089-9392'],1,1,2023,2023
andrejbauer,Andrej Bauer,Andrej Bauer,andrej bauer,A5068602858,0000-0001-5378-0547,True,strict_name_one_openalex_id,high,False,,33,31,8,1,['A5068602858'],['Andrej Bauer'],['0000-0001-5378-0547'],1,1,2020,2020
andreserbsen,Andres Erbsen,Andres Erbsen,andres erbsen,A5082766906,0000-0002-9854-7500,True,strict_name_one_openalex_id,high,False,,42,24,12,1,['A5082766906'],['Andres Erbsen'],['0000-0002-9854-7500'],1,1,2024,2024
andresloh,Andres Löh,Andres Löh,andres loh,A5027537142,0000-0002-7492-7293,True,strict_name_one_openalex_id,high,False,,57,44,25,1,['A5027537142'],['Andres Löh'],['0000-0002-7492-7293'],1,1,2022,2022
andrewadams,Andrew Adams,Andrew Adams,andrew adams,A5082293572,0000-0001-8925-9956,True,strict_name_one_openalex_id,high,False,,125,70,17,1,['A5082293572'],['Andrew Adams'],['0000-0001-8925-9956'],1,1,2025,2025
andrewkhirsch,Andrew K. Hirsch,Andrew K. Hirsch,andrew k hirsch,A5015733309,0000-0003-2518-614X,True,strict_name_one_openalex_id,high,False,,6,6,4,1,['A5015733309'],['Andrew K. Hirsch'],['0000-0003-2518-614X'],2,2,2023,2024
andrewlumsdaine1,Andrew Lumsdaine,Andrew Lumsdaine,andrew lumsdaine,A5074260102,0000-0002-9153-6622,True,strict_name_one_openalex_id,high,False,,10,8,10,1,['A5074260102'],['Andrew Lumsdaine'],['0000-0002-9153-6622'],1,1,2025,2025
andrewpitts,Andrew M. Pitts,Andrew M. Pitts,andrew m pitts,A5035484728,0000-0001-7775-3471,True,strict_name_one_openalex_id,high,False,,113,71,33,1,['A5035484728'],['Andrew M. Pitts'],['0000-0001-7775-3471'],1,1,2024,2024
andrewmyers,Andrew Myers,Andrew Myers,andrew myers,A5101697551,0000-0001-8427-8330,True,strict_name_one_openalex_id,high,False,,2,2,1,1,['A5101697551'],['Andrew Myers'],['0000-0001-8427-8330'],3,2,2017,2021
andrewtolmach,Andrew Tolmach,Andrew Tolmach,andrew tolmach,A5046980155,0000-0002-0748-2044,True,strict_name_one_openalex_id,high,False,,90,71,20,1,['A5046980155'],['Andrew Tolmach'],['0000-0002-0748-2044'],2,1,2019,2023
andrewappel,Andrew W. Appel,Andrew W. Appel,andrew w appel,A5004766305,0000-0001-6009-0325,True,strict_name_one_openalex_id,high,False,,506,254,84,1,['A5004766305'],['Andrew W. Appel'],['0000-0001-6009-0325'],2,1,2020,2024
andreyrybalchenko,Andrey Rybalchenko,Andrey Rybalchenko,andrey rybalchenko,A5044737952,,True,strict_name_one_openalex_id,high,False,,218,103,60,1,['A5044737952'],['Andrey Rybalchenko'],[],2,2,2017,2018
andrzejfilinski,Andrzej Filinski,Andrzej Filinski,andrzej filinski,A5048548468,0000-0002-9174-1861,True,strict_name_one_openalex_id,high,False,,65,46,12,1,['A5048548468'],['Andrzej Filinski'],['0000-0002-9174-1861'],1,1,2025,2025
andreplatzer,André Platzer,André Platzer,andre platzer,A5080481427,0000-0001-7238-5710,True,strict_name_one_openalex_id,high,False,,43,13,26,1,['A5080481427'],['André Platzer'],['0000-0001-7238-5710'],1,1,2025,2025
andresgoens1,Andrés Goens,Andrés Goens,andres goens,A5045703198,0000-0002-0409-1363,True,strict_name_one_openalex_id,high,False,,6,6,3,1,['A5045703198'],['Andrés Goens'],['0000-0002-0409-1363'],1,1,2025,2025
andygill,Andy Gill,Andy Gill,andy gill,A5029124439,,True,strict_name_one_openalex_id,high,False,,29,22,14,1,['A5029124439'],['Andy Gill'],[],1,1,2023,2023
anilmadhavapeddy,Anil Madhavapeddy,Anil Madhavapeddy,anil madhavapeddy,A5004447568,0000-0001-8954-2428,True,strict_name_one_openalex_id,high,False,,103,85,16,1,['A5004447568'],['Anil Madhavapeddy'],['0000-0001-8954-2428'],1,1,2021,2021
anithagollamudi,Anitha Gollamudi,Anitha Gollamudi,anitha gollamudi,A5047325283,0000-0002-0861-1418,True,strict_name_one_openalex_id,high,False,,15,14,5,1,['A5047325283'],['Anitha Gollamudi'],['0000-0002-0861-1418'],3,2,2023,2025
ankushdas1,Ankush Das,Ankush Das,ankush das,A5030491260,0000-0003-2459-1258,True,strict_name_one_openalex_id,high,False,,59,49,14,1,['A5030491260'],['Ankush Das'],['0000-0003-2459-1258'],2,2,2024,2025
ankushdesai1,Ankush Desai,Ankush Desai,ankush desai,A5042181450,0000-0001-9006-0100,True,strict_name_one_openalex_id,high,False,,44,29,11,1,['A5042181450'],['Ankush Desai'],['0000-0001-9006-0100'],1,1,2024,2024
annettebieniusa,Annette Bieniusa,Annette Bieniusa,annette bieniusa,A5050660693,0000-0002-1654-6118,True,strict_name_one_openalex_id,high,False,,19,17,10,1,['A5050660693'],['Annette Bieniusa'],['0000-0002-1654-6118'],2,2,2021,2023
antonpodkopaev,Anton Podkopaev,Anton Podkopaev,anton podkopaev,A5082235493,0000-0002-9448-6587,True,strict_name_one_openalex_id,high,False,,50,31,9,1,['A5082235493'],['Anton Podkopaev'],['0000-0002-9448-6587'],1,1,2024,2024
aravindmachiry,Aravind Machiry,Aravind Machiry,aravind machiry,A5071486684,0000-0001-5124-6818,True,strict_name_one_openalex_id,high,False,,10,8,7,1,['A5071486684'],['Aravind Machiry'],['0000-0001-5124-6818'],1,1,2025,2025
arjunguha,Arjun Guha,Arjun Guha,arjun guha,A5044042294,0000-0002-7493-3271,True,strict_name_one_openalex_id,high,False,,117,98,29,1,['A5044042294'],['Arjun Guha'],['0000-0002-7493-3271'],8,4,2018,2025
arjunradhakrishna,Arjun Radhakrishna,Arjun Radhakrishna,arjun radhakrishna,A5000188805,0000-0002-5559-5932,True,strict_name_one_openalex_id,high,False,,119,85,19,1,['A5000188805'],['Arjun Radhakrishna'],['0000-0002-5559-5932'],5,3,2021,2025
armandosolarlezama,Armando Solar-Lezama,Armando Solar-Lezama,armando solar-lezama,A5010786661,0000-0001-7604-8252,True,strict_name_one_openalex_id,high,False,,677,299,100,1,['A5010786661'],['Armando Solar-Lezama'],['0000-0001-7604-8252'],6,4,2018,2025
arnaudspiwack,Arnaud Spiwack,Arnaud Spiwack,arnaud spiwack,A5019246823,0000-0002-5985-2086,True,strict_name_one_openalex_id,high,False,,12,12,6,1,['A5019246823'],['Arnaud Spiwack'],['0000-0002-5985-2086'],1,1,2023,2023
artemkhyzha1,Artem Khyzha,Artem Khyzha,artem khyzha,A5029787951,0000-0002-6781-9665,True,strict_name_one_openalex_id,high,False,,20,18,5,1,['A5029787951'],['Artem Khyzha'],['0000-0002-6781-9665'],1,1,2025,2025
artempelenitsyn,Artem Pelenitsyn,Artem Pelenitsyn,artem pelenitsyn,A5056623735,0000-0001-8334-8106,True,strict_name_one_openalex_id,high,False,,12,9,4,1,['A5056623735'],['Artem Pelenitsyn'],['0000-0001-8334-8106'],1,1,2025,2025
arthurazevedodeamorim,Arthur Azevedo de Amorim,Arthur Azevedo de Amorim,arthur azevedo de amorim,A5086486652,0000-0001-9916-6614,True,strict_name_one_openalex_id,high,False,,62,37,18,1,['A5086486652'],['Arthur Azevedo de Amorim'],['0000-0001-9916-6614'],3,2,2020,2025
arthurchargueraud,Arthur Charguéraud,Arthur Charguéraud,arthur chargueraud,A5025324126,0000-0001-7764-4507,True,strict_name_one_openalex_id,high,False,,247,166,34,1,['A5025324126'],['Arthur Charguéraud'],['0000-0001-7764-4507'],5,4,2019,2025
aseemrastogi,Aseem Rastogi,Aseem Rastogi,aseem rastogi,A5102801489,0000-0003-3283-8011,True,strict_name_one_openalex_id,high,False,,252,146,33,1,['A5102801489'],['Aseem Rastogi'],['0000-0003-3283-8011'],4,3,2018,2024
ashishtiwari,Ashish Tiwari,Ashish Tiwari,ashish tiwari,A5086308451,,True,strict_name_one_openalex_id,high,False,,158,112,30,1,['A5086308451'],['Ashish Tiwari'],"['0000-0002-5153-2686', '0000-0003-2817-2771']",1,1,2024,2024
aslanaskarov,Aslan Askarov,Aslan Askarov,aslan askarov,A5023772821,0000-0002-9035-4034,True,strict_name_one_openalex_id,high,False,,24,16,12,1,['A5023772821'],['Aslan Askarov'],['0000-0002-9035-4034'],1,1,2025,2025
atsushiigarashi,Atsushi Igarashi,Atsushi Igarashi,atsushi igarashi,A5077485499,0000-0002-5143-9764,True,strict_name_one_openalex_id,high,False,,160,110,46,1,['A5077485499'],['Atsushi Igarashi'],['0000-0002-5143-9764'],7,2,2017,2023
atsushiohori,Atsushi Ohori,Atsushi Ohori,atsushi ohori,A5046674857,,True,strict_name_one_openalex_id,high,False,,26,22,13,1,['A5046674857'],['Atsushi Ohori'],[],1,1,2020,2020
aurelebarriere,Aurèle Barrière,Aurèle Barrière,aurele barriere,A5041214466,0000-0002-7297-2170,True,strict_name_one_openalex_id,high,False,,10,9,4,1,['A5041214466'],['Aurèle Barrière'],['0000-0002-7297-2170'],1,1,2025,2025
avikchaudhuri,Avik Chaudhuri,Avik Chaudhuri,avik chaudhuri,A5065727495,,True,strict_name_one_openalex_id,high,False,,25,19,7,1,['A5065727495'],['Avik Chaudhuri'],[],2,2,2017,2018
awsalbarghouthi,Aws Albarghouthi,Aws Albarghouthi,aws albarghouthi,A5050593520,0000-0003-4577-175X,True,strict_name_one_openalex_id,high,False,,212,149,39,1,['A5050593520'],['Aws Albarghouthi'],['0000-0003-4577-175X'],6,3,2019,2024
ayalzaks,Ayal Zaks,Ayal Zaks,ayal zaks,A5109958961,,True,strict_name_one_openalex_id,high,False,,18,15,10,1,['A5109958961'],['Ayal Zaks'],[],3,1,2019,2023
aymericfromherz,Aymeric Fromherz,Aymeric Fromherz,aymeric fromherz,A5039132232,0000-0003-2642-543X,True,strict_name_one_openalex_id,high,False,,50,30,12,1,['A5039132232'],['Aymeric Fromherz'],['0000-0003-2642-543X'],1,1,2024,2024
azadehfarzan,Azadeh Farzan,Azadeh Farzan,azadeh farzan,A5016276143,0000-0001-9005-2653,True,strict_name_one_openalex_id,high,False,,190,116,44,1,['A5016276143'],['Azadeh Farzan'],['0000-0001-9005-2653'],3,1,2018,2025
azalearaad,Azalea Raad,Azalea Raad,azalea raad,A5083721882,0000-0002-2319-3242,True,strict_name_one_openalex_id,high,False,,217,103,29,1,['A5083721882'],['Azalea Raad'],['0000-0002-2319-3242'],7,4,2020,2025
baberrehman,Baber Rehman,Baber Rehman,baber rehman,A5029199272,0000-0002-9458-8428,True,strict_name_one_openalex_id,high,False,,4,4,1,1,['A5029199272'],['Baber Rehman'],['0000-0002-9458-8428'],1,1,2025,2025
bariskasikci,Baris Kasikci,Baris Kasikci,baris kasikci,A5050964144,0000-0001-6122-8998,True,strict_name_one_openalex_id,high,False,,51,33,17,1,['A5050964144'],['Baris Kasikci'],['0000-0001-6122-8998'],1,1,2022,2022
basspitters,Bas Spitters,Bas Spitters,bas spitters,A5043123968,0000-0002-2802-0973,True,strict_name_one_openalex_id,high,False,,30,25,11,1,['A5043123968'],['Bas Spitters'],['0000-0002-2802-0973'],1,1,2022,2022
bengreenman,Ben Greenman,Ben Greenman,ben greenman,A5002785598,0000-0001-7078-9287,True,strict_name_one_openalex_id,high,False,,132,63,25,1,['A5002785598'],['Ben Greenman'],['0000-0001-7078-9287'],4,3,2021,2025
benhardekopf,Ben Hardekopf,Ben Hardekopf,ben hardekopf,A5074393511,0009-0008-1199-6129,True,strict_name_one_openalex_id,high,False,,94,68,21,1,['A5074393511'],['Ben Hardekopf'],['0009-0008-1199-6129'],3,2,2021,2025
benhermann,Ben Hermann,Ben Hermann,ben hermann,A5027995789,0000-0001-9848-2017,True,strict_name_one_openalex_id,high,False,,12,10,6,1,['A5027995789'],['Ben Hermann'],['0000-0001-9848-2017'],1,1,2024,2024
benltitzer,Ben L. Titzer,Ben L. Titzer,ben l titzer,A5034437441,0000-0002-9690-2089,True,strict_name_one_openalex_id,high,False,,61,48,18,1,['A5034437441'],['Ben L. Titzer'],['0000-0002-9690-2089'],4,3,2019,2024
benliblit,Ben Liblit,Ben Liblit,ben liblit,A5030632138,0000-0002-2245-2839,True,strict_name_one_openalex_id,high,False,,58,34,33,1,['A5030632138'],['Ben Liblit'],['0000-0002-2245-2839'],1,1,2021,2021
benlippmeier,Ben Lippmeier,Ben Lippmeier,ben lippmeier,A5009447837,,True,strict_name_one_openalex_id,high,False,,23,22,5,1,['A5009447837'],['Ben Lippmeier'],[],2,1,2017,2022
benzorn,Ben Zorn,Ben Zorn,ben zorn,A5061392370,,True,strict_name_one_openalex_id,high,False,,2,2,2,1,['A5061392370'],['Ben Zorn'],[],1,1,2021,2021
beniaminoaccattoli,Beniamino Accattoli,Beniamino Accattoli,beniamino accattoli,A5046873607,0000-0003-4944-9944,True,strict_name_one_openalex_id,high,False,,90,20,40,1,['A5046873607'],['Beniamino Accattoli'],['0000-0003-4944-9944'],1,1,2024,2024
benjamincpierce,Benjamin C. Pierce,Benjamin C. Pierce,benjamin c pierce,A5085361253,0000-0001-7839-1636,True,strict_name_one_openalex_id,high,False,,695,376,122,1,['A5085361253'],['Benjamin C. Pierce'],['0000-0001-7839-1636'],4,4,2023,2025
benjaminchung,Benjamin Chung,Benjamin Chung,benjamin chung,A5008191145,0000-0001-9238-7334,True,strict_name_one_openalex_id,high,False,,34,20,12,1,['A5008191145'],['Benjamin Chung'],['0000-0001-9238-7334'],1,1,2025,2025
benjamindelaware,Benjamin Delaware,Benjamin Delaware,benjamin delaware,A5073767542,0000-0002-1016-6261,True,strict_name_one_openalex_id,high,False,,108,77,24,1,['A5073767542'],['Benjamin Delaware'],['0000-0002-1016-6261'],5,3,2019,2025
benjaminlivshits1,Benjamin Livshits,Benjamin Livshits,benjamin livshits,A5068390911,0000-0002-4921-8452,True,strict_name_one_openalex_id,high,False,,144,113,38,1,['A5068390911'],['Benjamin Livshits'],['0000-0002-4921-8452'],2,1,2018,2024
benjaminlucienkaminski,Benjamin Lucien Kaminski,Benjamin Lucien Kaminski,benjamin lucien kaminski,A5045667283,0000-0001-5185-2324,True,strict_name_one_openalex_id,high,False,,270,79,36,1,['A5045667283'],['Benjamin Lucien Kaminski'],['0000-0001-5185-2324'],3,2,2022,2025
benoitvaliron1,Benoît Valiron,Benoît Valiron,benoit valiron,A5065743601,0000-0002-1008-5605,True,strict_name_one_openalex_id,high,False,,94,58,19,1,['A5065743601'],['Benoît Valiron'],['0000-0002-1008-5605'],1,1,2025,2025
bernardotoninho,Bernardo Toninho,Bernardo Toninho,bernardo toninho,A5039596448,0000-0002-0746-7514,True,strict_name_one_openalex_id,high,False,,117,48,28,1,['A5039596448'],['Bernardo Toninho'],['0000-0002-0746-7514'],4,2,2022,2025
berndfinkbeiner,Bernd Finkbeiner,Bernd Finkbeiner,bernd finkbeiner,A5048189898,0000-0002-4280-8441,True,strict_name_one_openalex_id,high,False,,100,37,46,1,['A5048189898'],['Bernd Finkbeiner'],['0000-0002-4280-8441'],1,1,2024,2024
bernhardscholz1,Bernhard Scholz,Bernhard Scholz,bernhard scholz,A5084068260,0000-0002-7672-7359,True,strict_name_one_openalex_id,high,False,,158,72,32,1,['A5084068260'],['Bernhard Scholz'],['0000-0002-7672-7359'],1,1,2024,2024
betaziliani,Beta Ziliani,Beta Ziliani,beta ziliani,A5051003407,0000-0001-7071-6010,True,strict_name_one_openalex_id,high,False,,21,13,8,1,['A5051003407'],['Beta Ziliani'],['0000-0001-7071-6010'],3,2,2017,2023
boryuhevanchang,Bor-Yuh Evan Chang,Bor-Yuh Evan Chang,bor-yuh evan chang,A5048756174,0000-0002-1954-0774,True,strict_name_one_openalex_id,high,False,,105,87,34,1,['A5048756174'],['Bor-Yuh Evan Chang'],['0000-0002-1954-0774'],7,3,2017,2025
brandonlucia,Brandon Lucia,Brandon Lucia,brandon lucia,A5076249757,0000-0003-4130-1099,True,strict_name_one_openalex_id,high,False,,132,36,39,1,['A5076249757'],['Brandon Lucia'],['0000-0003-4130-1099'],3,2,2019,2023
briandemsky,Brian Demsky,Brian Demsky,brian demsky,A5016315666,0000-0003-1210-3130,True,strict_name_one_openalex_id,high,False,,112,66,25,1,['A5016315666'],['Brian Demsky'],['0000-0003-1210-3130'],2,1,2022,2023
brianhempel,Brian Hempel,Brian Hempel,brian hempel,A5034813141,0000-0003-3466-5556,True,strict_name_one_openalex_id,high,False,,26,20,5,1,['A5034813141'],['Brian Hempel'],['0000-0003-3466-5556'],1,1,2025,2025
brigittepientka,Brigitte Pientka,Brigitte Pientka,brigitte pientka,A5044908798,0000-0002-2549-4276,True,strict_name_one_openalex_id,high,False,,159,90,47,1,['A5044908798'],['Brigitte Pientka'],['0000-0002-2549-4276'],3,2,2021,2024
brunooliveira,Bruno C. d. S. Oliveira,Bruno C. d. S. Oliveira,bruno c d s oliveira,A5049714036,0000-0002-1846-7210,True,strict_name_one_openalex_id,high,False,,200,92,70,1,['A5049714036'],['Bruno C. d. S. Oliveira'],['0000-0002-1846-7210'],4,2,2019,2024
burcukulahciogluozkan,Burcu Kulahcioglu Ozkan,Burcu Kulahcioglu Ozkan,burcu kulahcioglu ozkan,A5019138419,0000-0002-7038-165X,True,strict_name_one_openalex_id,high,False,,28,16,9,1,['A5019138419'],['Burcu Kulahcioglu Ozkan'],['0000-0002-7038-165X'],2,1,2023,2024
lukeong,C.-H. Luke Ong,C.-H. Luke Ong,c -h luke ong,A5025152913,0000-0001-7509-680X,True,strict_name_one_openalex_id,high,False,,139,70,51,1,['A5025152913'],['C.-H. Luke Ong'],['0000-0001-7509-680X'],1,1,2022,2022
caitlinsadowski,Caitlin Sadowski,Caitlin Sadowski,caitlin sadowski,A5013989748,0000-0002-7742-2784,True,strict_name_one_openalex_id,high,False,,57,47,9,1,['A5013989748'],['Caitlin Sadowski'],['0000-0002-7742-2784'],2,2,2018,2021
calebstanford,Caleb Stanford,Caleb Stanford,caleb stanford,A5019472033,0000-0002-8428-7736,True,strict_name_one_openalex_id,high,False,,31,22,10,1,['A5019472033'],['Caleb Stanford'],['0000-0002-8428-7736'],3,2,2024,2025
calincascaval,Calin Cascaval,Calin Cascaval,calin cascaval,A5036042735,0000-0002-2780-6763,True,strict_name_one_openalex_id,high,False,,18,17,10,1,['A5036042735'],['Călin Caşcaval'],['0000-0002-2780-6763'],2,1,2023,2025
calvinsmith,Calvin Smith,Calvin Smith,calvin smith,A5075808482,,True,strict_name_one_openalex_id,high,False,,67,56,8,1,['A5075808482'],['Calvin Smith'],[],1,1,2022,2022
camildemetrescu,Camil Demetrescu,Camil Demetrescu,camil demetrescu,A5066534034,0000-0002-4686-6745,True,strict_name_one_openalex_id,high,False,,16,12,12,1,['A5066534034'],['Camil Demetrescu'],['0000-0002-4686-6745'],2,1,2019,2021
carlaferreira,Carla Ferreira,Carla Ferreira,carla ferreira,A5031885550,0000-0003-3680-7634,True,strict_name_one_openalex_id,high,False,,66,27,10,1,['A5031885550'],['Carla Ferreira'],['0000-0003-3680-7634'],1,1,2024,2024
carloangiuli,Carlo Angiuli,Carlo Angiuli,carlo angiuli,A5082735906,0000-0002-9590-3303,True,strict_name_one_openalex_id,high,False,,26,21,11,1,['A5082735906'],['Carlo Angiuli'],['0000-0002-9590-3303'],1,1,2024,2024
carolinelemieux,Caroline Lemieux,Caroline Lemieux,caroline lemieux,A5069023395,0000-0002-9610-8520,True,strict_name_one_openalex_id,high,False,,36,32,11,1,['A5069023395'],['Caroline Lemieux'],['0000-0002-9610-8520'],2,2,2022,2025
caterinaurban,Caterina Urban,Caterina Urban,caterina urban,A5077439185,0000-0002-8127-9642,True,strict_name_one_openalex_id,high,False,,47,27,20,1,['A5077439185'],['Caterina Urban'],['0000-0002-8127-9642'],2,1,2022,2025
chandrakrintz,Chandra Krintz,Chandra Krintz,chandra krintz,A5040516516,0000-0003-4972-0669,True,strict_name_one_openalex_id,high,False,,7,6,4,1,['A5040516516'],['Chandra Krintz'],['0000-0003-4972-0669'],1,1,2020,2020
chandrakananandi,Chandrakana Nandi,Chandrakana Nandi,chandrakana nandi,A5066993902,0000-0001-8633-8413,True,strict_name_one_openalex_id,high,False,,36,27,9,1,['A5066993902'],['Chandrakana Nandi'],['0000-0001-8633-8413'],3,1,2022,2025
charithmendis1,Charith Mendis,Charith Mendis,charith mendis,A5034476447,0000-0002-8140-2321,True,strict_name_one_openalex_id,high,False,,14,12,10,1,['A5034476447'],['Charith Mendis'],['0000-0002-8140-2321'],2,1,2022,2023
charliecurtsinger,Charlie Curtsinger,Charlie Curtsinger,charlie curtsinger,A5053167314,,True,strict_name_one_openalex_id,high,False,,11,11,4,1,['A5053167314'],['Charlie Curtsinger'],[],1,1,2021,2021
charliemurphy1,Charlie Murphy,Charlie Murphy,charlie murphy,A5000201364,,True,strict_name_one_openalex_id,high,False,,1,1,1,1,['A5000201364'],['Charlie Murphy'],[],1,1,2025,2025
chenxiwang1,Chenxi Wang,Chenxi Wang,chenxi wang,A5100334369,0000-0002-1451-3101,True,strict_name_one_openalex_id,high,False,,4,4,3,1,['A5100334369'],['Chenxi Wang'],['0000-0002-1451-3101'],1,1,2025,2025
chrisfallin,Chris Fallin,Chris Fallin,chris fallin,A5030507600,0000-0002-6733-1803,True,strict_name_one_openalex_id,high,False,,4,4,2,1,['A5030507600'],['Chris Fallin'],['0000-0002-6733-1803'],1,1,2025,2025
chrishawblitzel,Chris Hawblitzel,Chris Hawblitzel,chris hawblitzel,A5016958899,0000-0002-5676-0362,True,strict_name_one_openalex_id,high,False,,192,135,32,1,['A5016958899'],['Chris Hawblitzel'],['0000-0002-5676-0362'],1,1,2025,2025
chrismartens,Chris Martens,Chris Martens,chris martens,A5086688438,0000-0002-7026-0348,True,strict_name_one_openalex_id,high,False,,3,1,3,1,['A5086688438'],['Chris Martens'],['0000-0002-7026-0348'],1,1,2025,2025
chrisseaton,Chris Seaton,Chris Seaton,chris seaton,A5037104076,,True,strict_name_one_openalex_id,high,False,,31,19,10,1,['A5037104076'],['Chris Seaton'],[],1,1,2020,2020
christiankastner,Christian Kästner,Christian Kästner,christian kastner,A5067467896,0000-0002-4450-4572,True,strict_name_one_openalex_id,high,False,,77,30,46,1,['A5067467896'],['Christian Kästner'],['0000-0002-4450-4572'],1,1,2025,2025
christinerizkallah,Christine Rizkallah,Christine Rizkallah,christine rizkallah,A5019489999,0000-0003-4785-2836,True,strict_name_one_openalex_id,high,False,,54,42,16,1,['A5019489999'],['Christine Rizkallah'],['0000-0003-4785-2836'],2,2,2021,2024
christinetasson,Christine Tasson,Christine Tasson,christine tasson,A5063161068,0000-0001-8098-9944,True,strict_name_one_openalex_id,high,False,,34,26,10,1,['A5063161068'],['Christine Tasson'],['0000-0001-8098-9944'],2,2,2020,2025
christophmatheja,Christoph Matheja,Christoph Matheja,christoph matheja,A5089189715,0000-0001-9151-0441,True,strict_name_one_openalex_id,high,False,,181,85,24,1,['A5089189715'],['Christoph Matheja'],['0000-0001-9151-0441'],1,1,2023,2023
christopherpulte,Christopher Pulte,Christopher Pulte,christopher pulte,A5029071370,0000-0002-7369-183X,True,strict_name_one_openalex_id,high,False,,145,71,15,1,['A5029071370'],['Christopher Pulte'],['0000-0002-7369-183X'],1,1,2023,2023
christosdimoulas1,Christos Dimoulas,Christos Dimoulas,christos dimoulas,A5041562511,0000-0002-9338-7034,True,strict_name_one_openalex_id,high,False,,114,55,28,1,['A5041562511'],['Christos Dimoulas'],['0000-0002-9338-7034'],6,4,2019,2025
chungkilhur,Chung-Kil Hur,Chung-Kil Hur,chung-kil hur,A5035382393,0000-0002-1656-0913,True,strict_name_one_openalex_id,high,False,,494,238,49,1,['A5035382393'],['Chung-Kil Hur'],['0000-0002-1656-0913'],6,4,2017,2023
chungchiehshan,Chung-chieh Shan,Chung-chieh Shan,chung-chieh shan,A5021546193,0000-0002-0339-6405,True,strict_name_one_openalex_id,high,False,,167,110,28,1,['A5021546193'],['Chung-chieh Shan'],['0000-0002-0339-6405'],4,2,2019,2025
cierajaspan,Ciera Jaspan,Ciera Jaspan,ciera jaspan,A5010687341,0000-0003-4500-1392,True,strict_name_one_openalex_id,high,False,,27,24,5,1,['A5010687341'],['Ciera Jaspan'],['0000-0003-4500-1392'],1,1,2017,2017
cindyrubiogonzalez,Cindy Rubio-González,Cindy Rubio-González,cindy rubio-gonzalez,A5010991469,0000-0002-0861-3763,True,strict_name_one_openalex_id,high,False,,42,27,16,1,['A5010991469'],['Cindy Rubio-González'],['0000-0002-0861-3763'],6,2,2018,2024
claudiorusso,Claudio Russo,Claudio Russo,claudio russo,A5081301440,0000-0003-4877-2424,True,strict_name_one_openalex_id,high,False,,66,50,21,1,['A5081301440'],['Claudio Russo'],['0000-0003-4877-2424'],1,1,2019,2019
clementpitclaudel,Clément Pit-Claudel,Clément Pit-Claudel,clement pit-claudel,A5018186543,0000-0002-1900-3901,True,strict_name_one_openalex_id,high,False,,100,80,15,1,['A5018186543'],['Clément Pit-Claudel'],['0000-0002-1900-3901'],6,4,2022,2025
coleschlesinger3,Cole Schlesinger,Cole Schlesinger,cole schlesinger,A5012489417,0009-0004-9350-3041,True,strict_name_one_openalex_id,high,False,,109,80,16,1,['A5012489417'],['Cole Schlesinger'],['0009-0004-9350-3041'],1,1,2025,2025
conormcbride,Conor McBride,Conor McBride,conor mcbride,A5090954120,0000-0003-1487-0886,True,strict_name_one_openalex_id,high,False,,265,178,46,1,['A5090954120'],['Conor McBride'],['0000-0003-1487-0886'],1,1,2018,2018
conradwatt,Conrad Watt,Conrad Watt,conrad watt,A5060197721,0000-0002-0596-877X,True,strict_name_one_openalex_id,high,False,,57,31,15,1,['A5060197721'],['Conrad Watt'],['0000-0002-0596-877X'],4,3,2023,2025
constantinenea,Constantin Enea,Constantin Enea,constantin enea,A5040528930,0000-0003-2727-8865,True,strict_name_one_openalex_id,high,False,,160,83,51,1,['A5040528930'],['Constantin Enea'],['0000-0003-2727-8865'],6,3,2018,2025
corinaspasareanu,Corina S. Pasareanu,Corina S. Pasareanu,corina s pasareanu,A5053134485,0000-0002-5579-6961,True,strict_name_one_openalex_id,high,False,,117,81,58,1,['A5053134485'],['Corina S. Păsăreanu'],['0000-0002-5579-6961'],5,3,2020,2024
coskuacay1,Coşku Acay,Coşku Acay,cosku acay,A5054491689,0000-0002-0487-1167,True,strict_name_one_openalex_id,high,False,,6,6,2,1,['A5054491689'],['Coşku Acay'],['0000-0002-0487-1167'],1,1,2025,2025
cristiancadar,Cristian Cadar,Cristian Cadar,cristian cadar,A5053355200,0000-0002-3599-7264,True,strict_name_one_openalex_id,high,False,,170,99,44,1,['A5053355200'],['Cristian Cadar'],['0000-0002-3599-7264'],1,1,2021,2021
cyrusomar,Cyrus Omar,Cyrus Omar,cyrus omar,A5001010367,0000-0003-4502-7971,True,strict_name_one_openalex_id,high,False,,55,23,17,1,['A5001010367'],['Cyrus Omar'],['0000-0003-4502-7971'],4,4,2021,2025
cedricfournet,Cédric Fournet,Cédric Fournet,cedric fournet,A5108519702,0000-0001-6929-886X,True,strict_name_one_openalex_id,high,False,,278,165,57,1,['A5108519702'],['Cédric Fournet'],['0000-0001-6929-886X'],1,1,2020,2020
catalinhritcu,Cătălin Hriţcu,Cătălin Hriţcu,catalin hritcu,A5106466226,0000-0001-8919-8081,True,strict_name_one_openalex_id,high,False,,235,147,41,1,['A5106466226'],['Cătălin Hriţcu'],['0000-0001-8919-8081'],3,2,2017,2025
daanleijen,Daan Leijen,Daan Leijen,daan leijen,A5086447301,0000-0003-1027-5430,True,strict_name_one_openalex_id,high,False,,322,156,49,1,['A5086447301'],['Daan Leijen'],['0000-0003-1027-5430'],3,2,2019,2025
damianomazza,Damiano Mazza,Damiano Mazza,damiano mazza,A5088134720,,True,strict_name_one_openalex_id,high,False,,50,44,14,1,['A5088134720'],['Damiano Mazza'],[],1,1,2025,2025
damienpous,Damien Pous,Damien Pous,damien pous,A5084356882,0000-0002-1220-4399,True,strict_name_one_openalex_id,high,False,,67,36,28,1,['A5084356882'],['Damien Pous'],['0000-0002-1220-4399'],1,1,2023,2023
damienzufferey,Damien Zufferey,Damien Zufferey,damien zufferey,A5011927030,0000-0002-3197-8736,True,strict_name_one_openalex_id,high,False,,99,70,19,1,['A5011927030'],['Damien Zufferey'],['0000-0002-3197-8736'],3,2,2021,2025
dangrossman,Dan Grossman,Dan Grossman,dan grossman,A5103045316,,True,strict_name_one_openalex_id,high,False,,249,181,58,1,['A5103045316'],['Dan Grossman'],[],5,3,2017,2025
danelahman,Danel Ahman,Danel Ahman,danel ahman,A5050436525,0000-0001-6595-2756,True,strict_name_one_openalex_id,high,False,,79,58,16,1,['A5050436525'],['Danel Ahman'],['0000-0001-6595-2756'],1,1,2019,2019
danfengzhang,Danfeng Zhang,Danfeng Zhang,danfeng zhang,A5100722775,0000-0003-1942-6872,True,strict_name_one_openalex_id,high,False,,65,43,21,1,['A5100722775'],['Danfeng Zhang'],['0000-0003-1942-6872'],4,2,2018,2025
danielgratzer,Daniel Gratzer,Daniel Gratzer,daniel gratzer,A5056800630,0000-0003-1944-0789,True,strict_name_one_openalex_id,high,False,,72,51,14,1,['A5056800630'],['Daniel Gratzer'],['0000-0003-1944-0789'],1,1,2025,2025
danielperelman1,Daniel Perelman,Daniel Perelman,daniel perelman,A5043907771,0000-0002-0157-5506,True,strict_name_one_openalex_id,high,False,,30,28,6,1,['A5043907771'],['Daniel Perelman'],['0000-0002-0157-5506'],1,1,2025,2025
danlicata,Daniel R. Licata,Daniel R. Licata,daniel r licata,A5009198759,0000-0003-0697-7405,True,strict_name_one_openalex_id,high,False,,98,69,29,1,['A5009198759'],['Daniel R. Licata'],['0000-0003-0697-7405'],3,2,2017,2024
danielapetrisan,Daniela Petrisan,Daniela Petrişan,daniela petrisan,A5087070796,,True,strict_name_one_openalex_id,high,False,,15,11,7,1,['A5087070796'],['Daniela Petrişan'],[],1,1,2025,2025
dariuszbiernacki,Dariusz Biernacki,Dariusz Biernacki,dariusz biernacki,A5083683038,0000-0002-1477-4635,True,strict_name_one_openalex_id,high,False,,105,65,25,1,['A5083683038'],['Dariusz Biernacki'],['0000-0002-1477-4635'],1,1,2024,2024
darkomarinov,Darko Marinov,Darko Marinov,darko marinov,A5081289583,0000-0001-5023-3492,True,strict_name_one_openalex_id,high,False,,153,76,56,1,['A5081289583'],['Darko Marinov'],['0000-0001-5023-3492'],2,2,2021,2025
davidbroman,David Broman,David Broman,david broman,A5073873489,0000-0001-8457-4105,True,strict_name_one_openalex_id,high,False,,11,8,7,1,['A5073873489'],['David Broman'],['0000-0001-8457-4105'],1,1,2022,2022
daviddarais,David Darais,David Darais,david darais,A5019557654,0000-0003-2314-0287,True,strict_name_one_openalex_id,high,False,,67,47,16,1,['A5019557654'],['David Darais'],['0000-0003-2314-0287'],6,4,2020,2025
davidfbacon,David F. Bacon,David F. Bacon,david f bacon,A5033485201,,True,strict_name_one_openalex_id,high,False,,56,40,31,1,['A5033485201'],['David F. Bacon'],[],1,1,2017,2017
davidgrove,David Grove,David Grove,david grove,A5006981734,0000-0002-3265-7125,True,strict_name_one_openalex_id,high,False,,65,45,31,1,['A5006981734'],['David Grove'],['0000-0002-3265-7125'],4,1,2018,2021
davidiaugust,David I. August,David I. August,david i august,A5008319090,0000-0003-3327-1803,True,strict_name_one_openalex_id,high,False,,40,21,30,1,['A5008319090'],['David I. August'],['0000-0003-3327-1803'],1,1,2021,2021
davidpearce,David J. Pearce,David J. Pearce,david j pearce,A5008538442,0000-0003-4535-9677,True,strict_name_one_openalex_id,high,False,,39,35,14,1,['A5008538442'],['David J. Pearce'],['0000-0003-4535-9677'],1,1,2024,2024
davidmonniaux,David Monniaux,David Monniaux,david monniaux,A5067069157,0000-0001-7671-6126,True,strict_name_one_openalex_id,high,False,,117,78,35,1,['A5067069157'],['David Monniaux'],['0000-0001-7671-6126'],2,1,2021,2025
davidpichardie,David Pichardie,David Pichardie,david pichardie,A5046752375,0000-0002-2504-1760,True,strict_name_one_openalex_id,high,False,,77,61,28,1,['A5046752375'],['David Pichardie'],['0000-0002-2504-1760'],2,2,2023,2025
davidchristiansen,David Thrane Christiansen,David Thrane Christiansen,david thrane christiansen,A5088271411,,True,strict_name_one_openalex_id,high,False,,11,10,4,1,['A5088271411'],['David Thrane Christiansen'],[],2,1,2018,2024
davidvanhorn,David Van Horn,David Van Horn,david van horn,A5091183810,0000-0002-9201-6864,True,strict_name_one_openalex_id,high,False,,149,79,36,1,['A5091183810'],['David Van Horn'],['0000-0002-9201-6864'],6,4,2017,2024
davideancona,Davide Ancona,Davide Ancona,davide ancona,A5036812254,0000-0002-6297-2011,True,strict_name_one_openalex_id,high,False,,37,26,18,1,['A5036812254'],['Davide Ancona'],['0000-0002-6297-2011'],1,1,2021,2021
davidesangiorgi,Davide Sangiorgi,Davide Sangiorgi,davide sangiorgi,A5077030456,0000-0001-5823-3235,True,strict_name_one_openalex_id,high,False,,144,71,36,1,['A5077030456'],['Davide Sangiorgi'],['0000-0001-5823-3235'],1,1,2018,2018
deepakgarg,Deepak Garg,Deepak Garg,deepak garg,A5026719321,0000-0002-0888-3093,True,strict_name_one_openalex_id,high,False,,271,159,47,1,['A5026719321'],['Deepak Garg'],['0000-0002-0888-3093'],4,3,2021,2025
deianstefan,Deian Stefan,Deian Stefan,deian stefan,A5082723061,0000-0002-7041-7464,True,strict_name_one_openalex_id,high,False,,98,59,31,1,['A5082723061'],['Deian Stefan'],['0000-0002-7041-7464'],3,1,2018,2024
deliakesner,Delia Kesner,Delia Kesner,delia kesner,A5077330939,0000-0003-4254-3129,True,strict_name_one_openalex_id,high,False,,59,18,29,1,['A5077330939'],['Delia Kesner'],['0000-0003-4254-3129'],1,1,2023,2023
delphinedemange,Delphine Demange,Delphine Demange,delphine demange,A5002005076,0000-0002-7029-3297,True,strict_name_one_openalex_id,high,False,,30,24,12,1,['A5002005076'],['Delphine Demange'],['0000-0002-7029-3297'],1,1,2022,2022
denismerigoux,Denis Merigoux,Denis Merigoux,denis merigoux,A5037387730,0000-0003-2247-0938,True,strict_name_one_openalex_id,high,False,,27,20,4,1,['A5037387730'],['Denis Merigoux'],['0000-0003-2247-0938'],1,1,2024,2024
denysshabalin,Denys Shabalin,Denys Shabalin,denys shabalin,A5049622724,,True,strict_name_one_openalex_id,high,False,,4,4,3,1,['A5049622724'],['Denys Shabalin'],[],1,1,2025,2025
derekdreyer,Derek Dreyer,Derek Dreyer,derek dreyer,A5050585539,0000-0002-3884-6867,True,strict_name_one_openalex_id,high,False,,1435,445,99,1,['A5050585539'],['Derek Dreyer'],['0000-0002-3884-6867'],4,2,2017,2024
dexterkozen,Dexter Kozen,Dexter Kozen,dexter kozen,A5053923311,0000-0002-8007-4725,True,strict_name_one_openalex_id,high,False,,353,187,71,1,['A5053923311'],['Dexter Kozen'],['0000-0002-8007-4725'],2,1,2017,2021
dimitriosvytiniotis,Dimitrios Vytiniotis,Dimitrios Vytiniotis,dimitrios vytiniotis,A5029108294,,True,strict_name_one_openalex_id,high,False,,310,194,48,1,['A5029108294'],['Dimitrios Vytiniotis'],[],7,4,2018,2025
dimitrismitropoulos,Dimitris Mitropoulos,Dimitris Mitropoulos,dimitris mitropoulos,A5021658848,0000-0002-5061-9018,True,strict_name_one_openalex_id,high,False,,20,14,8,1,['A5021658848'],['Dimitris Mitropoulos'],['0000-0002-5061-9018'],1,1,2023,2023
diomidisspinellis,Diomidis Spinellis,Diomidis Spinellis,diomidis spinellis,A5021948425,0000-0003-4231-1897,True,strict_name_one_openalex_id,high,False,,26,19,13,1,['A5021948425'],['Diomidis Spinellis'],['0000-0003-4231-1897'],1,1,2021,2021
dominicorchard,Dominic Orchard,Dominic Orchard,dominic orchard,A5064585229,0000-0002-7058-7842,True,strict_name_one_openalex_id,high,False,,125,70,29,1,['A5064585229'],['Dominic Orchard'],['0000-0002-7058-7842'],3,2,2019,2024
dominiquedevriese,Dominique Devriese,Dominique Devriese,dominique devriese,A5011654888,0000-0002-3862-6856,True,strict_name_one_openalex_id,high,False,,196,107,55,1,['A5011654888'],['Dominique Devriese'],['0000-0002-3862-6856'],5,3,2017,2025
dorrabenkhalifa,Dorra Ben Khalifa,Dorra Ben Khalifa,dorra ben khalifa,A5030371965,0000-0002-0595-5231,True,strict_name_one_openalex_id,high,False,,5,3,4,1,['A5030371965'],['Dorra Ben Khalifa'],['0000-0002-0595-5231'],1,1,2025,2025
douglea,Doug Lea,Doug Lea,doug lea,A5110731343,0000-0002-6068-7866,True,strict_name_one_openalex_id,high,False,,27,25,9,1,['A5110731343'],['Doug Lea'],['0000-0002-6068-7866'],5,2,2017,2022
drewzagieboylo1,Drew Zagieboylo,Drew Zagieboylo,drew zagieboylo,A5013955474,0000-0001-6847-6599,True,strict_name_one_openalex_id,high,False,,3,3,2,1,['A5013955474'],['Drew Zagieboylo'],['0000-0001-6847-6599'],1,1,2024,2024
dylanmcdermott1,Dylan McDermott,Dylan McDermott,dylan mcdermott,A5047709110,0000-0002-6705-1449,True,strict_name_one_openalex_id,high,False,,16,12,7,1,['A5047709110'],['Dylan McDermott'],['0000-0002-6705-1449'],1,1,2023,2023
earlbarr,Earl T. Barr,Earl T. Barr,earl t barr,A5076587279,0000-0003-0771-7891,True,strict_name_one_openalex_id,high,False,,89,57,20,1,['A5076587279'],['Earl T. Barr'],['0000-0003-0771-7891'],1,1,2024,2024
edwinbrady,Edwin Brady,Edwin Brady,edwin brady,A5042121684,0000-0002-9734-367X,True,strict_name_one_openalex_id,high,False,,91,73,18,1,['A5042121684'],['Edwin Brady'],['0000-0002-9734-367X'],2,2,2020,2021
eelcovisser,Eelco Visser,Eelco Visser,eelco visser,A5072923235,0000-0002-7384-3370,True,strict_name_one_openalex_id,high,False,,153,80,67,1,['A5072923235'],['Eelco Visser'],['0000-0002-7384-3370'],3,1,2018,2020
eijirosumii,Eijiro Sumii,Eijiro Sumii,eijiro sumii,A5048931630,,True,strict_name_one_openalex_id,high,False,,36,23,12,1,['A5048931630'],['Eijiro Sumii'],[],3,2,2017,2023
ekaterinakomendantskaya,Ekaterina Komendantskaya,Ekaterina Komendantskaya,ekaterina komendantskaya,A5026643182,0000-0002-3240-0987,True,strict_name_one_openalex_id,high,False,,11,8,10,1,['A5026643182'],['Ekaterina Komendantskaya'],['0000-0002-3240-0987'],3,2,2021,2024
elenazucca,Elena Zucca,Elena Zucca,elena zucca,A5046299910,0000-0002-6833-6470,True,strict_name_one_openalex_id,high,False,,26,14,15,1,['A5046299910'],['Elena Zucca'],['0000-0002-6833-6470'],2,2,2017,2023
elisagonzalezboix,Elisa Gonzalez Boix,Elisa Gonzalez Boix,elisa gonzalez boix,A5058914635,0000-0002-9966-6421,True,strict_name_one_openalex_id,high,False,,24,17,12,1,['A5058914635'],['Elisa Gonzalez Boix'],['0000-0002-9966-6421'],2,1,2017,2023
emanueledosualdo,Emanuele D'Osualdo,Emanuele D'Osualdo,emanuele d'osualdo,A5013899049,0000-0002-9179-5827,True,strict_name_one_openalex_id,high,False,,43,40,10,1,['A5013899049'],['Emanuele D’Osualdo'],['0000-0002-9179-5827'],1,1,2024,2024
emilyfirst1,Emily First,Emily First,emily first,A5102852428,0000-0002-2896-2928,True,strict_name_one_openalex_id,high,False,,15,9,6,1,['A5102852428'],['Emily First'],['0000-0002-2896-2928'],1,1,2025,2025
eminatorlak,Emina Torlak,Emina Torlak,emina torlak,A5088791029,0000-0002-1155-2711,True,strict_name_one_openalex_id,high,False,,346,208,45,1,['A5088791029'],['Emina Torlak'],['0000-0002-1155-2711'],6,3,2018,2024
emmasoderberg,Emma Söderberg,Emma Söderberg,emma soderberg,A5001336269,0000-0001-7966-4560,True,strict_name_one_openalex_id,high,False,,9,4,7,1,['A5001336269'],['Emma Söderberg'],['0000-0001-7966-4560'],1,1,2024,2024
emmatosch,Emma Tosch,Emma Tosch,emma tosch,A5089697725,0000-0002-2333-8034,True,strict_name_one_openalex_id,high,False,,1,1,1,1,['A5089697725'],['Emma Tosch'],['0000-0002-2333-8034'],1,1,2024,2024
eranyahav,Eran Yahav,Eran Yahav,eran yahav,A5061044883,0000-0003-4305-6314,True,strict_name_one_openalex_id,high,False,,288,180,79,1,['A5061044883'],['Eran Yahav'],['0000-0003-4305-6314'],4,2,2017,2021
erezpetrank,Erez Petrank,Erez Petrank,erez petrank,A5073517584,0000-0002-6353-956X,True,strict_name_one_openalex_id,high,False,,129,62,46,1,['A5073517584'],['Erez Petrank'],['0000-0002-6353-956X'],4,2,2017,2025
ericatkinson1,Eric Atkinson,Eric Atkinson,eric atkinson,A5040756298,0000-0002-8396-1258,True,strict_name_one_openalex_id,high,False,,20,17,7,1,['A5040756298'],['Eric Atkinson'],['0000-0002-8396-1258'],1,1,2025,2025
ericeide,Eric Eide,Eric Eide,eric eide,A5002123078,0000-0001-7206-8408,True,strict_name_one_openalex_id,high,False,,171,98,14,1,['A5002123078'],['Eric Eide'],['0000-0001-7206-8408'],1,1,2023,2023
erickoskinen,Eric Koskinen,Eric Koskinen,eric koskinen,A5024796518,0000-0001-7363-634X,True,strict_name_one_openalex_id,high,False,,90,62,27,1,['A5024796518'],['Eric Koskinen'],['0000-0001-7363-634X'],6,3,2019,2025
ericschkufza,Eric Schkufza,Eric Schkufza,eric schkufza,A5077176328,,True,strict_name_one_openalex_id,high,False,,113,71,13,1,['A5077176328'],['Eric Schkufza'],[],1,1,2022,2022
ericvanwyk,Eric Van Wyk,Eric Van Wyk,eric van wyk,A5030370686,0000-0002-5611-8687,True,strict_name_one_openalex_id,high,False,,20,8,13,1,['A5030370686'],['Eric Van Wyk'],['0000-0002-5611-8687'],1,1,2019,2019
erikaabraham,Erika Abraham,Erika Ábrahám,erika abraham,A5068015318,0000-0002-5647-6134,True,strict_name_one_openalex_id,high,False,,8,7,6,1,['A5068015318'],['Erika Ábrahám'],['0000-0002-5647-6134'],1,1,2021,2021
eunsukkang,Eunsuk Kang,Eunsuk Kang,eunsuk kang,A5044511705,0000-0001-7891-6885,True,strict_name_one_openalex_id,high,False,,6,6,5,1,['A5044511705'],['Eunsuk Kang'],['0000-0001-7891-6885'],1,1,2025,2025
evadarulova,Eva Darulova,Eva Darulova,eva darulova,A5053069388,0000-0002-6848-3163,True,strict_name_one_openalex_id,high,False,,42,23,18,1,['A5053069388'],['Eva Darulová'],['0000-0002-6848-3163'],2,1,2018,2021
evagraversen,Eva Graversen,Eva Graversen,eva graversen,A5051763696,0000-0002-9430-4907,True,strict_name_one_openalex_id,high,False,,13,5,6,1,['A5051763696'],['Eva Graversen'],['0000-0002-9430-4907'],1,1,2025,2025
evelyncontejean,Evelyne Contejean,Evelyne Contejean,evelyne contejean,A5014621785,0000-0002-8195-7861,True,strict_name_one_openalex_id,high,False,,12,10,7,1,['A5014621785'],['Évelyne Contejean'],['0000-0002-8195-7861'],1,1,2024,2024
ezgicicek,Ezgi Çiçek,Ezgi Çiçek,ezgi cicek,A5058419137,,True,strict_name_one_openalex_id,high,False,,49,28,6,1,['A5058419137'],['Ezgi Çiçek'],[],1,1,2019,2019
fabianmuehlboeck,Fabian Muehlboeck,Fabian Muehlboeck,fabian muehlboeck,A5001324851,0000-0003-1548-0177,True,strict_name_one_openalex_id,high,False,,36,31,6,1,['A5001324851'],['Fabian Muehlboeck'],['0000-0003-1548-0177'],1,1,2024,2024
fabriziomontesi,Fabrizio Montesi,Fabrizio Montesi,fabrizio montesi,A5000566520,0000-0003-4666-901X,True,strict_name_one_openalex_id,high,False,,89,26,37,1,['A5000566520'],['Fabrizio Montesi'],['0000-0003-4666-901X'],1,1,2023,2023
fanlong,Fan Long,Fan Long,fan long,A5080879279,0000-0001-7973-1188,True,strict_name_one_openalex_id,high,False,,62,43,15,1,['A5080879279'],['Fan Long'],['0000-0001-7973-1188'],3,2,2020,2022
farzanehderakhshan,Farzaneh Derakhshan,Farzaneh Derakhshan,farzaneh derakhshan,A5037521041,0000-0002-2156-2606,True,strict_name_one_openalex_id,high,False,,9,7,5,1,['A5037521041'],['Farzaneh Derakhshan'],['0000-0002-2156-2606'],1,1,2025,2025
feihe,Fei He,Fei He,fei he,A5042735025,0000-0002-4266-875X,True,strict_name_one_openalex_id,high,False,,23,19,10,1,['A5042735025'],['Fei He'],['0000-0002-4266-875X'],1,1,2024,2024
felixstutz,Felix Stutz,Felix Stutz,felix stutz,A5057084737,0000-0003-3638-4096,True,strict_name_one_openalex_id,high,False,,12,7,5,1,['A5057084737'],['Felix Stutz'],['0000-0003-3638-4096'],1,1,2025,2025
ferassaad,Feras Saad,Feras A. Saad,feras a saad,A5009835778,0000-0002-0505-795X,True,strict_name_one_openalex_id,high,False,,60,42,15,1,['A5009835778'],['Feras A. Saad'],['0000-0002-0505-795X'],2,2,2025,2025
filipniksic,Filip Niksic,Filip Niksic,filip niksic,A5072101985,,True,strict_name_one_openalex_id,high,False,,36,22,14,1,['A5072101985'],['Filip Niksic'],[],1,1,2024,2024
filipsieczkowski,Filip Sieczkowski,Filip Sieczkowski,filip sieczkowski,A5047754900,0000-0001-5011-3458,True,strict_name_one_openalex_id,high,False,,210,165,19,1,['A5047754900'],['Filip Sieczkowski'],['0000-0001-5011-3458'],2,2,2022,2024
filippobonchi,Filippo Bonchi,Filippo Bonchi,filippo bonchi,A5004609161,0000-0002-3433-723X,True,strict_name_one_openalex_id,high,False,,41,23,29,1,['A5004609161'],['Filippo Bonchi'],['0000-0002-3433-723X'],2,1,2020,2025
francescodagnino1,Francesco Dagnino,Francesco Dagnino,francesco dagnino,A5046176286,0000-0003-3599-3535,True,strict_name_one_openalex_id,high,False,,21,10,14,1,['A5046176286'],['Francesco Dagnino'],['0000-0003-3599-3535'],1,1,2025,2025
francescogavazzo,Francesco Gavazzo,Francesco Gavazzo,francesco gavazzo,A5081771854,0000-0002-2159-0615,True,strict_name_one_openalex_id,high,False,,54,25,16,1,['A5081771854'],['Francesco Gavazzo'],['0000-0002-2159-0615'],2,2,2024,2024
francescologozzo,Francesco Logozzo,Francesco Logozzo,francesco logozzo,A5058389738,,True,strict_name_one_openalex_id,high,False,,109,77,27,1,['A5058389738'],['Francesco Logozzo'],[],2,1,2017,2021
francescoranzato,Francesco Ranzato,Francesco Ranzato,francesco ranzato,A5000629161,0000-0003-0159-0068,True,strict_name_one_openalex_id,high,False,,79,36,28,1,['A5000629161'],['Francesco Ranzato'],['0000-0003-0159-0068'],1,1,2020,2020
francescozappanardelli,Francesco Zappa Nardelli,Francesco Zappa Nardelli,francesco zappa nardelli,A5032148955,,True,strict_name_one_openalex_id,high,False,,207,155,28,1,['A5032148955'],['Francesco Zappa Nardelli'],[],3,2,2017,2023
frankpfenning,Frank Pfenning,Frank Pfenning,frank pfenning,A5021476649,0000-0002-8279-5817,True,strict_name_one_openalex_id,high,False,,469,236,93,1,['A5021476649'],['Frank Pfenning'],['0000-0002-8279-5817'],4,2,2019,2025
frankpiessens,Frank Piessens,Frank Piessens,frank piessens,A5008329832,0000-0001-5438-153X,True,strict_name_one_openalex_id,high,False,,251,161,70,1,['A5008329832'],['Frank Piessens'],['0000-0001-5438-153X'],1,1,2020,2020
franktip,Frank Tip,Frank Tip,frank tip,A5087594876,0000-0002-1862-3498,True,strict_name_one_openalex_id,high,False,,125,80,63,1,['A5087594876'],['Frank Tip'],['0000-0002-1862-3498'],1,1,2021,2021
franzfranchetti,Franz Franchetti,Franz Franchetti,franz franchetti,A5062806943,0000-0002-3529-8973,True,strict_name_one_openalex_id,high,False,,35,27,15,1,['A5062806943'],['Franz Franchetti'],['0000-0002-3529-8973'],1,1,2017,2017
francoisgauthier,François Gauthier,François Gauthier,francois gauthier,A5107243299,0000-0002-9470-5081,True,strict_name_one_openalex_id,high,False,,8,7,4,1,['A5107243299'],['François Gauthier'],['0000-0002-9470-5081'],2,2,2023,2025
francoispottier,François Pottier,François Pottier,francois pottier,A5060426941,0000-0002-4069-1235,True,strict_name_one_openalex_id,high,False,,257,175,60,1,['A5060426941'],['François Pottier'],['0000-0002-4069-1235'],4,2,2018,2023
fraserbrown,Fraser Brown,Fraser Brown,fraser brown,A5003256269,0009-0006-6601-7317,True,strict_name_one_openalex_id,high,False,,35,28,12,1,['A5003256269'],['Fraser Brown'],['0009-0006-6601-7317'],2,2,2022,2024
fredrikkjolstad,Fredrik Kjolstad,Fredrik Kjolstad,fredrik kjolstad,A5041886781,0000-0002-2267-903X,True,strict_name_one_openalex_id,high,False,,161,47,24,1,['A5041886781'],['Fredrik Kjølstad'],['0000-0002-2267-903X'],5,3,2021,2025
freekverbeek,Freek Verbeek,Freek Verbeek,freek verbeek,A5067135306,0000-0002-6625-1123,True,strict_name_one_openalex_id,high,False,,16,8,9,1,['A5067135306'],['Freek Verbeek'],['0000-0002-6625-1123'],1,1,2023,2023
friedrichsteimann,Friedrich Steimann,Friedrich Steimann,friedrich steimann,A5004979548,0000-0002-8887-134X,True,strict_name_one_openalex_id,high,False,,13,9,9,1,['A5004979548'],['Friedrich Steimann'],['0000-0002-8887-134X'],1,1,2019,2019
fritzhenglein,Fritz Henglein,Fritz Henglein,fritz henglein,A5045204080,0000-0001-5190-2125,True,strict_name_one_openalex_id,high,False,,81,63,25,1,['A5045204080'],['Fritz Henglein'],['0000-0001-5190-2125'],3,2,2020,2025
gabrieldosreis,Gabriel Dos Reis,Gabriel Dos Reis,gabriel dos reis,A5112412433,0000-0002-1908-1424,True,strict_name_one_openalex_id,high,False,,7,7,6,1,['A5112412433'],['Gabriel Dos Reis'],['0000-0002-1908-1424'],1,1,2017,2017
gabrielradanne,Gabriel Radanne,Gabriel Radanne,gabriel radanne,A5062416594,0000-0002-2107-7678,True,strict_name_one_openalex_id,high,False,,22,20,10,1,['A5062416594'],['Gabriel Radanne'],['0000-0002-2107-7678'],1,1,2023,2023
gabrielrodriguez,Gabriel Rodríguez,Gabriel Rodríguez,gabriel rodriguez,A5026273204,0000-0002-0338-3655,True,strict_name_one_openalex_id,high,False,,16,11,6,1,['A5026273204'],['Gabriel Rodríguez'],['0000-0002-0338-3655'],1,1,2022,2022
gabrielscherer,Gabriel Scherer,Gabriel Scherer,gabriel scherer,A5047042180,0000-0003-1758-3938,True,strict_name_one_openalex_id,high,False,,46,44,18,1,['A5047042180'],['Gabriel Scherer'],['0000-0003-1758-3938'],4,2,2017,2025
gabrielekeller,Gabriele Keller,Gabriele Keller,gabriele keller,A5089112216,0000-0003-1442-5387,True,strict_name_one_openalex_id,high,False,,111,76,27,1,['A5089112216'],['Gabriele Keller'],['0000-0003-1442-5387'],2,2,2019,2024
gabrielevanoni,Gabriele Vanoni,Gabriele Vanoni,gabriele vanoni,A5041239393,0000-0001-8762-8674,True,strict_name_one_openalex_id,high,False,,17,8,9,1,['A5041239393'],['Gabriele Vanoni'],['0000-0001-8762-8674'],1,1,2025,2025
gagandeepsingh,Gagandeep Singh,Gagandeep Singh,gagandeep singh,A5100760604,0000-0002-9299-2961,True,strict_name_one_openalex_id,high,False,,140,60,30,1,['A5100760604'],['Gagandeep Singh'],['0000-0002-9299-2961'],5,3,2021,2025
gavinbierman,Gavin Bierman,Gavin Bierman,gavin bierman,A5077695892,,True,strict_name_one_openalex_id,high,False,,108,75,26,1,['A5077695892'],['Gavin Bierman'],[],2,2,2019,2021
geoffreymainland,Geoffrey Mainland,Geoffrey Mainland,geoffrey mainland,A5091390132,0000-0002-0328-8594,True,strict_name_one_openalex_id,high,False,,26,23,11,1,['A5091390132'],['Geoffrey Mainland'],['0000-0002-0328-8594'],1,1,2020,2020
georgzetzsche,Georg Zetzsche,Georg Zetzsche,georg zetzsche,A5083429244,0000-0002-6421-4388,True,strict_name_one_openalex_id,high,False,,22,11,15,1,['A5083429244'],['Georg Zetzsche'],['0000-0002-6421-4388'],1,1,2024,2024
germanvidal,German Vidal,German Vidal,german vidal,A5051613376,0000-0002-1857-6951,True,strict_name_one_openalex_id,high,False,,7,6,7,1,['A5051613376'],['Germán Vidal'],['0000-0002-1857-6951'],1,1,2019,2019
gerwinklein,Gerwin Klein,Gerwin Klein,gerwin klein,A5056561099,0000-0001-8883-0559,True,strict_name_one_openalex_id,high,False,,177,95,46,1,['A5056561099'],['Gerwin Klein'],['0000-0001-8883-0559'],2,2,2021,2023
gillesbarthe,Gilles Barthe,Gilles Barthe,gilles barthe,A5075577852,0000-0002-3853-1777,True,strict_name_one_openalex_id,high,False,,593,221,120,1,['A5075577852'],['Gilles Barthe'],['0000-0002-3853-1777'],1,1,2018,2018
giuseppecastagna,Giuseppe Castagna,Giuseppe Castagna,giuseppe castagna,A5084702945,0000-0003-0951-7535,True,strict_name_one_openalex_id,high,False,,178,72,41,1,['A5084702945'],['Giuseppe Castagna'],['0000-0003-0951-7535'],1,1,2023,2023
gorelhedin,Gorel Hedin,Gorel Hedin,gorel hedin,A5075313890,0000-0002-3003-2623,True,strict_name_one_openalex_id,high,False,,32,16,23,1,['A5075313890'],['Görel Hedin'],['0000-0002-3003-2623'],3,2,2019,2023
gowthamkaki,Gowtham Kaki,Gowtham Kaki,gowtham kaki,A5046506172,0000-0002-4189-3189,True,strict_name_one_openalex_id,high,False,,52,28,9,1,['A5046506172'],['Gowtham Kaki'],['0000-0002-4189-3189'],4,3,2022,2025
grahamhutton,Graham Hutton,Graham Hutton,graham hutton,A5069634739,0000-0001-9584-5150,True,strict_name_one_openalex_id,high,False,,75,56,28,1,['A5069634739'],['Graham Hutton'],['0000-0001-9584-5150'],2,1,2017,2022
gregorrichards,Gregor Richards,Gregor Richards,gregor richards,A5045622709,,True,strict_name_one_openalex_id,high,False,,61,37,13,1,['A5045622709'],['Gregor Richards'],[],3,1,2017,2021
gregorymalecha1,Gregory Malecha,Gregory Malecha,gregory malecha,A5076825131,0000-0003-3952-0807,True,strict_name_one_openalex_id,high,False,,83,78,12,1,['A5076825131'],['Gregory Malecha'],['0000-0003-3952-0807'],1,1,2024,2024
gretayorsh,Greta Yorsh,Greta Yorsh,greta yorsh,A5108351946,,True,strict_name_one_openalex_id,high,False,,52,48,11,1,['A5108351946'],['Greta Yorsh'],[],2,1,2023,2025
grigorerosu,Grigore Roşu,Grigore Roşu,grigore rosu,A5053878331,0000-0002-3102-0421,True,strict_name_one_openalex_id,high,False,,290,136,86,1,['A5053878331'],['Grigore Roşu'],['0000-0002-3102-0421'],6,3,2018,2025
grigoryfedyukovich,Grigory Fedyukovich,Grigory Fedyukovich,grigory fedyukovich,A5027818967,0000-0003-1727-4043,True,strict_name_one_openalex_id,high,False,,74,49,33,1,['A5027818967'],['Grigory Fedyukovich'],['0000-0003-1727-4043'],1,1,2025,2025
guannanwei,Guannan Wei,Guannan Wei,guannan wei,A5054308182,0000-0002-3150-2033,True,strict_name_one_openalex_id,high,False,,49,24,13,1,['A5054308182'],['Guannan Wei'],['0000-0002-3150-2033'],3,3,2025,2025
guidosalvaneschi,Guido Salvaneschi,Guido Salvaneschi,guido salvaneschi,A5090555377,0000-0002-9324-8894,True,strict_name_one_openalex_id,high,False,,86,43,31,1,['A5090555377'],['Guido Salvaneschi'],['0000-0002-9324-8894'],2,1,2023,2024
guilhermeottoni,Guilherme Ottoni,Guilherme Ottoni,guilherme ottoni,A5070551934,,True,strict_name_one_openalex_id,high,False,,28,15,14,1,['A5070551934'],['Guilherme Ottoni'],[],1,1,2024,2024
guillaumeallais,Guillaume Allais,Guillaume Allais,guillaume allais,A5012442288,0000-0002-4091-657X,True,strict_name_one_openalex_id,high,False,,24,22,5,1,['A5012442288'],['Guillaume Allais'],['0000-0002-4091-657X'],1,1,2025,2025
guillaumebaudart,Guillaume Baudart,Guillaume Baudart,guillaume baudart,A5058638646,0000-0003-2230-1616,True,strict_name_one_openalex_id,high,False,,9,9,5,1,['A5058638646'],['Guillaume Baudart'],['0000-0003-2230-1616'],1,1,2025,2025
guillaumemelquiond,Guillaume Melquiond,Guillaume Melquiond,guillaume melquiond,A5073473823,0000-0002-6697-1809,True,strict_name_one_openalex_id,high,False,,46,26,16,1,['A5073473823'],['Guillaume Melquiond'],['0000-0002-6697-1809'],1,1,2025,2025
gustavopetri,Gustavo Petri,Gustavo Petri,gustavo petri,A5088681238,0000-0003-3289-4574,True,strict_name_one_openalex_id,high,False,,59,51,16,1,['A5088681238'],['Gustavo Petri'],['0000-0003-3289-4574'],2,1,2021,2024
gustavosoares,Gustavo Soares,Gustavo Soares,gustavo soares,A5025062647,0000-0002-8061-9000,True,strict_name_one_openalex_id,high,False,,44,34,10,1,['A5025062647'],['Gustavo Soares'],['0000-0002-8061-9000'],1,1,2021,2021
guygolangueta1,Guy Gueta,Guy Golan-Gueta,guy golan-gueta,A5054069870,,True,strict_name_one_openalex_id,high,False,,15,11,9,1,['A5054069870'],['Guy Golan-Gueta'],[],2,1,2019,2023
hakjoooh,Hakjoo Oh,Hakjoo Oh,hakjoo oh,A5042036026,0000-0002-1900-7654,True,strict_name_one_openalex_id,high,False,,201,94,38,1,['A5042036026'],['Hakjoo Oh'],['0000-0002-1900-7654'],8,4,2018,2025
hanjunkim1,Hanjun Kim,Hanjun Kim,hanjun kim,A5100722345,0000-0002-0762-7901,True,strict_name_one_openalex_id,high,False,,10,6,7,1,['A5100722345'],['Hanjun Kim'],['0000-0002-0762-7901'],1,1,2025,2025
hannahgommerstadt,Hannah Gommerstadt,Hannah Gommerstadt,hannah gommerstadt,A5007114870,,True,strict_name_one_openalex_id,high,False,,9,8,3,1,['A5007114870'],['Hannah Gommerstadt'],[],1,1,2023,2023
harrisonjgoldstein,Harrison Goldstein,Harrison Goldstein,harrison goldstein,A5079995663,0000-0001-9631-1169,True,strict_name_one_openalex_id,high,False,,25,18,9,1,['A5079995663'],['Harrison Goldstein'],['0000-0001-9631-1169'],1,1,2025,2025
hezhu,He Zhu,He Zhu,he zhu,A5004145814,0000-0001-9606-150X,True,strict_name_one_openalex_id,high,False,,54,44,10,1,['A5004145814'],['He Zhu'],['0000-0001-9606-150X'],3,2,2021,2023
heathermiller,Heather Miller,Heather Miller,heather miller,A5021433095,0000-0002-2059-5406,True,strict_name_one_openalex_id,high,False,,33,27,13,1,['A5021433095'],['Heather Miller'],['0000-0002-2059-5406'],6,4,2017,2023
henriknilsson,Henrik Nilsson,Henrik Nilsson,henrik nilsson,A5014442955,0000-0001-5045-8691,True,strict_name_one_openalex_id,high,False,,24,13,10,1,['A5014442955'],['Henrik Nilsson'],['0000-0001-5045-8691'],1,1,2018,2018
hidehikomasuhara,Hidehiko Masuhara,Hidehiko Masuhara,hidehiko masuhara,A5079977725,0000-0002-8837-5303,True,strict_name_one_openalex_id,high,False,,6,5,4,1,['A5079977725'],['Hidehiko Masuhara'],['0000-0002-8837-5303'],2,1,2023,2025
hilapeleg,Hila Peleg,Hila Peleg,hila peleg,A5079058381,0000-0002-0107-5659,True,strict_name_one_openalex_id,high,False,,93,64,18,1,['A5079058381'],['Hila Peleg'],['0000-0002-0107-5659'],4,3,2021,2024
hiroshiunno,Hiroshi Unno,Hiroshi Unno,hiroshi unno,A5044643168,0000-0002-4225-8195,True,strict_name_one_openalex_id,high,False,,149,49,33,1,['A5044643168'],['Hiroshi Unno'],['0000-0002-4225-8195'],3,2,2020,2025
hoannguyen1,Hoan Nguyen,Hoan Anh Nguyen,hoan anh nguyen,A5044339946,0000-0002-6194-7930,True,strict_name_one_openalex_id,high,False,,29,23,18,1,['A5044339946'],['Hoan Anh Nguyen'],['0000-0002-6194-7930'],1,1,2025,2025
hongseokyang,Hongseok Yang,Hongseok Yang,hongseok yang,A5101612744,0000-0003-1502-2942,True,strict_name_one_openalex_id,high,False,,606,309,89,1,['A5101612744'],['Hongseok Yang'],['0000-0003-1502-2942'],2,2,2021,2022
hughleather,Hugh Leather,Hugh Leather,hugh leather,A5053757097,0000-0003-0664-4176,True,strict_name_one_openalex_id,high,False,,39,26,19,1,['A5053757097'],['Hugh Leather'],['0000-0003-0664-4176'],1,1,2022,2022
hugoherbelin,Hugo Herbelin,Hugo Herbelin,hugo herbelin,A5060487163,0009-0004-6927-3346,True,strict_name_one_openalex_id,high,False,,44,29,14,1,['A5060487163'],['Hugo Herbelin'],['0009-0004-6927-3346'],2,1,2019,2023
huiguan,Hui Guan,Hui Guan,hui guan,A5085489377,0000-0001-9128-2231,True,strict_name_one_openalex_id,high,False,,2,2,2,1,['A5085489377'],['Hui Guan'],['0000-0001-9128-2231'],1,1,2022,2022
ichirohasuo,Ichiro Hasuo,Ichiro Hasuo,ichiro hasuo,A5013382452,0000-0002-8300-4650,True,strict_name_one_openalex_id,high,False,,52,37,18,1,['A5013382452'],['Ichiro Hasuo'],['0000-0002-8300-4650'],3,1,2019,2023
ignaciolaguna,Ignacio Laguna,Ignacio Laguna,ignacio laguna,A5033868370,0000-0002-9374-4433,True,strict_name_one_openalex_id,high,False,,5,4,4,1,['A5033868370'],['Ignacio Laguna'],['0000-0002-9374-4433'],1,1,2025,2025
ilyasergey,Ilya Sergey,Ilya Sergey,ilya sergey,A5009639508,0000-0003-4250-5392,True,strict_name_one_openalex_id,high,False,,309,213,61,1,['A5009639508'],['Ilya Sergey'],['0000-0003-4250-5392'],7,4,2017,2023
irenefinocchi,Irene Finocchi,Irene Finocchi,irene finocchi,A5044822150,0000-0002-6394-6798,True,strict_name_one_openalex_id,high,False,,7,5,5,1,['A5044822150'],['Irene Finocchi'],['0000-0002-6394-6798'],2,2,2017,2023
ireneyoon,Irene Yoon,Irene Yoon,irene yoon,A5072259548,0000-0003-3388-1257,True,strict_name_one_openalex_id,high,False,,26,18,4,1,['A5072259548'],['Irene Yoon'],['0000-0003-3388-1257'],1,1,2025,2025
isabellamastroeni,Isabella Mastroeni,Isabella Mastroeni,isabella mastroeni,A5031780173,0000-0003-1213-536X,True,strict_name_one_openalex_id,high,False,,25,15,17,1,['A5031780173'],['Isabella Mastroeni'],['0000-0003-1213-536X'],2,1,2017,2023
iulianneamtiu,Iulian Neamtiu,Iulian Neamtiu,iulian neamtiu,A5012137980,0000-0001-9730-9650,True,strict_name_one_openalex_id,high,False,,19,15,12,1,['A5012137980'],['Iulian Neamtiu'],['0000-0001-9730-9650'],4,2,2018,2024
isildillig,Işıl Dillig,Işıl Dillig,isıl dillig,A5006424908,0000-0001-8006-1230,True,strict_name_one_openalex_id,high,False,,776,292,111,1,['A5006424908'],['Işıl Dillig'],['0000-0001-8006-1230'],6,3,2018,2025
jgarrettmorris,J. Garrett Morris,J. Garrett Morris,j garrett morris,A5067671067,0000-0002-3992-1080,True,strict_name_one_openalex_id,high,False,,100,55,23,1,['A5067671067'],['J. Garrett Morris'],['0000-0002-3992-1080'],4,2,2018,2025
jacquescarette,Jacques Carette,Jacques Carette,jacques carette,A5074007281,0000-0001-8993-9804,True,strict_name_one_openalex_id,high,False,,105,84,19,1,['A5074007281'],['Jacques Carette'],['0000-0001-8993-9804'],1,1,2024,2024
jacquesgarrigue,Jacques Garrigue,Jacques Garrigue,jacques garrigue,A5089640715,0000-0001-8056-5519,True,strict_name_one_openalex_id,high,False,,40,33,13,1,['A5089640715'],['Jacques Garrigue'],['0000-0001-8056-5519'],2,2,2019,2024
jacqueshenrijourdan,Jacques-Henri Jourdan,Jacques-Henri Jourdan,jacques-henri jourdan,A5040467057,0000-0002-9781-7097,True,strict_name_one_openalex_id,high,False,,485,246,23,1,['A5040467057'],['Jacques-Henri Jourdan'],['0000-0002-9781-7097'],3,3,2019,2023
jadealglave,Jade Alglave,Jade Alglave,jade alglave,A5020411788,0000-0002-8335-0852,True,strict_name_one_openalex_id,high,False,,246,89,32,1,['A5020411788'],['Jade Alglave'],['0000-0002-8335-0852'],1,1,2023,2023
jaejinlee,Jaejin Lee,Jaejin Lee,jaejin lee,A5100767182,0000-0003-4638-8170,True,strict_name_one_openalex_id,high,False,,9,8,5,1,['A5100767182'],['Jaejin Lee'],['0000-0003-4638-8170'],1,1,2024,2024
jamesbornholt,James Bornholt,James Bornholt,james bornholt,A5055964348,0000-0002-3258-3226,True,strict_name_one_openalex_id,high,False,,122,91,22,1,['A5055964348'],['James Bornholt'],['0000-0002-3258-3226'],4,2,2020,2024
jamescheney,James Cheney,James Cheney,james cheney,A5056138547,0000-0002-1307-9286,True,strict_name_one_openalex_id,high,False,,117,89,45,1,['A5056138547'],['James Cheney'],['0000-0002-1307-9286'],6,4,2018,2025
jamesmckinna,James McKinna,James McKinna,james mckinna,A5047695892,0000-0001-6745-2560,True,strict_name_one_openalex_id,high,False,,83,67,25,1,['A5047695892'],['James McKinna'],['0000-0001-6745-2560'],1,1,2023,2023
jamesnoble,James Noble,James Noble,james noble,A5078368556,0000-0001-9036-5692,True,strict_name_one_openalex_id,high,False,,135,71,46,1,['A5078368556'],['James Noble'],['0000-0001-9036-5692'],3,1,2021,2025
jamesrwilcox,James R. Wilcox,James R. Wilcox,james r wilcox,A5101839396,0000-0003-3182-2093,True,strict_name_one_openalex_id,high,False,,178,111,17,1,['A5101839396'],['James R. Wilcox'],['0000-0003-3182-2093'],2,2,2022,2023
jamesriely,James Riely,James Riely,james riely,A5089477252,0000-0002-8731-1463,True,strict_name_one_openalex_id,high,False,,78,49,22,1,['A5089477252'],['James Riely'],['0000-0002-8731-1463'],1,1,2024,2024
janmidtgaard,Jan Midtgaard,Jan Midtgaard,jan midtgaard,A5065278196,0000-0002-6506-5468,True,strict_name_one_openalex_id,high,False,,63,37,15,1,['A5065278196'],['Jan Midtgaard'],['0000-0002-6506-5468'],1,1,2023,2023
janvitek,Jan Vitek,Jan Vitek,jan vitek,A5084307280,0000-0003-4052-3458,True,strict_name_one_openalex_id,high,False,,252,135,80,1,['A5084307280'],['Jan Vítek'],['0000-0003-4052-3458'],3,1,2021,2023
janadunfield,Jana Dunfield,Jana Dunfield,jana dunfield,A5007554264,0000-0002-3718-3395,True,strict_name_one_openalex_id,high,False,,77,62,18,1,['A5007554264'],['Jana Dunfield'],['0000-0002-3718-3395'],1,1,2023,2023
jasonansel,Jason Ansel,Jason Ansel,jason ansel,A5089997788,0009-0007-5207-2179,True,strict_name_one_openalex_id,high,False,,49,32,14,1,['A5089997788'],['Jason Ansel'],['0009-0007-5207-2179'],2,1,2023,2025
jasonmars,Jason Mars,Jason Mars,jason mars,A5053236545,0000-0002-7029-5292,True,strict_name_one_openalex_id,high,False,,10,8,10,1,['A5053236545'],['Jason Mars'],['0000-0002-7029-5292'],1,1,2018,2018
jayligatti,Jay Ligatti,Jay Ligatti,jay ligatti,A5071104685,,True,strict_name_one_openalex_id,high,False,,18,16,5,1,['A5071104685'],['Jay Ligatti'],[],1,1,2024,2024
jaymccarthy,Jay McCarthy,Jay McCarthy,jay mccarthy,A5015730860,0000-0002-2061-7396,True,strict_name_one_openalex_id,high,False,,61,47,18,1,['A5015730860'],['Jay McCarthy'],['0000-0002-2061-7396'],1,1,2022,2022
jayplim,Jay P. Lim,Jay P. Lim,jay p lim,A5064410077,0000-0002-7572-4017,True,strict_name_one_openalex_id,high,False,,40,16,9,1,['A5064410077'],['Jay P. Lim'],['0000-0002-7572-4017'],1,1,2025,2025
jeanpichonpharabod1,Jean Pichon-Pharabod,Jean Pichon-Pharabod,jean pichon-pharabod,A5027766872,0000-0002-4442-6543,True,strict_name_one_openalex_id,high,False,,125,68,17,1,['A5027766872'],['Jean Pichon-Pharabod'],['0000-0002-4442-6543'],2,2,2024,2025
jeanbaptistetristan,Jean-Baptiste Tristan,Jean-Baptiste Tristan,jean-baptiste tristan,A5031329578,0000-0003-2574-7883,True,strict_name_one_openalex_id,high,False,,71,50,15,1,['A5031329578'],['Jean-Baptiste Tristan'],['0000-0003-2574-7883'],3,1,2018,2024
jeanmariemadiot,Jean-Marie Madiot,Jean-Marie Madiot,jean-marie madiot,A5043157937,,True,strict_name_one_openalex_id,high,False,,6,6,1,1,['A5043157937'],['Jean-Marie Madiot'],[],1,1,2025,2025
jeanphilippebernardy,Jean-Philippe Bernardy,Jean-Philippe Bernardy,jean-philippe bernardy,A5070681215,0000-0002-8469-5617,True,strict_name_one_openalex_id,high,False,,65,48,15,1,['A5070681215'],['Jean-Philippe Bernardy'],['0000-0002-8469-5617'],2,2,2019,2025
jedidiahmcclurg,Jedidiah McClurg,Jedidiah McClurg,jedidiah mcclurg,A5035476830,0000-0002-0598-8199,True,strict_name_one_openalex_id,high,False,,10,8,7,1,['A5035476830'],['Jedidiah McClurg'],['0000-0002-0598-8199'],2,1,2022,2023
jeehoonkang,Jeehoon Kang,Jeehoon Kang,jeehoon kang,A5078763719,0000-0002-2115-0871,True,strict_name_one_openalex_id,high,False,,284,162,31,1,['A5078763719'],['Jeehoon Kang'],['0000-0002-2115-0871'],5,3,2021,2024
jeevanapriyainala,Jeevana Priya Inala,Jeevana Priya Inala,jeevana priya inala,A5020203532,0000-0003-1843-589X,True,strict_name_one_openalex_id,high,False,,17,16,8,1,['A5020203532'],['Jeevana Priya Inala'],['0000-0003-1843-589X'],1,1,2022,2022
jeffreysfoster,Jeffrey S. Foster,Jeffrey S. Foster,jeffrey s foster,A5038702707,0000-0001-8043-1166,True,strict_name_one_openalex_id,high,False,,202,143,63,1,['A5038702707'],['Jeffrey S. Foster'],['0000-0001-8043-1166'],3,2,2017,2025
jennifersartor,Jennifer B. Sartor,Jennifer B. Sartor,jennifer b sartor,A5032224428,,True,strict_name_one_openalex_id,high,False,,16,11,9,1,['A5032224428'],['Jennifer B. Sartor'],[],2,2,2017,2019
jenniferpaykin,Jennifer Paykin,Jennifer Paykin,jennifer paykin,A5034557410,,True,strict_name_one_openalex_id,high,False,,63,45,5,1,['A5034557410'],['Jennifer Paykin'],[],2,2,2019,2024
jensdietrich,Jens Dietrich,Jens Dietrich,jens dietrich,A5075091948,0000-0001-9019-6550,True,strict_name_one_openalex_id,high,False,,11,7,7,1,['A5075091948'],['Jens Dietrich'],['0000-0001-9019-6550'],1,1,2017,2017
jenspalsberg,Jens Palsberg,Jens Palsberg,jens palsberg,A5011356414,0000-0003-4747-365X,True,strict_name_one_openalex_id,high,False,,153,118,61,1,['A5011356414'],['Jens Palsberg'],['0000-0003-4747-365X'],4,2,2018,2025
jeremysiek,Jeremy G. Siek,Jeremy G. Siek,jeremy g siek,A5033999458,0000-0002-9894-4856,True,strict_name_one_openalex_id,high,False,,373,103,48,1,['A5033999458'],['Jeremy G. Siek'],['0000-0002-9894-4856'],6,3,2020,2025
jeremyyallop,Jeremy Yallop,Jeremy Yallop,jeremy yallop,A5020576379,0009-0002-1650-6340,True,strict_name_one_openalex_id,high,False,,79,48,24,1,['A5020576379'],['Jeremy Yallop'],['0009-0002-1650-6340'],2,2,2018,2023
jespercockx,Jesper Cockx,Jesper Cockx,jesper cockx,A5065497509,0000-0003-3862-4073,True,strict_name_one_openalex_id,high,False,,51,36,16,1,['A5065497509'],['Jesper Cockx'],['0000-0003-3862-4073'],2,2,2020,2022
jiasishen,Jiasi Shen,Jiasi Shen,jiasi shen,A5024117197,0000-0002-5904-3641,True,strict_name_one_openalex_id,high,False,,7,5,4,1,['A5024117197'],['Jiasi Shen'],['0000-0002-5904-3641'],2,1,2024,2025
jihyeokpark1,Jihyeok Park,Jihyeok Park,jihyeok park,A5086668734,0000-0001-8387-1984,True,strict_name_one_openalex_id,high,False,,23,12,11,1,['A5086668734'],['Jihyeok Park'],['0000-0001-8387-1984'],1,1,2025,2025
jinglingxue,Jingling Xue,Jingling Xue,jingling xue,A5024664385,0000-0003-0380-3506,True,strict_name_one_openalex_id,high,False,,231,93,60,1,['A5024664385'],['Jingling Xue'],['0000-0003-0380-3506'],2,2,2020,2024
jingmeihu1,Jingmei Hu,Jingmei Hu,jingmei hu,A5070358948,0000-0002-4434-5057,True,strict_name_one_openalex_id,high,False,,5,3,3,1,['A5070358948'],['Jingmei Hu'],['0000-0002-4434-5057'],1,1,2025,2025
joachimbreitner,Joachim Breitner,Joachim Breitner,joachim breitner,A5049741143,0000-0003-3753-6821,True,strict_name_one_openalex_id,high,False,,54,46,23,1,['A5049741143'],['Joachim Breitner'],['0000-0003-3753-6821'],2,1,2019,2025
joannasantos,Joanna C. S. Santos,Joanna C. S. Santos,joanna c s santos,A5043541139,0000-0001-8743-2516,True,strict_name_one_openalex_id,high,False,,4,4,4,1,['A5043541139'],['Joanna C. S. Santos'],['0000-0001-8743-2516'],1,1,2025,2025
johannesborgstrom,Johannes Borgström,Johannes Borgström,johannes borgstrom,A5038036076,0000-0001-5990-5742,True,strict_name_one_openalex_id,high,False,,82,54,15,1,['A5038036076'],['Johannes Borgström'],['0000-0001-5990-5742'],1,1,2017,2017
johnhughes,John Hughes,John Hughes,john hughes,A5068339489,0000-0001-8042-0969,True,strict_name_one_openalex_id,high,False,,249,146,43,1,['A5068339489'],['John Hughes'],['0000-0001-8042-0969'],1,1,2017,2017
johnregehr,John Regehr,John Regehr,john regehr,A5066046345,0000-0001-7025-4610,True,strict_name_one_openalex_id,high,False,,315,145,33,1,['A5066046345'],['John Regehr'],['0000-0001-7025-4610'],4,1,2020,2024
johnreppy,John Reppy,John Reppy,john reppy,A5030967328,0000-0002-5881-298X,True,strict_name_one_openalex_id,high,False,,100,64,33,1,['A5030967328'],['John Reppy'],['0000-0002-5881-298X'],1,1,2025,2025
johnsarracino,John Sarracino,John Sarracino,john sarracino,A5034346490,0000-0002-8575-6434,True,strict_name_one_openalex_id,high,False,,25,24,6,1,['A5034346490'],['John Sarracino'],['0000-0002-8575-6434'],2,1,2021,2024
johnvilk,John Vilk,John Vilk,john vilk,A5063109055,,True,strict_name_one_openalex_id,high,False,,4,4,2,1,['A5063109055'],['John Vilk'],[],1,1,2020,2020
johnwickerson,John Wickerson,John Wickerson,john wickerson,A5002846450,0000-0001-6735-5533,True,strict_name_one_openalex_id,high,False,,137,78,38,1,['A5002846450'],['John Wickerson'],['0000-0001-6735-5533'],6,3,2019,2025
jonathanaldrich,Jonathan Aldrich,Jonathan Aldrich,jonathan aldrich,A5091372985,0000-0003-0631-5591,True,strict_name_one_openalex_id,high,False,,159,86,58,1,['A5091372985'],['Jonathan Aldrich'],['0000-0003-0631-5591'],3,1,2017,2023
jonathanbalkind,Jonathan Balkind,Jonathan Balkind,jonathan balkind,A5015529604,0000-0003-1443-1373,True,strict_name_one_openalex_id,high,False,,10,9,5,1,['A5015529604'],['Jonathan Balkind'],['0000-0003-1443-1373'],1,1,2024,2024
jonathanbell,Jonathan Bell,Jonathan Bell,jonathan bell,A5053080959,0000-0002-1187-9298,True,strict_name_one_openalex_id,high,False,,21,12,12,1,['A5053080959'],['Jonathan Bell'],['0000-0002-1187-9298'],1,1,2024,2024
jonathanbrachthauser,Jonathan Immanuel Brachthäuser,Jonathan Immanuel Brachthäuser,jonathan immanuel brachthauser,A5027088540,0000-0001-9128-0391,True,strict_name_one_openalex_id,high,False,,169,75,23,1,['A5027088540'],['Jonathan Immanuel Brachthäuser'],['0000-0001-9128-0391'],4,3,2023,2025
jonathanprotzenko,Jonathan Protzenko,Jonathan Protzenko,jonathan protzenko,A5055019834,0000-0001-7347-3050,True,strict_name_one_openalex_id,high,False,,160,97,27,1,['A5055019834'],['Jonathan Protzenko'],['0000-0001-7347-3050'],3,2,2020,2024
jonathansterling,Jonathan Sterling,Jonathan Sterling,jonathan sterling,A5016658166,0000-0002-0585-5564,True,strict_name_one_openalex_id,high,False,,40,28,15,1,['A5016658166'],['Jonathan Sterling'],['0000-0002-0585-5564'],3,3,2023,2025
joonwonchoi,Joonwon Choi,Joonwon Choi,joonwon choi,A5003461001,0000-0002-1084-881X,True,strict_name_one_openalex_id,high,False,,46,42,6,1,['A5003461001'],['Joonwon Choi'],['0000-0002-1084-881X'],1,1,2024,2024
joostpieterkatoen,Joost-Pieter Katoen,Joost-Pieter Katoen,joost-pieter katoen,A5090819329,0000-0002-6143-1926,True,strict_name_one_openalex_id,high,False,,380,113,66,1,['A5090819329'],['Joost-Pieter Katoen'],['0000-0002-6143-1926'],1,1,2023,2023
jorgeanavas,Jorge A. Navas,Jorge A. Navas,jorge a navas,A5026684100,0000-0002-0516-1167,True,strict_name_one_openalex_id,high,False,,56,47,19,1,['A5026684100'],['Jorge A. Navas'],['0000-0002-0516-1167'],2,1,2022,2024
jorgeaperez,Jorge A. Pérez,Jorge A. Pérez,jorge a perez,A5034548013,0000-0002-1452-6180,True,strict_name_one_openalex_id,high,False,,37,20,13,1,['A5034548013'],['Jorge A. Pérez'],['0000-0002-1452-6180'],1,1,2023,2023
josephdevietti,Joseph Devietti,Joseph Devietti,joseph devietti,A5031917049,0000-0002-9330-7233,True,strict_name_one_openalex_id,high,False,,45,22,20,1,['A5031917049'],['Joseph Devietti'],['0000-0002-9330-7233'],2,1,2017,2021
josephtassarotti,Joseph Tassarotti,Joseph Tassarotti,joseph tassarotti,A5073987903,0000-0001-5692-3347,True,strict_name_one_openalex_id,high,False,,185,117,25,1,['A5073987903'],['Joseph Tassarotti'],['0000-0001-5692-3347'],5,4,2023,2024
joshberdine,Josh Berdine,Josh Berdine,josh berdine,A5061050156,0000-0002-9691-1348,True,strict_name_one_openalex_id,high,False,,156,87,23,1,['A5061050156'],['Josh Berdine'],['0000-0002-9691-1348'],4,2,2017,2023
joshuagancher,Joshua Gancher,Joshua Gancher,joshua gancher,A5043190101,0000-0003-2257-7073,True,strict_name_one_openalex_id,high,False,,9,9,4,1,['A5043190101'],['Joshua Gancher'],['0000-0003-2257-7073'],1,1,2025,2025
joshuasunshine,Joshua Sunshine,Joshua Sunshine,joshua sunshine,A5039972599,0000-0002-9672-5297,True,strict_name_one_openalex_id,high,False,,51,37,22,1,['A5039972599'],['Joshua Sunshine'],['0000-0002-9672-5297'],2,2,2017,2025
josiahhester,Josiah Hester,Josiah Hester,josiah hester,A5026852792,0000-0002-1680-085X,True,strict_name_one_openalex_id,high,False,,39,10,13,1,['A5026852792'],['Josiah Hester'],['0000-0002-1680-085X'],1,1,2023,2023
josesantos,José Fragoso Santos,José Fragoso Santos,jose fragoso santos,A5061566620,0000-0001-5077-300X,True,strict_name_one_openalex_id,high,False,,53,25,15,1,['A5061566620'],['José Fragoso Santos'],['0000-0001-5077-300X'],4,3,2020,2025
josepedromagalhaes,José Pedro Magalhães,José Pedro Magalhães,jose pedro magalhaes,A5100879511,,True,strict_name_one_openalex_id,high,False,,39,26,14,1,['A5100879511'],['José Pedro Magalhães'],[],1,1,2023,2023
joxanjaffar,Joxan Jaffar,Joxan Jaffar,joxan jaffar,A5058689103,0000-0001-9988-6144,True,strict_name_one_openalex_id,high,False,,54,41,13,1,['A5058689103'],['Joxan Jaffar'],['0000-0001-9988-6144'],2,1,2018,2021
jubitaneja,Jubi Taneja,Jubi Taneja,jubi taneja,A5090282403,,True,strict_name_one_openalex_id,high,False,,9,9,2,1,['A5090282403'],['Jubi Taneja'],[],1,1,2025,2025
julesjacobs,Jules Jacobs,Jules Jacobs,jules jacobs,A5066303700,0000-0003-1976-3182,True,strict_name_one_openalex_id,high,False,,32,23,11,1,['A5066303700'],['Jules Jacobs'],['0000-0003-1976-3182'],2,2,2025,2025
julesvillard2,Jules Villard,Jules Villard,jules villard,A5084908329,0000-0001-8637-0712,True,strict_name_one_openalex_id,high,False,,78,54,11,1,['A5084908329'],['Jules Villard'],['0000-0001-8637-0712'],1,1,2024,2024
juliabelyakova,Julia Belyakova,Julia Belyakova,julia belyakova,A5075571308,0000-0002-7490-8500,True,strict_name_one_openalex_id,high,False,,16,10,6,1,['A5075571308'],['Julia Belyakova'],['0000-0002-7490-8500'],1,1,2025,2025
juliandolby,Julian Dolby,Julian Dolby,julian dolby,A5012855077,0000-0002-6658-2678,True,strict_name_one_openalex_id,high,False,,154,112,54,1,['A5012855077'],['Julian Dolby'],['0000-0002-6658-2678'],2,1,2018,2021
julianshun,Julian Shun,Julian Shun,julian shun,A5051583907,0000-0001-6163-6625,True,strict_name_one_openalex_id,high,False,,45,27,16,1,['A5051583907'],['Julian Shun'],['0000-0001-6163-6625'],1,1,2021,2021
julianafranco,Juliana Franco,Juliana Franco,juliana franco,A5006668787,,True,strict_name_one_openalex_id,high,False,,14,12,6,1,['A5006668787'],['Juliana Franco'],[],1,1,2024,2024
juneandronick,June Andronick,June Andronick,june andronick,A5069964343,,True,strict_name_one_openalex_id,high,False,,86,56,15,1,['A5069964343'],['June Andronick'],[],2,2,2019,2019
jurriaanhage,Jurriaan Hage,Jurriaan Hage,jurriaan hage,A5101615144,0000-0002-3580-6069,True,strict_name_one_openalex_id,high,False,,44,27,14,1,['A5101615144'],['Jurriaan Hage'],['0000-0002-3580-6069'],1,1,2021,2021
justingottschlich,Justin Gottschlich,Justin Gottschlich,justin gottschlich,A5005286439,0000-0003-2742-9205,True,strict_name_one_openalex_id,high,False,,6,6,5,1,['A5005286439'],['Justin Gottschlich'],['0000-0003-2742-9205'],3,2,2021,2024
justinhsu,Justin Hsu,Justin Hsu,justin hsu,A5033286190,0000-0002-8953-7060,True,strict_name_one_openalex_id,high,False,,250,103,51,1,['A5033286190'],['Justin Hsu'],['0000-0002-8953-7060'],6,3,2019,2025
kcsivaramakrishnan,KC Sivaramakrishnan,KC Sivaramakrishnan,kc sivaramakrishnan,A5010633349,0000-0002-3491-1780,True,strict_name_one_openalex_id,high,False,,173,110,21,1,['A5010633349'],['KC Sivaramakrishnan'],['0000-0002-3491-1780'],7,4,2020,2025
kapilvaswani,Kapil Vaswani,Kapil Vaswani,kapil vaswani,A5011779401,,True,strict_name_one_openalex_id,high,False,,29,25,14,1,['A5011779401'],['Kapil Vaswani'],[],2,1,2021,2024
karimali,Karim Ali,Karim Ali,karim ali,A5038781215,0000-0002-5516-1376,True,strict_name_one_openalex_id,high,False,,66,46,16,1,['A5038781215'],['Karim Ali'],['0000-0002-5516-1376'],5,2,2020,2025
karineevenmendoza,Karine Even-Mendoza,Karine Even-Mendoza,karine even-mendoza,A5068864058,0000-0002-3099-1189,True,strict_name_one_openalex_id,high,False,,28,17,7,1,['A5068864058'],['Karine Even-Mendoza'],['0000-0002-3099-1189'],2,1,2024,2025
karlcrary,Karl Crary,Karl Crary,karl crary,A5045900536,0000-0002-1556-2183,True,strict_name_one_openalex_id,high,False,,145,105,39,1,['A5045900536'],['Karl Crary'],['0000-0002-1556-2183'],1,1,2018,2018
karlpalmskog,Karl Palmskog,Karl Palmskog,karl palmskog,A5015320417,,True,strict_name_one_openalex_id,high,False,,14,13,6,1,['A5015320417'],['Karl Palmskog'],[],1,1,2025,2025
karthikeyanbhargavan,Karthikeyan Bhargavan,Karthikeyan Bhargavan,karthikeyan bhargavan,A5026297326,0000-0002-3152-8997,True,strict_name_one_openalex_id,high,False,,236,128,36,1,['A5026297326'],['Karthikeyan Bhargavan'],['0000-0002-3152-8997'],1,1,2023,2023
kartiknagar1,Kartik Nagar,Kartik Nagar,kartik nagar,A5046570178,0000-0002-0679-226X,True,strict_name_one_openalex_id,high,False,,15,15,5,1,['A5046570178'],['Kartik Nagar'],['0000-0002-0679-226X'],1,1,2025,2025
kathrinstark,Kathrin Stark,Kathrin Stark,kathrin stark,A5054275908,0000-0002-7086-6518,True,strict_name_one_openalex_id,high,False,,22,19,6,1,['A5054275908'],['Kathrin Stark'],['0000-0002-7086-6518'],2,2,2023,2024
kathrynegray,Kathryn E. Gray,Kathryn E. Gray,kathryn e gray,A5064632723,,True,strict_name_one_openalex_id,high,False,,72,48,10,1,['A5064632723'],['Kathryn E. Gray'],[],2,2,2017,2017
kathrynsmckinley,Kathryn S McKinley,Kathryn S McKinley,kathryn s mckinley,A5087054368,0000-0002-7188-2501,True,strict_name_one_openalex_id,high,False,,245,151,81,1,['A5087054368'],['Kathryn S. McKinley'],['0000-0002-7188-2501'],4,2,2017,2022
katsuhiroueno,Katsuhiro Ueno,Katsuhiro Ueno,katsuhiro ueno,A5103178472,0009-0007-3180-9960,True,strict_name_one_openalex_id,high,False,,4,4,2,1,['A5103178472'],['Katsuhiro Ueno'],['0009-0007-3180-9960'],2,1,2018,2024
kazutakamatsuda,Kazutaka Matsuda,Kazutaka Matsuda,kazutaka matsuda,A5004575068,0000-0002-9747-4899,True,strict_name_one_openalex_id,high,False,,54,19,21,1,['A5004575068'],['Kazutaka Matsuda'],['0000-0002-9747-4899'],2,1,2019,2021
kenjimaillard,Kenji Maillard,Kenji Maillard,kenji maillard,A5083750560,0000-0001-5554-3203,True,strict_name_one_openalex_id,high,False,,74,55,15,1,['A5083750560'],['Kenji Maillard'],['0000-0001-5554-3203'],3,2,2023,2024
kennethlmcmillan,Kenneth L. McMillan,Kenneth L. McMillan,kenneth l mcmillan,A5047507250,0009-0000-9380-1939,True,strict_name_one_openalex_id,high,False,,190,103,54,1,['A5047507250'],['Kenneth L. McMillan'],['0009-0000-9380-1939'],1,1,2022,2022
keshahietala,Kesha Hietala,Kesha Hietala,kesha hietala,A5002449883,0000-0002-2724-0974,True,strict_name_one_openalex_id,high,False,,61,41,10,1,['A5002449883'],['Kesha Hietala'],['0000-0002-2724-0974'],1,1,2024,2024
kevinellis,Kevin Ellis,Kevin Ellis,kevin ellis,A5009201646,0000-0001-6586-0632,True,strict_name_one_openalex_id,high,False,,52,30,18,1,['A5009201646'],['Kevin Ellis'],['0000-0001-6586-0632'],1,1,2023,2023
kihongheo,Kihong Heo,Kihong Heo,kihong heo,A5071661688,0000-0003-2671-0142,True,strict_name_one_openalex_id,high,False,,143,88,25,1,['A5071661688'],['Kihong Heo'],['0000-0003-2671-0142'],5,3,2022,2024
kirangopinathan1,Kiran Gopinathan,Kiran Gopinathan,kiran gopinathan,A5037850706,0000-0002-1877-9871,True,strict_name_one_openalex_id,high,False,,13,13,6,1,['A5037850706'],['Kiran Gopinathan'],['0000-0002-1877-9871'],1,1,2025,2025
kirshanthansundararajah,Kirshanthan Sundararajah,Kirshanthan Sundararajah,kirshanthan sundararajah,A5028997869,0000-0001-6384-062X,True,strict_name_one_openalex_id,high,False,,24,14,10,1,['A5028997869'],['Kirshanthan Sundararajah'],['0000-0001-6384-062X'],1,1,2025,2025
klausostermann,Klaus Ostermann,Klaus Ostermann,klaus ostermann,A5049077225,0000-0001-5294-5506,True,strict_name_one_openalex_id,high,False,,189,122,42,1,['A5049077225'],['Klaus Ostermann'],['0000-0001-5294-5506'],6,4,2018,2025
koenclaessen,Koen Claessen,Koen Claessen,koen claessen,A5058771102,0000-0002-8113-4478,True,strict_name_one_openalex_id,high,False,,232,140,35,1,['A5058771102'],['Koen Claessen'],['0000-0002-8113-4478'],3,2,2018,2024
koheisuenaga,Kohei Suenaga,Kohei Suenaga,kohei suenaga,A5064121410,0000-0002-7466-8789,True,strict_name_one_openalex_id,high,False,,17,15,9,1,['A5064121410'],['Kohei Suenaga'],['0000-0002-7466-8789'],1,1,2022,2022
kokomuroya,Koko Muroya,Koko Muroya,koko muroya,A5076471067,0000-0003-0454-6900,True,strict_name_one_openalex_id,high,False,,10,8,6,1,['A5076471067'],['Koko Muroya'],['0000-0003-0454-6900'],2,2,2022,2022
konstantinosmamouras1,Konstantinos Mamouras,Konstantinos Mamouras,konstantinos mamouras,A5052392314,0000-0003-1209-7738,True,strict_name_one_openalex_id,high,False,,96,41,30,1,['A5052392314'],['Konstantinos Mamouras'],['0000-0003-1209-7738'],2,1,2023,2025
kostasferles,Kostas Ferles,Kostas Ferles,kostas ferles,A5022616286,0000-0002-8370-5465,True,strict_name_one_openalex_id,high,False,,25,20,10,1,['A5022616286'],['Kostas Ferles'],['0000-0002-8370-5465'],1,1,2022,2022
koushiksen,Koushik Sen,Koushik Sen,koushik sen,A5101569699,0000-0002-4539-9188,True,strict_name_one_openalex_id,high,False,,400,217,97,1,['A5101569699'],['Koushik Sen'],['0000-0002-4539-9188'],2,1,2022,2024
kristinasojakova,Kristina Sojakova,Kristina Sojakova,kristina sojakova,A5084186768,0000-0003-4880-1416,True,strict_name_one_openalex_id,high,False,,9,8,5,1,['A5084186768'],['Kristina Sojakova'],['0000-0003-4880-1416'],1,1,2024,2024
kwangkeunyi,Kwangkeun Yi,Kwangkeun Yi,kwangkeun yi,A5101789148,0009-0007-5027-2177,True,strict_name_one_openalex_id,high,False,,125,83,31,1,['A5101789148'],['Kwangkeun Yi'],['0009-0007-5027-2177'],2,1,2021,2024
larsbirkedal,Lars Birkedal,Lars Birkedal,lars birkedal,A5055959064,0000-0003-1320-0098,True,strict_name_one_openalex_id,high,False,,1265,337,141,1,['A5055959064'],['Lars Birkedal'],['0000-0003-1320-0098'],4,3,2018,2022
laurabocchi,Laura Bocchi,Laura Bocchi,laura bocchi,A5087949298,0000-0002-7177-9395,True,strict_name_one_openalex_id,high,False,,31,19,11,1,['A5087949298'],['Laura Bocchi'],['0000-0002-7177-9395'],1,1,2023,2023
laurakovacs,Laura Kovacs,Laura Kovács,laura kovacs,A5071158512,0000-0002-8299-2714,True,strict_name_one_openalex_id,high,False,,82,54,28,1,['A5071158512'],['Laura Kovács'],['0000-0002-8299-2714'],3,1,2018,2023
lauramcastro,Laura M. Castro,Laura M. Castro,laura m castro,A5058853148,0000-0002-3028-1523,True,strict_name_one_openalex_id,high,False,,4,4,1,1,['A5058853148'],['Laura M. Castro'],['0000-0002-3028-1523'],2,1,2019,2024
lauregonnord,Laure Gonnord,Laure Gonnord,laure gonnord,A5059186408,0000-0002-8013-1611,True,strict_name_one_openalex_id,high,False,,41,33,13,1,['A5059186408'],['Laure Gonnord'],['0000-0002-8013-1611'],3,2,2021,2025
laurenpick,Lauren Pick,Lauren Pick,lauren pick,A5026041828,0000-0003-1605-5383,True,strict_name_one_openalex_id,high,False,,13,12,4,1,['A5026041828'],['Lauren Pick'],['0000-0003-1605-5383'],2,2,2023,2025
laurencetratt,Laurence Tratt,Laurence Tratt,laurence tratt,A5005368647,0000-0002-5258-3805,True,strict_name_one_openalex_id,high,False,,31,28,11,1,['A5005368647'],['Laurence Tratt'],['0000-0002-5258-3805'],1,1,2021,2021
lennartaugustsson,Lennart Augustsson,Lennart Augustsson,lennart augustsson,A5030072776,0009-0008-6894-4020,True,strict_name_one_openalex_id,high,False,,22,20,10,1,['A5030072776'],['Lennart Augustsson'],['0009-0008-6894-4020'],1,1,2023,2023
lennartberinger,Lennart Beringer,Lennart Beringer,lennart beringer,A5075091834,0000-0002-1570-3492,True,strict_name_one_openalex_id,high,False,,182,117,22,1,['A5075091834'],['Lennart Beringer'],['0000-0002-1570-3492'],1,1,2019,2019
leowhite,Leo White,Leo White,leo white,A5034258018,0009-0003-7046-3035,True,strict_name_one_openalex_id,high,False,,77,61,11,1,['A5034258018'],['Leo White'],['0009-0003-7046-3035'],1,1,2025,2025
leonidryzhyk,Leonid Ryzhyk,Leonid Ryzhyk,leonid ryzhyk,A5001598240,,True,strict_name_one_openalex_id,high,False,,31,28,15,1,['A5001598240'],['Leonid Ryzhyk'],[],1,1,2022,2022
leonidaslampropoulos,Leonidas Lampropoulos,Leonidas Lampropoulos,leonidas lampropoulos,A5075217645,0000-0003-0269-9815,True,strict_name_one_openalex_id,high,False,,91,49,21,1,['A5075217645'],['Leonidas Lampropoulos'],['0000-0003-0269-9815'],5,3,2021,2025
liamoconnor,Liam O'Connor,Liam O'Connor,liam o'connor,A5091677658,0000-0003-2765-4269,True,strict_name_one_openalex_id,high,False,,35,24,12,1,['A5091677658'],['Liam O’Connor'],['0000-0003-2765-4269'],2,2,2025,2025
liminjia,Limin Jia,Limin Jia,limin jia,A5087946116,0000-0002-8160-349X,True,strict_name_one_openalex_id,high,False,,53,38,31,1,['A5087946116'],['Limin Jia'],['0000-0002-8160-349X'],7,3,2017,2025
lindseykuper,Lindsey Kuper,Lindsey Kuper,lindsey kuper,A5065115190,0000-0002-1374-7715,True,strict_name_one_openalex_id,high,False,,48,34,12,1,['A5065115190'],['Lindsey Kuper'],['0000-0002-1374-7715'],6,4,2017,2025
lionelparreaux,Lionel Parreaux,Lionel Parreaux,lionel parreaux,A5002106868,0000-0002-8805-0728,True,strict_name_one_openalex_id,high,False,,67,41,16,1,['A5002106868'],['Lionel Parreaux'],['0000-0002-8805-0728'],2,2,2023,2025
liyili1,Liyi Li,Liyi Li,liyi li,A5100767880,0000-0001-8184-0244,True,strict_name_one_openalex_id,high,False,,26,21,9,1,['A5100767880'],['Liyi Li'],['0000-0001-8184-0244'],2,2,2024,2025
lorisdantoni,Loris D'Antoni,Loris D'Antoni,loris d'antoni,A5089920000,0000-0001-9625-4037,True,strict_name_one_openalex_id,high,False,,204,132,69,1,['A5089920000'],['Loris D’Antoni'],['0000-0001-9625-4037'],7,3,2018,2025
louisnoelpouchet,Louis-Noël Pouchet,Louis-Noël Pouchet,louis-noel pouchet,A5040769038,0000-0001-5103-3097,True,strict_name_one_openalex_id,high,False,,106,51,44,1,['A5040769038'],['Louis-Noël Pouchet'],['0000-0001-5103-3097'],5,2,2019,2024
lucmaranget,Luc Maranget,Luc Maranget,luc maranget,A5002264496,0000-0001-5312-7759,True,strict_name_one_openalex_id,high,False,,241,92,28,1,['A5002264496'],['Luc Maranget'],['0000-0001-5312-7759'],1,1,2021,2021
luispina,Luís Pina,Luís Pina,luis pina,A5060601788,0000-0003-4585-5259,True,strict_name_one_openalex_id,high,False,,12,7,6,1,['A5060601788'],['Luís Pina'],['0000-0003-4585-5259'],1,1,2024,2024
madanmusuvathi,Madan Musuvathi,Madan Musuvathi,madan musuvathi,A5011198874,0000-0002-2482-7892,True,strict_name_one_openalex_id,high,False,,16,15,11,1,['A5011198874'],['Madan Musuvathi'],['0000-0002-2482-7892'],2,1,2017,2021
maemilano,Mae Milano,Mae Milano,mae milano,A5053205507,0000-0003-3126-7771,True,strict_name_one_openalex_id,high,False,,48,43,11,1,['A5053205507'],['Mae Milano'],['0000-0003-3126-7771'],1,1,2024,2024
magnusmadsen,Magnus Madsen,Magnus Madsen,magnus madsen,A5034330109,0000-0002-7510-8724,True,strict_name_one_openalex_id,high,False,,119,69,23,1,['A5034330109'],['Magnus Madsen'],['0000-0002-7510-8724'],3,2,2021,2025
magnusomyreen,Magnus O. Myreen,Magnus O. Myreen,magnus o myreen,A5001651911,0000-0002-9504-4107,True,strict_name_one_openalex_id,high,False,,266,154,45,1,['A5001651911'],['Magnus O. Myreen'],['0000-0002-9504-4107'],6,3,2020,2025
makotohamana,Makoto Hamana,Makoto Hamana,makoto hamana,A5081721784,0000-0002-3064-8225,True,strict_name_one_openalex_id,high,False,,20,14,14,1,['A5081721784'],['Makoto Hamana'],['0000-0002-3064-8225'],1,1,2020,2020
malavikasamak,Malavika Samak,Malavika Samak,malavika samak,A5062670070,,True,strict_name_one_openalex_id,high,False,,23,15,8,1,['A5062670070'],['Malavika Samak'],[],4,3,2018,2024
malgorzatabiernacka,Malgorzata Biernacka,Malgorzata Biernacka,malgorzata biernacka,A5084400751,0000-0001-8094-0980,True,strict_name_one_openalex_id,high,False,,10,7,7,1,['A5084400751'],['Małgorzata Biernacka'],['0000-0001-8094-0980'],1,1,2022,2022
manasthakur,Manas Thakur,Manas Thakur,manas thakur,A5037950146,0000-0002-0740-9701,True,strict_name_one_openalex_id,high,False,,21,10,7,1,['A5037950146'],['Manas Thakur'],['0000-0002-0740-9701'],1,1,2025,2025
manasijmukherjee,Manasij Mukherjee,Manasij Mukherjee,manasij mukherjee,A5017201533,0009-0007-8460-6745,True,strict_name_one_openalex_id,high,False,,8,8,2,1,['A5017201533'],['Manasij Mukherjee'],['0009-0007-8460-6745'],1,1,2025,2025
mandanavaziri,Mandana Vaziri,Mandana Vaziri,mandana vaziri,A5014301891,0009-0002-9165-3500,True,strict_name_one_openalex_id,high,False,,33,27,13,1,['A5014301891'],['Mandana Vaziri'],['0009-0002-9165-3500'],2,2,2020,2022
manoskapritsos,Manos Kapritsos,Manos Kapritsos,manos kapritsos,A5083609711,0000-0002-4368-7418,True,strict_name_one_openalex_id,high,False,,77,61,8,1,['A5083609711'],['Manos Kapritsos'],['0000-0002-4368-7418'],1,1,2022,2022
manusridharan,Manu Sridharan,Manu Sridharan,manu sridharan,A5038828346,0000-0001-7993-302X,True,strict_name_one_openalex_id,high,False,,313,149,55,1,['A5038828346'],['Manu Sridharan'],['0000-0001-7993-302X'],5,2,2018,2025
manuelrigger,Manuel Rigger,Manuel Rigger,manuel rigger,A5066738024,0000-0001-8303-2099,True,strict_name_one_openalex_id,high,False,,18,16,11,1,['A5066738024'],['Manuel Rigger'],['0000-0001-8303-2099'],1,1,2025,2025
marcbrockschmidt,Marc Brockschmidt,Marc Brockschmidt,marc brockschmidt,A5040207663,,True,strict_name_one_openalex_id,high,False,,87,63,25,1,['A5040207663'],['Marc Brockschmidt'],[],2,1,2021,2024
marcogaboardi,Marco Gaboardi,Marco Gaboardi,marco gaboardi,A5021948795,0000-0002-5235-7066,True,strict_name_one_openalex_id,high,False,,21,20,6,1,['A5021948795'],['Marco Gaboardi'],['0000-0002-5235-7066'],4,3,2017,2025
marcopatrignani,Marco Patrignani,Marco Patrignani,marco patrignani,A5023276491,0000-0003-3411-9678,True,strict_name_one_openalex_id,high,False,,94,54,24,1,['A5023276491'],['Marco Patrignani'],['0000-0003-3411-9678'],1,1,2023,2023
marcopistoia,Marco Pistoia,Marco Pistoia,marco pistoia,A5066501364,0000-0001-9002-1128,True,strict_name_one_openalex_id,high,False,,53,42,15,1,['A5066501364'],['Marco Pistoia'],['0000-0001-9002-1128'],1,1,2017,2017
marcovassena,Marco Vassena,Marco Vassena,marco vassena,A5065850135,0000-0002-4795-0236,True,strict_name_one_openalex_id,high,False,,26,21,9,1,['A5065850135'],['Marco Vassena'],['0000-0002-4795-0236'],1,1,2023,2023
marcosviera,Marcos Viera,Marcos Viera,marcos viera,A5026040673,0000-0003-2291-6151,True,strict_name_one_openalex_id,high,False,,6,6,4,1,['A5026040673'],['Marcos Viera'],['0000-0003-2291-6151'],1,1,2023,2023
margusveanes,Margus Veanes,Margus Veanes,margus veanes,A5060114046,0009-0008-8427-7977,True,strict_name_one_openalex_id,high,False,,133,53,46,1,['A5060114046'],['Margus Veanes'],['0009-0008-8427-7977'],2,1,2020,2025
mariachristakis,Maria Christakis,Maria Christakis,maria christakis,A5064181052,0000-0002-2649-1958,True,strict_name_one_openalex_id,high,False,,33,30,17,1,['A5064181052'],['Maria Christakis'],['0000-0002-2649-1958'],1,1,2018,2018
mariannarapoport,Marianna Rapoport,Marianna Rapoport,marianna rapoport,A5027027438,,True,strict_name_one_openalex_id,high,False,,38,37,5,1,['A5027027438'],['Marianna Rapoport'],[],2,1,2023,2025
maribelfernandez,Maribel Fernandez,Maribel Fernandez,maribel fernandez,A5072769917,0000-0001-8325-5815,True,strict_name_one_openalex_id,high,False,,10,8,10,1,['A5072769917'],['Maribel Fernández'],['0000-0001-8325-5815'],1,1,2022,2022
mariekehuisman,Marieke Huisman,Marieke Huisman,marieke huisman,A5045181048,0000-0003-4467-072X,True,strict_name_one_openalex_id,high,False,,27,23,20,1,['A5045181048'],['Marieke Huisman'],['0000-0003-4467-072X'],2,1,2019,2021
markbatty,Mark Batty,Mark Batty,mark batty,A5043076240,0000-0001-7053-4364,True,strict_name_one_openalex_id,high,False,,248,87,30,1,['A5043076240'],['Mark Batty'],['0000-0001-7053-4364'],3,2,2018,2024
marksantolucito,Mark Santolucito,Mark Santolucito,mark santolucito,A5031902968,0000-0001-8646-4364,True,strict_name_one_openalex_id,high,False,,16,13,9,1,['A5031902968'],['Mark Santolucito'],['0000-0001-8646-4364'],1,1,2023,2023
markuspuschel,Markus Püschel,Markus Püschel,markus puschel,A5076407181,0000-0001-8834-8551,True,strict_name_one_openalex_id,high,False,,163,90,39,1,['A5076407181'],['Markus Püschel'],['0000-0001-8834-8551'],1,1,2021,2021
martinelsman,Martin Elsman,Martin Elsman,martin elsman,A5081028559,0000-0002-6061-5993,True,strict_name_one_openalex_id,high,False,,76,36,26,1,['A5081028559'],['Martin Elsman'],['0000-0002-6061-5993'],2,1,2018,2024
martinhirzel,Martin Hirzel,Martin Hirzel,martin hirzel,A5079080602,0009-0006-8840-6065,True,strict_name_one_openalex_id,high,False,,133,94,33,1,['A5079080602'],['Martin Hirzel'],['0009-0006-8840-6065'],4,2,2019,2025
martinmaas,Martin Maas,Martin Maas,martin maas,A5013891231,0000-0001-7653-8139,True,strict_name_one_openalex_id,high,False,,11,11,5,1,['A5013891231'],['Martin Maas'],['0000-0001-7653-8139'],1,1,2019,2019
martinvechev,Martin Vechev,Martin Vechev,martin vechev,A5069901599,0000-0002-0054-9568,True,strict_name_one_openalex_id,high,False,,625,335,129,1,['A5069901599'],['Martin Vechev'],['0000-0002-0054-9568'],1,1,2017,2017
maryhall,Mary Hall,Mary Hall,mary hall,A5030152493,0000-0002-3058-7573,True,strict_name_one_openalex_id,high,False,,84,48,35,1,['A5030152493'],['Mary Hall'],['0000-0002-3058-7573'],1,1,2022,2022
maryshe,Mary Sheeran,Mary Sheeran,mary sheeran,A5037308838,0000-0003-2509-0957,True,strict_name_one_openalex_id,high,False,,32,26,11,1,['A5037308838'],['Mary Sheeran'],['0000-0003-2509-0957'],1,1,2022,2022
maryammehridehnavi,Maryam Mehri Dehnavi,Maryam Mehri Dehnavi,maryam mehri dehnavi,A5003682451,0000-0002-2719-8788,True,strict_name_one_openalex_id,high,False,,23,16,9,1,['A5003682451'],['Maryam Mehri Dehnavi'],['0000-0002-2719-8788'],2,2,2023,2025
matijapretnar,Matija Pretnar,Matija Pretnar,matija pretnar,A5078127242,0000-0001-7755-2303,True,strict_name_one_openalex_id,high,False,,203,85,18,1,['A5078127242'],['Matija Pretnar'],['0000-0001-7755-2303'],1,1,2022,2022
matteocimini,Matteo Cimini,Matteo Cimini,matteo cimini,A5074262851,0000-0003-0162-9997,True,strict_name_one_openalex_id,high,False,,117,65,14,1,['A5074262851'],['Matteo Cimini'],['0000-0003-0162-9997'],2,2,2020,2021
matteomaffei,Matteo Maffei,Matteo Maffei,matteo maffei,A5059351004,0000-0001-8061-1685,True,strict_name_one_openalex_id,high,False,,31,27,16,1,['A5059351004'],['Matteo Maffei'],['0000-0001-8061-1685'],1,1,2023,2023
matthewflatt,Matthew Flatt,Matthew Flatt,matthew flatt,A5033713909,0000-0001-8994-2552,True,strict_name_one_openalex_id,high,False,,232,117,60,1,['A5033713909'],['Matthew Flatt'],['0000-0001-8994-2552'],7,3,2017,2024
matthewfluet,Matthew Fluet,Matthew Fluet,matthew fluet,A5029478793,0000-0002-4194-7618,True,strict_name_one_openalex_id,high,False,,108,59,26,1,['A5029478793'],['Matthew Fluet'],['0000-0002-4194-7618'],1,1,2020,2020
matthewhague,Matthew Hague,Matthew Hague,matthew hague,A5083664380,0000-0003-4913-3800,True,strict_name_one_openalex_id,high,False,,53,26,18,1,['A5083664380'],['Matthew Hague'],['0000-0003-4913-3800'],1,1,2022,2022
matthewmight,Matthew Might,Matthew Might,matthew might,A5086121459,0000-0002-8430-5316,True,strict_name_one_openalex_id,high,False,,152,63,44,1,['A5086121459'],['Matthew Might'],['0000-0002-8430-5316'],1,1,2018,2018
matthiashauswirth,Matthias Hauswirth,Matthias Hauswirth,matthias hauswirth,A5078770676,0000-0001-5527-5931,True,strict_name_one_openalex_id,high,False,,29,25,12,1,['A5078770676'],['Matthias Hauswirth'],['0000-0001-5527-5931'],3,2,2023,2025
matthiasheizmann,Matthias Heizmann,Matthias Heizmann,matthias heizmann,A5077581460,0000-0003-4252-3558,True,strict_name_one_openalex_id,high,False,,73,46,24,1,['A5077581460'],['Matthias Heizmann'],['0000-0003-4252-3558'],1,1,2021,2021
matthieusozeau,Matthieu Sozeau,Matthieu Sozeau,matthieu sozeau,A5065124885,0000-0001-6452-8806,True,strict_name_one_openalex_id,high,False,,121,74,24,1,['A5065124885'],['Matthieu Sozeau'],['0000-0001-6452-8806'],2,2,2021,2024
matthijsvakar,Matthijs Vákár,Matthijs Vákár,matthijs vakar,A5031234153,0000-0003-4603-0523,True,strict_name_one_openalex_id,high,False,,45,31,15,1,['A5031234153'],['Matthijs Vákár'],['0000-0003-4603-0523'],1,1,2025,2025
matiastoro,Matías Toro,Matías Toro,matias toro,A5073103554,0000-0002-5315-0198,True,strict_name_one_openalex_id,high,False,,39,25,9,1,['A5073103554'],['Matías Toro'],['0000-0002-5315-0198'],3,2,2022,2025
maxnew,Max S. New,Max S. New,max s new,A5050680882,0000-0001-8141-195X,True,strict_name_one_openalex_id,high,False,,127,79,22,1,['A5050680882'],['Max S. New'],['0000-0001-8141-195X'],2,2,2021,2024
maxschaefer,Max Schaefer,Max Schaefer,max schaefer,A5080291195,0000-0001-7454-5327,True,strict_name_one_openalex_id,high,False,,2,2,1,1,['A5080291195'],['Max Schaefer'],['0000-0001-7454-5327'],2,1,2018,2024
maxwillsey,Max Willsey,Max Willsey,max willsey,A5048760480,0000-0001-8066-4218,True,strict_name_one_openalex_id,high,False,,38,32,8,1,['A5048760480'],['Max Willsey'],['0000-0001-8066-4218'],2,2,2024,2025
mayurnaik,Mayur Naik,Mayur Naik,mayur naik,A5075879790,0000-0003-1348-8618,True,strict_name_one_openalex_id,high,False,,308,140,59,1,['A5075879790'],['Mayur Naik'],['0000-0003-1348-8618'],2,2,2017,2019
michaelcarbin,Michael Carbin,Michael Carbin,michael carbin,A5091194125,0000-0002-6928-0456,True,strict_name_one_openalex_id,high,False,,151,100,41,1,['A5091194125'],['Michael Carbin'],['0000-0002-6928-0456'],4,3,2020,2025
michaelcoblenz,Michael Coblenz,Michael Coblenz,michael coblenz,A5044646652,0000-0002-9369-4069,True,strict_name_one_openalex_id,high,False,,21,17,9,1,['A5044646652'],['Michael Coblenz'],['0000-0002-9369-4069'],1,1,2024,2024
michaelbond,Michael D. Bond,Michael D. Bond,michael d bond,A5044161672,0000-0002-8971-4944,True,strict_name_one_openalex_id,high,False,,93,46,37,1,['A5044161672'],['Michael D. Bond'],['0000-0002-8971-4944'],4,2,2020,2023
michaelemmi,Michael Emmi,Michael Emmi,michael emmi,A5061209906,0009-0002-6283-5890,True,strict_name_one_openalex_id,high,False,,106,62,29,1,['A5061209906'],['Michael Emmi'],['0009-0002-6283-5890'],5,2,2019,2025
michaelgreenberg,Michael Greenberg,Michael Greenberg,michael greenberg,A5075185353,0000-0003-0014-7670,True,strict_name_one_openalex_id,high,False,,98,78,31,1,['A5075185353'],['Michael Greenberg'],['0000-0003-0014-7670'],7,4,2019,2025
michaelpradel,Michael Pradel,Michael Pradel,michael pradel,A5013438083,0000-0003-1623-498X,True,strict_name_one_openalex_id,high,False,,160,98,56,1,['A5013438083'],['Michael Pradel'],['0000-0003-1623-498X'],4,2,2017,2023
michaelsammler,Michael Sammler,Michael Sammler,michael sammler,A5060508628,0000-0003-4591-743X,True,strict_name_one_openalex_id,high,False,,126,80,13,1,['A5060508628'],['Michael Sammler'],['0000-0003-4591-743X'],1,1,2025,2025
michaelsperber,Michael Sperber,Michael Sperber,michael sperber,A5070201963,0000-0002-5280-9632,True,strict_name_one_openalex_id,high,False,,10,10,6,1,['A5070201963'],['Michael Sperber'],['0000-0002-5280-9632'],2,1,2018,2024
michaelmarcozzi1,Michaël Marcozzi,Michaël Marcozzi,michael marcozzi,A5032640551,0000-0002-8087-0537,True,strict_name_one_openalex_id,high,False,,9,6,2,1,['A5032640551'],['Michaël Marcozzi'],['0000-0002-8087-0537'],2,2,2024,2025
michelsteuwer,Michel Steuwer,Michel Steuwer,michel steuwer,A5016319844,0000-0001-5048-0741,True,strict_name_one_openalex_id,high,False,,69,34,25,1,['A5016319844'],['Michel Steuwer'],['0000-0001-5048-0741'],1,1,2025,2025
michelechiari,Michele Chiari,Michele Chiari,michele chiari,A5090191859,0000-0001-7742-9233,True,strict_name_one_openalex_id,high,False,,3,3,3,1,['A5090191859'],['Michele Chiari'],['0000-0001-7742-9233'],1,1,2025,2025
michelepagani,Michele Pagani,Michele Pagani,michele pagani,A5014578218,0000-0002-4142-2037,True,strict_name_one_openalex_id,high,False,,55,38,12,1,['A5014578218'],['Michele Pagani'],['0000-0002-4142-2037'],2,1,2017,2023
michellemillsstrout,Michelle Mills Strout,Michelle Mills Strout,michelle mills strout,A5022191670,0000-0001-7646-4766,True,strict_name_one_openalex_id,high,False,,67,30,20,1,['A5022191670'],['Michelle Mills Strout'],['0000-0001-7646-4766'],2,1,2020,2023
mihaibudiu,Mihai Budiu,Mihai Budiu,mihai budiu,A5089558228,,True,strict_name_one_openalex_id,high,False,,26,23,14,1,['A5089558228'],['Mihai Budiu'],[],1,1,2023,2023
mikedodds,Mike Dodds,Mike Dodds,mike dodds,A5085860278,0000-0002-4439-0130,True,strict_name_one_openalex_id,high,False,,107,70,18,1,['A5085860278'],['Mike Dodds'],['0000-0002-4439-0130'],2,2,2021,2022
mikerainey,Mike Rainey,Mike Rainey,mike rainey,A5009476343,0009-0002-9659-1636,True,strict_name_one_openalex_id,high,False,,89,32,25,1,['A5009476343'],['Mike Rainey'],['0009-0002-9659-1636'],1,1,2019,2019
miladallapreda,Mila Dalla Preda,Mila Dalla Preda,mila dalla preda,A5005632682,0000-0003-2761-4347,True,strict_name_one_openalex_id,high,False,,16,9,13,1,['A5005632682'],['Mila Dalla Preda'],['0000-0003-2761-4347'],2,1,2018,2023
milijanasurbatovich1,Milijana Surbatovich,Milijana Surbatovich,milijana surbatovich,A5021370119,0009-0004-6948-6683,True,strict_name_one_openalex_id,high,False,,4,4,3,1,['A5021370119'],['Milijana Surbatovich'],['0009-0004-6948-6683'],1,1,2025,2025
milindkulkarni,Milind Kulkarni,Milind Kulkarni,milind kulkarni,A5075916086,0000-0001-6827-345X,True,strict_name_one_openalex_id,high,False,,110,60,47,1,['A5075916086'],['Milind Kulkarni'],['0000-0001-6827-345X'],4,2,2017,2022
milosgligoric,Milos Gligoric,Milos Gligoric,milos gligoric,A5063052820,0000-0002-5894-7649,True,strict_name_one_openalex_id,high,False,,57,33,30,1,['A5063052820'],['Milos Gligoric'],['0000-0002-5894-7649'],1,1,2024,2024
mingshengying,Mingsheng Ying,Mingsheng Ying,mingsheng ying,A5023088481,0000-0003-4847-702X,True,strict_name_one_openalex_id,high,False,,194,50,55,1,['A5023088481'],['Mingsheng Ying'],['0000-0003-4847-702X'],1,1,2025,2025
minseokjeon,Minseok Jeon,Minseok Jeon,minseok jeon,A5046062654,0000-0001-8320-8509,True,strict_name_one_openalex_id,high,False,,55,23,5,1,['A5046062654'],['Minseok Jeon'],['0000-0001-8320-8509'],2,2,2024,2025
miramezini,Mira Mezini,Mira Mezini,mira mezini,A5078067853,0000-0001-6563-7537,True,strict_name_one_openalex_id,high,False,,118,82,40,1,['A5078067853'],['Mira Mezini'],['0000-0001-6563-7537'],5,3,2017,2023
mircotribastone,Mirco Tribastone,Mirco Tribastone,mirco tribastone,A5037431084,0000-0002-6018-5989,True,strict_name_one_openalex_id,high,False,,1,1,1,1,['A5037431084'],['Mirco Tribastone'],['0000-0002-6018-5989'],1,1,2020,2020
mitchellwand,Mitchell Wand,Mitchell Wand,mitchell wand,A5109074035,,True,strict_name_one_openalex_id,high,False,,92,72,33,1,['A5109074035'],['Mitchell Wand'],[],2,2,2021,2021
mohamedfaouziatig,Mohamed Faouzi Atig,Mohamed Faouzi Atig,mohamed faouzi atig,A5047278328,0000-0001-8229-3481,True,strict_name_one_openalex_id,high,False,,193,74,40,1,['A5047278328'],['Mohamed Faouzi Atig'],['0000-0001-8229-3481'],3,2,2021,2025
mohsenlesani,Mohsen Lesani,Mohsen Lesani,mohsen lesani,A5088825348,0000-0002-3165-2322,True,strict_name_one_openalex_id,high,False,,54,46,13,1,['A5088825348'],['Mohsen Lesani'],['0000-0002-3165-2322'],6,3,2020,2025
moolysagiv,Mooly Sagiv,Mooly Sagiv,mooly sagiv,A5002512849,,True,strict_name_one_openalex_id,high,False,,373,222,95,1,['A5002512849'],['Mooly Sagiv'],[],1,1,2017,2017
mukundraghotaman,Mukund Raghothaman,Mukund Raghothaman,mukund raghothaman,A5024988696,0000-0003-2879-0932,True,strict_name_one_openalex_id,high,False,,142,101,29,1,['A5024988696'],['Mukund Raghothaman'],['0000-0003-2879-0932'],5,2,2020,2025
muralikrishnaramanathan,Murali Krishna Ramanathan,Murali Krishna Ramanathan,murali krishna ramanathan,A5107242862,0000-0002-6568-017X,True,strict_name_one_openalex_id,high,False,,12,12,4,1,['A5107242862'],['Murali Krishna Ramanathan'],['0000-0002-6568-017X'],1,1,2024,2024
nameng,Na Meng,Na Meng,na meng,A5070152860,0000-0002-0230-5524,True,strict_name_one_openalex_id,high,False,,23,19,12,1,['A5070152860'],['Na Meng'],['0000-0002-0230-5524'],2,1,2021,2025
nadaamin,Nada Amin,Nada Amin,nada amin,A5054275386,0000-0002-0830-7248,True,strict_name_one_openalex_id,high,False,,179,99,30,1,['A5054275386'],['Nada Amin'],['0000-0002-0830-7248'],6,4,2018,2025
nadiapolikarpova,Nadia Polikarpova,Nadia Polikarpova,nadia polikarpova,A5090671359,0000-0001-5571-173X,True,strict_name_one_openalex_id,high,False,,224,144,39,1,['A5090671359'],['Nadia Polikarpova'],['0000-0001-5571-173X'],11,4,2018,2025
natefoster,Nate Foster,Nate Foster,nate foster,A5013378091,0000-0002-6557-684X,True,strict_name_one_openalex_id,high,False,,173,73,48,1,['A5013378091'],['Nate Foster'],['0000-0002-6557-684X'],5,3,2019,2025
nathanchong,Nathan Chong,Nathan Chong,nathan chong,A5073793617,0000-0001-7843-9556,True,strict_name_one_openalex_id,high,False,,59,42,12,1,['A5073793617'],['Nathan Chong'],['0000-0001-7843-9556'],1,1,2021,2021
neelakantankrishnaswami,Neel Krishnaswami,Neel Krishnaswami,neel krishnaswami,A5085047206,0000-0003-2838-5865,True,strict_name_one_openalex_id,high,False,,62,60,13,1,['A5085047206'],['Neel Krishnaswami'],['0000-0003-2838-5865'],8,4,2018,2024
nevillegrech,Neville Grech,Neville Grech,neville grech,A5068595267,0000-0002-6790-2872,True,strict_name_one_openalex_id,high,False,,69,37,15,1,['A5068595267'],['Neville Grech'],['0000-0002-6790-2872'],4,3,2022,2025
niccoloveltri,Niccolò Veltri,Niccolò Veltri,niccolo veltri,A5012979981,0000-0002-7230-3436,True,strict_name_one_openalex_id,high,False,,23,15,10,1,['A5012979981'],['Niccolò Veltrì'],['0000-0002-7230-3436'],1,1,2022,2022
nickbenton1,Nick Benton,Nick Benton,nick benton,A5023252122,,True,strict_name_one_openalex_id,high,False,,181,128,40,1,['A5023252122'],['Nick Benton'],[],2,2,2024,2025
nickgiannarakis,Nick Giannarakis,Nick Giannarakis,nick giannarakis,A5055675515,,True,strict_name_one_openalex_id,high,False,,56,50,9,1,['A5055675515'],['Nick Giannarakis'],[],1,1,2022,2022
nicolastabareau,Nicolas Tabareau,Nicolas Tabareau,nicolas tabareau,A5033499088,0000-0003-3366-2273,True,strict_name_one_openalex_id,high,False,,184,83,35,1,['A5033499088'],['Nicolas Tabareau'],['0000-0003-3366-2273'],2,1,2019,2023
nicolaswu,Nicolas Wu,Nicolas Wu,nicolas wu,A5072641397,0000-0002-4161-985X,True,strict_name_one_openalex_id,high,False,,106,63,38,1,['A5072641397'],['Nicolas Wu'],['0000-0002-4161-985X'],3,2,2017,2022
nikivazou,Niki Vazou,Niki Vazou,niki vazou,A5078144924,0000-0003-0732-5476,True,strict_name_one_openalex_id,high,False,,205,117,29,1,['A5078144924'],['Niki Vazou'],['0000-0003-0732-5476'],7,4,2018,2024
nikitakoval,Nikita Koval,Nikita Koval,nikita koval,A5047006729,0000-0002-1260-4616,True,strict_name_one_openalex_id,high,False,,7,4,5,1,['A5047006729'],['Nikita Koval'],['0000-0002-1260-4616'],1,1,2025,2025
nikostzevelekos,Nikos Tzevelekos,Nikos Tzevelekos,nikos tzevelekos,A5041266426,0000-0001-8509-8059,True,strict_name_one_openalex_id,high,False,,28,23,11,1,['A5041266426'],['Nikos Tzevelekos'],['0000-0001-8509-8059'],1,1,2024,2024
nilsandersdanielsson,Nils Anders Danielsson,Nils Anders Danielsson,nils anders danielsson,A5016464590,0000-0001-8688-0333,True,strict_name_one_openalex_id,high,False,,75,65,20,1,['A5016464590'],['Nils Anders Danielsson'],['0000-0001-8688-0333'],2,2,2019,2022
ninanarodytska,Nina Narodytska,Nina Narodytska,nina narodytska,A5034897040,0000-0002-5181-4560,True,strict_name_one_openalex_id,high,False,,8,7,5,1,['A5034897040'],['Nina Narodytska'],['0000-0002-5181-4560'],1,1,2018,2018
ningluo1,Ning Luo,Ning Luo,ning luo,A5061101152,0000-0003-4772-0382,True,strict_name_one_openalex_id,high,False,,2,1,2,1,['A5061101152'],['Ning Luo'],['0000-0003-4772-0382'],1,1,2025,2025
ningningxie,Ningning Xie,Ningning Xie,ningning xie,A5008249278,0000-0002-5961-1493,True,strict_name_one_openalex_id,high,False,,88,65,20,1,['A5008249278'],['Ningning Xie'],['0000-0002-5961-1493'],5,3,2022,2025
noamrinetzky,Noam Rinetzky,Noam Rinetzky,noam rinetzky,A5082349206,0000-0002-7750-4085,True,strict_name_one_openalex_id,high,False,,116,85,33,1,['A5082349206'],['Noam Rinetzky'],['0000-0002-7750-4085'],4,3,2020,2024
noamzeilberger,Noam Zeilberger,Noam Zeilberger,noam zeilberger,A5008964203,0000-0002-5945-4184,True,strict_name_one_openalex_id,high,False,,26,22,8,1,['A5008964203'],['Noam Zeilberger'],['0000-0002-5945-4184'],1,1,2019,2019
nobukoyoshida,Nobuko Yoshida,Nobuko Yoshida,nobuko yoshida,A5054171989,0000-0002-3925-8557,True,strict_name_one_openalex_id,high,False,,512,95,154,1,['A5054171989'],['Nobuko Yoshida'],['0000-0002-3925-8557'],7,4,2017,2025
normandanner,Norman Danner,Norman Danner,norman danner,A5056512208,0000-0003-1119-4982,True,strict_name_one_openalex_id,high,False,,49,29,7,1,['A5056512208'],['Norman Danner'],['0000-0003-1119-4982'],1,1,2022,2022
nunoplopes,Nuno P. Lopes,Nuno P. Lopes,nuno p lopes,A5088560717,0000-0002-3160-1672,True,strict_name_one_openalex_id,high,False,,123,76,20,1,['A5088560717'],['Nuno P. Lopes'],['0000-0002-3160-1672'],3,1,2019,2023
odedpadon,Oded Padon,Oded Padon,oded padon,A5064997169,0009-0006-4209-1635,True,strict_name_one_openalex_id,high,False,,167,105,31,1,['A5064997169'],['Oded Padon'],['0009-0006-4209-1635'],6,3,2021,2025
ohadkammar,Ohad Kammar,Ohad Kammar,ohad kammar,A5058873268,0000-0002-2071-0929,True,strict_name_one_openalex_id,high,False,,161,92,18,1,['A5058873268'],['Ohad Kammar'],['0000-0002-2071-0929'],3,2,2020,2025
oliverbracevac,Oliver Bračevac,Oliver Bračevac,oliver bracevac,A5019063975,0000-0003-3569-4869,True,strict_name_one_openalex_id,high,False,,53,31,12,1,['A5019063975'],['Oliver Bračevac'],['0000-0003-3569-4869'],2,2,2023,2025
ondrejlhotak,Ondřej Lhoták,Ondřej Lhoták,ondrej lhotak,A5039616179,0000-0001-9066-1889,True,strict_name_one_openalex_id,high,False,,287,154,55,1,['A5039616179'],['Ondřej Lhoták'],['0000-0001-9066-1889'],1,1,2019,2019
onurmutlu1,Onur Mutlu,Onur Mutlu,onur mutlu,A5050695684,0000-0002-0075-2312,True,strict_name_one_openalex_id,high,False,,66,31,42,1,['A5050695684'],['Onur Mutlu'],['0000-0002-0075-2312'],1,1,2017,2017
orilahav,Ori Lahav,Ori Lahav,ori lahav,A5102734862,0000-0003-4305-6998,True,strict_name_one_openalex_id,high,False,,404,127,41,1,['A5102734862'],['Ori Lahav'],['0000-0003-4305-6998'],4,3,2019,2024
orneladardha,Ornela Dardha,Ornela Dardha,ornela dardha,A5050784078,0000-0001-9927-7875,True,strict_name_one_openalex_id,high,False,,58,33,21,1,['A5050784078'],['Ornela Dardha'],['0000-0001-9927-7875'],2,2,2022,2023
osbertbastani,Osbert Bastani,Osbert Bastani,osbert bastani,A5029243071,0000-0001-9990-7566,True,strict_name_one_openalex_id,high,False,,133,95,32,1,['A5029243071'],['Osbert Bastani'],['0000-0001-9990-7566'],5,3,2020,2023
owenarden,Owen Arden,Owen Arden,owen arden,A5062865397,,True,strict_name_one_openalex_id,high,False,,17,15,8,1,['A5062865397'],['Owen Arden'],[],1,1,2024,2024
owolabilegunsen,Owolabi Legunsen,Owolabi Legunsen,owolabi legunsen,A5070516536,0000-0001-5631-4816,True,strict_name_one_openalex_id,high,False,,36,16,24,1,['A5070516536'],['Owolabi Legunsen'],['0000-0001-5631-4816'],2,2,2023,2024
pamelazave,Pamela Zave,Pamela Zave,pamela zave,A5086291871,0000-0002-6568-2052,True,strict_name_one_openalex_id,high,False,,3,2,2,1,['A5086291871'],['Pamela Zave'],['0000-0002-6568-2052'],1,1,2024,2024
paroshazizabdulla,Parosh Aziz Abdulla,Parosh Aziz Abdulla,parosh aziz abdulla,A5002478680,0000-0001-6832-6611,True,strict_name_one_openalex_id,high,False,,265,108,65,1,['A5002478680'],['Parosh Aziz Abdulla'],['0000-0001-6832-6611'],3,3,2021,2024
pascalweisenburger,Pascal Weisenburger,Pascal Weisenburger,pascal weisenburger,A5008442460,0000-0003-1288-1485,True,strict_name_one_openalex_id,high,False,,21,15,7,1,['A5008442460'],['Pascal Weisenburger'],['0000-0003-1288-1485'],1,1,2023,2023
patricegodefroid,Patrice Godefroid,Patrice Godefroid,patrice godefroid,A5069392259,,True,strict_name_one_openalex_id,high,False,,279,150,44,1,['A5069392259'],['Patrice Godefroid'],[],1,1,2020,2020
patriciapatriciajohann,Patricia Johann,Patricia Johann,patricia johann,A5044007936,0000-0002-8075-3904,True,strict_name_one_openalex_id,high,False,,34,28,18,1,['A5044007936'],['Patricia Johann'],['0000-0002-8075-3904'],4,2,2019,2024
patrickbahr,Patrick Bahr,Patrick Bahr,patrick bahr,A5015853763,0000-0003-1600-8261,True,strict_name_one_openalex_id,high,False,,27,21,13,1,['A5015853763'],['Patrick Bahr'],['0000-0003-1600-8261'],1,1,2024,2024
patrickeugster,Patrick Eugster,Patrick Eugster,patrick eugster,A5024420075,0000-0003-3864-9078,True,strict_name_one_openalex_id,high,False,,51,46,22,1,['A5024420075'],['Patrick Eugster'],['0000-0003-3864-9078'],2,1,2022,2023
patricklam,Patrick Lam,Patrick Lam,patrick lam,A5016375266,0000-0001-8278-5400,True,strict_name_one_openalex_id,high,False,,54,46,15,1,['A5016375266'],['Patrick Lam'],['0000-0001-8278-5400'],3,2,2020,2024
patrikjansson,Patrik Jansson,Patrik Jansson,patrik jansson,A5032737176,0000-0003-3078-1437,True,strict_name_one_openalex_id,high,False,,40,35,11,1,['A5032737176'],['Patrik Jansson'],['0000-0003-3078-1437'],1,1,2023,2023
pauldownen,Paul Downen,Paul Downen,paul downen,A5020454182,0000-0003-0165-9387,True,strict_name_one_openalex_id,high,False,,54,25,14,1,['A5020454182'],['Paul Downen'],['0000-0003-0165-9387'],1,1,2023,2023
paulgazzillo,Paul Gazzillo,Paul Gazzillo,paul gazzillo,A5016175378,0000-0003-1425-8873,True,strict_name_one_openalex_id,high,False,,15,13,8,1,['A5016175378'],['Paul Gazzillo'],['0000-0003-1425-8873'],2,1,2021,2023
pavelchuprikov,Pavel Chuprikov,Pavel Chuprikov,pavel chuprikov,A5033247681,0000-0002-6673-1143,True,strict_name_one_openalex_id,high,False,,3,3,3,1,['A5033247681'],['Pavel Chuprikov'],['0000-0002-6673-1143'],1,1,2023,2023
pavelpanchekha,Pavel Panchekha,Pavel Panchekha,pavel panchekha,A5022031348,0000-0003-2621-3592,True,strict_name_one_openalex_id,high,False,,152,103,22,1,['A5022031348'],['Pavel Panchekha'],['0000-0003-2621-3592'],4,3,2021,2025
pavolbielik,Pavol Bielik,Pavol Bielik,pavol bielik,A5090644266,,True,strict_name_one_openalex_id,high,False,,49,33,11,1,['A5090644266'],['Pavol Bielik'],[],1,1,2021,2021
pavolcerny,Pavol Cerny,Pavol Cerny,pavol cerny,A5072396662,,True,strict_name_one_openalex_id,high,False,,81,67,21,1,['A5072396662'],['Pavol Černý'],[],2,1,2018,2021
peisenyao,Peisen Yao,Peisen Yao,peisen yao,A5045907091,0000-0003-0342-9518,True,strict_name_one_openalex_id,high,False,,28,22,12,1,['A5045907091'],['Peisen Yao'],['0000-0003-0342-9518'],3,3,2023,2025
petartsankov,Petar Tsankov,Petar Tsankov,petar tsankov,A5073801126,,True,strict_name_one_openalex_id,high,False,,105,80,19,1,['A5073801126'],['Petar Tsankov'],[],1,1,2020,2020
peteralvaro,Peter Alvaro,Peter Alvaro,peter alvaro,A5065602825,0000-0001-6672-240X,True,strict_name_one_openalex_id,high,False,,48,33,16,1,['A5065602825'],['Peter Alvaro'],['0000-0001-6672-240X'],1,1,2023,2023
peterhawkins,Peter Hawkins,Peter Hawkins,peter hawkins,A5111910004,,True,strict_name_one_openalex_id,high,False,,26,15,7,1,['A5111910004'],['Peter Hawkins'],[],1,1,2020,2020
peterohmann1,Peter Ohmann,Peter Ohmann,peter ohmann,A5080785784,0000-0002-7670-7374,True,strict_name_one_openalex_id,high,False,,9,3,7,1,['A5080785784'],['Peter Ohmann'],['0000-0002-7670-7374'],1,1,2024,2024
peterselinger,Peter Selinger,Peter Selinger,peter selinger,A5015712724,0000-0003-3161-856X,True,strict_name_one_openalex_id,high,False,,119,56,26,1,['A5015712724'],['Peter Selinger'],['0000-0003-3161-856X'],1,1,2019,2019
petersewell,Peter Sewell,Peter Sewell,peter sewell,A5083405043,0000-0001-9352-1013,True,strict_name_one_openalex_id,high,False,,629,212,75,1,['A5083405043'],['Peter Sewell'],['0000-0001-9352-1013'],3,2,2018,2024
peterthiemann,Peter Thiemann,Peter Thiemann,peter thiemann,A5000384936,0000-0002-9000-1239,True,strict_name_one_openalex_id,high,False,,170,108,65,1,['A5000384936'],['Peter Thiemann'],['0000-0002-9000-1239'],4,3,2020,2025
petermichaelosera,Peter-Michael Osera,Peter-Michael Osera,peter-michael osera,A5020115127,0000-0001-6890-8339,True,strict_name_one_openalex_id,high,False,,104,76,7,1,['A5020115127'],['Peter-Michael Osera'],['0000-0001-6890-8339'],2,1,2023,2024
philipwadler,Philip Wadler,Philip Wadler,philip wadler,A5018878077,0000-0001-7619-6378,True,strict_name_one_openalex_id,high,False,,604,334,106,1,['A5018878077'],['Philip Wadler'],['0000-0001-7619-6378'],2,1,2018,2025
philippghaselwarter,Philipp G. Haselwarter,Philipp G. Haselwarter,philipp g haselwarter,A5012595992,0000-0003-0198-7751,True,strict_name_one_openalex_id,high,False,,24,13,8,1,['A5012595992'],['Philipp G. Haselwarter'],['0000-0003-0198-7751'],1,1,2025,2025
philipphaller,Philipp Haller,Philipp Haller,philipp haller,A5044900918,0000-0002-2659-5271,True,strict_name_one_openalex_id,high,False,,57,45,22,1,['A5044900918'],['Philipp Haller'],['0000-0002-2659-5271'],2,2,2023,2025
philippagardner,Philippa Gardner,Philippa Gardner,philippa gardner,A5047951273,0000-0002-4187-0585,True,strict_name_one_openalex_id,high,False,,268,134,48,1,['A5047951273'],['Philippa Gardner'],['0000-0002-4187-0585'],1,1,2022,2022
phitchayamangpophothilimthana,Phitchaya Mangpo Phothilimthana,Phitchaya Mangpo Phothilimthana,phitchaya mangpo phothilimthana,A5046321852,0000-0003-3492-3690,True,strict_name_one_openalex_id,high,False,,63,47,14,1,['A5046321852'],['Phitchaya Mangpo Phothilimthana'],['0000-0003-3492-3690'],3,2,2020,2023
pierreclairambault,Pierre Clairambault,Pierre Clairambault,pierre clairambault,A5008333115,0000-0002-3285-6028,True,strict_name_one_openalex_id,high,False,,37,18,18,1,['A5008333115'],['Pierre Clairambault'],['0000-0002-3285-6028'],2,1,2022,2025
pierregeneves,Pierre Geneves,Pierre Geneves,pierre geneves,A5007570521,0000-0001-7676-2755,True,strict_name_one_openalex_id,high,False,,5,5,2,1,['A5007570521'],['Pierre Genevès'],['0000-0001-7676-2755'],1,1,2023,2023
pierremariepedrot,Pierre-Marie Pédrot,Pierre-Marie Pédrot,pierre-marie pedrot,A5067464824,0009-0002-8006-6239,True,strict_name_one_openalex_id,high,False,,63,39,10,1,['A5067464824'],['Pierre-Marie Pédrot'],['0009-0002-8006-6239'],1,1,2024,2024
pierreyvesstrub,Pierre-Yves Strub,Pierre-Yves Strub,pierre-yves strub,A5033447950,0000-0002-8196-7875,True,strict_name_one_openalex_id,high,False,,282,175,48,1,['A5033447950'],['Pierre-Yves Strub'],['0000-0002-8196-7875'],2,2,2019,2020
pietroferrara1,Pietro Ferrara,Pietro Ferrara,pietro ferrara,A5070919681,0000-0002-4678-933X,True,strict_name_one_openalex_id,high,False,,20,15,15,1,['A5070919681'],['Pietro Ferrara'],['0000-0002-4678-933X'],1,1,2025,2025
pinjiahe,Pinjia He,Pinjia He,pinjia he,A5101941950,0000-0003-3377-8129,True,strict_name_one_openalex_id,high,False,,5,4,5,1,['A5101941950'],['Pinjia He'],['0000-0003-3377-8129'],1,1,2025,2025
qirunzhang,Qirun Zhang,Qirun Zhang,qirun zhang,A5078231842,0000-0001-5367-9377,True,strict_name_one_openalex_id,high,False,,147,74,28,1,['A5078231842'],['Qirun Zhang'],['0000-0001-5367-9377'],5,3,2020,2024
quentinstievenart,Quentin Stiévenart,Quentin Stiévenart,quentin stievenart,A5061688363,0000-0001-9985-9808,True,strict_name_one_openalex_id,high,False,,9,5,8,1,['A5061688363'],['Quentin Stiévenart'],['0000-0001-9985-9808'],1,1,2025,2025
rachitnigam,Rachit Nigam,Rachit Nigam,rachit nigam,A5078421643,0000-0003-0983-5867,True,strict_name_one_openalex_id,high,False,,18,17,4,1,['A5078421643'],['Rachit Nigam'],['0000-0003-0983-5867'],1,1,2025,2025
radhajagadeesan,Radha Jagadeesan,Radha Jagadeesan,radha jagadeesan,A5108192878,,True,strict_name_one_openalex_id,high,False,,59,46,21,1,['A5108192878'],['Radha Jagadeesan'],[],1,1,2020,2020
radugrigore,Radu Grigore,Radu Grigore,radu grigore,A5049957994,0000-0003-1128-0311,True,strict_name_one_openalex_id,high,False,,45,35,7,1,['A5049957994'],['Radu Grigore'],['0000-0003-1128-0311'],2,1,2019,2022
raghuprabhakar,Raghu Prabhakar,Raghu Prabhakar,raghu prabhakar,A5111746097,,True,strict_name_one_openalex_id,high,False,,23,11,11,1,['A5111746097'],['Raghu Prabhakar'],[],1,1,2022,2022
ragnarmogk,Ragnar Mogk,Ragnar Mogk,ragnar mogk,A5035682481,,True,strict_name_one_openalex_id,high,False,,11,6,4,1,['A5035682481'],['Ragnar Mogk'],[],1,1,2023,2023
rahulgopinath,Rahul Gopinath,Rahul Gopinath,rahul gopinath,A5050311714,0000-0001-9953-0930,True,strict_name_one_openalex_id,high,False,,24,17,12,1,['A5050311714'],['Rahul Gopinath'],['0000-0001-9953-0930'],1,1,2024,2024
rajivgupta,Rajiv Gupta,Rajiv Gupta,rajiv gupta,A5100699251,0000-0002-9348-3974,True,strict_name_one_openalex_id,high,False,,57,40,37,1,['A5100699251'],['Rajiv Gupta'],['0000-0002-9348-3974'],1,1,2024,2024
ralfhinze,Ralf Hinze,Ralf Hinze,ralf hinze,A5063247380,0000-0001-5678-0286,True,strict_name_one_openalex_id,high,False,,108,78,40,1,['A5063247380'],['Ralf Hinze'],['0000-0001-5678-0286'],2,2,2022,2024
ralfjung,Ralf Jung,Ralf Jung,ralf jung,A5025527323,0000-0001-7669-6348,True,strict_name_one_openalex_id,high,False,,672,257,25,1,['A5025527323'],['Ralf Jung'],['0000-0001-7669-6348'],5,4,2021,2025
ranjitjhala,Ranjit Jhala,Ranjit Jhala,ranjit jhala,A5002412544,0000-0002-1802-9421,True,strict_name_one_openalex_id,high,False,,548,314,106,1,['A5002412544'],['Ranjit Jhala'],['0000-0002-1802-9421'],8,4,2017,2025
rastislavbodik,Rastislav Bodík,Rastislav Bodík,rastislav bodik,A5085160432,0000-0001-6639-1647,True,strict_name_one_openalex_id,high,False,,728,329,88,1,['A5085160432'],['Rastislav Bodík'],['0000-0001-6639-1647'],2,2,2020,2023
ravichugh,Ravi Chugh,Ravi Chugh,ravi chugh,A5004759757,0000-0002-1339-2889,True,strict_name_one_openalex_id,high,False,,66,49,19,1,['A5004759757'],['Ravi Chugh'],['0000-0002-1339-2889'],3,2,2017,2021
retoachermann,Reto Achermann,Reto Achermann,reto achermann,A5072557888,0000-0003-3263-7236,True,strict_name_one_openalex_id,high,False,,3,3,2,1,['A5072557888'],['Reto Achermann'],['0000-0003-3263-7236'],1,1,2025,2025
rezwanakarim,Rezwana Karim,Rezwana Karim,rezwana karim,A5081413019,,True,strict_name_one_openalex_id,high,False,,9,9,5,1,['A5081413019'],['Rezwana Karim'],[],2,1,2017,2018
richardeisenberg,Richard A. Eisenberg,Richard A. Eisenberg,richard a eisenberg,A5082913747,0000-0002-7669-9781,True,strict_name_one_openalex_id,high,False,,167,97,38,1,['A5082913747'],['Richard A. Eisenberg'],['0000-0002-7669-9781'],4,3,2020,2025
rishabhsingh,Rishabh Singh,Rishabh Singh,rishabh singh,A5045091456,0000-0003-1714-9656,True,strict_name_one_openalex_id,high,False,,381,183,58,1,['A5045091456'],['Rishabh Singh'],['0000-0003-1714-9656'],4,2,2017,2021
rishiyurnikhil,Rishiyur Nikhil,Rishiyur S. Nikhil,rishiyur s nikhil,A5104054932,,True,strict_name_one_openalex_id,high,False,,20,14,9,1,['A5104054932'],['Rishiyur S. Nikhil'],[],1,1,2021,2021
robbertkrebbers,Robbert Krebbers,Robbert Krebbers,robbert krebbers,A5029418370,0000-0002-1185-5237,True,strict_name_one_openalex_id,high,False,,802,277,53,1,['A5029418370'],['Robbert Krebbers'],['0000-0002-1185-5237'],7,4,2019,2024
robertatkey,Robert Atkey,Robert Atkey,robert atkey,A5036444096,0000-0002-4414-5047,True,strict_name_one_openalex_id,high,False,,130,110,21,1,['A5036444096'],['Robert Atkey'],['0000-0002-4414-5047'],5,2,2017,2025
robbyfindler,Robert Bruce Findler,Robert Bruce Findler,robert bruce findler,A5081388086,0000-0002-4245-2000,True,strict_name_one_openalex_id,high,False,,393,167,68,1,['A5081388086'],['Robert Bruce Findler'],['0000-0002-4245-2000'],2,2,2023,2025
robertharper1,Robert Harper,Robert Harper,robert harper,A5028720578,0000-0002-9400-2941,True,strict_name_one_openalex_id,high,False,,385,244,108,1,['A5028720578'],['Robert Harper'],['0000-0002-9400-2941'],1,1,2022,2022
roberthirschfeld,Robert Hirschfeld,Robert Hirschfeld,robert hirschfeld,A5079160871,0000-0002-4249-6003,True,strict_name_one_openalex_id,high,False,,22,18,14,1,['A5079160871'],['Robert Hirschfeld'],['0000-0002-4249-6003'],1,1,2020,2020
robertagori1,Roberta Gori,Roberta Gori,roberta gori,A5090195630,0000-0002-7424-9576,True,strict_name_one_openalex_id,high,False,,43,24,13,1,['A5090195630'],['Roberta Gori'],['0000-0002-7424-9576'],1,1,2025,2025
robertogiacobazzi,Roberto Giacobazzi,Roberto Giacobazzi,roberto giacobazzi,A5052881133,0000-0002-9582-3960,True,strict_name_one_openalex_id,high,False,,115,55,42,1,['A5052881133'],['Roberto Giacobazzi'],['0000-0002-9582-3960'],1,1,2024,2024
rodolphelepigre,Rodolphe Lepigre,Rodolphe Lepigre,rodolphe lepigre,A5068441844,0000-0002-2849-5338,True,strict_name_one_openalex_id,high,False,,94,79,8,1,['A5068441844'],['Rodolphe Lepigre'],['0000-0002-2849-5338'],1,1,2024,2024
rohanbavishi,Rohan Bavishi,Rohan Bavishi,rohan bavishi,A5053047136,0000-0002-0307-0384,True,strict_name_one_openalex_id,high,False,,18,14,6,1,['A5053047136'],['Rohan Bavishi'],['0000-0002-0307-0384'],1,1,2025,2025
rohanpadhye,Rohan Padhye,Rohan Padhye,rohan padhye,A5077787726,0000-0003-4939-033X,True,strict_name_one_openalex_id,high,False,,35,31,12,1,['A5077787726'],['Rohan Padhye'],['0000-0003-4939-033X'],1,1,2025,2025
romainrobbes,Romain Robbes,Romain Robbes,romain robbes,A5031712876,0000-0003-4569-6868,True,strict_name_one_openalex_id,high,False,,16,13,11,1,['A5031712876'],['Romain Robbes'],['0000-0003-4569-6868'],1,1,2017,2017
ronaldgarcia,Ronald Garcia,Ronald Garcia,ronald garcia,A5051937731,0000-0002-0982-1118,True,strict_name_one_openalex_id,high,False,,164,73,23,1,['A5051937731'],['Ronald Garcia'],['0000-0002-0982-1118'],8,4,2017,2025
ronghuigu,Ronghui Gu,Ronghui Gu,ronghui gu,A5000031216,0000-0002-6812-6182,True,strict_name_one_openalex_id,high,False,,194,108,22,1,['A5000031216'],['Ronghui Gu'],['0000-0002-6812-6182'],5,2,2020,2025
roopshasamanta,Roopsha Samanta,Roopsha Samanta,roopsha samanta,A5050507709,0009-0000-2456-217X,True,strict_name_one_openalex_id,high,False,,33,31,14,1,['A5050507709'],['Roopsha Samanta'],['0009-0000-2456-217X'],4,3,2018,2022
rosstate,Ross Tate,Ross Tate,ross tate,A5001655224,0000-0002-7608-4605,True,strict_name_one_openalex_id,high,False,,130,98,24,1,['A5001655224'],['Ross Tate'],['0000-0002-7608-4605'],3,2,2018,2023
rubenmartins,Ruben Martins,Ruben Martins,ruben martins,A5101995804,0000-0003-1525-1382,True,strict_name_one_openalex_id,high,False,,187,105,24,1,['A5101995804'],['Ruben Martins'],['0000-0003-1525-1382'],3,2,2022,2025
rupakmajumdar,Rupak Majumdar,Rupak Majumdar,rupak majumdar,A5081010207,0000-0003-2136-0542,True,strict_name_one_openalex_id,high,False,,239,150,94,1,['A5081010207'],['Rupak Majumdar'],['0000-0003-2136-0542'],3,2,2021,2025
ruzicapiskac,Ruzica Piskac,Ruzica Piskac,ruzica piskac,A5045794652,0000-0002-3267-0776,True,strict_name_one_openalex_id,high,False,,117,92,37,1,['A5045794652'],['Ružica Piskač'],['0000-0002-3267-0776'],7,2,2018,2025
ryanbeckett1,Ryan Beckett,Ryan Beckett,ryan beckett,A5075133765,0000-0001-7844-2026,True,strict_name_one_openalex_id,high,False,,59,22,20,1,['A5075133765'],['Ryan Beckett'],['0000-0001-7844-2026'],3,2,2023,2025
ryosukesato,Ryosuke Sato,Ryosuke Sato,ryosuke sato,A5040489279,0000-0001-8679-2747,True,strict_name_one_openalex_id,high,False,,60,29,18,1,['A5040489279'],['Ryosuke Sato'],['0000-0001-8679-2747'],1,1,2024,2024
saeedmaleki,Saeed Maleki,Saeed Maleki,saeed maleki,A5077514991,0000-0003-1107-1827,True,strict_name_one_openalex_id,high,False,,17,15,5,1,['A5077514991'],['Saeed Maleki'],['0000-0003-1107-1827'],1,1,2022,2022
samguyer,Sam Guyer,Samuel Z. Guyer,samuel z guyer,A5004167701,,True,strict_name_one_openalex_id,high,False,,122,96,19,1,['A5004167701'],['Samuel Z. Guyer'],[],2,1,2020,2023
samlindley,Sam Lindley,Sam Lindley,sam lindley,A5061903791,0000-0002-1360-4714,True,strict_name_one_openalex_id,high,False,,406,172,69,1,['A5061903791'],['Sam Lindley'],['0000-0002-1360-4714'],5,3,2018,2025
samstaton,Sam Staton,Sam Staton,sam staton,A5068183682,,True,strict_name_one_openalex_id,high,False,,192,90,45,1,['A5068183682'],['Sam Staton'],"['0000-0002-0141-8922', '0000-0002-7149-3805']",3,2,2017,2022
samtobinhochstadt,Sam Tobin-Hochstadt,Sam Tobin-Hochstadt,sam tobin-hochstadt,A5043677781,0000-0003-1302-6499,True,strict_name_one_openalex_id,high,False,,328,147,49,1,['A5043677781'],['Sam Tobin-Hochstadt'],['0000-0003-1302-6499'],7,4,2017,2025
samwestrick,Sam Westrick,Sam Westrick,sam westrick,A5052738437,0000-0003-2848-9808,True,strict_name_one_openalex_id,high,False,,35,16,10,1,['A5052738437'],['Sam Westrick'],['0000-0003-2848-9808'],1,1,2025,2025
samanamarasinghe,Saman Amarasinghe,Saman Amarasinghe,saman amarasinghe,A5046791216,0000-0002-7231-7643,True,strict_name_one_openalex_id,high,False,,376,148,90,1,['A5046791216'],['Saman Amarasinghe'],['0000-0002-7231-7643'],2,2,2024,2025
samuelgruetter,Samuel Gruetter,Samuel Gruetter,samuel gruetter,A5028002789,0000-0001-8369-9117,True,strict_name_one_openalex_id,high,False,,55,46,7,1,['A5028002789'],['Samuel Gruetter'],['0000-0001-8369-9117'],1,1,2025,2025
sandeepdasgupta,Sandeep Dasgupta,Sandeep Dasgupta,sandeep dasgupta,A5016183413,,True,strict_name_one_openalex_id,high,False,,14,14,2,1,['A5016183413'],['Sandeep Dasgupta'],[],1,1,2021,2021
sandrineblazy,Sandrine Blazy,Sandrine Blazy,sandrine blazy,A5017440499,0000-0002-0189-0223,True,strict_name_one_openalex_id,high,False,,145,103,27,1,['A5017440499'],['Sandrine Blazy'],['0000-0002-0189-0223'],4,2,2018,2025
santiagozanellabeguelin,Santiago Zanella-Béguelin,Santiago Zanella-Béguelin,santiago zanella-beguelin,A5088954009,0000-0003-0479-9967,True,strict_name_one_openalex_id,high,False,,228,144,22,1,['A5088954009'],['Santiago Zanella-Béguelin'],['0000-0003-0479-9967'],1,1,2021,2021
santoshnagarakatte,Santosh Nagarakatte,Santosh Nagarakatte,santosh nagarakatte,A5011881274,0000-0002-5048-8548,True,strict_name_one_openalex_id,high,False,,221,118,48,1,['A5011881274'],['Santosh Nagarakatte'],['0000-0002-5048-8548'],7,3,2018,2025
santoshpande1,Santosh Pande,Santosh Pande,santosh pande,A5061235810,0000-0001-6723-8062,True,strict_name_one_openalex_id,high,False,,9,7,8,1,['A5061235810'],['Santosh Pande'],['0000-0001-6723-8062'],1,1,2024,2024
saraachour,Sara Achour,Sara Achour,sara achour,A5060778165,0000-0003-3444-1544,True,strict_name_one_openalex_id,high,False,,23,16,10,1,['A5060778165'],['Sara Achour'],['0000-0003-3444-1544'],3,2,2019,2022
sarahnadi,Sarah Nadi,Sarah Nadi,sarah nadi,A5054083284,0000-0002-0091-6030,True,strict_name_one_openalex_id,high,False,,13,11,11,1,['A5054083284'],['Sarah Nadi'],['0000-0002-0091-6030'],2,1,2017,2023
sasamisailovic,Sasa Misailovic,Sasa Misailovic,sasa misailovic,A5057462458,0000-0001-7319-8845,True,strict_name_one_openalex_id,high,False,,215,108,59,1,['A5057462458'],['Saša Misailovíc'],['0000-0001-7319-8845'],5,2,2017,2024
saswatpadhi,Saswat Padhi,Saswat Padhi,saswat padhi,A5091401512,0000-0001-6865-4359,True,strict_name_one_openalex_id,high,False,,37,34,6,1,['A5091401512'],['Saswat Padhi'],['0000-0001-6865-4359'],1,1,2021,2021
satishnarayanasamy,Satish Narayanasamy,Satish Narayanasamy,satish narayanasamy,A5075649670,0000-0001-5016-1214,True,strict_name_one_openalex_id,high,False,,121,53,35,1,['A5075649670'],['Satish Narayanasamy'],['0000-0001-5016-1214'],1,1,2022,2022
saumyadebray,Saumya Debray,Saumya Debray,saumya debray,A5108542327,,True,strict_name_one_openalex_id,high,False,,16,12,12,1,['A5108542327'],['Saumya Debray'],[],1,1,2021,2021
sauravmuralidharan,Saurav Muralidharan,Saurav Muralidharan,saurav muralidharan,A5033185286,0000-0003-4024-3958,True,strict_name_one_openalex_id,high,False,,3,1,3,1,['A5033185286'],['Saurav Muralidharan'],['0000-0003-4024-3958'],1,1,2021,2021
scottowens,Scott Owens,Scott Owens,scott owens,A5049346665,0000-0002-7437-4780,True,strict_name_one_openalex_id,high,False,,395,210,42,1,['A5049346665'],['Scott Owens'],['0000-0002-7437-4780'],2,2,2019,2024
seanmoss,Sean Moss,Sean Moss,sean moss,A5033995077,0009-0005-3930-5340,True,strict_name_one_openalex_id,high,False,,22,21,5,1,['A5033995077'],['Sean Moss'],['0009-0005-3930-5340'],1,1,2023,2023
seantreichler,Sean Treichler,Sean Treichler,sean treichler,A5005774998,0000-0003-2189-4026,True,strict_name_one_openalex_id,high,False,,19,13,7,1,['A5005774998'],['Sean Treichler'],['0000-0003-2189-4026'],2,2,2022,2024
sebastianburckhardt,Sebastian Burckhardt,Sebastian Burckhardt,sebastian burckhardt,A5045088961,,True,strict_name_one_openalex_id,high,False,,210,116,34,1,['A5045088961'],['Sebastian Burckhardt'],[],3,2,2020,2023
sebastianerdweg,Sebastian Erdweg,Sebastian Erdweg,sebastian erdweg,A5059992246,0000-0002-1974-5956,True,strict_name_one_openalex_id,high,False,,162,76,50,1,['A5059992246'],['Sebastian Erdweg'],['0000-0002-1974-5956'],4,2,2019,2025
sebastianhack,Sebastian Hack,Sebastian Hack,sebastian hack,A5018809145,0000-0002-3387-2134,True,strict_name_one_openalex_id,high,False,,46,33,22,1,['A5018809145'],['Sebastian Hack'],['0000-0002-3387-2134'],2,2,2021,2024
senchen,Sen Chen,Sen Chen,sen chen,A5100658276,0000-0001-9477-4100,True,strict_name_one_openalex_id,high,False,,7,5,7,1,['A5100658276'],['Sen Chen'],['0000-0001-9477-4100'],1,1,2025,2025
shacharitzhaky,Shachar Itzhaky,Shachar Itzhaky,shachar itzhaky,A5010920313,0000-0002-7276-7644,True,strict_name_one_openalex_id,high,False,,103,75,27,1,['A5010920313'],['Shachar Itzhaky'],['0000-0002-7276-7644'],4,2,2018,2025
shanlu,Shan Lu,Shan Lu,shan lu,A5061448314,0000-0002-0757-4600,True,strict_name_one_openalex_id,high,False,,135,62,59,1,['A5061448314'],['Shan Lu'],['0000-0002-0757-4600'],2,1,2017,2023
shanemcintosh,Shane McIntosh,Shane McIntosh,shane mcintosh,A5043053174,0000-0002-0193-3975,True,strict_name_one_openalex_id,high,False,,10,6,7,1,['A5043053174'],['Shane McIntosh'],['0000-0002-0193-3975'],1,1,2017,2017
sharadmalik,Sharad Malik,Sharad Malik,sharad malik,A5085975362,0000-0002-0837-5443,True,strict_name_one_openalex_id,high,False,,35,31,23,1,['A5085975362'],['Sharad Malik'],['0000-0002-0837-5443'],1,1,2025,2025
shazqadeer,Shaz Qadeer,Shaz Qadeer,shaz qadeer,A5072464909,,True,strict_name_one_openalex_id,high,False,,331,151,87,1,['A5072464909'],['Shaz Qadeer'],[],6,3,2019,2025
shigeruchiba,Shigeru Chiba,Shigeru Chiba,shigeru chiba,A5026542200,0000-0001-9458-5713,True,strict_name_one_openalex_id,high,False,,12,8,8,1,['A5026542200'],['Shigeru Chiba'],['0000-0001-9458-5713'],2,1,2021,2024
shinchengmu,Shin-Cheng Mu,Shin-Cheng Mu,shin-cheng mu,A5002724938,0000-0002-4755-601X,True,strict_name_one_openalex_id,high,False,,24,15,14,1,['A5002724938'],['Shin-Cheng Mu'],['0000-0002-4755-601X'],1,1,2024,2024
shinyakatsumata,Shin-ya Katsumata,Shin-ya Katsumata,shin-ya katsumata,A5041431787,0000-0001-7529-5489,True,strict_name_one_openalex_id,high,False,,119,64,29,1,['A5041431787'],['Shin-ya Katsumata'],['0000-0001-7529-5489'],3,2,2017,2023
shoaibkamil,Shoaib Kamil,Shoaib Kamil,shoaib kamil,A5039453861,0000-0001-5965-3717,True,strict_name_one_openalex_id,high,False,,184,96,33,1,['A5039453861'],['Shoaib Kamil'],['0000-0001-5965-3717'],4,2,2020,2025
shriramkrishnamurthi,Shriram Krishnamurthi,Shriram Krishnamurthi,shriram krishnamurthi,A5024394821,0000-0001-5184-1975,True,strict_name_one_openalex_id,high,False,,198,105,71,1,['A5024394821'],['Shriram Krishnamurthi'],['0000-0001-5184-1975'],4,2,2019,2025
shumochu,Shumo Chu,Shumo Chu,shumo chu,A5102141433,,True,strict_name_one_openalex_id,high,False,,26,14,6,1,['A5102141433'],['Shumo Chu'],[],1,1,2022,2022
shuvendulahiri,Shuvendu K. Lahiri,Shuvendu K. Lahiri,shuvendu k lahiri,A5041084431,0000-0002-4446-4777,True,strict_name_one_openalex_id,high,False,,152,93,52,1,['A5041084431'],['Shuvendu K. Lahiri'],['0000-0002-4446-4777'],3,2,2020,2024
simonjgay,Simon J. Gay,Simon J. Gay,simon j gay,A5069757996,0000-0003-3033-9091,True,strict_name_one_openalex_id,high,False,,110,58,22,1,['A5069757996'],['Simon J. Gay'],['0000-0003-3033-9091'],1,1,2023,2023
someshjha,Somesh Jha,Somesh Jha,somesh jha,A5088826068,0000-0001-5877-0436,True,strict_name_one_openalex_id,high,False,,83,65,36,1,['A5088826068'],['Somesh Jha'],['0000-0001-5877-0436'],1,1,2021,2021
soniamarin,Sonia Marin,Sonia Marı́n,sonia marın,A5002636759,0000-0002-0714-6155,True,strict_name_one_openalex_id,high,False,,1,1,1,1,['A5002636759'],['Sonia Marı́n'],['0000-0002-0714-6155'],1,1,2023,2023
sooyoungcha1,Sooyoung Cha,Sooyoung Cha,sooyoung cha,A5054815114,0000-0002-4697-8536,True,strict_name_one_openalex_id,high,False,,3,3,1,1,['A5054815114'],['Sooyoung Cha'],['0000-0002-4697-8536'],1,1,2025,2025
sophiadrossopoulou,Sophia Drossopoulou,Sophia Drossopoulou,sophia drossopoulou,A5026471462,0000-0002-1993-1142,True,strict_name_one_openalex_id,high,False,,123,82,43,1,['A5026471462'],['Sophia Drossopoulou'],['0000-0002-1993-1142'],7,3,2018,2024
soravbansal1,Sorav Bansal,Sorav Bansal,sorav bansal,A5101727565,0009-0004-2006-9635,True,strict_name_one_openalex_id,high,False,,52,38,12,1,['A5101727565'],['Sorav Bansal'],['0009-0004-2006-9635'],4,2,2021,2025
sorinlerner,Sorin Lerner,Sorin Lerner,sorin lerner,A5043665959,0000-0003-3957-0628,True,strict_name_one_openalex_id,high,False,,228,163,54,1,['A5043665959'],['Sorin Lerner'],['0000-0003-3957-0628'],3,3,2018,2023
sotirisapostolakis,Sotiris Apostolakis,Sotiris Apostolakis,sotiris apostolakis,A5042788966,0000-0003-4716-9332,True,strict_name_one_openalex_id,high,False,,8,6,6,1,['A5042788966'],['Sotiris Apostolakis'],['0000-0003-4716-9332'],1,1,2023,2023
sreepathipai,Sreepathi Pai,Sreepathi Pai,sreepathi pai,A5006053754,0000-0002-3691-7238,True,strict_name_one_openalex_id,high,False,,19,15,9,1,['A5006053754'],['Sreepathi Pai'],['0000-0002-3691-7238'],3,2,2022,2024
stefanbrunthaler,Stefan Brunthaler,Stefan Brunthaler,stefan brunthaler,A5058365944,0000-0001-9766-4871,True,strict_name_one_openalex_id,high,False,,22,18,15,1,['A5058365944'],['Stefan Brunthaler'],['0000-0001-9766-4871'],1,1,2024,2024
stefankmuller,Stefan K. Muller,Stefan K. Muller,stefan k muller,A5009393339,0000-0002-3210-9727,True,strict_name_one_openalex_id,high,False,,50,22,11,1,['A5009393339'],['Stefan K. Muller'],['0000-0002-3210-9727'],2,2,2021,2024
stefanmarr,Stefan Marr,Stefan Marr,stefan marr,A5015543736,0000-0001-9059-5180,True,strict_name_one_openalex_id,high,False,,34,20,22,1,['A5015543736'],['Stefan Marr'],['0000-0001-9059-5180'],2,1,2022,2025
stefanmonnier,Stefan Monnier,Stefan Monnier,stefan monnier,A5049966337,0000-0001-7597-5273,True,strict_name_one_openalex_id,high,False,,14,13,6,1,['A5049966337'],['Stefan Monnier'],['0000-0001-7597-5273'],1,1,2024,2024
stephaniebalzer,Stephanie Balzer,Stephanie Balzer,stephanie balzer,A5083850156,0000-0002-8347-3529,True,strict_name_one_openalex_id,high,False,,55,32,12,1,['A5083850156'],['Stephanie Balzer'],['0000-0002-8347-3529'],3,3,2021,2023
stephanieweirich,Stephanie Weirich,Stephanie Weirich,stephanie weirich,A5049220962,0000-0002-6756-9168,True,strict_name_one_openalex_id,high,False,,369,191,79,1,['A5049220962'],['Stephanie Weirich'],['0000-0002-6756-9168'],4,2,2018,2025
stephenchang,Stephen Chang,Stephen Chang,stephen chang,A5044510881,0000-0002-4760-0658,True,strict_name_one_openalex_id,high,False,,21,18,8,1,['A5044510881'],['Stephen Chang'],['0000-0002-4760-0658'],1,1,2024,2024
stephenchong,Stephen Chong,Stephen Chong,stephen chong,A5046383149,0000-0002-6734-5383,True,strict_name_one_openalex_id,high,False,,98,74,38,1,['A5046383149'],['Stephen Chong'],['0000-0002-6734-5383'],1,1,2023,2023
stephendolan,Stephen Dolan,Stephen Dolan,stephen dolan,A5093657661,0000-0002-4609-9101,True,strict_name_one_openalex_id,high,False,,13,10,5,1,['A5093657661'],['Stephen Dolan'],['0000-0002-4609-9101'],2,2,2023,2024
stephenkell,Stephen Kell,Stephen Kell,stephen kell,A5006974433,0000-0002-2702-5983,True,strict_name_one_openalex_id,high,False,,32,30,12,1,['A5006974433'],['Stephen Kell'],['0000-0002-2702-5983'],4,2,2021,2025
stephenfreund,Stephen N. Freund,Stephen N. Freund,stephen n freund,A5110858761,0009-0000-6992-199X,True,strict_name_one_openalex_id,high,False,,107,54,26,1,['A5110858761'],['Stephen N. Freund'],['0009-0000-6992-199X'],1,1,2020,2020
stevezdancewic,Steve Zdancewic,Steve Zdancewic,steve zdancewic,A5041830534,0000-0002-3516-1512,True,strict_name_one_openalex_id,high,False,,549,344,84,1,['A5041830534'],['Steve Zdancewic'],['0000-0002-3516-1512'],3,2,2020,2024
stevenholtzen,Steven Holtzen,Steven Holtzen,steven holtzen,A5066166509,0000-0002-8190-5412,True,strict_name_one_openalex_id,high,False,,51,39,11,1,['A5066166509'],['Steven Holtzen'],['0000-0002-8190-5412'],3,3,2022,2025
stevenramsay,Steven Ramsay,Steven Ramsay,steven ramsay,A5035196790,0000-0002-0825-8386,True,strict_name_one_openalex_id,high,False,,34,22,11,1,['A5035196790'],['Steven Ramsay'],['0000-0002-0825-8386'],1,1,2024,2024
sugumanbansal1,Suguman Bansal,Suguman Bansal,suguman bansal,A5063106552,0000-0002-0405-073X,True,strict_name_one_openalex_id,high,False,,8,7,5,1,['A5063106552'],['Suguman Bansal'],['0000-0002-0405-073X'],1,1,2024,2024
sukyoungryu,Sukyoung Ryu,Sukyoung Ryu,sukyoung ryu,A5087492388,0000-0002-0019-9772,True,strict_name_one_openalex_id,high,False,,67,39,39,1,['A5087492388'],['Sukyoung Ryu'],['0000-0002-0019-9772'],11,3,2018,2025
sureshjagannathan,Suresh Jagannathan,Suresh Jagannathan,suresh jagannathan,A5034957233,0000-0001-6871-2424,True,strict_name_one_openalex_id,high,False,,249,177,58,1,['A5034957233'],['Suresh Jagannathan'],['0000-0001-6871-2424'],7,4,2019,2024
susmitjha1,Susmit Jha,Susmit Jha,susmit jha,A5035902535,0000-0001-5983-9095,True,strict_name_one_openalex_id,high,False,,112,82,9,1,['A5035902535'],['Susmit Jha'],['0000-0001-5983-9095'],2,1,2022,2025
susmitsarkar,Susmit Sarkar,Susmit Sarkar,susmit sarkar,A5073254249,0000-0002-4259-9213,True,strict_name_one_openalex_id,high,False,,381,128,32,1,['A5073254249'],['Susmit Sarkar'],['0000-0002-4259-9213'],4,3,2020,2024
swaratchaudhuri,Swarat Chaudhuri,Swarat Chaudhuri,swarat chaudhuri,A5057341982,0000-0002-6859-1391,True,strict_name_one_openalex_id,high,False,,361,221,55,1,['A5057341982'],['Swarat Chaudhuri'],['0000-0002-6859-1391'],4,2,2017,2023
swarnendubiswas,Swarnendu Biswas,Swarnendu Biswas,swarnendu biswas,A5089244894,0000-0001-6839-8586,True,strict_name_one_openalex_id,high,False,,26,16,10,1,['A5089244894'],['Swarnendu Biswas'],['0000-0001-6839-8586'],2,2,2024,2024
sylvanclebsch,Sylvan Clebsch,Sylvan Clebsch,sylvan clebsch,A5059345262,0009-0004-4049-134X,True,strict_name_one_openalex_id,high,False,,41,24,12,1,['A5059345262'],['Sylvan Clebsch'],['0009-0004-4049-134X'],1,1,2024,2024
sylvieputot,Sylvie Putot,Sylvie Putot,sylvie putot,A5042626840,0000-0001-5624-3755,True,strict_name_one_openalex_id,high,False,,33,26,13,1,['A5042626840'],['Sylvie Putot'],['0000-0001-5624-3755'],1,1,2020,2020
sebastienbardin,Sébastien Bardin,Sébastien Bardin,sebastien bardin,A5018746962,0000-0002-6509-3506,True,strict_name_one_openalex_id,high,False,,59,39,27,1,['A5018746962'],['Sébastien Bardin'],['0000-0002-6509-3506'],1,1,2025,2025
tachioterauchi,Tachio Terauchi,Tachio Terauchi,tachio terauchi,A5031661604,0000-0001-5305-4916,True,strict_name_one_openalex_id,high,False,,123,74,31,1,['A5031661604'],['Tachio Terauchi'],['0000-0001-5305-4916'],7,3,2018,2025
tahinaramananandro,Tahina Ramananandro,Tahina Ramananandro,tahina ramananandro,A5083160984,0000-0003-4590-9712,True,strict_name_one_openalex_id,high,False,,182,108,24,1,['A5083160984'],['Tahina Ramananandro'],['0000-0003-4590-9712'],4,3,2021,2025
takeshitsukada,Takeshi Tsukada,Takeshi Tsukada,takeshi tsukada,A5090766554,0000-0002-2824-8708,True,strict_name_one_openalex_id,high,False,,79,47,34,1,['A5090766554'],['Takeshi Tsukada'],['0000-0002-2824-8708'],1,1,2023,2023
taliaringer,Talia Ringer,Talia Ringer,talia ringer,A5078343798,0000-0003-1854-3321,True,strict_name_one_openalex_id,high,False,,34,17,10,1,['A5078343798'],['Talia Ringer'],['0000-0003-1854-3321'],3,3,2022,2024
tamararezk,Tamara Rezk,Tamara Rezk,tamara rezk,A5087729716,0000-0003-3744-0248,True,strict_name_one_openalex_id,high,False,,57,47,22,1,['A5087729716'],['Tamara Rezk'],['0000-0003-3744-0248'],1,1,2021,2021
tamasszabo1,Tamás Szabó,Tamás Szabó,tamas szabo,A5010111965,0000-0001-9422-8142,True,strict_name_one_openalex_id,high,False,,68,28,9,1,['A5010111965'],['Tamás Szabó'],['0000-0001-9422-8142'],1,1,2024,2024
tarosekiyama,Taro Sekiyama,Taro Sekiyama,taro sekiyama,A5018002187,0000-0001-9286-230X,True,strict_name_one_openalex_id,high,False,,63,45,16,1,['A5018002187'],['Taro Sekiyama'],['0000-0001-9286-230X'],4,3,2021,2025
tatianashpeisman,Tatiana Shpeisman,Tatiana Shpeisman,tatiana shpeisman,A5076969648,0000-0002-4225-8734,True,strict_name_one_openalex_id,high,False,,64,61,17,1,['A5076969648'],['Tatiana Shpeisman'],['0000-0002-4225-8734'],2,1,2018,2021
tejchajed,Tej Chajed,Tej Chajed,tej chajed,A5010436566,0000-0002-9889-4828,True,strict_name_one_openalex_id,high,False,,57,47,11,1,['A5010436566'],['Tej Chajed'],['0000-0002-9889-4828'],3,2,2022,2024
thanhvunguyen,ThanhVu Nguyen,ThanhVu Nguyen,thanhvu nguyen,A5069411288,0000-0002-4255-4592,True,strict_name_one_openalex_id,high,False,,49,34,12,1,['A5069411288'],['ThanhVu Nguyen'],['0000-0002-4255-4592'],2,2,2024,2024
thodorissotiropoulos,Thodoris Sotiropoulos,Thodoris Sotiropoulos,thodoris sotiropoulos,A5090354733,0000-0002-9906-3073,True,strict_name_one_openalex_id,high,False,,23,13,7,1,['A5090354733'],['Thodoris Sotiropoulos'],['0000-0002-9906-3073'],2,1,2024,2025
thomasball,Thomas Ball,Thomas Ball,thomas ball,A5114248503,,True,strict_name_one_openalex_id,high,False,,117,97,42,1,['A5114248503'],['Thomas Ball'],[],1,1,2025,2025
thomasbourgeat2,Thomas Bourgeat,Thomas Bourgeat,thomas bourgeat,A5031573662,0000-0002-8468-8409,True,strict_name_one_openalex_id,high,False,,12,12,2,1,['A5031573662'],['Thomas Bourgeat'],['0000-0002-8468-8409'],2,1,2024,2025
thomaskoehler,Thomas Koehler,Thomas Koehler,thomas koehler,A5101638400,0000-0001-8461-8075,True,strict_name_one_openalex_id,high,False,,15,12,5,1,['A5101638400'],['Thomas Kœhler'],['0000-0001-8461-8075'],1,1,2025,2025
thomasreps,Thomas Reps,Thomas Reps,thomas reps,A5066155126,0000-0002-5676-9949,True,strict_name_one_openalex_id,high,False,,675,322,160,1,['A5066155126'],['Thomas Reps'],['0000-0002-5676-9949'],2,2,2021,2024
thomasshull,Thomas Shull,Thomas Shull,thomas shull,A5090891852,,True,strict_name_one_openalex_id,high,False,,16,12,8,1,['A5090891852'],['Thomas Shull'],[],2,1,2021,2023
thomaswahl,Thomas Wahl,Thomas Wahl,thomas wahl,A5002008766,0000-0003-3643-5463,True,strict_name_one_openalex_id,high,False,,21,15,16,1,['A5002008766'],['Thomas Wahl'],['0000-0003-3643-5463'],1,1,2022,2022
thomaswies,Thomas Wies,Thomas Wies,thomas wies,A5003819403,0000-0003-4051-5968,True,strict_name_one_openalex_id,high,False,,113,66,29,1,['A5003819403'],['Thomas Wies'],['0000-0003-4051-5968'],3,2,2020,2024
thorstenaltenkirch,Thorsten Altenkirch,Thorsten Altenkirch,thorsten altenkirch,A5056420469,0000-0002-6582-5025,True,strict_name_one_openalex_id,high,False,,170,89,47,1,['A5056420469'],['Thorsten Altenkirch'],['0000-0002-6582-5025'],1,1,2018,2018
theowinterhalter,Théo Winterhalter,Théo Winterhalter,theo winterhalter,A5066566147,0000-0002-9881-3696,True,strict_name_one_openalex_id,high,False,,54,32,12,1,['A5066566147'],['Théo Winterhalter'],['0000-0002-9881-3696'],2,2,2023,2025
tiagocogumbreiro,Tiago Cogumbreiro,Tiago Cogumbreiro,tiago cogumbreiro,A5080492532,0000-0002-3209-9258,True,strict_name_one_openalex_id,high,False,,17,9,8,1,['A5080492532'],['Tiago Cogumbreiro'],['0000-0002-3209-9258'],1,1,2025,2025
tiarkrompf,Tiark Rompf,Tiark Rompf,tiark rompf,A5003153354,0000-0002-2068-3238,True,strict_name_one_openalex_id,high,False,,383,156,88,1,['A5003153354'],['Tiark Rompf'],['0000-0002-2068-3238'],7,4,2018,2025
tiennguyen,Tien N. Nguyen,Tien N. Nguyen,tien n nguyen,A5089000736,0009-0006-7962-6090,True,strict_name_one_openalex_id,high,False,,63,40,42,1,['A5089000736'],['Tien N. Nguyen'],['0009-0006-7962-6090'],1,1,2024,2024
timharris,Tim Harris,Tim Harris,tim harris,A5018504427,0000-0001-9628-130X,True,strict_name_one_openalex_id,high,False,,54,34,24,1,['A5018504427'],['Tim Harris'],['0000-0001-9628-130X'],1,1,2017,2017
timongehr,Timon Gehr,Timon Gehr,timon gehr,A5045044745,0009-0000-7470-0489,True,strict_name_one_openalex_id,high,False,,198,135,21,1,['A5045044745'],['Timon Gehr'],['0009-0000-7470-0489'],3,2,2021,2025
tobiasgrosser,Tobias Grosser,Tobias Grosser,tobias grosser,A5055618037,0000-0003-3874-6003,True,strict_name_one_openalex_id,high,False,,70,47,33,1,['A5055618037'],['Tobias Grosser'],['0000-0003-3874-6003'],1,1,2024,2024
tobiaswrigstad,Tobias Wrigstad,Tobias Wrigstad,tobias wrigstad,A5053132997,0000-0002-4269-5408,True,strict_name_one_openalex_id,high,False,,118,68,32,1,['A5053132997'],['Tobias Wrigstad'],['0000-0002-4269-5408'],5,2,2018,2025
tobymurray,Toby Murray,Toby Murray,toby murray,A5043210393,0000-0002-8271-0289,True,strict_name_one_openalex_id,high,False,,79,53,32,1,['A5043210393'],['Toby Murray'],['0000-0002-8271-0289'],2,1,2021,2023
toddmillstein,Todd Millstein,Todd Millstein,todd millstein,A5014067492,0000-0002-2031-1514,True,strict_name_one_openalex_id,high,False,,213,145,59,1,['A5014067492'],['Todd Millstein'],['0000-0002-2031-1514'],5,3,2018,2023
toddmytkowicz,Todd Mytkowicz,Todd Mytkowicz,todd mytkowicz,A5013212213,,True,strict_name_one_openalex_id,high,False,,66,50,27,1,['A5013212213'],['Todd Mytkowicz'],[],2,2,2018,2019
tomvancutsem,Tom Van Cutsem,Tom Van Cutsem,tom van cutsem,A5083977662,0000-0003-4116-4290,True,strict_name_one_openalex_id,high,False,,20,15,10,1,['A5083977662'],['Tom Van Cutsem'],['0000-0003-4116-4290'],1,1,2017,2017
tomofumiyuki,Tomofumi Yuki,Tomofumi Yuki,tomofumi yuki,A5001146686,0000-0002-5737-6178,True,strict_name_one_openalex_id,high,False,,14,13,7,1,['A5001146686'],['Tomofumi Yuki'],['0000-0002-5737-6178'],1,1,2021,2021
tomokinakamaru,Tomoki Nakamaru,Tomoki Nakamaru,tomoki nakamaru,A5083973204,0000-0002-9451-5595,True,strict_name_one_openalex_id,high,False,,8,4,5,1,['A5083973204'],['Tomoki Nakamaru'],['0000-0002-9451-5595'],1,1,2025,2025
tongpingliu1,Tongping Liu,Tongping Liu,tongping liu,A5038870570,0000-0002-1968-4081,True,strict_name_one_openalex_id,high,False,,20,12,11,1,['A5038870570'],['Tongping Liu'],['0000-0002-1968-4081'],1,1,2024,2024
tylersorensen,Tyler Sorensen,Tyler Sorensen,tyler sorensen,A5052590511,0000-0003-1646-7935,True,strict_name_one_openalex_id,high,False,,56,31,18,1,['A5052590511'],['Tyler Sorensen'],['0000-0003-1646-7935'],3,2,2020,2025
udaybondhugula,Uday Bondhugula,Uday Bondhugula,uday bondhugula,A5025342111,0000-0002-8297-6159,True,strict_name_one_openalex_id,high,False,,115,65,32,1,['A5025342111'],['Uday Bondhugula'],['0000-0002-8297-6159'],1,1,2017,2017
ugodallago,Ugo Dal Lago,Ugo Dal Lago,ugo dal lago,A5084450516,0000-0001-9200-070X,True,strict_name_one_openalex_id,high,False,,294,123,81,1,['A5084450516'],['Ugo Dal Lago'],['0000-0001-9200-070X'],4,2,2020,2025
ulfnorell,Ulf Norell,Ulf Norell,ulf norell,A5017689034,,True,strict_name_one_openalex_id,high,False,,76,67,10,1,['A5017689034'],['Ulf Norell'],[],1,1,2024,2024
umangmathur,Umang Mathur,Umang Mathur,umang mathur,A5016958234,0000-0002-7610-0660,True,strict_name_one_openalex_id,high,False,,101,44,23,1,['A5016958234'],['Umang Mathur'],['0000-0002-7610-0660'],3,3,2023,2025
umutacar,Umut A. Acar,Umut A. Acar,umut a acar,A5015051107,0000-0002-2623-4986,True,strict_name_one_openalex_id,high,False,,229,84,64,1,['A5015051107'],['Umut A. Acar'],['0000-0002-2623-4986'],4,3,2021,2024
vkrishnanandivada,V Krishna Nandivada,V Krishna Nandivada,v krishna nandivada,A5022804082,0000-0002-5949-0046,True,strict_name_one_openalex_id,high,False,,35,23,16,1,['A5022804082'],['V. Krishna Nandivada'],['0000-0002-5949-0046'],2,2,2024,2025
vascotvasconcelos,Vasco T. Vasconcelos,Vasco T. Vasconcelos,vasco t vasconcelos,A5016342119,0000-0002-9539-8861,True,strict_name_one_openalex_id,high,False,,192,87,40,1,['A5016342119'],['Vasco T. Vasconcelos'],['0000-0002-9539-8861'],2,2,2023,2025
veselinraychev,Veselin Raychev,Veselin Raychev,veselin raychev,A5051227985,,True,strict_name_one_openalex_id,high,False,,151,86,26,1,['A5051227985'],['Veselin Raychev'],[],2,1,2020,2023
vijayganesh,Vijay Ganesh,Vijay Ganesh,vijay ganesh,A5052292970,0000-0002-6029-2047,True,strict_name_one_openalex_id,high,False,,121,53,31,1,['A5052292970'],['Vijay Ganesh'],['0000-0002-6029-2047'],3,2,2020,2024
vijaynagarajan,Vijay Nagarajan,Vijay Nagarajan,vijay nagarajan,A5056071760,0009-0000-5045-4754,True,strict_name_one_openalex_id,high,False,,26,20,14,1,['A5056071760'],['Vijay Nagarajan'],['0009-0000-5045-4754'],2,1,2022,2024
vijayaraghavanmurali,Vijayaraghavan Murali,Vijayaraghavan Murali,vijayaraghavan murali,A5051545971,0009-0009-1374-7334,True,strict_name_one_openalex_id,high,False,,16,14,8,1,['A5051545971'],['Vijayaraghavan Murali'],['0009-0009-1374-7334'],1,1,2022,2022
vikashmansinghka,Vikash K. Mansinghka,Vikash K. Mansinghka,vikash k mansinghka,A5068340465,0000-0003-2507-0833,True,strict_name_one_openalex_id,high,False,,173,65,43,1,['A5068340465'],['Vikash K. Mansinghka'],['0000-0003-2507-0833'],2,1,2017,2022
viktorkuncak,Viktor Kunčak,Viktor Kunčak,viktor kuncak,A5008699657,0000-0001-7044-9522,True,strict_name_one_openalex_id,high,False,,236,158,60,1,['A5008699657'],['Viktor Kunčak'],['0000-0001-7044-9522'],5,2,2020,2025
viktorvafeiadis,Viktor Vafeiadis,Viktor Vafeiadis,viktor vafeiadis,A5023359178,0000-0001-8436-0334,True,strict_name_one_openalex_id,high,False,,987,275,106,1,['A5023359178'],['Viktor Vafeiadis'],['0000-0001-8436-0334'],6,3,2018,2025
vineethkashyap,Vineeth Kashyap,Vineeth Kashyap,vineeth kashyap,A5103145520,0000-0003-0328-6297,True,strict_name_one_openalex_id,high,False,,15,13,4,1,['A5103145520'],['Vineeth Kashyap'],['0000-0003-0328-6297'],1,1,2022,2022
vinodgrover,Vinod Grover,Vinod Grover,vinod grover,A5077691647,,True,strict_name_one_openalex_id,high,False,,37,32,13,1,['A5077691647'],['Vinod Grover'],[],2,1,2022,2023
viveksarkar,Vivek Sarkar,Vivek Sarkar,vivek sarkar,A5043513001,0000-0002-3433-8830,True,strict_name_one_openalex_id,high,False,,185,104,68,1,['A5043513001'],['Vivek Sarkar'],['0000-0002-3433-8830'],1,1,2021,2021
vivianabono,Viviana Bono,Viviana Bono,viviana bono,A5075230989,0000-0002-2533-0511,True,strict_name_one_openalex_id,high,False,,19,17,8,1,['A5075230989'],['Viviana Bono'],['0000-0002-2533-0511'],1,1,2017,2017
vladimirzamdzhiev,Vladimir Zamdzhiev,Vladimir Zamdzhiev,vladimir zamdzhiev,A5047314189,0000-0002-9061-3921,True,strict_name_one_openalex_id,high,False,,12,10,6,1,['A5047314189'],['Vladimir Zamdzhiev'],['0000-0002-9061-3921'],1,1,2025,2025
walterbinder,Walter Binder,Walter Binder,walter binder,A5074152163,0000-0002-2477-2182,True,strict_name_one_openalex_id,high,False,,25,17,17,1,['A5074152163'],['Walter Binder'],['0000-0002-2477-2182'],4,2,2019,2024
weile,Wei Le,Wei Le,wei le,A5074426991,0000-0002-6797-0648,True,strict_name_one_openalex_id,high,False,,15,13,8,1,['A5074426991'],['Wei Le'],['0000-0002-6797-0648'],1,1,2024,2024
weihangwang,Weihang Wang,Weihang Wang,weihang wang,A5072088517,0000-0003-1175-4409,True,strict_name_one_openalex_id,high,False,,7,6,6,1,['A5072088517'],['Weihang Wang'],['0000-0003-1175-4409'],1,1,2021,2021
wernerdietl,Werner Dietl,Werner Dietl,werner dietl,A5073449487,0000-0002-9316-6952,True,strict_name_one_openalex_id,high,False,,51,30,19,1,['A5073449487'],['Werner Dietl'],['0000-0002-9316-6952'],1,1,2024,2024
willcrichton,Will Crichton,Will Crichton,will crichton,A5043562884,0000-0001-8639-6541,True,strict_name_one_openalex_id,high,False,,9,8,4,1,['A5043562884'],['Will Crichton'],['0000-0001-8639-6541'],1,1,2025,2025
willemvisser,Willem Visser,Willem Visser,willem visser,A5088454541,0000-0002-0913-3091,True,strict_name_one_openalex_id,high,False,,86,62,32,1,['A5088454541'],['Willem Visser'],['0000-0002-0913-3091'],1,1,2021,2021
williamebyrd,William E. Byrd,William E. Byrd,william e byrd,A5005980154,0000-0003-4730-5293,True,strict_name_one_openalex_id,high,False,,21,11,12,1,['A5005980154'],['William E. Byrd'],['0000-0003-4730-5293'],1,1,2025,2025
williamjbowman,William J. Bowman,William J. Bowman,william j bowman,A5049942420,0000-0002-6402-4840,True,strict_name_one_openalex_id,high,False,,53,42,12,1,['A5049942420'],['William J. Bowman'],['0000-0002-6402-4840'],3,2,2021,2025
williammansky,William Mansky,William Mansky,william mansky,A5013427753,0000-0002-5351-895X,True,strict_name_one_openalex_id,high,False,,92,68,15,1,['A5013427753'],['William Mansky'],['0000-0002-5351-895X'],1,1,2024,2024
willowahrens,Willow Ahrens,Willow Ahrens,willow ahrens,A5060063626,0000-0002-4963-0869,True,strict_name_one_openalex_id,high,False,,34,23,6,1,['A5060063626'],['Willow Ahrens'],['0000-0002-4963-0869'],1,1,2025,2025
wolfgangdemeuter,Wolfgang De Meuter,Wolfgang De Meuter,wolfgang de meuter,A5090657641,0000-0002-5229-5627,True,strict_name_one_openalex_id,high,False,,36,24,22,1,['A5090657641'],['Wolfgang De Meuter'],['0000-0002-5229-5627'],1,1,2023,2023
woosuklee,Woosuk Lee,Woosuk Lee,woosuk lee,A5076120088,0000-0002-1884-619X,True,strict_name_one_openalex_id,high,False,,108,81,16,1,['A5076120088'],['Woosuk Lee'],['0000-0002-1884-619X'],6,3,2019,2025
wouterswierstra,Wouter Swierstra,Wouter Swierstra,wouter swierstra,A5019085361,0000-0002-0295-7944,True,strict_name_one_openalex_id,high,False,,98,85,21,1,['A5019085361'],['Wouter Swierstra'],['0000-0002-0295-7944'],2,1,2018,2024
xavierleroy,Xavier Leroy,Xavier Leroy,xavier leroy,A5058330133,0000-0002-8971-9171,True,strict_name_one_openalex_id,high,False,,446,283,62,1,['A5058330133'],['Xavier Leroy'],['0000-0002-8971-9171'],3,1,2018,2025
xavierrival,Xavier Rival,Xavier Rival,xavier rival,A5037983866,0000-0002-2875-6171,True,strict_name_one_openalex_id,high,False,,131,74,38,1,['A5037983866'],['Xavier Rival'],['0000-0002-2875-6171'],3,2,2020,2025
xiaodiwu,Xiaodi Wu,Xiaodi Wu,xiaodi wu,A5044901410,0000-0001-8877-9802,True,strict_name_one_openalex_id,high,False,,68,42,18,1,['A5044901410'],['Xiaodi Wu'],['0000-0001-8877-9802'],4,2,2022,2025
xiaokangqiu,Xiaokang Qiu,Xiaokang Qiu,xiaokang qiu,A5041566154,0000-0001-9476-7349,True,strict_name_one_openalex_id,high,False,,104,57,24,1,['A5041566154'],['Xiaokang Qiu'],['0000-0001-9476-7349'],4,3,2022,2024
xiaoningdu,Xiaoning Du,Xiaoning Du,xiaoning du,A5102717874,0000-0003-3728-9541,True,strict_name_one_openalex_id,high,False,,2,2,2,1,['A5102717874'],['Xiaoning Du'],['0000-0003-3728-9541'],1,1,2025,2025
xipengshen,Xipeng Shen,Xipeng Shen,xipeng shen,A5100624451,0000-0003-3599-8010,True,strict_name_one_openalex_id,high,False,,45,29,31,1,['A5100624451'],['Xipeng Shen'],['0000-0003-3599-8010'],3,1,2018,2024
xujiesi,Xujie Si,Xujie Si,xujie si,A5059074509,0000-0002-3739-2269,True,strict_name_one_openalex_id,high,False,,38,29,10,1,['A5059074509'],['Xujie Si'],['0000-0002-3739-2269'],2,1,2022,2024
xulongtang,Xulong Tang,Xulong Tang,xulong tang,A5087859795,0000-0002-3385-2053,True,strict_name_one_openalex_id,high,False,,36,4,19,1,['A5087859795'],['Xulong Tang'],['0000-0002-3385-2053'],2,1,2021,2023
yahuisong1,Yahui Song,Yahui Song,yahui song,A5055216402,0000-0002-9760-5895,True,strict_name_one_openalex_id,high,False,,9,8,3,1,['A5055216402'],['Yahui Song'],['0000-0002-9760-5895'],1,1,2025,2025
yakirvizel,Yakir Vizel,Yakir Vizel,yakir vizel,A5024975162,0000-0002-5655-1667,True,strict_name_one_openalex_id,high,False,,17,10,11,1,['A5024975162'],['Yakir Vizel'],['0000-0002-5655-1667'],1,1,2025,2025
yanivdavid,Yaniv David,Yaniv David,yaniv david,A5023589581,,True,strict_name_one_openalex_id,high,False,,15,11,6,1,['A5023589581'],['Yaniv David'],[],2,1,2021,2023
yanjuchen,Yanju Chen,Yanju Chen,yanju chen,A5101573237,0000-0002-6494-3126,True,strict_name_one_openalex_id,high,False,,52,43,15,1,['A5101573237'],['Yanju Chen'],['0000-0002-6494-3126'],1,1,2025,2025
yannherklotz,Yann Herklotz,Yann Herklotz,yann herklotz,A5085695502,0000-0002-2329-1029,True,strict_name_one_openalex_id,high,False,,9,7,4,1,['A5085695502'],['Yann Herklotz'],['0000-0002-2329-1029'],1,1,2025,2025
yannregisgianas,Yann Régis-Gianas,Yann Régis-Gianas,yann regis-gianas,A5007052309,0000-0002-0745-8730,True,strict_name_one_openalex_id,high,False,,42,39,16,1,['A5007052309'],['Yann Régis-Gianas'],['0000-0002-0745-8730'],1,1,2022,2022
yannickforster,Yannick Forster,Yannick Forster,yannick forster,A5080496189,0000-0002-8676-9819,True,strict_name_one_openalex_id,high,False,,55,40,15,1,['A5080496189'],['Yannick Forster'],['0000-0002-8676-9819'],1,1,2025,2025
yannickzakowski1,Yannick Zakowski,Yannick Zakowski,yannick zakowski,A5041784780,0000-0003-4585-6470,True,strict_name_one_openalex_id,high,False,,84,55,8,1,['A5041784780'],['Yannick Zakowski'],['0000-0003-4585-6470'],3,3,2022,2025
yannissmaragdakis,Yannis Smaragdakis,Yannis Smaragdakis,yannis smaragdakis,A5043949214,0000-0002-0499-0182,True,strict_name_one_openalex_id,high,False,,485,189,67,1,['A5043949214'],['Yannis Smaragdakis'],['0000-0002-0499-0182'],6,3,2018,2025
yaoli,Yao Li,Yao Li,yao li,A5100411211,0000-0001-8720-883X,True,strict_name_one_openalex_id,high,False,,54,39,10,1,['A5100411211'],['Yao Li'],['0000-0001-8720-883X'],3,2,2023,2025
yatinmanerkar,Yatin Manerkar,Yatin A. Manerkar,yatin a manerkar,A5027050350,0000-0002-6954-2292,True,strict_name_one_openalex_id,high,False,,3,3,3,1,['A5027050350'],['Yatin A. Manerkar'],['0000-0002-6954-2292'],1,1,2024,2024
yingfeixiong,Yingfei Xiong,Yingfei Xiong,yingfei xiong,A5100712724,0000-0001-8991-747X,True,strict_name_one_openalex_id,high,False,,124,87,46,1,['A5100712724'],['Yingfei Xiong'],['0000-0001-8991-747X'],2,2,2023,2024
yizhouzhang,Yizhou Zhang,Yizhou Zhang,yizhou zhang,A5100643391,0000-0002-8206-4694,True,strict_name_one_openalex_id,high,False,,73,55,13,1,['A5100643391'],['Yizhou Zhang'],['0000-0002-8206-4694'],5,3,2022,2024
youyoucong,Youyou Cong,Youyou Cong,youyou cong,A5079543555,0000-0003-2315-6182,True,strict_name_one_openalex_id,high,False,,33,28,8,1,['A5079543555'],['Youyou Cong'],['0000-0003-2315-6182'],2,2,2021,2024
yudavidliu,Yu David Liu,Yu David Liu,yu david liu,A5068471814,0000-0002-2768-3898,True,strict_name_one_openalex_id,high,False,,23,10,19,1,['A5068471814'],['Yu David Liu'],['0000-0002-2768-3898'],3,2,2019,2024
yufeiding,Yufei Ding,Yufei Ding,yufei ding,A5048052285,0000-0002-8716-5793,True,strict_name_one_openalex_id,high,False,,34,29,14,1,['A5048052285'],['Yufei Ding'],['0000-0002-8716-5793'],2,2,2019,2020
yukiyoshikameyama,Yukiyoshi Kameyama,Yukiyoshi Kameyama,yukiyoshi kameyama,A5052312242,0000-0002-2693-5133,True,strict_name_one_openalex_id,high,False,,47,31,25,1,['A5052312242'],['Yukiyoshi Kameyama'],['0000-0002-2693-5133'],1,1,2023,2023
yuleisui,Yulei Sui,Yulei Sui,yulei sui,A5053058502,0000-0002-9510-6574,True,strict_name_one_openalex_id,high,False,,115,50,39,1,['A5053058502'],['Yulei Sui'],['0000-0002-9510-6574'],1,1,2024,2024
yunhuizheng,Yunhui Zheng,Yunhui Zheng,yunhui zheng,A5039824895,0000-0002-6794-3199,True,strict_name_one_openalex_id,high,False,,62,39,18,1,['A5039824895'],['Yunhui Zheng'],['0000-0002-6794-3199'],2,1,2020,2021
zacharykincaid,Zachary Kincaid,Zachary Kincaid,zachary kincaid,A5041698482,0000-0002-7294-9165,True,strict_name_one_openalex_id,high,False,,198,109,31,1,['A5041698482'],['Zachary Kincaid'],['0000-0002-7294-9165'],6,2,2017,2025
zacharytatlock,Zachary Tatlock,Zachary Tatlock,zachary tatlock,A5042187082,0000-0002-4731-0124,True,strict_name_one_openalex_id,high,False,,329,189,48,1,['A5042187082'],['Zachary Tatlock'],['0000-0002-4731-0124'],6,2,2018,2025
zenaariola,Zena M. Ariola,Zena M. Ariola,zena m ariola,A5064696313,0000-0001-5551-8294,True,strict_name_one_openalex_id,high,False,,74,37,21,1,['A5064696313'],['Zena M. Ariola'],['0000-0001-5551-8294'],2,1,2021,2022
zhongshao,Zhong Shao,Zhong Shao,zhong shao,A5070627140,0000-0001-8184-7649,True,strict_name_one_openalex_id,high,False,,407,181,79,1,['A5070627140'],['Zhong Shao'],['0000-0001-8184-7649'],4,2,2018,2025
zhoulaifu,Zhoulai Fu,Zhoulai Fu,zhoulai fu,A5089294104,0000-0003-2073-0564,True,strict_name_one_openalex_id,high,False,,30,23,7,1,['A5089294104'],['Zhoulai Fu'],['0000-0003-2073-0564'],1,1,2023,2023
zoeparaskevopoulou,Zoe Paraskevopoulou,Zoe Paraskevopoulou,zoe paraskevopoulou,A5011183925,0009-0001-2352-9818,True,strict_name_one_openalex_id,high,False,,71,49,13,1,['A5011183925'],['Zoe Paraskevopoulou'],['0009-0001-2352-9818'],2,2,2023,2024
zvonimirrakamaric,Zvonimir Rakamaric,Zvonimir Rakamaric,zvonimir rakamaric,A5021217615,0000-0001-7946-0162,True,strict_name_one_openalex_id,high,False,,98,65,29,1,['A5021217615'],['Zvonimir Rakamarić'],['0000-0001-7946-0162'],1,1,2018,2018
etanter,Éric Tanter,Éric Tanter,eric tanter,A5074606459,0000-0002-7359-890X,True,strict_name_one_openalex_id,high,False,,246,103,57,1,['A5074606459'],['Éric Tanter'],['0000-0002-7359-890X'],5,3,2018,2023
aaronbembenek,Aaron Bembenek,Aaron Bembenek,aaron bembenek,,,False,unmatched_or_ambiguous_name,review,True,PC name maps to multiple OpenAlex Author IDs in the cited-author table.,16,14,4,2,"['A5007064313', 'A5008144113']",['Aaron Bembenek'],['0000-0002-3677-701X'],1,1,2025,2025
adityakanade,Aditya Kanade,Aditya Kanade,aditya kanade,,,False,unmatched_or_ambiguous_name,review,True,PC name maps to multiple OpenAlex Author IDs in the cited-author table.,32,30,13,3,"['A5037631148', 'A5103381179', 'A5107245208']",['Aditya Kanade'],['0000-0001-8701-6977'],2,1,2018,2021
adityavthakur,Aditya V. Thakur,Aditya V. Thakur,aditya v thakur,,,False,unmatched_or_ambiguous_name,review,True,PC name not found with an OpenAlex Author ID in the cited-author table.,0,0,0,0,,,,4,2,2022,2025
albertcohen,Albert Cohen,Albert Cohen,albert cohen,,,False,unmatched_or_ambiguous_name,review,True,PC name maps to multiple OpenAlex Author IDs in the cited-author table.,151,86,57,2,"['A5063162788', 'A5088365482']",['Albert Cohen'],['0000-0002-8866-5343'],5,3,2021,2025
alexkavvos,Alex Kavvos,Alex Kavvos,alex kavvos,,,False,unmatched_or_ambiguous_name,review,True,PC name not found with an OpenAlex Author ID in the cited-author table.,0,0,0,0,,,,3,3,2022,2025
alexanderjsummers,Alexander J. Summers,Alexander J. Summers,alexander j summers,,,False,unmatched_or_ambiguous_name,review,True,PC name maps to multiple OpenAlex Author IDs in the cited-author table.,170,103,35,2,"['A5042336573', 'A5080556886']",['Alexander J. Summers'],"['0000-0001-5554-9381', '0000-0002-7372-0610']",2,1,2021,2024
alexandrasilva,Alexandra Silva,Alexandra Silva,alexandra silva,,,False,unmatched_or_ambiguous_name,review,True,PC name maps to multiple OpenAlex Author IDs in the cited-author table.,123,83,43,2,"['A5091523601', 'A5100658822']","['ALEXANDRA SILVA', 'Alexandra Silva']",['0000-0001-5014-9784'],6,4,2017,2025
alexeyloginov,Alexey Loginov,Alexey Loginov,alexey loginov,,,False,unmatched_or_ambiguous_name,review,True,PC name not found with an OpenAlex Author ID in the cited-author table.,0,0,0,0,,,,1,1,2023,2023
amirkafshdargoharshady1,Amir K. Goharshady,Amir K. Goharshady,amir k goharshady,,,False,unmatched_or_ambiguous_name,review,True,PC name not found with an OpenAlex Author ID in the cited-author table.,0,0,0,0,,,,1,1,2024,2024
andreipopescu,Andrei Popescu,Andrei Popescu,andrei popescu,,,False,unmatched_or_ambiguous_name,review,True,PC name maps to multiple OpenAlex Author IDs in the cited-author table.,42,16,26,2,"['A5064907118', 'A5102940484']",['Andrei Popescu'],"['0000-0001-8747-0619', '0000-0002-6601-5454']",1,1,2024,2024
andrewdgordon,Andrew D. Gordon,Andrew D. Gordon,andrew d gordon,,,False,unmatched_or_ambiguous_name,review,True,PC name maps to multiple OpenAlex Author IDs in the cited-author table.,189,130,37,2,"['A5078684560', 'A5110910266']",['Andrew D. Gordon'],['0000-0002-5809-2484'],3,3,2017,2023
andrewkennedy,Andrew Kennedy,Andrew Kennedy,andrew kennedy,,,False,unmatched_or_ambiguous_name,review,True,PC name maps to multiple OpenAlex Author IDs in the cited-author table.,110,76,29,2,"['A5084971613', 'A5103778532']",['Andrew Kennedy'],['0000-0002-7888-2109'],3,2,2019,2024
andrzejmurawski,Andrzej Murawski,Andrzej Murawski,andrzej murawski,,,False,unmatched_or_ambiguous_name,review,True,PC name not found with an OpenAlex Author ID in the cited-author table.,0,0,0,0,,,,2,1,2020,2023
andraskovacs,András Kovács,András Kovács,andras kovacs,,,False,unmatched_or_ambiguous_name,review,True,PC name maps to multiple OpenAlex Author IDs in the cited-author table.,25,21,9,2,"['A5045224632', 'A5066948061']",['András Kovács'],"['0000-0001-8485-991X', '0000-0002-6375-9781']",1,1,2025,2025
angli,Ang Li,Ang Li,ang li,,,False,unmatched_or_ambiguous_name,review,True,PC name maps to multiple OpenAlex Author IDs in the cited-author table.,12,11,8,2,"['A5100413624', 'A5100413657']",['Ang Li'],"['0000-0002-7458-063X', '0000-0003-3734-9137']",1,1,2025,2025
angelicamoreira,Angelica Moreira,Angélica Aparecida Moreira,angelica aparecida moreira,,,False,unmatched_or_ambiguous_name,review,True,PC name not found with an OpenAlex Author ID in the cited-author table.,0,0,0,0,,,,1,1,2025,2025
anthonywidjajalin,Anthony Widjaja Lin,Anthony Widjaja Lin,anthony widjaja lin,,,False,unmatched_or_ambiguous_name,review,True,PC name not found with an OpenAlex Author ID in the cited-author table.,0,0,0,0,,,,1,1,2022,2022
anupamdas,Anupam Das,Anupam Das,anupam das,,,False,unmatched_or_ambiguous_name,review,True,PC name maps to multiple OpenAlex Author IDs in the cited-author table.,15,7,9,2,"['A5089810498', 'A5101816745']",['Anupam Das'],"['0000-0002-0142-3676', '0000-0002-8961-9963']",1,1,2025,2025
arielkellison,Ariel E. Kellison,Ariel E. Kellison,ariel e kellison,,,False,unmatched_or_ambiguous_name,review,True,PC name not found with an OpenAlex Author ID in the cited-author table.,0,0,0,0,,,,1,1,2025,2025
aritrasengupta,Aritra Sengupta,Aritra Sengupta,aritra sengupta,,,False,unmatched_or_ambiguous_name,review,True,PC name maps to multiple OpenAlex Author IDs in the cited-author table.,19,12,10,2,"['A5015672019', 'A5107243687']",['Aritra Sengupta'],"['0000-0001-6268-010X', '0000-0003-0138-9858']",2,1,2020,2021
assiamahboubi,Assia Mahboubi,Assia Mahboubi,assia mahboubi,,,False,unmatched_or_ambiguous_name,review,True,PC name maps to multiple OpenAlex Author IDs in the cited-author table.,20,18,10,2,"['A5034173374', 'A5113674451']",['Assia Mahboubi'],['0000-0002-0312-5461'],2,2,2022,2024
bartjacobs,Bart Jacobs,Bart Jacobs,bart jacobs,,,False,unmatched_or_ambiguous_name,review,True,PC name maps to multiple OpenAlex Author IDs in the cited-author table.,244,153,63,2,"['A5042359645', 'A5102972733']",['Bart Jacobs'],"['0000-0002-0740-0336', '0000-0002-3605-249X']",2,1,2017,2021
billharris,Bill Harris,William Harris,william harris,,,False,unmatched_or_ambiguous_name,review,True,PC name not found with an OpenAlex Author ID in the cited-author table.,0,0,0,0,,,,1,1,2025,2025
brentyorgey,Brent Yorgey,Brent Yorgey,brent yorgey,,,False,unmatched_or_ambiguous_name,review,True,PC name not found with an OpenAlex Author ID in the cited-author table.,0,0,0,0,,,,1,1,2024,2024
cameronfreer,Cameron Freer,Cameron Freer,cameron freer,,,False,unmatched_or_ambiguous_name,review,True,PC name not found with an OpenAlex Author ID in the cited-author table.,0,0,0,0,,,,1,1,2024,2024
casperbach,Casper Bach,Casper Bach,casper bach,,,False,unmatched_or_ambiguous_name,review,True,PC name not found with an OpenAlex Author ID in the cited-author table.,0,0,0,0,,,,2,2,2024,2024
cezaradragoi,Cezara Drăgoi,Cezara Drăgoi,cezara dragoi,,,False,unmatched_or_ambiguous_name,review,True,PC name maps to multiple OpenAlex Author IDs in the cited-author table.,57,36,13,2,"['A5089014944', 'A5105116463']",['Cezara Drăgoi'],[],4,3,2017,2024
chaowang3,Chao Wang,Chao Wang,chao wang,,,False,unmatched_or_ambiguous_name,review,True,PC name maps to multiple OpenAlex Author IDs in the cited-author table.,131,86,53,16,"['A5079094062', 'A5100406852', 'A5100406863', 'A5100406890', 'A5100406906', 'A5100406941', 'A5100406950', 'A5100406988', 'A5100407017', 'A5100407035', 'A5100407078', 'A5100407158', 'A5100773459', 'A5101934907', 'A5115076700', 'A5115602540']",['Chao Wang'],"['0000-0001-5020-961X', '0000-0001-5499-3421', '0000-0001-6710-227X', '0000-0001-7398-1127', '0000-0001-8452-1214', '0000-0002-1083-109X', '0000-0002-1560-6182', '0000-0002-4548-3697', '0000-0002-6251-7908', '0000-0002-6357-3661', '0000-0002-7427-793X', '0000-0002-8779-4215', '0000-0003-0057-5341', '0000-0003-4887-923X', '0009-0000-8858-4968', '0009-0003-4684-3943']",1,1,2023,2023
charlessutton,Charles Sutton,Charles Sutton,charles sutton,,,False,unmatched_or_ambiguous_name,review,True,PC name maps to multiple OpenAlex Author IDs in the cited-author table.,59,32,20,2,"['A5028501178', 'A5042489298']",['Charles Sutton'],['0000-0002-0041-3820'],2,2,2017,2023
chending,Chen Ding,Chen Ding,chen ding,,,False,unmatched_or_ambiguous_name,review,True,PC name maps to multiple OpenAlex Author IDs in the cited-author table.,38,16,32,2,"['A5002777604', 'A5050227516']",['Chen Ding'],"['0000-0002-9195-2255', '0000-0003-4968-6659']",1,1,2024,2024
chenglongwang,Chenglong Wang,Chenglong Wang,chenglong wang,,,False,unmatched_or_ambiguous_name,review,True,PC name maps to multiple OpenAlex Author IDs in the cited-author table.,100,65,19,5,"['A5063667052', 'A5100367807', 'A5100367813', 'A5100367824', 'A5100367825']",['Chenglong Wang'],"['0000-0001-6576-9214', '0000-0002-5351-967X', '0000-0002-5933-6620', '0000-0003-2262-4167', '0000-0003-2391-0923']",2,1,2022,2024
chriscasinghino1,Chris Casinghino,Chris Casinghino,chris casinghino,,,False,unmatched_or_ambiguous_name,review,True,PC name maps to multiple OpenAlex Author IDs in the cited-author table.,35,26,9,2,"['A5021193410', 'A5115826665']",['Chris Casinghino'],['0009-0005-6689-9463'],1,1,2025,2025
christianwimmer,Christian Wimmer,Christian Wimmer,christian wimmer,,,False,unmatched_or_ambiguous_name,review,True,PC name maps to multiple OpenAlex Author IDs in the cited-author table.,95,51,31,2,"['A5013620492', 'A5099309884']",['Christian Wimmer'],"['0000-0003-4691-4265', '0009-0003-3213-9306']",2,2,2024,2025
colingordon,Colin Gordon,Colin Gordon,colin gordon,,,False,unmatched_or_ambiguous_name,review,True,PC name not found with an OpenAlex Author ID in the cited-author table.,0,0,0,0,,,,8,3,2018,2025
cormacflanagan,Cormac Flanagan,Cormac Flanagan,cormac flanagan,,,False,unmatched_or_ambiguous_name,review,True,PC name maps to multiple OpenAlex Author IDs in the cited-author table.,463,276,80,2,"['A5018139743', 'A5110315014']",['Cormac Flanagan'],['0000-0002-1828-3120'],2,2,2021,2025
cristalopes,Crista Lopes,Crista Lopes,crista lopes,,,False,unmatched_or_ambiguous_name,review,True,PC name not found with an OpenAlex Author ID in the cited-author table.,0,0,0,0,,,,3,1,2021,2023
dalalalrajeh1,Dalal Alrajeh,Dalal Alrajeh,dalal alrajeh,,,False,unmatched_or_ambiguous_name,review,True,PC name not found with an OpenAlex Author ID in the cited-author table.,0,0,0,0,,,,1,1,2025,2025
danbarowy,Dan Barowy,Dan Barowy,dan barowy,,,False,unmatched_or_ambiguous_name,review,True,PC name not found with an OpenAlex Author ID in the cited-author table.,0,0,0,0,,,,3,2,2020,2025
danghica,Dan Ghica,Dan Ghica,dan ghica,,,False,unmatched_or_ambiguous_name,review,True,PC name not found with an OpenAlex Author ID in the cited-author table.,0,0,0,0,,,,1,1,2025,2025
danadrachslercohen,Dana Drachsler Cohen,Dana Drachsler Cohen,dana drachsler cohen,,,False,unmatched_or_ambiguous_name,review,True,PC name not found with an OpenAlex Author ID in the cited-author table.,0,0,0,0,,,,6,2,2019,2025
danfrumin1,Daniel Frumin,Daniel Frumin,daniel frumin,,,False,unmatched_or_ambiguous_name,review,True,PC name not found with an OpenAlex Author ID in the cited-author table.,0,0,0,0,,,,1,1,2025,2025
danieljackson,Daniel Jackson,Daniel Jackson,daniel jackson,,,False,unmatched_or_ambiguous_name,review,True,PC name maps to multiple OpenAlex Author IDs in the cited-author table.,66,36,29,2,"['A5101853727', 'A5101853728']",['Daniel Jackson'],"['0000-0002-1097-0997', '0000-0002-8833-9476']",1,1,2021,2021
davesands,Dave Sands,Dave Sands,dave sands,,,False,unmatched_or_ambiguous_name,review,True,PC name not found with an OpenAlex Author ID in the cited-author table.,0,0,0,0,,,,1,1,2018,2018
davidnaumann,David Naumann,David Naumann,david naumann,,,False,unmatched_or_ambiguous_name,review,True,PC name not found with an OpenAlex Author ID in the cited-author table.,0,0,0,0,,,,2,1,2019,2023
davidwalker,David Walker,David Walker,david walker,,,False,unmatched_or_ambiguous_name,review,True,PC name maps to multiple OpenAlex Author IDs in the cited-author table.,304,195,77,3,"['A5011939986', 'A5034009645', 'A5049454219']",['David Walker'],"['0000-0002-1360-6330', '0000-0002-8583-4279', '0000-0003-3681-149X']",4,3,2018,2024
diwang,Di Wang,Di Wang,di wang,,,False,unmatched_or_ambiguous_name,review,True,PC name maps to multiple OpenAlex Author IDs in the cited-author table.,91,67,21,3,"['A5091000845', 'A5100401412', 'A5100401482']",['Di Wang'],"['0000-0001-9740-4826', '0000-0002-2418-7987', '0000-0003-4908-0243']",2,2,2024,2024
edwardaftandilian,Eddie Aftandilian,Eddie Aftandilian,eddie aftandilian,,,False,unmatched_or_ambiguous_name,review,True,PC name not found with an OpenAlex Author ID in the cited-author table.,0,0,0,0,,,,2,2,2017,2025
eddyzhengzhang,Eddy (Zheng) Zhang,Eddy (Zheng) Zhang,eddy (zheng) zhang,,,False,unmatched_or_ambiguous_name,review,True,PC name not found with an OpenAlex Author ID in the cited-author table.,0,0,0,0,,,,1,1,2019,2019
eliotmoss,Eliot Moss,Eliot Moss,eliot moss,,,False,unmatched_or_ambiguous_name,review,True,PC name not found with an OpenAlex Author ID in the cited-author table.,0,0,0,0,,,,1,1,2022,2022
erikmeijer,Erik Meijer,Erik Meijer,erik meijer,,,False,unmatched_or_ambiguous_name,review,True,PC name maps to multiple OpenAlex Author IDs in the cited-author table.,81,67,23,3,"['A5053775941', 'A5074555535', 'A5103175875']",['Erik Meijer'],"['0000-0001-6779-0295', '0000-0001-7959-4670', '0000-0002-4238-5098']",2,1,2022,2024
frankfu,Frank Fu,Frank Fu,frank fu,,,False,unmatched_or_ambiguous_name,review,True,PC name not found with an OpenAlex Author ID in the cited-author table.,0,0,0,0,,,,1,1,2025,2025
gailkaiser,Gail Kaiser,Gail Kaiser,gail kaiser,,,False,unmatched_or_ambiguous_name,review,True,PC name not found with an OpenAlex Author ID in the cited-author table.,0,0,0,0,,,,4,2,2019,2024
ganeshgopalakrishnan,Ganesh Gopalakrishnan,Ganesh Gopalakrishnan,ganesh gopalakrishnan,,,False,unmatched_or_ambiguous_name,review,True,PC name maps to multiple OpenAlex Author IDs in the cited-author table.,92,46,29,2,"['A5069846379', 'A5103146139']",['Ganesh Gopalakrishnan'],"['0000-0002-3705-0031', '0000-0002-4161-9278']",1,1,2025,2025
gangtan,Gang (Gary) Tan,Gang (Gary) Tan,gang (gary) tan,,,False,unmatched_or_ambiguous_name,review,True,PC name not found with an OpenAlex Author ID in the cited-author table.,0,0,0,0,,,,2,2,2023,2025
gilbertlouisbernstein1,Gilbert Louis Bernstein,Gilbert Louis Bernstein,gilbert louis bernstein,,,False,unmatched_or_ambiguous_name,review,True,PC name not found with an OpenAlex Author ID in the cited-author table.,0,0,0,0,,,,1,1,2025,2025
guilhemejaber,Guilhème Jaber,Guilhème Jaber,guilheme jaber,,,False,unmatched_or_ambiguous_name,review,True,PC name not found with an OpenAlex Author ID in the cited-author table.,0,0,0,0,,,,1,1,2024,2024
harryxu,Guoqing Harry Xu,Guoqing Harry Xu,guoqing harry xu,,,False,unmatched_or_ambiguous_name,review,True,PC name not found with an OpenAlex Author ID in the cited-author table.,0,0,0,0,,,,2,2,2018,2019
guylsteelejr,Guy L. Steele Jr.,Guy L. Steele Jr.,guy l steele jr,,,False,unmatched_or_ambiguous_name,review,True,PC name not found with an OpenAlex Author ID in the cited-author table.,0,0,0,0,,,,1,1,2025,2025
hansjboehm,Hans-J. Boehm,Hans-J. Boehm,hans-j boehm,,,False,unmatched_or_ambiguous_name,review,True,PC name not found with an OpenAlex Author ID in the cited-author table.,0,0,0,0,,,,1,1,2017,2017
harleydeadesiii,Harley D. Eades III,Harley D. Eades III,harley d eades iii,,,False,unmatched_or_ambiguous_name,review,True,PC name not found with an OpenAlex Author ID in the cited-author table.,0,0,0,0,,,,2,1,2021,2025
hongjinliang,Hongjin Liang,Hongjin Liang,hongjin liang,,,False,unmatched_or_ambiguous_name,review,True,PC name maps to multiple OpenAlex Author IDs in the cited-author table.,98,56,16,2,"['A5102821301', 'A5113904546']",['Hongjin Liang'],['0000-0003-2630-6756'],5,3,2019,2024
hsiangshangko,Hsiang-Shang ‘Josh’ Ko,Hsiang-Shang ‘Josh’ Ko,hsiang-shang 'josh' ko,,,False,unmatched_or_ambiguous_name,review,True,PC name not found with an OpenAlex Author ID in the cited-author table.,0,0,0,0,,,,1,1,2025,2025
jameschapman1,James Chapman,James Chapman,james chapman,,,False,unmatched_or_ambiguous_name,review,True,PC name maps to multiple OpenAlex Author IDs in the cited-author table.,48,39,15,2,"['A5027681613', 'A5071284944']",['James Chapman'],"['0000-0001-9036-8252', '0000-0002-9850-0403']",1,1,2023,2023
jimlarus,James Larus,James Larus,james larus,,,False,unmatched_or_ambiguous_name,review,True,PC name not found with an OpenAlex Author ID in the cited-author table.,0,0,0,0,,,,3,2,2022,2025
janhoffmann,Jan Hoffmann,Jan Hoffmann,jan hoffmann,,,False,unmatched_or_ambiguous_name,review,True,PC name maps to multiple OpenAlex Author IDs in the cited-author table.,367,133,52,2,"['A5101496943', 'A5103328158']",['Jan Hoffmann'],['0000-0001-8326-0788'],8,3,2017,2025
jasminblanchette1,Jasmin Blanchette,Jasmin Blanchette,jasmin blanchette,,,False,unmatched_or_ambiguous_name,review,True,PC name not found with an OpenAlex Author ID in the cited-author table.,0,0,0,0,,,,1,1,2025,2025
jeanyang,Jean Yang,Jean Yang,jean yang,,,False,unmatched_or_ambiguous_name,review,True,PC name maps to multiple OpenAlex Author IDs in the cited-author table.,61,40,10,3,"['A5028524705', 'A5105875045', 'A5112869680']",['Jean Yang'],['0000-0002-5271-2603'],1,1,2018,2018
jeffhuang,Jeff Huang,Jeff Huang,jeff huang,,,False,unmatched_or_ambiguous_name,review,True,PC name maps to multiple OpenAlex Author IDs in the cited-author table.,131,72,34,2,"['A5052381120', 'A5103035835']",['Jeff Huang'],"['0000-0002-3453-5666', '0000-0003-1393-0752']",5,2,2017,2024
jennadivincenzowise,Jenna DiVincenzo (Wise),Jenna DiVincenzo (Wise),jenna divincenzo (wise),,,False,unmatched_or_ambiguous_name,review,True,PC name not found with an OpenAlex Author ID in the cited-author table.,0,0,0,0,,,,1,1,2025,2025
jeremygibbons,Jeremy Gibbons,Jeremy Gibbons,jeremy gibbons,,,False,unmatched_or_ambiguous_name,review,True,PC name maps to multiple OpenAlex Author IDs in the cited-author table.,103,72,52,2,"['A5086558126', 'A5108741201']",['Jeremy Gibbons'],['0000-0002-8426-9917'],3,2,2023,2024
jialuzhang,Jialu Zhang,Jialu Zhang,jialu zhang,,,False,unmatched_or_ambiguous_name,review,True,PC name maps to multiple OpenAlex Author IDs in the cited-author table.,7,4,5,3,"['A5014754883', 'A5100764599', 'A5100764602']",['Jialu Zhang'],"['0000-0002-6884-9663', '0009-0003-8193-0719', '0009-0004-7114-3372']",1,1,2025,2025
jonathanragankelley,Jonathan Ragan-Kelley,Jonathan Ragan-Kelley,jonathan ragan-kelley,,,False,unmatched_or_ambiguous_name,review,True,PC name not found with an OpenAlex Author ID in the cited-author table.,0,0,0,0,,,,2,1,2018,2023
julienverlaguet,Julien Verlaguet,Julien Verlaguet,julien verlaguet,,,False,unmatched_or_ambiguous_name,review,True,PC name not found with an OpenAlex Author ID in the cited-author table.,0,0,0,0,,,,1,1,2017,2017
juneyounglee2,Juneyoung Lee,Juneyoung Lee,juneyoung lee,,,False,unmatched_or_ambiguous_name,review,True,PC name maps to multiple OpenAlex Author IDs in the cited-author table.,76,45,10,2,"['A5009604611', 'A5100318692']",['Juneyoung Lee'],"['0000-0001-8073-9304', '0000-0002-8152-9330']",1,1,2025,2025
junfengyang,Junfeng Yang,Junfeng Yang,junfeng yang,,,False,unmatched_or_ambiguous_name,review,True,PC name maps to multiple OpenAlex Author IDs in the cited-author table.,69,59,29,3,"['A5056288677', 'A5101783316', 'A5112881523']",['Junfeng Yang'],"['0000-0001-7771-0260', '0000-0003-1981-6424', '0009-0004-9396-7882']",1,1,2017,2017
kathleenfisher,Kathleen Fisher,Kathleen Fisher,kathleen fisher,,,False,unmatched_or_ambiguous_name,review,True,PC name maps to multiple OpenAlex Author IDs in the cited-author table.,79,41,35,2,"['A5047373593', 'A5056099984']",['Kathleen Fisher'],"['0000-0001-5249-2615', '0000-0001-6326-7157']",3,2,2017,2019
kewang,Ke Wang,Ke Wang,ke wang,,,False,unmatched_or_ambiguous_name,review,True,PC name maps to multiple OpenAlex Author IDs in the cited-author table.,34,26,15,8,"['A5001578135', 'A5052144233', 'A5068556410', 'A5100360109', 'A5100360129', 'A5100360130', 'A5100360148', 'A5101445828']",['Ke Wang'],"['0000-0001-6781-981X', '0000-0002-1956-5031', '0000-0002-8021-4951', '0000-0002-8088-607X', '0000-0003-0844-5023', '0000-0003-1945-6596', '0000-0003-2300-0743', '0000-0003-2460-7758']",4,1,2020,2025
kedarnamjoshi,Kedar Namjoshi,Kedar Namjoshi,kedar namjoshi,,,False,unmatched_or_ambiguous_name,review,True,PC name not found with an OpenAlex Author ID in the cited-author table.,0,0,0,0,,,,1,1,2021,2021
kimbruce,Kim Bruce,Kim Bruce,kim bruce,,,False,unmatched_or_ambiguous_name,review,True,PC name not found with an OpenAlex Author ID in the cited-author table.,0,0,0,0,,,,1,1,2017,2017
klausvgleissenthall,Klaus v. Gleissenthall,Klaus v. Gleissenthall,klaus v gleissenthall,,,False,unmatched_or_ambiguous_name,review,True,PC name not found with an OpenAlex Author ID in the cited-author table.,0,0,0,0,,,,2,1,2022,2024
konstantinoskallas,Konstantinos Kallas,Konstantinos Kallas,konstantinos kallas,,,False,unmatched_or_ambiguous_name,review,True,PC name not found with an OpenAlex Author ID in the cited-author table.,0,0,0,0,,,,1,1,2025,2025
kristofmarussy,Kristóf Marussy,Kristóf Marussy,kristof marussy,,,False,unmatched_or_ambiguous_name,review,True,PC name not found with an OpenAlex Author ID in the cited-author table.,0,0,0,0,,,,1,1,2025,2025
kuenbanghoufavonia,Kuen-Bang Hou (Favonia),Kuen-Bang Hou (Favonia),kuen-bang hou (favonia),,,False,unmatched_or_ambiguous_name,review,True,PC name not found with an OpenAlex Author ID in the cited-author table.,0,0,0,0,,,,2,2,2021,2024
liangtingchen,Liang-Ting Chen,Liang-Ting Chen,liang-ting chen,,,False,unmatched_or_ambiguous_name,review,True,PC name not found with an OpenAlex Author ID in the cited-author table.,0,0,0,0,,,,1,1,2023,2023
lingmingzhang1,Lingming Zhang,Lingming Zhang,lingming zhang,,,False,unmatched_or_ambiguous_name,review,True,PC name maps to multiple OpenAlex Author IDs in the cited-author table.,109,55,53,3,"['A5028946205', 'A5043546718', 'A5113160035']",['Lingming Zhang'],"['0000-0001-5175-2702', '0000-0002-8681-0287']",1,1,2024,2024
luzhang,Lu Zhang,Lu Zhang,lu zhang,,,False,unmatched_or_ambiguous_name,review,True,PC name maps to multiple OpenAlex Author IDs in the cited-author table.,132,103,52,8,"['A5100388550', 'A5100388576', 'A5100388581', 'A5100388597', 'A5100753041', 'A5101556967', 'A5101660937', 'A5115587872']",['Lu Zhang'],"['0000-0001-5115-4518', '0000-0001-8304-7055', '0000-0001-8567-508X', '0000-0002-0385-2327', '0000-0002-1193-4429', '0000-0002-1838-7042', '0000-0002-4933-6889', '0009-0008-0452-6049']",1,1,2017,2017
maazbinsafeerahmad,Maaz Bin Safeer Ahmad,Maaz Bin Safeer Ahmad,maaz bin safeer ahmad,,,False,unmatched_or_ambiguous_name,review,True,PC name not found with an OpenAlex Author ID in the cited-author table.,0,0,0,0,,,,1,1,2025,2025
mahmuttaylankandemir,Mahmut Taylan Kandemir,Mahmut Taylan Kandemir,mahmut taylan kandemir,,,False,unmatched_or_ambiguous_name,review,True,PC name not found with an OpenAlex Author ID in the cited-author table.,0,0,0,0,,,,2,1,2021,2025
manuelserrano,Manuel Serrano,Manuel Serrano,manuel serrano,,,False,unmatched_or_ambiguous_name,review,True,PC name maps to multiple OpenAlex Author IDs in the cited-author table.,40,23,20,2,"['A5029403444', 'A5102890645']",['Manuel Serrano'],"['0000-0002-5240-1610', '0000-0003-0962-5659']",3,2,2022,2025
mariekerjean1,Marie Kerjean,Marie Kerjean,marie kerjean,,,False,unmatched_or_ambiguous_name,review,True,PC name not found with an OpenAlex Author ID in the cited-author table.,0,0,0,0,,,,1,1,2025,2025
markjones,Mark Jones,Mark Jones,mark jones,,,False,unmatched_or_ambiguous_name,review,True,PC name not found with an OpenAlex Author ID in the cited-author table.,0,0,0,0,,,,1,1,2017,2017
martinabadi,Martin Abadi,Martin Abadi,martin abadi,,,False,unmatched_or_ambiguous_name,review,True,PC name not found with an OpenAlex Author ID in the cited-author table.,0,0,0,0,,,,1,1,2017,2017
martinrinard,Martin C. Rinard,Martin C. Rinard,martin c rinard,,,False,unmatched_or_ambiguous_name,review,True,PC name not found with an OpenAlex Author ID in the cited-author table.,0,0,0,0,,,,2,1,2019,2021
martinerwig,Martin Erwig,Martin Erwig,martin erwig,,,False,unmatched_or_ambiguous_name,review,True,PC name maps to multiple OpenAlex Author IDs in the cited-author table.,80,38,27,2,"['A5078733350', 'A5105469807']",['Martin Erwig'],['0000-0002-7471-4554'],2,2,2017,2019
matthewhammer,Matthew Hammer,Matthew Hammer,matthew hammer,,,False,unmatched_or_ambiguous_name,review,True,PC name not found with an OpenAlex Author ID in the cited-author table.,0,0,0,0,,,,1,1,2019,2019
matthewparkinson,Matthew J. Parkinson,Matthew J. Parkinson,matthew j parkinson,,,False,unmatched_or_ambiguous_name,review,True,PC name not found with an OpenAlex Author ID in the cited-author table.,0,0,0,0,,,,4,2,2019,2025
mengwang,Meng Wang,Meng Wang,meng wang,,,False,unmatched_or_ambiguous_name,review,True,PC name maps to multiple OpenAlex Author IDs in the cited-author table.,71,43,29,3,"['A5074307489', 'A5083328834', 'A5100377147']",['Meng Wang'],"['0000-0001-7780-630X', '0000-0002-3094-7735', '0009-0008-1749-7929']",1,1,2024,2024
michaeldadams,Michael D. Adams,Michael D. Adams,michael d adams,,,False,unmatched_or_ambiguous_name,review,True,PC name maps to multiple OpenAlex Author IDs in the cited-author table.,32,23,18,2,"['A5014296250', 'A5101495354']",['Michael D. Adams'],"['0000-0001-6163-7062', '0000-0003-3160-6972']",3,2,2019,2023
michaeloboyle,Michael F. P. O'Boyle,Michael F. P. O'Boyle,michael f p o'boyle,,,False,unmatched_or_ambiguous_name,review,True,PC name not found with an OpenAlex Author ID in the cited-author table.,0,0,0,0,,,,3,1,2021,2025
michaelfranz,Michael Franz,Michael Franz,michael franz,,,False,unmatched_or_ambiguous_name,review,True,PC name maps to multiple OpenAlex Author IDs in the cited-author table.,55,41,27,2,"['A5103069673', 'A5107250730']",['Michael Franz'],"['0000-0001-5911-2275', '0000-0003-0112-709X']",1,1,2025,2025
michaelhicks,Michael Hicks,Michael Hicks,michael hicks,,,False,unmatched_or_ambiguous_name,review,True,PC name maps to multiple OpenAlex Author IDs in the cited-author table.,295,202,80,2,"['A5046625836', 'A5111458229']",['Michael Hicks'],['0000-0002-2759-9223'],4,3,2021,2024
muralidaranvijayaraghavan,Muralidaran Vijayaraghavan,Murali Vijayaraghavan,murali vijayaraghavan,,,False,unmatched_or_ambiguous_name,review,True,PC name not found with an OpenAlex Author ID in the cited-author table.,0,0,0,0,,,,1,1,2024,2024
nachiappanvalliappan,Nachiappan Valliappan,Nachiappan Valliappan,nachiappan valliappan,,,False,unmatched_or_ambiguous_name,review,True,PC name maps to multiple OpenAlex Author IDs in the cited-author table.,3,2,3,2,"['A5076882327', 'A5112789797']",['Nachiappan Valliappan'],['0000-0002-9358-3852'],1,1,2025,2025
naokikobayashi,Naoki Kobayashi,Naoki Kobayashi,naoki kobayashi,,,False,unmatched_or_ambiguous_name,review,True,PC name maps to multiple OpenAlex Author IDs in the cited-author table.,309,103,86,2,"['A5100772472', 'A5100772473']",['Naoki Kobayashi'],"['0000-0001-7082-955X', '0000-0002-0537-0604']",2,1,2021,2025
nehaagarwal,Neha Agarwal,Neha Agarwal,neha agarwal,,,False,unmatched_or_ambiguous_name,review,True,PC name not found with an OpenAlex Author ID in the cited-author table.,0,0,0,0,,,,1,1,2019,2019
neiljulienross,Neil Julien Ross,Neil Julien Ross,neil julien ross,,,False,unmatched_or_ambiguous_name,review,True,PC name not found with an OpenAlex Author ID in the cited-author table.,0,0,0,0,,,,2,2,2024,2025
nikhilswamy,Nikhil Swamy,Nikhil Swamy,nikhil swamy,,,False,unmatched_or_ambiguous_name,review,True,PC name maps to multiple OpenAlex Author IDs in the cited-author table.,339,179,51,2,"['A5039334115', 'A5109559439']",['Nikhil Swamy'],"['0000-0001-5348-9266', '0000-0002-9254-3015']",5,3,2017,2025
nikosvasilakis,Nikos Vasilakis,Nikos Vasilakis,nikos vasilakis,,,False,unmatched_or_ambiguous_name,review,True,PC name maps to multiple OpenAlex Author IDs in the cited-author table.,9,6,8,2,"['A5034441711', 'A5073156357']",['Nikos Vasilakis'],"['0000-0001-7347-298X', '0000-0002-0708-3289']",1,1,2021,2021
normanramsey,Norman Ramsey,Norman Ramsey,norman ramsey,,,False,unmatched_or_ambiguous_name,review,True,PC name not found with an OpenAlex Author ID in the cited-author table.,0,0,0,0,,,,1,1,2021,2021
pmadhusudan,P. Madhusudan,P. Madhusudan,p madhusudan,,,False,unmatched_or_ambiguous_name,review,True,PC name maps to multiple OpenAlex Author IDs in the cited-author table.,320,149,77,2,"['A5082165802', 'A5112870293']",['P. Madhusudan'],['0000-0002-9782-721X'],6,3,2019,2025
pavelparizek,Pavel Parizek,Pavel Parízek,pavel parizek,,,False,unmatched_or_ambiguous_name,review,True,PC name not found with an OpenAlex Author ID in the cited-author table.,0,0,0,0,,,,1,1,2025,2025
pengwu,Peng Wu,Peng Wu,peng wu,,,False,unmatched_or_ambiguous_name,review,True,PC name maps to multiple OpenAlex Author IDs in the cited-author table.,22,17,18,6,"['A5030772308', 'A5032693575', 'A5101608169', 'A5101621116', 'A5102910910', 'A5108630261']",['Peng Wu'],"['0000-0002-0584-8161', '0000-0002-3775-3802', '0000-0002-4931-0566', '0000-0002-6294-0431', '0000-0003-2938-6798']",1,1,2017,2017
petermller,Peter Müller,Peter Müller,peter muller,,,False,unmatched_or_ambiguous_name,review,True,PC name maps to multiple OpenAlex Author IDs in the cited-author table.,294,163,84,3,"['A5014189899', 'A5073853337', 'A5109230478']","['Peter Müller', 'Péter Müller']","['0000-0001-7001-2566', '0000-0002-3063-9636']",4,2,2018,2024
peterohearn,Peter O'Hearn,Peter O'Hearn,peter o'hearn,,,False,unmatched_or_ambiguous_name,review,True,PC name not found with an OpenAlex Author ID in the cited-author table.,0,0,0,0,,,,1,1,2019,2019
philippruemmer,Philipp Ruemmer,Philipp Ruemmer,philipp ruemmer,,,False,unmatched_or_ambiguous_name,review,True,PC name maps to multiple OpenAlex Author IDs in the cited-author table.,3,3,2,2,"['A5068090484', 'A5109657310']","['Philipp Ruemmer', 'Philipp Rüemmer']",['0000-0002-2733-7098'],1,1,2022,2022
pierreganty,Pierre Ganty,Pierre Ganty,pierre ganty,,,False,unmatched_or_ambiguous_name,review,True,PC name maps to multiple OpenAlex Author IDs in the cited-author table.,26,15,15,2,"['A5030085363', 'A5106696065']",['Pierre Ganty'],['0000-0002-3625-6003'],1,1,2021,2021
pierreevaristedagand,Pierre-Evariste Dagand,Pierre-Evariste Dagand,pierre-evariste dagand,,,False,unmatched_or_ambiguous_name,review,True,PC name maps to multiple OpenAlex Author IDs in the cited-author table.,60,47,21,2,"['A5047227539', 'A5067823073']","['PIERRE-ÉVARISTE DAGAND', 'Pierre-Évariste Dagand']",[],1,1,2019,2019
rahulsharma,Rahul Sharma,Rahul Sharma,rahul sharma,,,False,unmatched_or_ambiguous_name,review,True,PC name maps to multiple OpenAlex Author IDs in the cited-author table.,287,164,47,7,"['A5047705301', 'A5054300851', 'A5091151406', 'A5101769895', 'A5101845444', 'A5101845446', 'A5103065972']",['Rahul Sharma'],"['0000-0001-7527-4653', '0000-0001-7826-6034', '0000-0002-1177-1156', '0000-0002-2440-5286', '0000-0002-9024-8768', '0000-0003-0789-2569', '0000-0003-1697-3897']",6,3,2018,2025
robsison,Rob Sison,Rob Sison,rob sison,,,False,unmatched_or_ambiguous_name,review,True,PC name not found with an OpenAlex Author ID in the cited-author table.,0,0,0,0,,,,2,1,2024,2025
robertrand,Robert Rand,Robert Rand,robert rand,,,False,unmatched_or_ambiguous_name,review,True,PC name not found with an OpenAlex Author ID in the cited-author table.,0,0,0,0,,,,4,2,2022,2025
rolandmeyer,Roland Meyer,Roland Meyer,roland meyer,,,False,unmatched_or_ambiguous_name,review,True,PC name maps to multiple OpenAlex Author IDs in the cited-author table.,79,46,26,2,"['A5085643838', 'A5102494505']",['Roland Meyer'],['0000-0001-8495-671X'],2,1,2021,2025
ryanrnewton,Ryan R. Newton,Ryan R. Newton,ryan r newton,,,False,unmatched_or_ambiguous_name,review,True,PC name not found with an OpenAlex Author ID in the cited-author table.,0,0,0,0,,,,4,3,2018,2022
sarahchasins,Sarah E. Chasins,Sarah E. Chasins,sarah e chasins,,,False,unmatched_or_ambiguous_name,review,True,PC name not found with an OpenAlex Author ID in the cited-author table.,0,0,0,0,,,,5,3,2020,2025
satishchandra,Satish Chandra,Satish Chandra,satish chandra,,,False,unmatched_or_ambiguous_name,review,True,PC name maps to multiple OpenAlex Author IDs in the cited-author table.,136,116,42,2,"['A5101965118', 'A5104084134']",['Satish Chandra'],"['0000-0001-7625-4726', '0000-0003-2546-9000']",4,3,2020,2025
satnamsingh,Satnam Singh,Satnam Singh,satnam singh,,,False,unmatched_or_ambiguous_name,review,True,PC name maps to multiple OpenAlex Author IDs in the cited-author table.,28,25,8,2,"['A5101711903', 'A5109562655']",['Satnam Singh'],['0009-0006-4229-0554'],2,2,2023,2024
shaohuali,Shaohua Li,Shaohua Li,shaohua li,,,False,unmatched_or_ambiguous_name,review,True,PC name maps to multiple OpenAlex Author IDs in the cited-author table.,10,7,5,2,"['A5022863629', 'A5100367943']",['Shaohua Li'],"['0000-0001-7556-3615', '0000-0002-4229-9886']",1,1,2025,2025
sharonshoham,Sharon Shoham,Sharon Shoham Buchbinder,sharon shoham buchbinder,,,False,unmatched_or_ambiguous_name,review,True,PC name not found with an OpenAlex Author ID in the cited-author table.,0,0,0,0,,,,3,2,2017,2025
shengchen1,Sheng Chen,Sheng Chen,sheng chen,,,False,unmatched_or_ambiguous_name,review,True,PC name maps to multiple OpenAlex Author IDs in the cited-author table.,64,26,18,2,"['A5100320969', 'A5100321009']",['Sheng Chen'],"['0000-0001-6882-600X', '0000-0003-1735-0704']",3,2,2021,2025
silviaghilezan,Silvia Ghilezan,Silvia Ghilezan,silvia ghilezan,,,False,unmatched_or_ambiguous_name,review,True,PC name maps to multiple OpenAlex Author IDs in the cited-author table.,16,11,10,2,"['A5031880141', 'A5058331186']",['Silvia Ghilezan'],['0000-0003-2253-8285'],1,1,2022,2022
simonpeytonjones,Simon Peyton Jones,Simon Peyton Jones,simon peyton jones,,,False,unmatched_or_ambiguous_name,review,True,PC name maps to multiple OpenAlex Author IDs in the cited-author table.,575,259,126,2,"['A5027817074', 'A5111426939']",['Simon Peyton Jones'],['0000-0002-6085-1435'],5,3,2021,2025
sohamchakraborty,Soham Chakraborty,Soham Chakraborty,soham chakraborty,,,False,unmatched_or_ambiguous_name,review,True,PC name maps to multiple OpenAlex Author IDs in the cited-author table.,107,61,14,3,"['A5057239424', 'A5076643620', 'A5101626748']",['Soham Chakraborty'],"['0000-0002-4454-2050', '0000-0002-4990-9931', '0000-0003-1229-4176']",1,1,2024,2024
sriramkrishnamoorthy,Sriram Krishnamoorthy,Sriram Krishnamoorthy,sriram krishnamoorthy,,,False,unmatched_or_ambiguous_name,review,True,PC name maps to multiple OpenAlex Author IDs in the cited-author table.,66,52,32,2,"['A5006650430', 'A5101425092']",['Sriram Krishnamoorthy'],"['0000-0002-4682-1002', '0000-0002-8228-8890']",1,1,2020,2020
sriramrajamani,Sriram Rajamani,Sriram Rajamani,sriram rajamani,,,False,unmatched_or_ambiguous_name,review,True,PC name not found with an OpenAlex Author ID in the cited-author table.,0,0,0,0,,,,1,1,2024,2024
sriramsankaranarayanan,Sriram Sankaranarayanan,Sriram Sankaranarayanan,sriram sankaranarayanan,,,False,unmatched_or_ambiguous_name,review,True,PC name maps to multiple OpenAlex Author IDs in the cited-author table.,179,115,35,2,"['A5083421065', 'A5103106502']",['Sriram Sankaranarayanan'],"['0000-0001-7315-4340', '0000-0001-8876-5507']",1,1,2021,2021
steveblackburn,Steve Blackburn,Steve Blackburn,steve blackburn,,,False,unmatched_or_ambiguous_name,review,True,PC name not found with an OpenAlex Author ID in the cited-author table.,0,0,0,0,,,,6,2,2018,2024
subhajitroy,Subhajit Roy,Subhajit Roy,subhajit roy,,,False,unmatched_or_ambiguous_name,review,True,PC name maps to multiple OpenAlex Author IDs in the cited-author table.,63,29,30,2,"['A5014601092', 'A5101699843']",['Subhajit Roy'],"['0000-0002-3394-023X', '0000-0002-6920-6328']",1,1,2024,2024
suparnabhattacharya,Suparna Bhattacharya,Suparna Bhattacharya,suparna bhattacharya,,,False,unmatched_or_ambiguous_name,review,True,PC name not found with an OpenAlex Author ID in the cited-author table.,0,0,0,0,,,,1,1,2017,2017
thomaspjensen,Thomas P. Jensen,Thomas P. Jensen,thomas p jensen,,,False,unmatched_or_ambiguous_name,review,True,PC name not found with an OpenAlex Author ID in the cited-author table.,0,0,0,0,,,,1,1,2024,2024
tijsvanderstorm,Tijs van der Storm,Tijs van der Storm,tijs van der storm,,,False,unmatched_or_ambiguous_name,review,True,PC name maps to multiple OpenAlex Author IDs in the cited-author table.,22,17,10,3,"['A5014852863', 'A5105775590', 'A5105972252']",['Tijs van der Storm'],['0000-0001-8853-7934'],1,1,2023,2023
tingcao,Ting Cao,Ting Cao,ting cao,,,False,unmatched_or_ambiguous_name,review,True,PC name maps to multiple OpenAlex Author IDs in the cited-author table.,7,5,5,2,"['A5101534161', 'A5101945161']",['Ting Cao'],"['0000-0002-7675-0882', '0000-0002-9107-013X']",2,1,2021,2022
tomaspetricek,Tomas Petricek,Tomas Petricek,tomas petricek,,,False,unmatched_or_ambiguous_name,review,True,PC name not found with an OpenAlex Author ID in the cited-author table.,0,0,0,0,,,,1,1,2024,2024
tonyhosking,Tony Hosking,Tony Hosking,tony hosking,,,False,unmatched_or_ambiguous_name,review,True,PC name not found with an OpenAlex Author ID in the cited-author table.,0,0,0,0,,,,4,1,2018,2025
urialon,Uri Alon,Uri Alon,uri alon,,,False,unmatched_or_ambiguous_name,review,True,PC name maps to multiple OpenAlex Author IDs in the cited-author table.,23,18,10,2,"['A5010209966', 'A5107243336']",['Uri Alon'],"['0000-0001-5796-9988', '0000-0003-1121-5907']",1,1,2021,2021
vaishnavisundararajan,Vaishnavi Sundararajan,Vaishnavi Sundararajan,vaishnavi sundararajan,,,False,unmatched_or_ambiguous_name,review,True,PC name not found with an OpenAlex Author ID in the cited-author table.,0,0,0,0,,,,1,1,2025,2025
weizhang,Wei Zhang,Wei Zhang,wei zhang,,,False,unmatched_or_ambiguous_name,review,True,PC name maps to multiple OpenAlex Author IDs in the cited-author table.,27,18,15,11,"['A5023155310', 'A5061515087', 'A5069960498', 'A5100441535', 'A5100441570', 'A5100441789', 'A5100441817', 'A5100643324', 'A5100727539', 'A5100727546', 'A5101814390']","['Wei Zhang', 'Wěi Zhāng']","['0000-0001-8020-4190', '0000-0001-9405-447X', '0000-0002-1220-9851', '0000-0002-1533-6979', '0000-0002-7622-6714', '0000-0002-8326-8496', '0000-0003-1343-2817', '0000-0003-2615-2603', '0000-0003-3605-9373', '0000-0003-4980-7430', '0009-0000-5880-4579']",1,1,2024,2024
weinganchin,Wei-Ngan Chin,Wei-Ngan Chin,wei-ngan chin,,,False,unmatched_or_ambiguous_name,review,True,PC name maps to multiple OpenAlex Author IDs in the cited-author table.,112,70,47,2,"['A5016580696', 'A5047181479']",['Wei-Ngan Chin'],['0000-0002-9660-5682'],1,1,2022,2022
wenxiwang,Wenxi Wang,Wenxi Wang,wenxi wang,,,False,unmatched_or_ambiguous_name,review,True,PC name maps to multiple OpenAlex Author IDs in the cited-author table.,4,3,3,2,"['A5100739654', 'A5102708544']",['Wenxi Wang'],"['0000-0001-8943-2296', '0009-0002-6016-6195']",1,1,2025,2025
williamcook,William Cook,William Cook,william cook,,,False,unmatched_or_ambiguous_name,review,True,PC name not found with an OpenAlex Author ID in the cited-author table.,0,0,0,0,,,,1,1,2018,2018
xiangyuzhang,Xiangyu Zhang,Xiangyu Zhang,xiangyu zhang,,,False,unmatched_or_ambiguous_name,review,True,PC name maps to multiple OpenAlex Author IDs in the cited-author table.,146,109,64,4,"['A5100362457', 'A5100362465', 'A5100362470', 'A5107249133']",['Xiangyu Zhang'],"['0000-0002-5273-4765', '0000-0002-9544-2500', '0000-0003-2138-4608', '0000-0003-3186-8067']",1,1,2025,2025
xinzhang,Xin Zhang,Xin Zhang,xin zhang,,,False,unmatched_or_ambiguous_name,review,True,PC name maps to multiple OpenAlex Author IDs in the cited-author table.,58,38,16,15,"['A5027743278', 'A5051085669', 'A5080314329', 'A5087502184', 'A5100327327', 'A5100327375', 'A5100327487', 'A5100327497', 'A5100327518', 'A5100327544', 'A5100327572', 'A5100327604', 'A5100763365', 'A5101966013', 'A5116410532']",['Xin Zhang'],"['0000-0001-5250-1657', '0000-0001-5647-2777', '0000-0001-6388-9327', '0000-0001-8956-6024', '0000-0002-0579-2268', '0000-0002-1515-7145', '0000-0002-4125-5996', '0000-0002-5673-309X', '0000-0002-6029-1933', '0000-0002-6449-8536', '0000-0002-7947-916X', '0000-0002-9565-479X', '0000-0003-1391-7662', '0000-0003-3088-4399', '0000-0003-3416-839X']",4,2,2018,2024
xinyufeng,Xinyu Feng,Xinyu Feng,xinyu feng,,,False,unmatched_or_ambiguous_name,review,True,PC name maps to multiple OpenAlex Author IDs in the cited-author table.,166,83,30,2,"['A5101761507', 'A5101761508']",['Xinyu Feng'],"['0000-0003-1068-383X', '0009-0006-8363-4771']",5,2,2018,2024
xinyuwang,Xinyu Wang,Xinyu Wang,xinyu wang,,,False,unmatched_or_ambiguous_name,review,True,PC name maps to multiple OpenAlex Author IDs in the cited-author table.,190,96,32,3,"['A5100352782', 'A5100352786', 'A5100352800']",['Xinyu Wang'],"['0000-0002-1836-0202', '0000-0002-2602-5551', '0000-0002-5507-6569']",5,3,2021,2025
yufeng,Yu Feng,Yu Feng,yu feng,,,False,unmatched_or_ambiguous_name,review,True,PC name maps to multiple OpenAlex Author IDs in the cited-author table.,237,132,31,3,"['A5070410939', 'A5071856444', 'A5101567136']",['Yu Feng'],"['0000-0001-9068-3746', '0000-0002-2898-6778', '0000-0003-1000-1229']",3,2,2022,2025
yuepengwang,Yuepeng Wang,Yuepeng Wang,yuepeng wang,,,False,unmatched_or_ambiguous_name,review,True,PC name maps to multiple OpenAlex Author IDs in the cited-author table.,129,83,18,2,"['A5024695395', 'A5101979875']",['Yuepeng Wang'],"['0000-0002-7938-5948', '0000-0003-3370-2431']",3,2,2022,2024
zhendongsu,Zhendong Su,Zhendong Su,zhendong su,,,False,unmatched_or_ambiguous_name,review,True,PC name maps to multiple OpenAlex Author IDs in the cited-author table.,462,192,113,2,"['A5077610917', 'A5109597801']",['Zhendong Su'],['0000-0002-2970-1391'],3,2,2018,2022
zhengzhang,Zheng Zhang,Eddy (Zheng) Zhang,eddy (zheng) zhang,,,False,unmatched_or_ambiguous_name,review,True,PC name not found with an OpenAlex Author ID in the cited-author table.,0,0,0,0,,,,1,1,2024,2024
zhenjianghu,Zhenjiang Hu,Zhenjiang Hu,zhenjiang hu,,,False,unmatched_or_ambiguous_name,review,True,PC name maps to multiple OpenAlex Author IDs in the cited-author table.,147,52,72,2,"['A5010096754', 'A5102717988']",['Zhenjiang Hu'],['0000-0002-9034-205X'],4,3,2019,2025
zhihaojia1,Zhihao Jia,Zhihao Jia,zhihao jia,,,False,unmatched_or_ambiguous_name,review,True,PC name maps to multiple OpenAlex Author IDs in the cited-author table.,45,36,12,2,"['A5039360973', 'A5062437461']",['Zhihao Jia'],"['0000-0001-5525-2721', '0000-0002-1270-5185']",1,1,2022,2022
zhiqiangzuo,Zhiqiang Zuo,Zhiqiang Zuo,zhiqiang zuo,,,False,unmatched_or_ambiguous_name,review,True,PC name maps to multiple OpenAlex Author IDs in the cited-author table.,41,27,18,2,"['A5037713727', 'A5067825173']",['Zhiqiang Zuo'],"['0000-0001-7104-9918', '0000-0002-4566-7488']",4,2,2022,2025
