canonical_researchr_id,pc_name,mapped_name_for_matching,query_source,candidate_rank,candidate_ref_author_name,candidate_ref_norm,candidate_score,review_bucket,full_ratio,token_sort_ratio,token_overlap,same_surname,same_first_initial,n_evidence_rows,n_citing_papers,n_cited_works,n_openalex_author_ids,openalex_author_ids,openalex_orcids,ref_author_name_variants,cited_in_issues,manual_decision,manual_notes
alexkavvos,Alex Kavvos,Alex Kavvos,original_name,1,G. A. Kavvos,g a kavvos,82.2,weak_candidate,76.2,76.2,33.3,True,False,61,37,12,1,['A5037972894'],['0000-0001-7953-7975'],['G. A. Kavvos'],"['ICFP', 'OOPSLA', 'OOPSLA1', 'OOPSLA2', 'PLDI', 'POPL']",,
alexkavvos,Alex Kavvos,Alex Kavvos,mapped_name,2,G. A. Kavvos,g a kavvos,82.2,weak_candidate,76.2,76.2,33.3,True,False,61,37,12,1,['A5037972894'],['0000-0001-7953-7975'],['G. A. Kavvos'],"['ICFP', 'OOPSLA', 'OOPSLA1', 'OOPSLA2', 'PLDI', 'POPL']",,
alexkavvos,Alex Kavvos,Alex Kavvos,original_name,3,Alex Graves,alex graves,76.7,weak_candidate,72.7,72.7,50.0,False,True,9,6,6,1,['A5043473089'],[],['Alex Graves'],"['OOPSLA', 'PLDI']",,
alexkavvos,Alex Kavvos,Alex Kavvos,mapped_name,4,Alex Graves,alex graves,76.7,weak_candidate,72.7,72.7,50.0,False,True,9,6,6,1,['A5043473089'],[],['Alex Graves'],"['OOPSLA', 'PLDI']",,
alexkavvos,Alex Kavvos,Alex Kavvos,original_name,5,Alex Davies,alex davies,76.7,weak_candidate,72.7,72.7,50.0,False,True,3,3,2,1,['A5101491074'],['0000-0003-4917-5234'],['Alex Davies'],"['OOPSLA1', 'OOPSLA2', 'PLDI']",,
alexkavvos,Alex Kavvos,Alex Kavvos,mapped_name,6,Alex Davies,alex davies,76.7,weak_candidate,72.7,72.7,50.0,False,True,3,3,2,1,['A5101491074'],['0000-0003-4917-5234'],['Alex Davies'],"['OOPSLA1', 'OOPSLA2', 'PLDI']",,
alexkavvos,Alex Kavvos,Alex Kavvos,original_name,7,Alex Knaust,alex knaust,76.7,weak_candidate,72.7,72.7,50.0,False,True,1,1,1,1,['A5052910558'],[],['Alex Knaust'],['OOPSLA'],,
alexkavvos,Alex Kavvos,Alex Kavvos,mapped_name,8,Alex Knaust,alex knaust,76.7,weak_candidate,72.7,72.7,50.0,False,True,1,1,1,1,['A5052910558'],[],['Alex Knaust'],['OOPSLA'],,
alexkavvos,Alex Kavvos,Alex Kavvos,original_name,9,Alex Galakatos,alex galakatos,76.0,weak_candidate,72.0,72.0,50.0,False,True,3,3,2,1,['A5039470845'],[],['Alex Galakatos'],"['OOPSLA', 'OOPSLA1', 'POPL']",,
alexkavvos,Alex Kavvos,Alex Kavvos,mapped_name,10,Alex Galakatos,alex galakatos,76.0,weak_candidate,72.0,72.0,50.0,False,True,3,3,2,1,['A5039470845'],[],['Alex Galakatos'],"['OOPSLA', 'OOPSLA1', 'POPL']",,
alexkavvos,Alex Kavvos,Alex Kavvos,original_name,11,Alex Kale,alex kale,74.0,weak_candidate,70.0,70.0,50.0,False,True,1,1,1,1,['A5001536494'],['0000-0001-7668-2800'],['Alex Kale'],['OOPSLA1'],,
alexkavvos,Alex Kavvos,Alex Kavvos,mapped_name,12,Alex Kale,alex kale,74.0,weak_candidate,70.0,70.0,50.0,False,True,1,1,1,1,['A5001536494'],['0000-0001-7668-2800'],['Alex Kale'],['OOPSLA1'],,
alexeyloginov,Alexey Loginov,Alexey Loginov,original_name,1,Alexey Guseynov,alexey guseynov,79.9,weak_candidate,75.9,75.9,50.0,False,True,1,1,1,1,['A5069523512'],[],['Alexey Guseynov'],['OOPSLA2'],,
alexeyloginov,Alexey Loginov,Alexey Loginov,original_name,2,Alexey Melnikov,alexey melnikov,79.9,weak_candidate,75.9,75.9,50.0,False,True,1,1,1,1,['A5103869210'],[],['Alexey Melnikov'],['OOPSLA'],,
alexeyloginov,Alexey Loginov,Alexey Loginov,mapped_name,3,Alexey Guseynov,alexey guseynov,79.9,weak_candidate,75.9,75.9,50.0,False,True,1,1,1,1,['A5069523512'],[],['Alexey Guseynov'],['OOPSLA2'],,
alexeyloginov,Alexey Loginov,Alexey Loginov,mapped_name,4,Alexey Melnikov,alexey melnikov,79.9,weak_candidate,75.9,75.9,50.0,False,True,1,1,1,1,['A5103869210'],[],['Alexey Melnikov'],['OOPSLA'],,
alexeyloginov,Alexey Loginov,Alexey Loginov,original_name,5,Alexey Lavrov,alexey lavrov,78.1,weak_candidate,74.1,74.1,50.0,False,True,5,4,3,1,['A5049581260'],[],['Alexey Lavrov'],"['OOPSLA2', 'PLDI']",,
alexeyloginov,Alexey Loginov,Alexey Loginov,mapped_name,6,Alexey Lavrov,alexey lavrov,78.1,weak_candidate,74.1,74.1,50.0,False,True,5,4,3,1,['A5049581260'],[],['Alexey Lavrov'],"['OOPSLA2', 'PLDI']",,
alexeyloginov,Alexey Loginov,Alexey Loginov,original_name,7,Alexey Kukanov,alexey kukanov,75.4,weak_candidate,71.4,71.4,50.0,False,True,9,8,3,1,['A5039831524'],[],['Alexey Kukanov'],"['ICFP', 'PLDI', 'POPL']",,
alexeyloginov,Alexey Loginov,Alexey Loginov,mapped_name,8,Alexey Kukanov,alexey kukanov,75.4,weak_candidate,71.4,71.4,50.0,False,True,9,8,3,1,['A5039831524'],[],['Alexey Kukanov'],"['ICFP', 'PLDI', 'POPL']",,
alexeyloginov,Alexey Loginov,Alexey Loginov,original_name,9,Alexey Tumanov,alexey tumanov,75.4,weak_candidate,71.4,71.4,50.0,False,True,2,2,1,1,['A5048451114'],['0009-0005-7862-1477'],['Alexey Tumanov'],"['OOPSLA', 'POPL']",,
alexeyloginov,Alexey Loginov,Alexey Loginov,mapped_name,10,Alexey Tumanov,alexey tumanov,75.4,weak_candidate,71.4,71.4,50.0,False,True,2,2,1,1,['A5048451114'],['0009-0005-7862-1477'],['Alexey Tumanov'],"['OOPSLA', 'POPL']",,
alexeyloginov,Alexey Loginov,Alexey Loginov,original_name,11,Alexey Solovyev,alexey solovyev,73.0,weak_candidate,69.0,69.0,50.0,False,True,39,22,7,2,"['A5049517241', 'A5109569803']",['0000-0001-8058-5317'],['Alexey Solovyev'],"['ICFP', 'OOPSLA', 'OOPSLA2', 'PLDI', 'POPL']",,
alexeyloginov,Alexey Loginov,Alexey Loginov,mapped_name,12,Alexey Solovyev,alexey solovyev,73.0,weak_candidate,69.0,69.0,50.0,False,True,39,22,7,2,"['A5049517241', 'A5109569803']",['0000-0001-8058-5317'],['Alexey Solovyev'],"['ICFP', 'OOPSLA', 'OOPSLA2', 'PLDI', 'POPL']",,
amirkafshdargoharshady1,Amir K. Goharshady,Amir K. Goharshady,original_name,1,Amir Kafshdar Goharshady,amir kafshdar goharshady,96.9,strong_candidate,82.9,82.9,66.7,True,True,144,62,38,1,['A5005241421'],['0000-0003-1702-6584'],['Amir Kafshdar Goharshady'],"['ICFP', 'OOPSLA', 'OOPSLA1', 'OOPSLA2', 'PLDI', 'POPL']",,
amirkafshdargoharshady1,Amir K. Goharshady,Amir K. Goharshady,mapped_name,2,Amir Kafshdar Goharshady,amir kafshdar goharshady,96.9,strong_candidate,82.9,82.9,66.7,True,True,144,62,38,1,['A5005241421'],['0000-0003-1702-6584'],['Amir Kafshdar Goharshady'],"['ICFP', 'OOPSLA', 'OOPSLA1', 'OOPSLA2', 'PLDI', 'POPL']",,
amirkafshdargoharshady1,Amir K. Goharshady,Amir K. Goharshady,original_name,3,"Goharshady, Amir Kafshdar","goharshady, amir kafshdar",81.0,weak_candidate,47.6,81.0,33.3,False,False,1,1,1,0,[],['0000-0003-1702-6584'],"['Goharshady, Amir Kafshdar']",['OOPSLA2'],,
amirkafshdargoharshady1,Amir K. Goharshady,Amir K. Goharshady,mapped_name,4,"Goharshady, Amir Kafshdar","goharshady, amir kafshdar",81.0,weak_candidate,47.6,81.0,33.3,False,False,1,1,1,0,[],['0000-0003-1702-6584'],"['Goharshady, Amir Kafshdar']",['OOPSLA2'],,
amirkafshdargoharshady1,Amir K. Goharshady,Amir K. Goharshady,original_name,5,Ehsan Kafshdar Goharshady,ehsan kafshdar goharshady,72.7,weak_candidate,66.7,66.7,33.3,True,False,11,8,6,1,['A5015265503'],['0000-0002-8595-0587'],['Ehsan Kafshdar Goharshady'],"['OOPSLA1', 'OOPSLA2', 'PLDI', 'POPL']",,
amirkafshdargoharshady1,Amir K. Goharshady,Amir K. Goharshady,mapped_name,6,Ehsan Kafshdar Goharshady,ehsan kafshdar goharshady,72.7,weak_candidate,66.7,66.7,33.3,True,False,11,8,6,1,['A5015265503'],['0000-0002-8595-0587'],['Ehsan Kafshdar Goharshady'],"['OOPSLA1', 'OOPSLA2', 'PLDI', 'POPL']",,
andrzejmurawski,Andrzej Murawski,Andrzej Murawski,original_name,1,Andrzej S. Murawski,andrzej s murawski,100.0,strong_candidate,94.1,94.1,66.7,True,True,43,25,28,1,['A5000119795'],['0000-0002-4725-410X'],['Andrzej S. Murawski'],"['ICFP', 'OOPSLA2', 'PLDI', 'POPL']",,
andrzejmurawski,Andrzej Murawski,Andrzej Murawski,mapped_name,2,Andrzej S. Murawski,andrzej s murawski,100.0,strong_candidate,94.1,94.1,66.7,True,True,43,25,28,1,['A5000119795'],['0000-0002-4725-410X'],['Andrzej S. Murawski'],"['ICFP', 'OOPSLA2', 'PLDI', 'POPL']",,
andrzejmurawski,Andrzej Murawski,Andrzej Murawski,original_name,3,"Murawski, Andrzej S.","murawski, andrzej s",91.4,possible_candidate,51.4,91.4,33.3,False,False,1,1,1,0,[],[],"['Murawski, Andrzej S.']",['POPL'],,
andrzejmurawski,Andrzej Murawski,Andrzej Murawski,mapped_name,4,"Murawski, Andrzej S.","murawski, andrzej s",91.4,possible_candidate,51.4,91.4,33.3,False,False,1,1,1,0,[],[],"['Murawski, Andrzej S.']",['POPL'],,
andrzejmurawski,Andrzej Murawski,Andrzej Murawski,original_name,5,Andrzej Wąsowski,andrzej wasowski,85.2,possible_candidate,81.2,81.2,50.0,False,True,17,9,14,1,['A5056755949'],['0000-0003-0532-2685'],['Andrzej Wąsowski'],"['OOPSLA', 'OOPSLA2', 'PLDI', 'POPL']",,
andrzejmurawski,Andrzej Murawski,Andrzej Murawski,mapped_name,6,Andrzej Wąsowski,andrzej wasowski,85.2,possible_candidate,81.2,81.2,50.0,False,True,17,9,14,1,['A5056755949'],['0000-0003-0532-2685'],['Andrzej Wąsowski'],"['OOPSLA', 'OOPSLA2', 'PLDI', 'POPL']",,
andrzejmurawski,Andrzej Murawski,Andrzej Murawski,original_name,7,Andrzej Kraśniewski,andrzej krasniewski,84.0,possible_candidate,80.0,80.0,50.0,False,True,1,1,1,1,['A5030082537'],['0000-0002-3733-5010'],['Andrzej Kraśniewski'],['PLDI'],,
andrzejmurawski,Andrzej Murawski,Andrzej Murawski,mapped_name,8,Andrzej Kraśniewski,andrzej krasniewski,84.0,possible_candidate,80.0,80.0,50.0,False,True,1,1,1,1,['A5030082537'],['0000-0002-3733-5010'],['Andrzej Kraśniewski'],['PLDI'],,
andrzejmurawski,Andrzej Murawski,Andrzej Murawski,original_name,9,Andrzej Mostowski,andrzej mostowski,82.8,weak_candidate,78.8,78.8,50.0,False,True,1,1,1,1,['A5111639797'],[],['Andrzej Mostowski'],['POPL'],,
andrzejmurawski,Andrzej Murawski,Andrzej Murawski,mapped_name,10,Andrzej Mostowski,andrzej mostowski,82.8,weak_candidate,78.8,78.8,50.0,False,True,1,1,1,1,['A5111639797'],[],['Andrzej Mostowski'],['POPL'],,
andrzejmurawski,Andrzej Murawski,Andrzej Murawski,original_name,11,"Wasowski, Andrzej","wasowski, andrzej",82.8,weak_candidate,42.4,78.8,50.0,False,False,1,1,1,0,[],['0000-0003-0532-2685'],"['Wasowski, Andrzej']",['ICFP'],,
andrzejmurawski,Andrzej Murawski,Andrzej Murawski,mapped_name,12,"Wasowski, Andrzej","wasowski, andrzej",82.8,weak_candidate,42.4,78.8,50.0,False,False,1,1,1,0,[],['0000-0003-0532-2685'],"['Wasowski, Andrzej']",['ICFP'],,
angelicamoreira,Angelica Moreira,Angélica Aparecida Moreira,original_name,1,Nelma Moreira,nelma moreira,92.8,possible_candidate,82.8,48.3,50.0,True,False,3,2,3,1,['A5050789330'],['0000-0003-0861-0105'],['Nelma Moreira'],"['OOPSLA2', 'POPL']",,
angelicamoreira,Angelica Moreira,Angélica Aparecida Moreira,original_name,2,Angélica Romero,angelica romero,75.0,weak_candidate,71.0,71.0,50.0,False,True,1,1,1,1,['A5059808670'],[],['Angélica Romero'],['PLDI'],,
angelicamoreira,Angelica Moreira,Angélica Aparecida Moreira,original_name,3,Jose Moreira,jose moreira,74.3,weak_candidate,64.3,64.3,50.0,True,False,5,5,2,1,['A5025248429'],['0000-0002-3210-4504'],"['Jose Moreira', 'José Moreira']","['OOPSLA', 'OOPSLA1']",,
angelicamoreira,Angelica Moreira,Angélica Aparecida Moreira,original_name,4,Angélica M. Osorno,angelica m osorno,72.7,weak_candidate,72.7,72.7,33.3,False,True,1,1,1,1,['A5008716625'],['0000-0001-5294-8280'],['Angélica M. Osorno'],['POPL'],,
anthonywidjajalin,Anthony Widjaja Lin,Anthony Widjaja Lin,original_name,1,"Lin, Anthony Widjaja","lin, anthony widjaja",100.0,possible_candidate,76.9,97.4,66.7,False,False,2,2,2,0,[],['0000-0003-4715-5096'],"['Lin, Anthony Widjaja']","['OOPSLA2', 'POPL']",,
anthonywidjajalin,Anthony Widjaja Lin,Anthony Widjaja Lin,mapped_name,2,"Lin, Anthony Widjaja","lin, anthony widjaja",100.0,possible_candidate,76.9,97.4,66.7,False,False,2,2,2,0,[],['0000-0003-4715-5096'],"['Lin, Anthony Widjaja']","['OOPSLA2', 'POPL']",,
anthonywidjajalin,Anthony Widjaja Lin,Anthony Widjaja Lin,original_name,3,Anthony W. Lin,anthony w lin,95.2,strong_candidate,81.2,81.2,66.7,True,True,83,25,27,1,['A5034129725'],['0000-0003-4715-5096'],['Anthony W. Lin'],"['ICFP', 'OOPSLA', 'OOPSLA1', 'OOPSLA2', 'PLDI', 'POPL']",,
anthonywidjajalin,Anthony Widjaja Lin,Anthony Widjaja Lin,mapped_name,4,Anthony W. Lin,anthony w lin,95.2,strong_candidate,81.2,81.2,66.7,True,True,83,25,27,1,['A5034129725'],['0000-0003-4715-5096'],['Anthony W. Lin'],"['ICFP', 'OOPSLA', 'OOPSLA1', 'OOPSLA2', 'PLDI', 'POPL']",,
anthonywidjajalin,Anthony Widjaja Lin,Anthony Widjaja Lin,original_name,5,Anthony Widjaja To,anthony widjaja to,90.5,possible_candidate,86.5,86.5,66.7,False,True,5,3,3,1,['A5109846167'],[],['Anthony Widjaja To'],"['PLDI', 'POPL']",,
anthonywidjajalin,Anthony Widjaja Lin,Anthony Widjaja Lin,mapped_name,6,Anthony Widjaja To,anthony widjaja to,90.5,possible_candidate,86.5,86.5,66.7,False,True,5,3,3,1,['A5109846167'],[],['Anthony Widjaja To'],"['PLDI', 'POPL']",,
anthonywidjajalin,Anthony Widjaja Lin,Anthony Widjaja Lin,original_name,7,"Lin, Anthony W.","lin, anthony w",78.8,weak_candidate,54.5,78.8,33.3,False,False,2,2,2,0,[],[],"['Lin, Anthony W.']","['OOPSLA2', 'POPL']",,
anthonywidjajalin,Anthony Widjaja Lin,Anthony Widjaja Lin,mapped_name,8,"Lin, Anthony W.","lin, anthony w",78.8,weak_candidate,54.5,78.8,33.3,False,False,2,2,2,0,[],[],"['Lin, Anthony W.']","['OOPSLA2', 'POPL']",,
anthonywidjajalin,Anthony Widjaja Lin,Anthony Widjaja Lin,original_name,9,Anthony Danalis,anthony danalis,76.5,weak_candidate,76.5,58.8,33.3,False,True,5,4,5,1,['A5018398543'],[],['Anthony Danalis'],"['OOPSLA', 'OOPSLA2', 'PLDI']",,
anthonywidjajalin,Anthony Widjaja Lin,Anthony Widjaja Lin,mapped_name,10,Anthony Danalis,anthony danalis,76.5,weak_candidate,76.5,58.8,33.3,False,True,5,4,5,1,['A5018398543'],[],['Anthony Danalis'],"['OOPSLA', 'OOPSLA2', 'PLDI']",,
arielkellison,Ariel E. Kellison,Ariel E. Kellison,original_name,1,Ariel Kellison,ariel kellison,100.0,strong_candidate,93.3,93.3,66.7,True,True,9,4,6,1,['A5059845097'],['0000-0003-3177-7958'],['Ariel Kellison'],"['OOPSLA2', 'PLDI']",,
arielkellison,Ariel E. Kellison,Ariel E. Kellison,mapped_name,2,Ariel Kellison,ariel kellison,100.0,strong_candidate,93.3,93.3,66.7,True,True,9,4,6,1,['A5059845097'],['0000-0003-3177-7958'],['Ariel Kellison'],"['OOPSLA2', 'PLDI']",,
arielkellison,Ariel E. Kellison,Ariel E. Kellison,original_name,3,"Kellison, Ariel","kellison, ariel",90.3,possible_candidate,51.6,90.3,33.3,False,False,1,1,1,0,[],[],"['Kellison, Ariel']",['PLDI'],,
arielkellison,Ariel E. Kellison,Ariel E. Kellison,mapped_name,4,"Kellison, Ariel","kellison, ariel",90.3,possible_candidate,51.6,90.3,33.3,False,False,1,1,1,0,[],[],"['Kellison, Ariel']",['PLDI'],,
brentyorgey,Brent Yorgey,Brent Yorgey,original_name,1,Brent A. Yorgey,brent a yorgey,100.0,strong_candidate,92.3,92.3,66.7,True,True,23,20,4,1,['A5058418924'],['0009-0005-0135-6134'],['Brent A. Yorgey'],"['ICFP', 'OOPSLA2', 'PLDI', 'POPL']",,
brentyorgey,Brent Yorgey,Brent Yorgey,mapped_name,2,Brent A. Yorgey,brent a yorgey,100.0,strong_candidate,92.3,92.3,66.7,True,True,23,20,4,1,['A5058418924'],['0009-0005-0135-6134'],['Brent A. Yorgey'],"['ICFP', 'OOPSLA2', 'PLDI', 'POPL']",,
brentyorgey,Brent Yorgey,Brent Yorgey,original_name,3,Brent Komer,brent komer,73.6,weak_candidate,69.6,69.6,50.0,False,True,1,1,1,1,['A5041027747'],[],['Brent Komer'],['PLDI'],,
brentyorgey,Brent Yorgey,Brent Yorgey,mapped_name,4,Brent Komer,brent komer,73.6,weak_candidate,69.6,69.6,50.0,False,True,1,1,1,1,['A5041027747'],[],['Brent Komer'],['PLDI'],,
casperbach,Casper Bach,Casper Bach,original_name,1,"Bach, Casper","bach, casper",99.7,possible_candidate,52.2,95.7,50.0,False,False,2,1,2,0,[],['0000-0003-0622-7639'],"['Bach, Casper']",['OOPSLA1'],,
casperbach,Casper Bach,Casper Bach,mapped_name,2,"Bach, Casper","bach, casper",99.7,possible_candidate,52.2,95.7,50.0,False,False,2,1,2,0,[],['0000-0003-0622-7639'],"['Bach, Casper']",['OOPSLA1'],,
casperbach,Casper Bach,Casper Bach,original_name,3,"Poulsen, Casper Bach","poulsen, casper bach",81.0,weak_candidate,71.0,71.0,66.7,True,False,3,3,3,0,[],['0000-0003-0622-7639'],"['Poulsen, Casper Bach']","['OOPSLA', 'OOPSLA2', 'POPL']",,
casperbach,Casper Bach,Casper Bach,mapped_name,4,"Poulsen, Casper Bach","poulsen, casper bach",81.0,weak_candidate,71.0,71.0,66.7,True,False,3,3,3,0,[],['0000-0003-0622-7639'],"['Poulsen, Casper Bach']","['OOPSLA', 'OOPSLA2', 'POPL']",,
casperbach,Casper Bach,Casper Bach,original_name,5,Eric Bach,eric bach,80.0,weak_candidate,70.0,70.0,50.0,True,False,1,1,1,1,['A5057710320'],['0000-0001-6200-5462'],['Eric Bach'],['OOPSLA1'],,
casperbach,Casper Bach,Casper Bach,mapped_name,6,Eric Bach,eric bach,80.0,weak_candidate,70.0,70.0,50.0,True,False,1,1,1,1,['A5057710320'],['0000-0001-6200-5462'],['Eric Bach'],['OOPSLA1'],,
casperbach,Casper Bach,Casper Bach,original_name,7,Stephen Bach,stephen bach,79.6,weak_candidate,69.6,69.6,50.0,True,False,1,1,1,1,['A5091126154'],['0000-0003-3359-2594'],['Stephen Bach'],['PLDI'],,
casperbach,Casper Bach,Casper Bach,mapped_name,8,Stephen Bach,stephen bach,79.6,weak_candidate,69.6,69.6,50.0,True,False,1,1,1,1,['A5091126154'],['0000-0003-3359-2594'],['Stephen Bach'],['PLDI'],,
casperbach,Casper Bach,Casper Bach,original_name,9,Casper Bach Poulsen,casper bach poulsen,77.3,weak_candidate,73.3,73.3,66.7,False,True,60,42,16,1,['A5087571354'],['0000-0003-0622-7639'],['Casper Bach Poulsen'],"['ICFP', 'OOPSLA', 'OOPSLA1', 'OOPSLA2', 'PLDI', 'POPL']",,
casperbach,Casper Bach,Casper Bach,mapped_name,10,Casper Bach Poulsen,casper bach poulsen,77.3,weak_candidate,73.3,73.3,66.7,False,True,60,42,16,1,['A5087571354'],['0000-0003-0622-7639'],['Casper Bach Poulsen'],"['ICFP', 'OOPSLA', 'OOPSLA1', 'OOPSLA2', 'PLDI', 'POPL']",,
casperbach,Casper Bach,Casper Bach,original_name,11,Moshe Bach,moshe bach,76.7,weak_candidate,66.7,66.7,50.0,True,False,1,1,1,1,['A5025678104'],[],['Moshe Bach'],['POPL'],,
casperbach,Casper Bach,Casper Bach,mapped_name,12,Moshe Bach,moshe bach,76.7,weak_candidate,66.7,66.7,50.0,True,False,1,1,1,1,['A5025678104'],[],['Moshe Bach'],['POPL'],,
colingordon,Colin Gordon,Colin Gordon,original_name,1,Colin S. Gordon,colin s gordon,100.0,strong_candidate,92.3,92.3,66.7,True,True,67,45,17,1,['A5072587371'],['0000-0002-9012-4490'],['Colin S. Gordon'],"['ICFP', 'OOPSLA', 'OOPSLA1', 'OOPSLA2', 'PLDI', 'POPL']",,
colingordon,Colin Gordon,Colin Gordon,mapped_name,2,Colin S. Gordon,colin s gordon,100.0,strong_candidate,92.3,92.3,66.7,True,True,67,45,17,1,['A5072587371'],['0000-0002-9012-4490'],['Colin S. Gordon'],"['ICFP', 'OOPSLA', 'OOPSLA1', 'OOPSLA2', 'PLDI', 'POPL']",,
colingordon,Colin Gordon,Colin Gordon,original_name,3,"Gordon, Colin","gordon, colin",100.0,possible_candidate,48.0,96.0,50.0,False,False,1,1,1,0,[],[],"['Gordon, Colin']",['OOPSLA2'],,
colingordon,Colin Gordon,Colin Gordon,mapped_name,4,"Gordon, Colin","gordon, colin",100.0,possible_candidate,48.0,96.0,50.0,False,False,1,1,1,0,[],[],"['Gordon, Colin']",['OOPSLA2'],,
colingordon,Colin Gordon,Colin Gordon,original_name,5,Donald Gordon,donald gordon,82.0,weak_candidate,72.0,72.0,50.0,True,False,1,1,1,1,['A5054571400'],[],['Donald Gordon'],['PLDI'],,
colingordon,Colin Gordon,Colin Gordon,mapped_name,6,Donald Gordon,donald gordon,82.0,weak_candidate,72.0,72.0,50.0,True,False,1,1,1,1,['A5054571400'],[],['Donald Gordon'],['PLDI'],,
colingordon,Colin Gordon,Colin Gordon,original_name,7,A Gordon,a gordon,80.0,weak_candidate,70.0,70.0,50.0,True,False,2,2,1,0,[],[],['A Gordon'],"['OOPSLA', 'POPL']",,
colingordon,Colin Gordon,Colin Gordon,mapped_name,8,A Gordon,a gordon,80.0,weak_candidate,70.0,70.0,50.0,True,False,2,2,1,0,[],[],['A Gordon'],"['OOPSLA', 'POPL']",,
colingordon,Colin Gordon,Colin Gordon,original_name,9,J. Gordon,j gordon,80.0,weak_candidate,70.0,60.0,50.0,True,False,1,1,1,1,['A5068752344'],['0000-0003-1610-7067'],['J. Gordon'],['PLDI'],,
colingordon,Colin Gordon,Colin Gordon,mapped_name,10,J. Gordon,j gordon,80.0,weak_candidate,70.0,60.0,50.0,True,False,1,1,1,1,['A5068752344'],['0000-0003-1610-7067'],['J. Gordon'],['PLDI'],,
colingordon,Colin Gordon,Colin Gordon,original_name,11,Mike Gordon,mike gordon,79.6,weak_candidate,69.6,52.2,50.0,True,False,15,13,11,1,['A5109856652'],[],['Mike Gordon'],"['ICFP', 'OOPSLA1', 'OOPSLA2', 'PLDI', 'POPL']",,
colingordon,Colin Gordon,Colin Gordon,mapped_name,12,Mike Gordon,mike gordon,79.6,weak_candidate,69.6,52.2,50.0,True,False,15,13,11,1,['A5109856652'],[],['Mike Gordon'],"['ICFP', 'OOPSLA1', 'OOPSLA2', 'PLDI', 'POPL']",,
cristalopes,Crista Lopes,Crista Lopes,original_name,1,Cristina V. Lopes,cristina v lopes,95.7,possible_candidate,85.7,85.7,33.3,True,True,3,3,2,1,['A5110194436'],[],['Cristina V. Lopes'],"['OOPSLA', 'PLDI']",,
cristalopes,Crista Lopes,Crista Lopes,mapped_name,2,Cristina V. Lopes,cristina v lopes,95.7,possible_candidate,85.7,85.7,33.3,True,True,3,3,2,1,['A5110194436'],[],['Cristina V. Lopes'],"['OOPSLA', 'PLDI']",,
cristalopes,Crista Lopes,Crista Lopes,original_name,3,Cristina Videira Lopes,cristina videira lopes,80.6,weak_candidate,70.6,70.6,33.3,True,True,30,22,10,1,['A5103284742'],['0000-0003-0551-3908'],['Cristina Videira Lopes'],"['OOPSLA', 'OOPSLA1', 'OOPSLA2', 'PLDI', 'POPL']",,
cristalopes,Crista Lopes,Crista Lopes,mapped_name,4,Cristina Videira Lopes,cristina videira lopes,80.6,weak_candidate,70.6,70.6,33.3,True,True,30,22,10,1,['A5103284742'],['0000-0003-0551-3908'],['Cristina Videira Lopes'],"['OOPSLA', 'OOPSLA1', 'OOPSLA2', 'PLDI', 'POPL']",,
cristalopes,Crista Lopes,Crista Lopes,original_name,5,Antónia Lopes,antonia lopes,74.0,weak_candidate,64.0,64.0,50.0,True,False,1,1,1,1,['A5047829447'],['0000-0003-0688-3521'],['Antónia Lopes'],['OOPSLA2'],,
cristalopes,Crista Lopes,Crista Lopes,mapped_name,6,Antónia Lopes,antonia lopes,74.0,weak_candidate,64.0,64.0,50.0,True,False,1,1,1,1,['A5047829447'],['0000-0003-0688-3521'],['Antónia Lopes'],['OOPSLA2'],,
danbarowy,Dan Barowy,Dan Barowy,original_name,1,Daniel W. Barowy,daniel w barowy,90.0,weak_candidate,80.0,80.0,33.3,True,True,16,12,6,1,['A5032195792'],[],['Daniel W. Barowy'],"['OOPSLA', 'OOPSLA2', 'PLDI', 'POPL']",,
danbarowy,Dan Barowy,Dan Barowy,mapped_name,2,Daniel W. Barowy,daniel w barowy,90.0,weak_candidate,80.0,80.0,33.3,True,True,16,12,6,1,['A5032195792'],[],['Daniel W. Barowy'],"['OOPSLA', 'OOPSLA2', 'PLDI', 'POPL']",,
danbarowy,Dan Barowy,Dan Barowy,original_name,3,Dan Browne,dan browne,84.0,possible_candidate,80.0,80.0,50.0,False,True,1,1,1,0,[],[],['Dan Browne'],['PLDI'],,
danbarowy,Dan Barowy,Dan Barowy,mapped_name,4,Dan Browne,dan browne,84.0,possible_candidate,80.0,80.0,50.0,False,True,1,1,1,0,[],[],['Dan Browne'],['PLDI'],,
danbarowy,Dan Barowy,Dan Barowy,original_name,5,Dan Hao,dan hao,74.6,weak_candidate,70.6,35.3,50.0,False,True,51,35,18,1,['A5085393851'],['0000-0001-8295-303X'],['Dan Hao'],"['ICFP', 'OOPSLA', 'OOPSLA1', 'OOPSLA2', 'PLDI', 'POPL']",,
danbarowy,Dan Barowy,Dan Barowy,mapped_name,6,Dan Hao,dan hao,74.6,weak_candidate,70.6,35.3,50.0,False,True,51,35,18,1,['A5085393851'],['0000-0001-8295-303X'],['Dan Hao'],"['ICFP', 'OOPSLA', 'OOPSLA1', 'OOPSLA2', 'PLDI', 'POPL']",,
danbarowy,Dan Barowy,Dan Barowy,original_name,7,Dan E. Browne,dan e browne,72.7,weak_candidate,72.7,72.7,33.3,False,True,2,2,2,1,['A5058916700'],['0000-0003-3001-158X'],['Dan E. Browne'],['PLDI'],,
danbarowy,Dan Barowy,Dan Barowy,mapped_name,8,Dan E. Browne,dan e browne,72.7,weak_candidate,72.7,72.7,33.3,False,True,2,2,2,1,['A5058916700'],['0000-0003-3001-158X'],['Dan E. Browne'],['PLDI'],,
danghica,Dan Ghica,Dan Ghica,original_name,1,Dan R. Ghica,dan r ghica,100.0,strong_candidate,90.0,90.0,66.7,True,True,62,46,24,1,['A5072298249'],['0000-0002-4003-8893'],['Dan R. Ghica'],"['ICFP', 'OOPSLA', 'OOPSLA1', 'OOPSLA2', 'PLDI', 'POPL']",,
danghica,Dan Ghica,Dan Ghica,mapped_name,2,Dan R. Ghica,dan r ghica,100.0,strong_candidate,90.0,90.0,66.7,True,True,62,46,24,1,['A5072298249'],['0000-0002-4003-8893'],['Dan R. Ghica'],"['ICFP', 'OOPSLA', 'OOPSLA1', 'OOPSLA2', 'PLDI', 'POPL']",,
danghica,Dan Ghica,Dan Ghica,original_name,3,"Ghica, Dan R.","ghica, dan r",85.7,possible_candidate,47.6,85.7,33.3,False,False,2,1,2,0,[],['0000-0002-4003-8893'],"['Ghica, Dan R.']",['OOPSLA2'],,
danghica,Dan Ghica,Dan Ghica,mapped_name,4,"Ghica, Dan R.","ghica, dan r",85.7,possible_candidate,47.6,85.7,33.3,False,False,2,1,2,0,[],['0000-0002-4003-8893'],"['Ghica, Dan R.']",['OOPSLA2'],,
danghica,Dan Ghica,Dan Ghica,original_name,5,Dan Hao,dan hao,79.0,weak_candidate,75.0,75.0,50.0,False,True,51,35,18,1,['A5085393851'],['0000-0001-8295-303X'],['Dan Hao'],"['ICFP', 'OOPSLA', 'OOPSLA1', 'OOPSLA2', 'PLDI', 'POPL']",,
danghica,Dan Ghica,Dan Ghica,mapped_name,6,Dan Hao,dan hao,79.0,weak_candidate,75.0,75.0,50.0,False,True,51,35,18,1,['A5085393851'],['0000-0001-8295-303X'],['Dan Hao'],"['ICFP', 'OOPSLA', 'OOPSLA1', 'OOPSLA2', 'PLDI', 'POPL']",,
danghica,Dan Ghica,Dan Ghica,original_name,7,Dan Gohman,dan gohman,77.7,weak_candidate,73.7,73.7,50.0,False,True,38,35,4,1,['A5018116641'],[],['Dan Gohman'],"['ICFP', 'OOPSLA', 'OOPSLA1', 'OOPSLA2', 'PLDI', 'POPL']",,
danghica,Dan Ghica,Dan Ghica,mapped_name,8,Dan Gohman,dan gohman,77.7,weak_candidate,73.7,73.7,50.0,False,True,38,35,4,1,['A5018116641'],[],['Dan Gohman'],"['ICFP', 'OOPSLA', 'OOPSLA1', 'OOPSLA2', 'PLDI', 'POPL']",,
danghica,Dan Ghica,Dan Ghica,original_name,9,Dan Banica,dan banica,77.7,weak_candidate,73.7,31.6,50.0,False,True,1,1,1,1,['A5068872648'],[],['Dan Banica'],['OOPSLA2'],,
danghica,Dan Ghica,Dan Ghica,original_name,10,Dan Hirsch,dan hirsch,77.7,weak_candidate,73.7,73.7,50.0,False,True,1,1,1,1,['A5086170103'],[],['Dan Hirsch'],['OOPSLA2'],,
danghica,Dan Ghica,Dan Ghica,mapped_name,11,Dan Banica,dan banica,77.7,weak_candidate,73.7,31.6,50.0,False,True,1,1,1,1,['A5068872648'],[],['Dan Banica'],['OOPSLA2'],,
danghica,Dan Ghica,Dan Ghica,mapped_name,12,Dan Hirsch,dan hirsch,77.7,weak_candidate,73.7,73.7,50.0,False,True,1,1,1,1,['A5086170103'],[],['Dan Hirsch'],['OOPSLA2'],,
danadrachslercohen,Dana Drachsler Cohen,Dana Drachsler Cohen,original_name,1,Dana Drachsler-Cohen,dana drachsler-cohen,95.0,possible_candidate,95.0,70.0,33.3,False,True,88,66,20,1,['A5001910580'],['0000-0001-6644-5377'],['Dana Drachsler-Cohen'],"['OOPSLA', 'OOPSLA1', 'OOPSLA2', 'PLDI', 'POPL']",,
danadrachslercohen,Dana Drachsler Cohen,Dana Drachsler Cohen,mapped_name,2,Dana Drachsler-Cohen,dana drachsler-cohen,95.0,possible_candidate,95.0,70.0,33.3,False,True,88,66,20,1,['A5001910580'],['0000-0001-6644-5377'],['Dana Drachsler-Cohen'],"['OOPSLA', 'OOPSLA1', 'OOPSLA2', 'PLDI', 'POPL']",,
danadrachslercohen,Dana Drachsler Cohen,Dana Drachsler Cohen,original_name,3,Dana Drachsler,dana drachsler,86.4,possible_candidate,82.4,82.4,66.7,False,True,4,4,2,1,['A5071311108'],[],['Dana Drachsler'],"['OOPSLA', 'PLDI']",,
danadrachslercohen,Dana Drachsler Cohen,Dana Drachsler Cohen,mapped_name,4,Dana Drachsler,dana drachsler,86.4,possible_candidate,82.4,82.4,66.7,False,True,4,4,2,1,['A5071311108'],[],['Dana Drachsler'],"['OOPSLA', 'PLDI']",,
danfrumin1,Daniel Frumin,Daniel Frumin,original_name,1,Dan Frumin,dan frumin,100.0,possible_candidate,87.0,87.0,50.0,True,True,69,54,9,1,['A5063218698'],['0000-0001-5864-7278'],['Dan Frumin'],"['ICFP', 'OOPSLA', 'OOPSLA1', 'OOPSLA2', 'PLDI', 'POPL']",,
danfrumin1,Daniel Frumin,Daniel Frumin,mapped_name,2,Dan Frumin,dan frumin,100.0,possible_candidate,87.0,87.0,50.0,True,True,69,54,9,1,['A5063218698'],['0000-0001-5864-7278'],['Dan Frumin'],"['ICFP', 'OOPSLA', 'OOPSLA1', 'OOPSLA2', 'PLDI', 'POPL']",,
danfrumin1,Daniel Frumin,Daniel Frumin,original_name,3,Daniel Farina,daniel farina,88.6,possible_candidate,84.6,84.6,50.0,False,True,1,1,1,1,['A5012944387'],[],['Daniel Farina'],['PLDI'],,
danfrumin1,Daniel Frumin,Daniel Frumin,mapped_name,4,Daniel Farina,daniel farina,88.6,possible_candidate,84.6,84.6,50.0,False,True,1,1,1,1,['A5012944387'],[],['Daniel Farina'],['PLDI'],,
danfrumin1,Daniel Frumin,Daniel Frumin,original_name,5,Daniel Fink,daniel fink,87.3,possible_candidate,83.3,83.3,50.0,False,True,1,1,1,1,['A5069370648'],['0000-0002-8368-1248'],['Daniel Fink'],['PLDI'],,
danfrumin1,Daniel Frumin,Daniel Frumin,mapped_name,6,Daniel Fink,daniel fink,87.3,possible_candidate,83.3,83.3,50.0,False,True,1,1,1,1,['A5069370648'],['0000-0002-8368-1248'],['Daniel Fink'],['PLDI'],,
danfrumin1,Daniel Frumin,Daniel Frumin,original_name,7,Florian Daniel,florian daniel,85.5,possible_candidate,44.4,81.5,50.0,False,False,1,1,1,1,['A5076749458'],['0000-0003-3004-8702'],['Florian Daniel'],['OOPSLA1'],,
danfrumin1,Daniel Frumin,Daniel Frumin,mapped_name,8,Florian Daniel,florian daniel,85.5,possible_candidate,44.4,81.5,50.0,False,False,1,1,1,1,['A5076749458'],['0000-0003-3004-8702'],['Florian Daniel'],['OOPSLA1'],,
danfrumin1,Daniel Frumin,Daniel Frumin,original_name,9,Daniel Grund,daniel grund,84.0,possible_candidate,80.0,80.0,50.0,False,True,10,6,7,1,['A5005412097'],[],['Daniel Grund'],"['ICFP', 'OOPSLA', 'PLDI', 'POPL']",,
danfrumin1,Daniel Frumin,Daniel Frumin,mapped_name,10,Daniel Grund,daniel grund,84.0,possible_candidate,80.0,80.0,50.0,False,True,10,6,7,1,['A5005412097'],[],['Daniel Grund'],"['ICFP', 'OOPSLA', 'PLDI', 'POPL']",,
danfrumin1,Daniel Frumin,Daniel Frumin,original_name,11,Daniel Fried,daniel fried,84.0,possible_candidate,80.0,80.0,50.0,False,True,3,3,3,2,"['A5003637850', 'A5005492126']","['0000-0002-5327-2558', '0009-0003-2960-3809']",['Daniel Fried'],"['OOPSLA1', 'OOPSLA2', 'PLDI']",,
danfrumin1,Daniel Frumin,Daniel Frumin,mapped_name,12,Daniel Fried,daniel fried,84.0,possible_candidate,80.0,80.0,50.0,False,True,3,3,3,2,"['A5003637850', 'A5005492126']","['0000-0002-5327-2558', '0009-0003-2960-3809']",['Daniel Fried'],"['OOPSLA1', 'OOPSLA2', 'PLDI']",,
davesands,Dave Sands,Dave Sands,original_name,1,David Sands,david sands,99.7,possible_candidate,85.7,85.7,50.0,True,True,90,52,37,1,['A5082447666'],['0000-0001-6221-0503'],['David Sands'],"['ICFP', 'OOPSLA', 'OOPSLA1', 'OOPSLA2', 'PLDI', 'POPL']",,
davesands,Dave Sands,Dave Sands,mapped_name,2,David Sands,david sands,99.7,possible_candidate,85.7,85.7,50.0,True,True,90,52,37,1,['A5082447666'],['0000-0001-6221-0503'],['David Sands'],"['ICFP', 'OOPSLA', 'OOPSLA1', 'OOPSLA2', 'PLDI', 'POPL']",,
davesands,Dave Sands,Dave Sands,original_name,3,D Sands,d sands,96.4,possible_candidate,82.4,82.4,50.0,True,True,2,2,1,0,[],[],['D Sands'],"['OOPSLA', 'POPL']",,
davesands,Dave Sands,Dave Sands,mapped_name,4,D Sands,d sands,96.4,possible_candidate,82.4,82.4,50.0,True,True,2,2,1,0,[],[],['D Sands'],"['OOPSLA', 'POPL']",,
davesands,Dave Sands,Dave Sands,original_name,5,A. D. Sands,a d sands,79.7,weak_candidate,73.7,73.7,33.3,True,False,1,1,1,1,['A5041546905'],[],['A. D. Sands'],['OOPSLA2'],,
davesands,Dave Sands,Dave Sands,mapped_name,6,A. D. Sands,a d sands,79.7,weak_candidate,73.7,73.7,33.3,True,False,1,1,1,1,['A5041546905'],[],['A. D. Sands'],['OOPSLA2'],,
davesands,Dave Sands,Dave Sands,original_name,7,Dave Randall,dave randall,76.7,weak_candidate,72.7,72.7,50.0,False,True,1,1,1,1,['A5054544110'],[],['Dave Randall'],['OOPSLA2'],,
davesands,Dave Sands,Dave Sands,mapped_name,8,Dave Randall,dave randall,76.7,weak_candidate,72.7,72.7,50.0,False,True,1,1,1,1,['A5054544110'],[],['Dave Randall'],['OOPSLA2'],,
davesands,Dave Sands,Dave Sands,original_name,9,Nathaniel Sands,nathaniel sands,74.0,weak_candidate,64.0,64.0,50.0,True,False,11,9,4,1,['A5103264260'],['0009-0008-5900-0036'],['Nathaniel Sands'],"['OOPSLA1', 'OOPSLA2', 'PLDI', 'POPL']",,
davesands,Dave Sands,Dave Sands,mapped_name,10,Nathaniel Sands,nathaniel sands,74.0,weak_candidate,64.0,64.0,50.0,True,False,11,9,4,1,['A5103264260'],['0009-0008-5900-0036'],['Nathaniel Sands'],"['OOPSLA1', 'OOPSLA2', 'PLDI', 'POPL']",,
davesands,Dave Sands,Dave Sands,original_name,11,Dave Bacon,dave bacon,74.0,weak_candidate,70.0,40.0,50.0,False,True,16,11,5,1,['A5070300902'],['0000-0001-6266-9269'],['Dave Bacon'],"['OOPSLA1', 'OOPSLA2', 'PLDI', 'POPL']",,
davesands,Dave Sands,Dave Sands,mapped_name,12,Dave Bacon,dave bacon,74.0,weak_candidate,70.0,40.0,50.0,False,True,16,11,5,1,['A5070300902'],['0000-0001-6266-9269'],['Dave Bacon'],"['OOPSLA1', 'OOPSLA2', 'PLDI', 'POPL']",,
davidnaumann,David Naumann,David Naumann,original_name,1,David A. Naumann,david a naumann,100.0,strong_candidate,92.9,92.9,66.7,True,True,49,32,25,1,['A5009739199'],['0000-0002-7634-6150'],['David A. Naumann'],"['OOPSLA', 'OOPSLA1', 'OOPSLA2', 'PLDI', 'POPL']",,
davidnaumann,David Naumann,David Naumann,mapped_name,2,David A. Naumann,david a naumann,100.0,strong_candidate,92.9,92.9,66.7,True,True,49,32,25,1,['A5009739199'],['0000-0002-7634-6150'],['David A. Naumann'],"['OOPSLA', 'OOPSLA1', 'OOPSLA2', 'PLDI', 'POPL']",,
davidnaumann,David Naumann,David Naumann,original_name,3,David Neau,david neau,82.3,weak_candidate,78.3,78.3,50.0,False,True,2,2,1,0,[],[],['David Neau'],"['OOPSLA1', 'PLDI']",,
davidnaumann,David Naumann,David Naumann,mapped_name,4,David Neau,david neau,82.3,weak_candidate,78.3,78.3,50.0,False,True,2,2,1,0,[],[],['David Neau'],"['OOPSLA1', 'PLDI']",,
davidnaumann,David Naumann,David Naumann,original_name,5,David Luan,david luan,82.3,weak_candidate,78.3,78.3,50.0,False,True,1,1,1,1,['A5069649243'],[],['David Luan'],['PLDI'],,
davidnaumann,David Naumann,David Naumann,mapped_name,6,David Luan,david luan,82.3,weak_candidate,78.3,78.3,50.0,False,True,1,1,1,1,['A5069649243'],[],['David Luan'],['PLDI'],,
davidnaumann,David Naumann,David Naumann,original_name,7,David Lehmann,david lehmann,80.9,weak_candidate,76.9,76.9,50.0,False,True,1,1,1,1,['A5073211360'],['0000-0001-5988-5104'],['David Lehmann'],['PLDI'],,
davidnaumann,David Naumann,David Naumann,original_name,8,David Widmann,david widmann,80.9,weak_candidate,76.9,76.9,50.0,False,True,1,1,1,1,['A5090863850'],['0000-0001-9282-053X'],['David Widmann'],['PLDI'],,
davidnaumann,David Naumann,David Naumann,mapped_name,9,David Lehmann,david lehmann,80.9,weak_candidate,76.9,76.9,50.0,False,True,1,1,1,1,['A5073211360'],['0000-0001-5988-5104'],['David Lehmann'],['PLDI'],,
davidnaumann,David Naumann,David Naumann,mapped_name,10,David Widmann,david widmann,80.9,weak_candidate,76.9,76.9,50.0,False,True,1,1,1,1,['A5090863850'],['0000-0001-9282-053X'],['David Widmann'],['PLDI'],,
davidnaumann,David Naumann,David Naumann,original_name,11,Felix Naumann,felix naumann,79.2,weak_candidate,69.2,69.2,50.0,True,False,5,5,2,1,['A5053028480'],['0000-0002-4483-1389'],['Felix Naumann'],"['OOPSLA', 'OOPSLA1', 'PLDI']",,
davidnaumann,David Naumann,David Naumann,mapped_name,12,Felix Naumann,felix naumann,79.2,weak_candidate,69.2,69.2,50.0,True,False,5,5,2,1,['A5053028480'],['0000-0002-4483-1389'],['Felix Naumann'],"['OOPSLA', 'OOPSLA1', 'PLDI']",,
edwardaftandilian,Eddie Aftandilian,Eddie Aftandilian,original_name,1,Edward Aftandilian,edward aftandilian,99.7,possible_candidate,85.7,85.7,50.0,True,True,37,31,12,1,['A5035579617'],[],['Edward Aftandilian'],"['OOPSLA', 'OOPSLA1', 'OOPSLA2', 'PLDI', 'POPL']",,
edwardaftandilian,Eddie Aftandilian,Eddie Aftandilian,mapped_name,2,Edward Aftandilian,edward aftandilian,99.7,possible_candidate,85.7,85.7,50.0,True,True,37,31,12,1,['A5035579617'],[],['Edward Aftandilian'],"['OOPSLA', 'OOPSLA1', 'OOPSLA2', 'PLDI', 'POPL']",,
eddyzhengzhang,Eddy (Zheng) Zhang,Eddy (Zheng) Zhang,original_name,1,Eddy Z. Zhang,eddy z zhang,94.0,strong_candidate,80.0,66.7,66.7,True,True,11,7,8,2,"['A5049890668', 'A5071204460']",['0000-0002-3815-4318'],['Eddy Z. Zhang'],"['OOPSLA1', 'OOPSLA2', 'PLDI']",,
eddyzhengzhang,Eddy (Zheng) Zhang,Eddy (Zheng) Zhang,mapped_name,2,Eddy Z. Zhang,eddy z zhang,94.0,strong_candidate,80.0,66.7,66.7,True,True,11,7,8,2,"['A5049890668', 'A5071204460']",['0000-0002-3815-4318'],['Eddy Z. Zhang'],"['OOPSLA1', 'OOPSLA2', 'PLDI']",,
eddyzhengzhang,Eddy (Zheng) Zhang,Eddy (Zheng) Zhang,original_name,3,Eddy Zhang,eddy zhang,85.4,possible_candidate,71.4,71.4,66.7,True,True,2,2,1,1,['A5069358248'],[],['Eddy Zhang'],"['OOPSLA1', 'PLDI']",,
eddyzhengzhang,Eddy (Zheng) Zhang,Eddy (Zheng) Zhang,mapped_name,4,Eddy Zhang,eddy zhang,85.4,possible_candidate,71.4,71.4,66.7,True,True,2,2,1,1,['A5069358248'],[],['Eddy Zhang'],"['OOPSLA1', 'PLDI']",,
eddyzhengzhang,Eddy (Zheng) Zhang,Eddy (Zheng) Zhang,original_name,5,Zheng Zhang,zheng zhang,81.9,weak_candidate,75.9,34.5,33.3,True,False,12,9,10,6,"['A5100459086', 'A5100459107', 'A5100459122', 'A5100459168', 'A5100459174', 'A5101670052']","['0000-0002-0027-172X', '0000-0002-1924-0421', '0000-0002-2292-0030', '0000-0002-4242-814X', '0000-0003-1470-6998', '0000-0003-2076-6372']",['Zheng Zhang'],"['ICFP', 'OOPSLA', 'OOPSLA2', 'PLDI']",,
eddyzhengzhang,Eddy (Zheng) Zhang,Eddy (Zheng) Zhang,mapped_name,6,Zheng Zhang,zheng zhang,81.9,weak_candidate,75.9,34.5,33.3,True,False,12,9,10,6,"['A5100459086', 'A5100459107', 'A5100459122', 'A5100459168', 'A5100459174', 'A5101670052']","['0000-0002-0027-172X', '0000-0002-1924-0421', '0000-0002-2292-0030', '0000-0002-4242-814X', '0000-0003-1470-6998', '0000-0003-2076-6372']",['Zheng Zhang'],"['ICFP', 'OOPSLA', 'OOPSLA2', 'PLDI']",,
eddyzhengzhang,Eddy (Zheng) Zhang,Eddy (Zheng) Zhang,original_name,7,Ziheng Zhang,ziheng zhang,79.3,weak_candidate,73.3,33.3,33.3,True,False,1,1,1,1,['A5100613117'],['0000-0001-5480-9436'],['Ziheng Zhang'],['OOPSLA'],,
eddyzhengzhang,Eddy (Zheng) Zhang,Eddy (Zheng) Zhang,mapped_name,8,Ziheng Zhang,ziheng zhang,79.3,weak_candidate,73.3,33.3,33.3,True,False,1,1,1,1,['A5100613117'],['0000-0001-5480-9436'],['Ziheng Zhang'],['OOPSLA'],,
eddyzhengzhang,Eddy (Zheng) Zhang,Eddy (Zheng) Zhang,original_name,9,Eddie Zhang,eddie zhang,79.0,weak_candidate,69.0,62.1,33.3,True,True,1,1,1,1,['A5055616549'],[],['Eddie Zhang'],['PLDI'],,
eddyzhengzhang,Eddy (Zheng) Zhang,Eddy (Zheng) Zhang,mapped_name,10,Eddie Zhang,eddie zhang,79.0,weak_candidate,69.0,62.1,33.3,True,True,1,1,1,1,['A5055616549'],[],['Eddie Zhang'],['PLDI'],,
eddyzhengzhang,Eddy (Zheng) Zhang,Eddy (Zheng) Zhang,original_name,11,Zhen Zhang,zhen zhang,77.4,weak_candidate,71.4,35.7,33.3,True,False,6,6,5,4,"['A5000511351', 'A5029095203', 'A5054623830', 'A5072282421']","['0000-0002-0164-0849', '0000-0002-6512-1458', '0000-0002-8269-9489', '0000-0003-1559-625X']",['Zhen Zhang'],"['OOPSLA1', 'OOPSLA2', 'PLDI']",,
eddyzhengzhang,Eddy (Zheng) Zhang,Eddy (Zheng) Zhang,mapped_name,12,Zhen Zhang,zhen zhang,77.4,weak_candidate,71.4,35.7,33.3,True,False,6,6,5,4,"['A5000511351', 'A5029095203', 'A5054623830', 'A5072282421']","['0000-0002-0164-0849', '0000-0002-6512-1458', '0000-0002-8269-9489', '0000-0003-1559-625X']",['Zhen Zhang'],"['OOPSLA1', 'OOPSLA2', 'PLDI']",,
eliotmoss,Eliot Moss,Eliot Moss,original_name,1,Eliot B. Moss,eliot b moss,100.0,strong_candidate,90.9,90.9,66.7,True,True,1,1,1,1,['A5111958729'],[],['Eliot B. Moss'],['OOPSLA2'],,
eliotmoss,Eliot Moss,Eliot Moss,mapped_name,2,Eliot B. Moss,eliot b moss,100.0,strong_candidate,90.9,90.9,66.7,True,True,1,1,1,1,['A5111958729'],[],['Eliot B. Moss'],['OOPSLA2'],,
eliotmoss,Eliot Moss,Eliot Moss,original_name,3,J. Eliot B. Moss,j eliot b moss,93.3,possible_candidate,83.3,83.3,50.0,True,False,158,124,33,1,['A5015046489'],['0000-0001-6637-3641'],['J. Eliot B. Moss'],"['ICFP', 'OOPSLA', 'OOPSLA1', 'OOPSLA2', 'PLDI', 'POPL']",,
eliotmoss,Eliot Moss,Eliot Moss,mapped_name,4,J. Eliot B. Moss,j eliot b moss,93.3,possible_candidate,83.3,83.3,50.0,True,False,158,124,33,1,['A5015046489'],['0000-0001-6637-3641'],['J. Eliot B. Moss'],"['ICFP', 'OOPSLA', 'OOPSLA1', 'OOPSLA2', 'PLDI', 'POPL']",,
eliotmoss,Eliot Moss,Eliot Moss,original_name,5,Eliot Mir,eliot mir,77.7,weak_candidate,73.7,73.7,50.0,False,True,1,1,1,0,[],[],['Eliot Mir'],['OOPSLA'],,
eliotmoss,Eliot Moss,Eliot Moss,mapped_name,6,Eliot Mir,eliot mir,77.7,weak_candidate,73.7,73.7,50.0,False,True,1,1,1,0,[],[],['Eliot Mir'],['OOPSLA'],,
eliotmoss,Eliot Moss,Eliot Moss,original_name,7,J. Eliot,j eliot,74.6,weak_candidate,58.8,70.6,50.0,False,False,2,2,1,1,['A5069042610'],[],['J. Eliot'],"['OOPSLA2', 'PLDI']",,
eliotmoss,Eliot Moss,Eliot Moss,mapped_name,8,J. Eliot,j eliot,74.6,weak_candidate,58.8,70.6,50.0,False,False,2,2,1,1,['A5069042610'],[],['J. Eliot'],"['OOPSLA2', 'PLDI']",,
eliotmoss,Eliot Moss,Eliot Moss,original_name,9,Sean Moss,sean moss,73.2,weak_candidate,63.2,42.1,50.0,True,False,22,21,5,1,['A5033995077'],['0009-0005-3930-5340'],['Sean Moss'],"['ICFP', 'PLDI', 'POPL']",,
eliotmoss,Eliot Moss,Eliot Moss,mapped_name,10,Sean Moss,sean moss,73.2,weak_candidate,63.2,42.1,50.0,True,False,22,21,5,1,['A5033995077'],['0009-0005-3930-5340'],['Sean Moss'],"['ICFP', 'PLDI', 'POPL']",,
eliotmoss,Eliot Moss,Eliot Moss,original_name,11,B. Moss,b moss,72.5,weak_candidate,62.5,62.5,50.0,True,False,2,2,1,1,['A5040658864'],[],['B. Moss'],"['OOPSLA2', 'PLDI']",,
eliotmoss,Eliot Moss,Eliot Moss,mapped_name,12,B. Moss,b moss,72.5,weak_candidate,62.5,62.5,50.0,True,False,2,2,1,1,['A5040658864'],[],['B. Moss'],"['OOPSLA2', 'PLDI']",,
frankfu,Frank Fu,Frank Fu,original_name,1,Frank F. Xu,frank f xu,88.9,possible_candidate,88.9,77.8,33.3,False,True,8,6,4,1,['A5038743835'],['0000-0002-9662-7582'],['Frank F. Xu'],"['OOPSLA1', 'OOPSLA2']",,
frankfu,Frank Fu,Frank Fu,mapped_name,2,Frank F. Xu,frank f xu,88.9,possible_candidate,88.9,77.8,33.3,False,True,8,6,4,1,['A5038743835'],['0000-0002-9662-7582'],['Frank F. Xu'],"['OOPSLA1', 'OOPSLA2']",,
frankfu,Frank Fu,Frank Fu,original_name,3,H. Frank,h frank,84.0,possible_candidate,66.7,80.0,50.0,False,False,1,1,1,1,['A5111726067'],[],['H. Frank'],['PLDI'],,
frankfu,Frank Fu,Frank Fu,mapped_name,4,H. Frank,h frank,84.0,possible_candidate,66.7,80.0,50.0,False,False,1,1,1,1,['A5111726067'],[],['H. Frank'],['PLDI'],,
frankfu,Frank Fu,Frank Fu,original_name,5,Frank Huch,frank huch,81.8,weak_candidate,77.8,77.8,50.0,False,True,11,9,7,1,['A5021022617'],['0000-0003-0156-5014'],['Frank Huch'],"['ICFP', 'OOPSLA', 'PLDI', 'POPL']",,
frankfu,Frank Fu,Frank Fu,mapped_name,6,Frank Huch,frank huch,81.8,weak_candidate,77.8,77.8,50.0,False,True,11,9,7,1,['A5021022617'],['0000-0003-0156-5014'],['Frank Huch'],"['ICFP', 'OOPSLA', 'PLDI', 'POPL']",,
frankfu,Frank Fu,Frank Fu,original_name,7,Frank Dürr,frank durr,81.8,weak_candidate,77.8,55.6,50.0,False,True,1,1,1,1,['A5047414574'],['0000-0002-3470-7712'],['Frank Dürr'],['OOPSLA2'],,
frankfu,Frank Fu,Frank Fu,mapped_name,8,Frank Dürr,frank durr,81.8,weak_candidate,77.8,55.6,50.0,False,True,1,1,1,1,['A5047414574'],['0000-0002-3470-7712'],['Frank Dürr'],['OOPSLA2'],,
frankfu,Frank Fu,Frank Fu,original_name,9,Rainey Fu,rainey fu,80.6,weak_candidate,70.6,47.1,50.0,True,False,2,2,1,1,['A5089559209'],[],['Rainey Fu'],['POPL'],,
frankfu,Frank Fu,Frank Fu,mapped_name,10,Rainey Fu,rainey fu,80.6,weak_candidate,70.6,47.1,50.0,True,False,2,2,1,1,['A5089559209'],[],['Rainey Fu'],['POPL'],,
frankfu,Frank Fu,Frank Fu,original_name,11,Frank Li,frank li,79.0,weak_candidate,75.0,75.0,50.0,False,True,2,2,1,1,['A5050884723'],['0000-0003-2242-048X'],['Frank Li'],['OOPSLA'],,
frankfu,Frank Fu,Frank Fu,mapped_name,12,Frank Li,frank li,79.0,weak_candidate,75.0,75.0,50.0,False,True,2,2,1,1,['A5050884723'],['0000-0003-2242-048X'],['Frank Li'],['OOPSLA'],,
gailkaiser,Gail Kaiser,Gail Kaiser,original_name,1,Gail E. Kaiser,gail e kaiser,100.0,strong_candidate,91.7,91.7,66.7,True,True,13,10,9,1,['A5090171418'],['0000-0002-8791-1178'],['Gail E. Kaiser'],"['OOPSLA', 'OOPSLA1', 'OOPSLA2']",,
gailkaiser,Gail Kaiser,Gail Kaiser,mapped_name,2,Gail E. Kaiser,gail e kaiser,100.0,strong_candidate,91.7,91.7,66.7,True,True,13,10,9,1,['A5090171418'],['0000-0002-8791-1178'],['Gail E. Kaiser'],"['OOPSLA', 'OOPSLA1', 'OOPSLA2']",,
gailkaiser,Gail Kaiser,Gail Kaiser,original_name,3,Jonas Kaiser,jonas kaiser,79.6,weak_candidate,69.6,69.6,50.0,True,False,10,9,4,1,['A5082762723'],[],['Jonas Kaiser'],"['ICFP', 'OOPSLA', 'OOPSLA2', 'POPL']",,
gailkaiser,Gail Kaiser,Gail Kaiser,mapped_name,4,Jonas Kaiser,jonas kaiser,79.6,weak_candidate,69.6,69.6,50.0,True,False,10,9,4,1,['A5082762723'],[],['Jonas Kaiser'],"['ICFP', 'OOPSLA', 'OOPSLA2', 'POPL']",,
gailkaiser,Gail Kaiser,Gail Kaiser,original_name,5,Łukasz Kaiser,lukasz kaiser,76.7,weak_candidate,66.7,50.0,50.0,True,False,10,10,6,1,['A5031789995'],['0000-0003-1092-6010'],['Łukasz Kaiser'],"['OOPSLA', 'OOPSLA1', 'OOPSLA2', 'PLDI', 'POPL']",,
gailkaiser,Gail Kaiser,Gail Kaiser,mapped_name,6,Łukasz Kaiser,lukasz kaiser,76.7,weak_candidate,66.7,50.0,50.0,True,False,10,10,6,1,['A5031789995'],['0000-0003-1092-6010'],['Łukasz Kaiser'],"['OOPSLA', 'OOPSLA1', 'OOPSLA2', 'PLDI', 'POPL']",,
gailkaiser,Gail Kaiser,Gail Kaiser,original_name,7,Alexander Kaiser,alexander kaiser,76.7,weak_candidate,66.7,66.7,50.0,True,False,9,7,7,1,['A5049370878'],['0000-0002-9439-9176'],['Alexander Kaiser'],"['OOPSLA1', 'OOPSLA2', 'PLDI', 'POPL']",,
gailkaiser,Gail Kaiser,Gail Kaiser,mapped_name,8,Alexander Kaiser,alexander kaiser,76.7,weak_candidate,66.7,66.7,50.0,True,False,9,7,7,1,['A5049370878'],['0000-0002-9439-9176'],['Alexander Kaiser'],"['OOPSLA1', 'OOPSLA2', 'PLDI', 'POPL']",,
gailkaiser,Gail Kaiser,Gail Kaiser,original_name,9,Claude Kaiser,claude kaiser,76.7,weak_candidate,66.7,66.7,50.0,True,False,3,3,2,1,['A5109861346'],[],['Claude Kaiser'],['PLDI'],,
gailkaiser,Gail Kaiser,Gail Kaiser,mapped_name,10,Claude Kaiser,claude kaiser,76.7,weak_candidate,66.7,66.7,50.0,True,False,3,3,2,1,['A5109861346'],[],['Claude Kaiser'],['PLDI'],,
gailkaiser,Gail Kaiser,Gail Kaiser,original_name,11,Markus Kaiser,markus kaiser,76.7,weak_candidate,66.7,50.0,50.0,True,False,2,1,2,1,['A5015871571'],['0000-0003-0557-9755'],['Markus Kaiser'],['POPL'],,
gailkaiser,Gail Kaiser,Gail Kaiser,mapped_name,12,Markus Kaiser,markus kaiser,76.7,weak_candidate,66.7,50.0,50.0,True,False,2,1,2,1,['A5015871571'],['0000-0003-0557-9755'],['Markus Kaiser'],['POPL'],,
gangtan,Gang (Gary) Tan,Gang (Gary) Tan,original_name,1,Gang Tan,gang tan,83.6,possible_candidate,69.6,69.6,66.7,True,True,82,61,29,1,['A5010830558'],['0000-0001-6109-6091'],['Gang Tan'],"['ICFP', 'OOPSLA', 'OOPSLA1', 'OOPSLA2', 'PLDI', 'POPL']",,
gangtan,Gang (Gary) Tan,Gang (Gary) Tan,mapped_name,2,Gang Tan,gang tan,83.6,possible_candidate,69.6,69.6,66.7,True,True,82,61,29,1,['A5010830558'],['0000-0001-6109-6091'],['Gang Tan'],"['ICFP', 'OOPSLA', 'OOPSLA1', 'OOPSLA2', 'PLDI', 'POPL']",,
gangtan,Gang (Gary) Tan,Gang (Gary) Tan,original_name,3,Guangming Tan,guangming tan,74.3,weak_candidate,64.3,64.3,33.3,True,True,5,4,5,1,['A5104072170'],[],['Guangming Tan'],"['OOPSLA', 'PLDI']",,
gangtan,Gang (Gary) Tan,Gang (Gary) Tan,mapped_name,4,Guangming Tan,guangming tan,74.3,weak_candidate,64.3,64.3,33.3,True,True,5,4,5,1,['A5104072170'],[],['Guangming Tan'],"['OOPSLA', 'PLDI']",,
gangtan,Gang (Gary) Tan,Gang (Gary) Tan,original_name,5,Bryan Tan,bryan tan,72.7,weak_candidate,50.0,66.7,33.3,True,False,5,5,2,1,['A5034730743'],['0000-0002-4008-3846'],['Bryan Tan'],"['ICFP', 'OOPSLA2', 'PLDI']",,
gangtan,Gang (Gary) Tan,Gang (Gary) Tan,mapped_name,6,Bryan Tan,bryan tan,72.7,weak_candidate,50.0,66.7,33.3,True,False,5,5,2,1,['A5034730743'],['0000-0002-4008-3846'],['Bryan Tan'],"['ICFP', 'OOPSLA2', 'PLDI']",,
gilbertlouisbernstein1,Gilbert Louis Bernstein,Gilbert Louis Bernstein,original_name,1,Gilbert Bernstein,gilbert bernstein,99.0,strong_candidate,85.0,85.0,66.7,True,True,33,27,11,1,['A5034400503'],['0000-0002-3016-1169'],['Gilbert Bernstein'],"['ICFP', 'OOPSLA', 'OOPSLA1', 'OOPSLA2', 'PLDI', 'POPL']",,
gilbertlouisbernstein1,Gilbert Louis Bernstein,Gilbert Louis Bernstein,mapped_name,2,Gilbert Bernstein,gilbert bernstein,99.0,strong_candidate,85.0,85.0,66.7,True,True,33,27,11,1,['A5034400503'],['0000-0002-3016-1169'],['Gilbert Bernstein'],"['ICFP', 'OOPSLA', 'OOPSLA1', 'OOPSLA2', 'PLDI', 'POPL']",,
gilbertlouisbernstein1,Gilbert Louis Bernstein,Gilbert Louis Bernstein,original_name,3,Daniel S. Bernstein,daniel s bernstein,74.3,weak_candidate,68.3,68.3,33.3,True,False,1,1,1,1,['A5111469880'],[],['Daniel S. Bernstein'],['PLDI'],,
gilbertlouisbernstein1,Gilbert Louis Bernstein,Gilbert Louis Bernstein,mapped_name,4,Daniel S. Bernstein,daniel s bernstein,74.3,weak_candidate,68.3,68.3,33.3,True,False,1,1,1,1,['A5111469880'],[],['Daniel S. Bernstein'],['PLDI'],,
gilbertlouisbernstein1,Gilbert Louis Bernstein,Gilbert Louis Bernstein,original_name,5,Michael S. Bernstein,michael s bernstein,72.7,weak_candidate,66.7,66.7,33.3,True,False,5,5,3,1,['A5076189854'],['0000-0001-8020-9434'],['Michael S. Bernstein'],"['OOPSLA', 'PLDI']",,
gilbertlouisbernstein1,Gilbert Louis Bernstein,Gilbert Louis Bernstein,mapped_name,6,Michael S. Bernstein,michael s bernstein,72.7,weak_candidate,66.7,66.7,33.3,True,False,5,5,3,1,['A5076189854'],['0000-0001-8020-9434'],['Michael S. Bernstein'],"['OOPSLA', 'PLDI']",,
gilbertlouisbernstein1,Gilbert Louis Bernstein,Gilbert Louis Bernstein,original_name,7,Arthur Bernstein,arthur bernstein,72.7,weak_candidate,66.7,46.2,33.3,True,False,3,3,3,1,['A5113621109'],[],['Arthur Bernstein'],['OOPSLA1'],,
gilbertlouisbernstein1,Gilbert Louis Bernstein,Gilbert Louis Bernstein,mapped_name,8,Arthur Bernstein,arthur bernstein,72.7,weak_candidate,66.7,46.2,33.3,True,False,3,3,3,1,['A5113621109'],[],['Arthur Bernstein'],['OOPSLA1'],,
guilhemejaber,Guilhème Jaber,Guilhème Jaber,original_name,1,Guilhem Jaber,guilhem jaber,100.0,strong_candidate,96.3,96.3,50.0,True,True,27,23,10,1,['A5086987751'],[],['Guilhem Jaber'],"['ICFP', 'OOPSLA', 'OOPSLA1', 'OOPSLA2', 'PLDI', 'POPL']",,
guilhemejaber,Guilhème Jaber,Guilhème Jaber,mapped_name,2,Guilhem Jaber,guilhem jaber,100.0,strong_candidate,96.3,96.3,50.0,True,True,27,23,10,1,['A5086987751'],[],['Guilhem Jaber'],"['ICFP', 'OOPSLA', 'OOPSLA1', 'OOPSLA2', 'PLDI', 'POPL']",,
harryxu,Guoqing Harry Xu,Guoqing Harry Xu,original_name,1,Guoqing Xu,guoqing xu,90.9,possible_candidate,76.9,76.9,66.7,True,True,147,80,48,1,['A5101967307'],['0000-0003-4737-2146'],['Guoqing Xu'],"['ICFP', 'OOPSLA', 'OOPSLA1', 'OOPSLA2', 'PLDI', 'POPL']",,
harryxu,Guoqing Harry Xu,Guoqing Harry Xu,mapped_name,2,Guoqing Xu,guoqing xu,90.9,possible_candidate,76.9,76.9,66.7,True,True,147,80,48,1,['A5101967307'],['0000-0003-4737-2146'],['Guoqing Xu'],"['ICFP', 'OOPSLA', 'OOPSLA1', 'OOPSLA2', 'PLDI', 'POPL']",,
harryxu,Guoqing Harry Xu,Guoqing Harry Xu,original_name,3,Hongqiang Harry Liu,hongqiang harry liu,74.3,weak_candidate,74.3,40.0,33.3,False,False,15,14,6,1,['A5014959077'],['0000-0001-6795-8537'],['Hongqiang Harry Liu'],"['OOPSLA', 'OOPSLA1', 'OOPSLA2', 'PLDI', 'POPL']",,
harryxu,Guoqing Harry Xu,Guoqing Harry Xu,mapped_name,4,Hongqiang Harry Liu,hongqiang harry liu,74.3,weak_candidate,74.3,40.0,33.3,False,False,15,14,6,1,['A5014959077'],['0000-0001-6795-8537'],['Hongqiang Harry Liu'],"['OOPSLA', 'OOPSLA1', 'OOPSLA2', 'PLDI', 'POPL']",,
guylsteelejr,Guy L. Steele Jr.,Guy L. Steele Jr.,original_name,1,Jr. Guy L. Steele,jr guy l steele,100.0,possible_candidate,80.0,100.0,100.0,False,False,6,6,3,1,['A5003384855'],[],['Jr. Guy L. Steele'],"['ICFP', 'OOPSLA', 'PLDI', 'POPL']",,
guylsteelejr,Guy L. Steele Jr.,Guy L. Steele Jr.,mapped_name,2,Jr. Guy L. Steele,jr guy l steele,100.0,possible_candidate,80.0,100.0,100.0,False,False,6,6,3,1,['A5003384855'],[],['Jr. Guy L. Steele'],"['ICFP', 'OOPSLA', 'PLDI', 'POPL']",,
guylsteelejr,Guy L. Steele Jr.,Guy L. Steele Jr.,original_name,3,Guy L. Steele,guy l steele,92.9,possible_candidate,88.9,88.9,75.0,False,True,73,62,36,2,"['A5072653508', 'A5113432827']",['0000-0002-1421-3811'],['Guy L. Steele'],"['ICFP', 'OOPSLA', 'OOPSLA1', 'OOPSLA2', 'PLDI', 'POPL']",,
guylsteelejr,Guy L. Steele Jr.,Guy L. Steele Jr.,mapped_name,4,Guy L. Steele,guy l steele,92.9,possible_candidate,88.9,88.9,75.0,False,True,73,62,36,2,"['A5072653508', 'A5113432827']",['0000-0002-1421-3811'],['Guy L. Steele'],"['ICFP', 'OOPSLA', 'OOPSLA1', 'OOPSLA2', 'PLDI', 'POPL']",,
hansjboehm,Hans-J. Boehm,Hans-J. Boehm,original_name,1,Hans‐J. Boehm,hans‐j boehm,100.0,possible_candidate,91.7,91.7,50.0,True,True,150,78,32,1,['A5111851229'],[],['Hans‐J. Boehm'],"['ICFP', 'OOPSLA', 'OOPSLA1', 'OOPSLA2', 'PLDI', 'POPL']",,
hansjboehm,Hans-J. Boehm,Hans-J. Boehm,mapped_name,2,Hans‐J. Boehm,hans‐j boehm,100.0,possible_candidate,91.7,91.7,50.0,True,True,150,78,32,1,['A5111851229'],[],['Hans‐J. Boehm'],"['ICFP', 'OOPSLA', 'OOPSLA1', 'OOPSLA2', 'PLDI', 'POPL']",,
hansjboehm,Hans-J. Boehm,Hans-J. Boehm,original_name,3,Hans J. Boehm,hans j boehm,100.0,possible_candidate,91.7,91.7,33.3,True,True,4,4,2,1,['A5112771800'],[],['Hans J. Boehm'],"['OOPSLA', 'OOPSLA2', 'PLDI']",,
hansjboehm,Hans-J. Boehm,Hans-J. Boehm,mapped_name,4,Hans J. Boehm,hans j boehm,100.0,possible_candidate,91.7,91.7,33.3,True,True,4,4,2,1,['A5112771800'],[],['Hans J. Boehm'],"['OOPSLA', 'OOPSLA2', 'PLDI']",,
hansjboehm,Hans-J. Boehm,Hans-J. Boehm,original_name,5,Hans‐Juergen Boehm,hans‐juergen boehm,87.3,possible_candidate,73.3,73.3,50.0,True,True,16,16,2,1,['A5112708332'],[],['Hans‐Juergen Boehm'],"['ICFP', 'OOPSLA', 'OOPSLA1', 'OOPSLA2', 'PLDI']",,
hansjboehm,Hans-J. Boehm,Hans-J. Boehm,mapped_name,6,Hans‐Juergen Boehm,hans‐juergen boehm,87.3,possible_candidate,73.3,73.3,50.0,True,True,16,16,2,1,['A5112708332'],[],['Hans‐Juergen Boehm'],"['ICFP', 'OOPSLA', 'OOPSLA1', 'OOPSLA2', 'PLDI']",,
hansjboehm,Hans-J. Boehm,Hans-J. Boehm,original_name,7,Matthias Böehm,matthias boehm,79.2,weak_candidate,69.2,69.2,50.0,True,False,3,2,3,1,['A5053153176'],['0000-0003-1344-3663'],['Matthias Böehm'],"['PLDI', 'POPL']",,
hansjboehm,Hans-J. Boehm,Hans-J. Boehm,mapped_name,8,Matthias Böehm,matthias boehm,79.2,weak_candidate,69.2,69.2,50.0,True,False,3,2,3,1,['A5053153176'],['0000-0003-1344-3663'],['Matthias Böehm'],"['PLDI', 'POPL']",,
harleydeadesiii,Harley D. Eades III,Harley D. Eades III,original_name,1,Harley Eades,harley eades,84.0,possible_candidate,80.0,80.0,50.0,False,True,59,39,11,1,['A5005740055'],['0000-0001-8474-5971'],['Harley Eades'],"['ICFP', 'OOPSLA', 'OOPSLA1', 'OOPSLA2', 'PLDI', 'POPL']",,
harleydeadesiii,Harley D. Eades III,Harley D. Eades III,mapped_name,2,Harley Eades,harley eades,84.0,possible_candidate,80.0,80.0,50.0,False,True,59,39,11,1,['A5005740055'],['0000-0001-8474-5971'],['Harley Eades'],"['ICFP', 'OOPSLA', 'OOPSLA1', 'OOPSLA2', 'PLDI', 'POPL']",,
hsiangshangko,Hsiang-Shang ‘Josh’ Ko,Hsiang-Shang ‘Josh’ Ko,original_name,1,Hsiang−Shang Ko,hsiang−shang ko,85.7,weak_candidate,75.7,75.7,33.3,True,True,22,13,12,1,['A5041557082'],['0000-0002-2439-1048'],['Hsiang−Shang Ko'],"['ICFP', 'OOPSLA', 'OOPSLA2', 'PLDI', 'POPL']",,
hsiangshangko,Hsiang-Shang ‘Josh’ Ko,Hsiang-Shang ‘Josh’ Ko,mapped_name,2,Hsiang−Shang Ko,hsiang−shang ko,85.7,weak_candidate,75.7,75.7,33.3,True,True,22,13,12,1,['A5041557082'],['0000-0002-2439-1048'],['Hsiang−Shang Ko'],"['ICFP', 'OOPSLA', 'OOPSLA2', 'PLDI', 'POPL']",,
jimlarus,James Larus,James Larus,original_name,1,James R. Larus,james r larus,100.0,strong_candidate,91.7,91.7,66.7,True,True,102,70,46,1,['A5089781126'],['0000-0002-5820-2524'],['James R. Larus'],"['ICFP', 'OOPSLA', 'OOPSLA1', 'OOPSLA2', 'PLDI', 'POPL']",,
jimlarus,James Larus,James Larus,mapped_name,2,James R. Larus,james r larus,100.0,strong_candidate,91.7,91.7,66.7,True,True,102,70,46,1,['A5089781126'],['0000-0002-5820-2524'],['James R. Larus'],"['ICFP', 'OOPSLA', 'OOPSLA1', 'OOPSLA2', 'PLDI', 'POPL']",,
jimlarus,James Larus,James Larus,original_name,3,James Clause,james clause,91.0,possible_candidate,87.0,43.5,50.0,False,True,13,11,7,1,['A5012290484'],['0000-0003-2728-3840'],['James Clause'],"['OOPSLA', 'OOPSLA1', 'OOPSLA2', 'PLDI']",,
jimlarus,James Larus,James Larus,mapped_name,4,James Clause,james clause,91.0,possible_candidate,87.0,43.5,50.0,False,True,13,11,7,1,['A5012290484'],['0000-0003-2728-3840'],['James Clause'],"['OOPSLA', 'OOPSLA1', 'OOPSLA2', 'PLDI']",,
jimlarus,James Larus,James Larus,original_name,5,James Glass,james glass,85.8,possible_candidate,81.8,45.5,50.0,False,True,1,1,1,1,['A5112758056'],['0000-0002-3097-360X'],['James Glass'],['OOPSLA'],,
jimlarus,James Larus,James Larus,mapped_name,6,James Glass,james glass,85.8,possible_candidate,81.8,45.5,50.0,False,True,1,1,1,1,['A5112758056'],['0000-0002-3097-360X'],['James Glass'],['OOPSLA'],,
jimlarus,James Larus,James Larus,original_name,7,James Law,james law,84.0,possible_candidate,80.0,80.0,50.0,False,True,11,9,5,1,['A5029361057'],['0000-0002-4966-3556'],['James Law'],"['OOPSLA', 'OOPSLA2', 'PLDI']",,
jimlarus,James Larus,James Larus,mapped_name,8,James Law,james law,84.0,possible_candidate,80.0,80.0,50.0,False,True,11,9,5,1,['A5029361057'],['0000-0002-4966-3556'],['James Law'],"['OOPSLA', 'OOPSLA2', 'PLDI']",,
jimlarus,James Larus,James Larus,original_name,9,James Clarkson,james clarkson,84.0,possible_candidate,80.0,40.0,50.0,False,True,1,1,1,1,['A5103018289'],['0000-0002-1064-7751'],['James Clarkson'],['OOPSLA'],,
jimlarus,James Larus,James Larus,original_name,10,James Liu,james liu,84.0,possible_candidate,80.0,80.0,50.0,False,True,1,1,1,0,[],[],['James Liu'],['OOPSLA1'],,
jimlarus,James Larus,James Larus,mapped_name,11,James Clarkson,james clarkson,84.0,possible_candidate,80.0,40.0,50.0,False,True,1,1,1,1,['A5103018289'],['0000-0002-1064-7751'],['James Clarkson'],['OOPSLA'],,
jimlarus,James Larus,James Larus,mapped_name,12,James Liu,james liu,84.0,possible_candidate,80.0,80.0,50.0,False,True,1,1,1,0,[],[],['James Liu'],['OOPSLA1'],,
jasminblanchette1,Jasmin Blanchette,Jasmin Blanchette,original_name,1,Jasmin Christian Blanchette,jasmin christian blanchette,91.3,possible_candidate,77.3,77.3,66.7,True,True,42,28,22,1,['A5079200257'],['0000-0002-8367-0936'],['Jasmin Christian Blanchette'],"['ICFP', 'OOPSLA', 'OOPSLA2', 'PLDI', 'POPL']",,
jasminblanchette1,Jasmin Blanchette,Jasmin Blanchette,mapped_name,2,Jasmin Christian Blanchette,jasmin christian blanchette,91.3,possible_candidate,77.3,77.3,66.7,True,True,42,28,22,1,['A5079200257'],['0000-0002-8367-0936'],['Jasmin Christian Blanchette'],"['ICFP', 'OOPSLA', 'OOPSLA2', 'PLDI', 'POPL']",,
jennadivincenzowise,Jenna DiVincenzo (Wise),Jenna DiVincenzo (Wise),original_name,1,Jenna DiVincenzo,jenna divincenzo,86.1,possible_candidate,82.1,82.1,66.7,False,True,8,6,3,1,['A5023497951'],['0000-0003-3029-2617'],['Jenna DiVincenzo'],"['ICFP', 'OOPSLA2', 'PLDI', 'POPL']",,
jennadivincenzowise,Jenna DiVincenzo (Wise),Jenna DiVincenzo (Wise),mapped_name,2,Jenna DiVincenzo,jenna divincenzo,86.1,possible_candidate,82.1,82.1,66.7,False,True,8,6,3,1,['A5023497951'],['0000-0003-3029-2617'],['Jenna DiVincenzo'],"['ICFP', 'OOPSLA2', 'PLDI', 'POPL']",,
jonathanragankelley,Jonathan Ragan-Kelley,Jonathan Ragan-Kelley,original_name,1,Jonathan Ragan‐Kelley,jonathan ragan‐kelley,99.2,possible_candidate,95.2,95.2,50.0,False,True,191,93,36,1,['A5023577472'],['0000-0001-6243-9543'],['Jonathan Ragan‐Kelley'],"['ICFP', 'OOPSLA', 'OOPSLA1', 'OOPSLA2', 'PLDI', 'POPL']",,
jonathanragankelley,Jonathan Ragan-Kelley,Jonathan Ragan-Kelley,mapped_name,2,Jonathan Ragan‐Kelley,jonathan ragan‐kelley,99.2,possible_candidate,95.2,95.2,50.0,False,True,191,93,36,1,['A5023577472'],['0000-0001-6243-9543'],['Jonathan Ragan‐Kelley'],"['ICFP', 'OOPSLA', 'OOPSLA1', 'OOPSLA2', 'PLDI', 'POPL']",,
jonathanragankelley,Jonathan Ragan-Kelley,Jonathan Ragan-Kelley,original_name,3,Jonathan Frankle,jonathan frankle,85.1,possible_candidate,81.1,43.2,50.0,False,True,33,31,3,1,['A5078716102'],[],['Jonathan Frankle'],"['ICFP', 'OOPSLA', 'OOPSLA2', 'PLDI', 'POPL']",,
jonathanragankelley,Jonathan Ragan-Kelley,Jonathan Ragan-Kelley,mapped_name,4,Jonathan Frankle,jonathan frankle,85.1,possible_candidate,81.1,43.2,50.0,False,True,33,31,3,1,['A5078716102'],[],['Jonathan Frankle'],"['ICFP', 'OOPSLA', 'OOPSLA2', 'PLDI', 'POPL']",,
jonathanragankelley,Jonathan Ragan-Kelley,Jonathan Ragan-Kelley,original_name,5,Jonathan Natale,jonathan natale,76.2,weak_candidate,72.2,72.2,50.0,False,True,2,2,1,0,[],[],['Jonathan Natale'],['PLDI'],,
jonathanragankelley,Jonathan Ragan-Kelley,Jonathan Ragan-Kelley,mapped_name,6,Jonathan Natale,jonathan natale,76.2,weak_candidate,72.2,72.2,50.0,False,True,2,2,1,0,[],[],['Jonathan Natale'],['PLDI'],,
jonathanragankelley,Jonathan Ragan-Kelley,Jonathan Ragan-Kelley,original_name,7,Jonathan Graehl,jonathan graehl,76.2,weak_candidate,72.2,44.4,50.0,False,True,1,1,1,1,['A5050270674'],[],['Jonathan Graehl'],['PLDI'],,
jonathanragankelley,Jonathan Ragan-Kelley,Jonathan Ragan-Kelley,original_name,8,Jonathan Raiman,jonathan raiman,76.2,weak_candidate,72.2,72.2,50.0,False,True,1,1,1,1,['A5058844317'],['0009-0000-5229-7318'],['Jonathan Raiman'],['ICFP'],,
jonathanragankelley,Jonathan Ragan-Kelley,Jonathan Ragan-Kelley,mapped_name,9,Jonathan Graehl,jonathan graehl,76.2,weak_candidate,72.2,44.4,50.0,False,True,1,1,1,1,['A5050270674'],[],['Jonathan Graehl'],['PLDI'],,
jonathanragankelley,Jonathan Ragan-Kelley,Jonathan Ragan-Kelley,mapped_name,10,Jonathan Raiman,jonathan raiman,76.2,weak_candidate,72.2,72.2,50.0,False,True,1,1,1,1,['A5058844317'],['0009-0000-5229-7318'],['Jonathan Raiman'],['ICFP'],,
jonathanragankelley,Jonathan Ragan-Kelley,Jonathan Ragan-Kelley,original_name,11,Jonathan Bell,jonathan bell,74.6,weak_candidate,70.6,47.1,50.0,False,True,21,12,12,1,['A5053080959'],['0000-0002-1187-9298'],['Jonathan Bell'],"['OOPSLA', 'OOPSLA1', 'OOPSLA2']",,
jonathanragankelley,Jonathan Ragan-Kelley,Jonathan Ragan-Kelley,mapped_name,12,Jonathan Bell,jonathan bell,74.6,weak_candidate,70.6,47.1,50.0,False,True,21,12,12,1,['A5053080959'],['0000-0002-1187-9298'],['Jonathan Bell'],"['OOPSLA', 'OOPSLA1', 'OOPSLA2']",,
julienverlaguet,Julien Verlaguet,Julien Verlaguet,original_name,1,Julien Vanegue,julien vanegue,84.0,possible_candidate,80.0,80.0,50.0,False,True,6,6,2,1,['A5017596585'],['0009-0006-7927-3205'],['Julien Vanegue'],"['OOPSLA1', 'OOPSLA2', 'PLDI', 'POPL']",,
julienverlaguet,Julien Verlaguet,Julien Verlaguet,mapped_name,2,Julien Vanegue,julien vanegue,84.0,possible_candidate,80.0,80.0,50.0,False,True,6,6,2,1,['A5017596585'],['0009-0006-7927-3205'],['Julien Vanegue'],"['OOPSLA1', 'OOPSLA2', 'PLDI', 'POPL']",,
julienverlaguet,Julien Verlaguet,Julien Verlaguet,original_name,3,Julien Lange,julien lange,82.6,weak_candidate,78.6,78.6,50.0,False,True,41,23,17,1,['A5018974160'],['0000-0001-9697-1378'],['Julien Lange'],"['ICFP', 'OOPSLA', 'OOPSLA1', 'OOPSLA2', 'PLDI', 'POPL']",,
julienverlaguet,Julien Verlaguet,Julien Verlaguet,mapped_name,4,Julien Lange,julien lange,82.6,weak_candidate,78.6,78.6,50.0,False,True,41,23,17,1,['A5018974160'],['0000-0001-9697-1378'],['Julien Lange'],"['ICFP', 'OOPSLA', 'OOPSLA1', 'OOPSLA2', 'PLDI', 'POPL']",,
julienverlaguet,Julien Verlaguet,Julien Verlaguet,original_name,5,"Vanegue, Julien","vanegue, julien",81.4,weak_candidate,38.7,77.4,50.0,False,False,4,3,2,0,[],['0009-0006-7927-3205'],"['Vanegue, Julien']","['OOPSLA1', 'OOPSLA2', 'POPL']",,
julienverlaguet,Julien Verlaguet,Julien Verlaguet,mapped_name,6,"Vanegue, Julien","vanegue, julien",81.4,weak_candidate,38.7,77.4,50.0,False,False,4,3,2,0,[],['0009-0006-7927-3205'],"['Vanegue, Julien']","['OOPSLA1', 'OOPSLA2', 'POPL']",,
julienverlaguet,Julien Verlaguet,Julien Verlaguet,original_name,7,Julien Langou,julien langou,79.9,weak_candidate,75.9,75.9,50.0,False,True,7,4,4,1,['A5020584809'],['0000-0002-7803-1822'],['Julien Langou'],"['OOPSLA', 'OOPSLA2', 'PLDI']",,
julienverlaguet,Julien Verlaguet,Julien Verlaguet,mapped_name,8,Julien Langou,julien langou,79.9,weak_candidate,75.9,75.9,50.0,False,True,7,4,4,1,['A5020584809'],['0000-0002-7803-1822'],['Julien Langou'],"['OOPSLA', 'OOPSLA2', 'PLDI']",,
julienverlaguet,Julien Verlaguet,Julien Verlaguet,original_name,9,"Lange, Julien","lange, julien",79.9,weak_candidate,41.4,75.9,50.0,False,False,2,2,2,0,[],['0000-0001-9697-1378'],"['Lange, Julien']",['OOPSLA2'],,
julienverlaguet,Julien Verlaguet,Julien Verlaguet,mapped_name,10,"Lange, Julien","lange, julien",79.9,weak_candidate,41.4,75.9,50.0,False,False,2,2,2,0,[],['0000-0001-9697-1378'],"['Lange, Julien']",['OOPSLA2'],,
julienverlaguet,Julien Verlaguet,Julien Verlaguet,original_name,11,Julien Lerouge,julien lerouge,77.3,weak_candidate,73.3,73.3,50.0,False,True,1,1,1,1,['A5071960235'],[],['Julien Lerouge'],['OOPSLA2'],,
julienverlaguet,Julien Verlaguet,Julien Verlaguet,mapped_name,12,Julien Lerouge,julien lerouge,77.3,weak_candidate,73.3,73.3,50.0,False,True,1,1,1,1,['A5071960235'],[],['Julien Lerouge'],['OOPSLA2'],,
kedarnamjoshi,Kedar Namjoshi,Kedar Namjoshi,original_name,1,Kedar S. Namjoshi,kedar s namjoshi,100.0,strong_candidate,93.3,93.3,66.7,True,True,27,24,16,1,['A5031527903'],['0000-0002-6379-2442'],['Kedar S. Namjoshi'],"['OOPSLA', 'OOPSLA1', 'OOPSLA2', 'PLDI', 'POPL']",,
kedarnamjoshi,Kedar Namjoshi,Kedar Namjoshi,mapped_name,2,Kedar S. Namjoshi,kedar s namjoshi,100.0,strong_candidate,93.3,93.3,66.7,True,True,27,24,16,1,['A5031527903'],['0000-0002-6379-2442'],['Kedar S. Namjoshi'],"['OOPSLA', 'OOPSLA1', 'OOPSLA2', 'PLDI', 'POPL']",,
kedarnamjoshi,Kedar Namjoshi,Kedar Namjoshi,original_name,3,"Namjoshi, Kedar S","namjoshi, kedar s",90.3,possible_candidate,51.6,90.3,33.3,False,False,1,1,1,0,[],[],"['Namjoshi, Kedar S']",['POPL'],,
kedarnamjoshi,Kedar Namjoshi,Kedar Namjoshi,mapped_name,4,"Namjoshi, Kedar S","namjoshi, kedar s",90.3,possible_candidate,51.6,90.3,33.3,False,False,1,1,1,0,[],[],"['Namjoshi, Kedar S']",['POPL'],,
kimbruce,Kim Bruce,Kim Bruce,original_name,1,Kim B. Bruce,kim b bruce,100.0,strong_candidate,90.0,90.0,66.7,True,True,19,10,14,1,['A5111954167'],[],['Kim B. Bruce'],"['OOPSLA', 'OOPSLA1', 'OOPSLA2', 'POPL']",,
kimbruce,Kim Bruce,Kim Bruce,mapped_name,2,Kim B. Bruce,kim b bruce,100.0,strong_candidate,90.0,90.0,66.7,True,True,19,10,14,1,['A5111954167'],[],['Kim B. Bruce'],"['OOPSLA', 'OOPSLA1', 'OOPSLA2', 'POPL']",,
kimbruce,Kim Bruce,Kim Bruce,original_name,3,K.B. Bruce,k b bruce,87.8,weak_candidate,77.8,77.8,33.3,True,True,1,1,1,1,['A5070781869'],[],['K.B. Bruce'],['ICFP'],,
kimbruce,Kim Bruce,Kim Bruce,mapped_name,4,K.B. Bruce,k b bruce,87.8,weak_candidate,77.8,77.8,33.3,True,True,1,1,1,1,['A5070781869'],[],['K.B. Bruce'],['ICFP'],,
kimbruce,Kim Bruce,Kim Bruce,original_name,5,"Krogh, Bruce","krogh, bruce",80.7,possible_candidate,66.7,66.7,50.0,True,True,1,1,1,0,[],[],"['Krogh, Bruce']",['OOPSLA2'],,
kimbruce,Kim Bruce,Kim Bruce,mapped_name,6,"Krogh, Bruce","krogh, bruce",80.7,possible_candidate,66.7,66.7,50.0,True,True,1,1,1,0,[],[],"['Krogh, Bruce']",['OOPSLA2'],,
kimbruce,Kim Bruce,Kim Bruce,original_name,7,Been Kim,been kim,74.6,weak_candidate,35.3,70.6,50.0,False,False,1,1,1,1,['A5041405652'],['0000-0001-9938-2915'],['Been Kim'],['OOPSLA2'],,
kimbruce,Kim Bruce,Kim Bruce,mapped_name,8,Been Kim,been kim,74.6,weak_candidate,35.3,70.6,50.0,False,False,1,1,1,1,['A5041405652'],['0000-0001-9938-2915'],['Been Kim'],['OOPSLA2'],,
kimbruce,Kim Bruce,Kim Bruce,original_name,9,Bruce Knobe,bruce knobe,74.0,weak_candidate,50.0,70.0,50.0,False,False,1,1,1,1,['A5024086209'],[],['Bruce Knobe'],['PLDI'],,
kimbruce,Kim Bruce,Kim Bruce,original_name,10,Bruce Merry,bruce merry,74.0,weak_candidate,50.0,70.0,50.0,False,False,1,1,1,0,[],[],['Bruce Merry'],['OOPSLA'],,
kimbruce,Kim Bruce,Kim Bruce,mapped_name,11,Bruce Knobe,bruce knobe,74.0,weak_candidate,50.0,70.0,50.0,False,False,1,1,1,1,['A5024086209'],[],['Bruce Knobe'],['PLDI'],,
kimbruce,Kim Bruce,Kim Bruce,mapped_name,12,Bruce Merry,bruce merry,74.0,weak_candidate,50.0,70.0,50.0,False,False,1,1,1,0,[],[],['Bruce Merry'],['OOPSLA'],,
klausvgleissenthall,Klaus v. Gleissenthall,Klaus v. Gleissenthall,original_name,1,Klaus von Gleissenthall,klaus von gleissenthall,100.0,strong_candidate,95.5,95.5,66.7,True,True,42,37,9,1,['A5055000720'],['0000-0003-0826-4425'],['Klaus von Gleissenthall'],"['ICFP', 'OOPSLA', 'OOPSLA1', 'OOPSLA2', 'PLDI', 'POPL']",,
klausvgleissenthall,Klaus v. Gleissenthall,Klaus v. Gleissenthall,mapped_name,2,Klaus von Gleissenthall,klaus von gleissenthall,100.0,strong_candidate,95.5,95.5,66.7,True,True,42,37,9,1,['A5055000720'],['0000-0003-0826-4425'],['Klaus von Gleissenthall'],"['ICFP', 'OOPSLA', 'OOPSLA1', 'OOPSLA2', 'PLDI', 'POPL']",,
klausvgleissenthall,Klaus v. Gleissenthall,Klaus v. Gleissenthall,original_name,3,"Gleissenthall, Klaus","gleissenthall, klaus",92.7,possible_candidate,63.4,92.7,33.3,False,False,5,5,1,0,[],[],"['Gleissenthall, Klaus']","['PLDI', 'POPL']",,
klausvgleissenthall,Klaus v. Gleissenthall,Klaus v. Gleissenthall,mapped_name,4,"Gleissenthall, Klaus","gleissenthall, klaus",92.7,possible_candidate,63.4,92.7,33.3,False,False,5,5,1,0,[],[],"['Gleissenthall, Klaus']","['PLDI', 'POPL']",,
liangtingchen,Liang-Ting Chen,Liang-Ting Chen,original_name,1,Liang Chen,liang chen,94.0,possible_candidate,80.0,80.0,50.0,True,True,4,3,3,3,"['A5100334644', 'A5100334684', 'A5101957211']","['0000-0002-3149-0239', '0000-0003-0712-4738', '0009-0009-3500-1808']",['Liang Chen'],"['OOPSLA', 'OOPSLA2']",,
liangtingchen,Liang-Ting Chen,Liang-Ting Chen,mapped_name,2,Liang Chen,liang chen,94.0,possible_candidate,80.0,80.0,50.0,True,True,4,3,3,3,"['A5100334644', 'A5100334684', 'A5101957211']","['0000-0002-3149-0239', '0000-0003-0712-4738', '0009-0009-3500-1808']",['Liang Chen'],"['OOPSLA', 'OOPSLA2']",,
liangtingchen,Liang-Ting Chen,Liang-Ting Chen,original_name,3,Xiangping Chen,xiangping chen,92.8,possible_candidate,82.8,82.8,50.0,True,False,2,2,2,1,['A5101601497'],['0000-0001-8234-3186'],['Xiangping Chen'],"['OOPSLA2', 'PLDI']",,
liangtingchen,Liang-Ting Chen,Liang-Ting Chen,mapped_name,4,Xiangping Chen,xiangping chen,92.8,possible_candidate,82.8,82.8,50.0,True,False,2,2,2,1,['A5101601497'],['0000-0001-8234-3186'],['Xiangping Chen'],"['OOPSLA2', 'PLDI']",,
liangtingchen,Liang-Ting Chen,Liang-Ting Chen,original_name,5,Liming Chen,liming chen,90.9,possible_candidate,76.9,76.9,50.0,True,True,1,1,1,1,['A5100443536'],['0000-0003-0200-7989'],['Liming Chen'],['OOPSLA2'],,
liangtingchen,Liang-Ting Chen,Liang-Ting Chen,original_name,6,Linlin Chen,linlin chen,90.9,possible_candidate,76.9,76.9,50.0,True,True,1,1,1,1,['A5100327243'],['0000-0002-1016-1356'],['Linlin Chen'],['OOPSLA2'],,
liangtingchen,Liang-Ting Chen,Liang-Ting Chen,mapped_name,7,Liming Chen,liming chen,90.9,possible_candidate,76.9,76.9,50.0,True,True,1,1,1,1,['A5100443536'],['0000-0003-0200-7989'],['Liming Chen'],['OOPSLA2'],,
liangtingchen,Liang-Ting Chen,Liang-Ting Chen,mapped_name,8,Linlin Chen,linlin chen,90.9,possible_candidate,76.9,76.9,50.0,True,True,1,1,1,1,['A5100327243'],['0000-0002-1016-1356'],['Linlin Chen'],['OOPSLA2'],,
liangtingchen,Liang-Ting Chen,Liang-Ting Chen,original_name,9,Xiangxiang Chen,xiangxiang chen,90.0,possible_candidate,80.0,80.0,50.0,True,False,1,1,1,1,['A5101715010'],['0009-0006-4482-3430'],['Xiangxiang Chen'],['OOPSLA2'],,
liangtingchen,Liang-Ting Chen,Liang-Ting Chen,mapped_name,10,Xiangxiang Chen,xiangxiang chen,90.0,possible_candidate,80.0,80.0,50.0,True,False,1,1,1,1,['A5101715010'],['0009-0006-4482-3430'],['Xiangxiang Chen'],['OOPSLA2'],,
liangtingchen,Liang-Ting Chen,Liang-Ting Chen,original_name,11,Guanting Chen,guanting chen,88.6,possible_candidate,78.6,78.6,50.0,True,False,2,2,1,1,['A5101983121'],['0000-0003-1354-5192'],['Guanting Chen'],"['OOPSLA2', 'PLDI']",,
liangtingchen,Liang-Ting Chen,Liang-Ting Chen,mapped_name,12,Guanting Chen,guanting chen,88.6,possible_candidate,78.6,78.6,50.0,True,False,2,2,1,1,['A5101983121'],['0000-0003-1354-5192'],['Guanting Chen'],"['OOPSLA2', 'PLDI']",,
mahmuttaylankandemir,Mahmut Taylan Kandemir,Mahmut Taylan Kandemir,original_name,1,"Kandemir, Mahmut Taylan","kandemir, mahmut taylan",100.0,possible_candidate,57.8,97.8,66.7,False,False,1,1,1,0,[],[],"['Kandemir, Mahmut Taylan']",['OOPSLA2'],,
mahmuttaylankandemir,Mahmut Taylan Kandemir,Mahmut Taylan Kandemir,mapped_name,2,"Kandemir, Mahmut Taylan","kandemir, mahmut taylan",100.0,possible_candidate,57.8,97.8,66.7,False,False,1,1,1,0,[],[],"['Kandemir, Mahmut Taylan']",['OOPSLA2'],,
mahmuttaylankandemir,Mahmut Taylan Kandemir,Mahmut Taylan Kandemir,original_name,3,Mahmut Kandemir,mahmut kandemir,95.1,strong_candidate,81.1,81.1,66.7,True,True,90,27,49,1,['A5007116603'],['0000-0002-9940-9951'],['Mahmut Kandemir'],"['ICFP', 'OOPSLA', 'OOPSLA2', 'PLDI', 'POPL']",,
mahmuttaylankandemir,Mahmut Taylan Kandemir,Mahmut Taylan Kandemir,mapped_name,4,Mahmut Kandemir,mahmut kandemir,95.1,strong_candidate,81.1,81.1,66.7,True,True,90,27,49,1,['A5007116603'],['0000-0002-9940-9951'],['Mahmut Kandemir'],"['ICFP', 'OOPSLA', 'OOPSLA2', 'PLDI', 'POPL']",,
mahmuttaylankandemir,Mahmut Taylan Kandemir,Mahmut Taylan Kandemir,original_name,5,Mahmut Kademir,mahmut kademir,77.8,weak_candidate,77.8,77.8,33.3,False,True,1,1,1,1,['A5098116492'],[],['Mahmut Kademir'],['PLDI'],,
mahmuttaylankandemir,Mahmut Taylan Kandemir,Mahmut Taylan Kandemir,mapped_name,6,Mahmut Kademir,mahmut kademir,77.8,weak_candidate,77.8,77.8,33.3,False,True,1,1,1,1,['A5098116492'],[],['Mahmut Kademir'],['PLDI'],,
mahmuttaylankandemir,Mahmut Taylan Kandemir,Mahmut Taylan Kandemir,original_name,7,M. Kandemir,m kandemir,72.5,weak_candidate,62.5,62.5,33.3,True,True,5,2,5,1,['A5063455579'],['0000-0003-1598-5108'],['M. Kandemir'],['PLDI'],,
mahmuttaylankandemir,Mahmut Taylan Kandemir,Mahmut Taylan Kandemir,mapped_name,8,M. Kandemir,m kandemir,72.5,weak_candidate,62.5,62.5,33.3,True,True,5,2,5,1,['A5063455579'],['0000-0003-1598-5108'],['M. Kandemir'],['PLDI'],,
markjones,Mark Jones,Mark Jones,original_name,1,Mark P. Jones,mark p jones,100.0,strong_candidate,90.9,90.9,66.7,True,True,98,73,23,1,['A5109230348'],[],['Mark P. Jones'],"['ICFP', 'OOPSLA', 'OOPSLA1', 'OOPSLA2', 'PLDI', 'POPL']",,
markjones,Mark Jones,Mark Jones,mapped_name,2,Mark P. Jones,mark p jones,100.0,strong_candidate,90.9,90.9,66.7,True,True,98,73,23,1,['A5109230348'],[],['Mark P. Jones'],"['ICFP', 'OOPSLA', 'OOPSLA1', 'OOPSLA2', 'PLDI', 'POPL']",,
markjones,Mark Jones,Mark Jones,original_name,3,R Jones,r jones,92.4,possible_candidate,82.4,82.4,50.0,True,False,2,1,1,0,[],[],['R Jones'],['POPL'],,
markjones,Mark Jones,Mark Jones,mapped_name,4,R Jones,r jones,92.4,possible_candidate,82.4,82.4,50.0,True,False,2,1,1,0,[],[],['R Jones'],['POPL'],,
markjones,Mark Jones,Mark Jones,original_name,5,A. Jones,a jones,92.4,possible_candidate,82.4,58.8,50.0,True,False,1,1,1,1,['A5069850792'],['0009-0007-9740-6611'],['A. Jones'],['ICFP'],,
markjones,Mark Jones,Mark Jones,mapped_name,6,A. Jones,a jones,92.4,possible_candidate,82.4,58.8,50.0,True,False,1,1,1,1,['A5069850792'],['0009-0007-9740-6611'],['A. Jones'],['ICFP'],,
markjones,Mark Jones,Mark Jones,original_name,7,Mark Johnson,mark johnson,85.8,possible_candidate,81.8,81.8,50.0,False,True,1,1,1,1,['A5034461489'],['0000-0003-4809-8441'],['Mark Johnson'],['ICFP'],,
markjones,Mark Jones,Mark Jones,mapped_name,8,Mark Johnson,mark johnson,85.8,possible_candidate,81.8,81.8,50.0,False,True,1,1,1,1,['A5034461489'],['0000-0003-4809-8441'],['Mark Johnson'],['ICFP'],,
markjones,Mark Jones,Mark Jones,original_name,9,Michael Jones,michael jones,83.6,possible_candidate,69.6,69.6,50.0,True,True,2,2,2,2,"['A5064275902', 'A5064905348']","['0000-0001-5215-2346', '0000-0002-0131-527X']",['Michael Jones'],"['OOPSLA', 'OOPSLA2']",,
markjones,Mark Jones,Mark Jones,mapped_name,10,Michael Jones,michael jones,83.6,possible_candidate,69.6,69.6,50.0,True,True,2,2,2,2,"['A5064275902', 'A5064905348']","['0000-0001-5215-2346', '0000-0002-0131-527X']",['Michael Jones'],"['OOPSLA', 'OOPSLA2']",,
markjones,Mark Jones,Mark Jones,original_name,11,Claire Jones,claire jones,82.7,weak_candidate,72.7,45.5,50.0,True,False,6,6,1,1,['A5042137109'],[],['Claire Jones'],"['OOPSLA', 'PLDI', 'POPL']",,
markjones,Mark Jones,Mark Jones,mapped_name,12,Claire Jones,claire jones,82.7,weak_candidate,72.7,45.5,50.0,True,False,6,6,1,1,['A5042137109'],[],['Claire Jones'],"['OOPSLA', 'PLDI', 'POPL']",,
matthewhammer,Matthew Hammer,Matthew Hammer,original_name,1,Matthew A. Hammer,matthew a hammer,100.0,strong_candidate,93.3,93.3,66.7,True,True,49,34,13,1,['A5030683830'],[],['Matthew A. Hammer'],"['ICFP', 'OOPSLA', 'OOPSLA1', 'OOPSLA2', 'PLDI', 'POPL']",,
matthewhammer,Matthew Hammer,Matthew Hammer,mapped_name,2,Matthew A. Hammer,matthew a hammer,100.0,strong_candidate,93.3,93.3,66.7,True,True,49,34,13,1,['A5030683830'],[],['Matthew A. Hammer'],"['ICFP', 'OOPSLA', 'OOPSLA1', 'OOPSLA2', 'PLDI', 'POPL']",,
matthewhammer,Matthew Hammer,Matthew Hammer,original_name,3,Matthew Hague,matthew hague,85.5,possible_candidate,81.5,81.5,50.0,False,True,54,27,19,1,['A5083664380'],['0000-0003-4913-3800'],['Matthew Hague'],"['ICFP', 'OOPSLA', 'OOPSLA1', 'OOPSLA2', 'PLDI', 'POPL']",,
matthewhammer,Matthew Hammer,Matthew Hammer,mapped_name,4,Matthew Hague,matthew hague,85.5,possible_candidate,81.5,81.5,50.0,False,True,54,27,19,1,['A5083664380'],['0000-0003-4913-3800'],['Matthew Hague'],"['ICFP', 'OOPSLA', 'OOPSLA1', 'OOPSLA2', 'PLDI', 'POPL']",,
matthewhammer,Matthew Hammer,Matthew Hammer,original_name,5,Matthew Hertz,matthew hertz,85.5,possible_candidate,81.5,81.5,50.0,False,True,13,9,10,1,['A5011728636'],[],['Matthew Hertz'],"['OOPSLA', 'OOPSLA1', 'OOPSLA2', 'PLDI']",,
matthewhammer,Matthew Hammer,Matthew Hammer,mapped_name,6,Matthew Hertz,matthew hertz,85.5,possible_candidate,81.5,81.5,50.0,False,True,13,9,10,1,['A5011728636'],[],['Matthew Hertz'],"['OOPSLA', 'OOPSLA1', 'OOPSLA2', 'PLDI']",,
matthewhammer,Matthew Hammer,Matthew Hammer,original_name,7,Matthew Hayes,matthew hayes,85.5,possible_candidate,81.5,81.5,50.0,False,True,1,1,1,1,['A5008349630'],['0000-0002-5228-4223'],['Matthew Hayes'],['OOPSLA2'],,
matthewhammer,Matthew Hammer,Matthew Hammer,mapped_name,8,Matthew Hayes,matthew hayes,85.5,possible_candidate,81.5,81.5,50.0,False,True,1,1,1,1,['A5008349630'],['0000-0002-5228-4223'],['Matthew Hayes'],['OOPSLA2'],,
matthewhammer,Matthew Hammer,Matthew Hammer,original_name,9,Matthew Amy,matthew amy,84.0,possible_candidate,80.0,80.0,50.0,False,True,48,31,11,1,['A5042673679'],['0000-0003-3514-420X'],['Matthew Amy'],"['OOPSLA', 'OOPSLA1', 'OOPSLA2', 'PLDI', 'POPL']",,
matthewhammer,Matthew Hammer,Matthew Hammer,mapped_name,10,Matthew Amy,matthew amy,84.0,possible_candidate,80.0,80.0,50.0,False,True,48,31,11,1,['A5042673679'],['0000-0003-3514-420X'],['Matthew Amy'],"['OOPSLA', 'OOPSLA1', 'OOPSLA2', 'PLDI', 'POPL']",,
matthewhammer,Matthew Hammer,Matthew Hammer,original_name,11,Matthew Moe,matthew moe,84.0,possible_candidate,80.0,56.0,50.0,False,True,1,1,1,1,['A5039951014'],[],['Matthew Moe'],['OOPSLA2'],,
matthewhammer,Matthew Hammer,Matthew Hammer,mapped_name,12,Matthew Moe,matthew moe,84.0,possible_candidate,80.0,56.0,50.0,False,True,1,1,1,1,['A5039951014'],[],['Matthew Moe'],['OOPSLA2'],,
matthewparkinson,Matthew J. Parkinson,Matthew J. Parkinson,original_name,1,Matthew Parkinson,matthew parkinson,100.0,strong_candidate,94.4,94.4,66.7,True,True,256,128,44,1,['A5001725251'],['0009-0004-3937-1260'],['Matthew Parkinson'],"['ICFP', 'OOPSLA', 'OOPSLA1', 'OOPSLA2', 'PLDI', 'POPL']",,
matthewparkinson,Matthew J. Parkinson,Matthew J. Parkinson,mapped_name,2,Matthew Parkinson,matthew parkinson,100.0,strong_candidate,94.4,94.4,66.7,True,True,256,128,44,1,['A5001725251'],['0009-0004-3937-1260'],['Matthew Parkinson'],"['ICFP', 'OOPSLA', 'OOPSLA1', 'OOPSLA2', 'PLDI', 'POPL']",,
matthewparkinson,Matthew J. Parkinson,Matthew J. Parkinson,original_name,3,"Parkinson, Matthew J.","parkinson, matthew j",100.0,possible_candidate,46.2,97.4,66.7,False,False,1,1,1,0,[],[],"['Parkinson, Matthew J.']",['OOPSLA2'],,
matthewparkinson,Matthew J. Parkinson,Matthew J. Parkinson,mapped_name,4,"Parkinson, Matthew J.","parkinson, matthew j",100.0,possible_candidate,46.2,97.4,66.7,False,False,1,1,1,0,[],[],"['Parkinson, Matthew J.']",['OOPSLA2'],,
matthewparkinson,Matthew J. Parkinson,Matthew J. Parkinson,original_name,5,Matthew J. Parkinson J,matthew j parkinson j,99.0,possible_candidate,95.0,95.0,100.0,False,True,10,9,2,1,['A5033231992'],[],['Matthew J. Parkinson J'],"['ICFP', 'OOPSLA', 'PLDI', 'POPL']",,
matthewparkinson,Matthew J. Parkinson,Matthew J. Parkinson,mapped_name,6,Matthew J. Parkinson J,matthew j parkinson j,99.0,possible_candidate,95.0,95.0,100.0,False,True,10,9,2,1,['A5033231992'],[],['Matthew J. Parkinson J'],"['ICFP', 'OOPSLA', 'PLDI', 'POPL']",,
matthewparkinson,Matthew J. Parkinson,Matthew J. Parkinson,original_name,7,"Parkinson, Matthew","parkinson, matthew",91.9,possible_candidate,48.6,91.9,33.3,False,False,2,2,2,0,[],[],"['Parkinson, Matthew']","['OOPSLA2', 'PLDI']",,
matthewparkinson,Matthew J. Parkinson,Matthew J. Parkinson,mapped_name,8,"Parkinson, Matthew","parkinson, matthew",91.9,possible_candidate,48.6,91.9,33.3,False,False,2,2,2,0,[],[],"['Parkinson, Matthew']","['OOPSLA2', 'PLDI']",,
matthewparkinson,Matthew J. Parkinson,Matthew J. Parkinson,original_name,9,J Parkinson,j parkinson,83.3,weak_candidate,73.3,73.3,66.7,True,False,2,1,1,0,[],[],['J Parkinson'],['POPL'],,
matthewparkinson,Matthew J. Parkinson,Matthew J. Parkinson,mapped_name,10,J Parkinson,j parkinson,83.3,weak_candidate,73.3,73.3,66.7,True,False,2,1,1,0,[],[],['J Parkinson'],['POPL'],,
matthewparkinson,Matthew J. Parkinson,Matthew J. Parkinson,original_name,11,Matthew J. Weinstein,matthew j weinstein,77.7,weak_candidate,73.7,73.7,66.7,False,True,1,1,1,1,['A5108651215'],[],['Matthew J. Weinstein'],['ICFP'],,
matthewparkinson,Matthew J. Parkinson,Matthew J. Parkinson,mapped_name,12,Matthew J. Weinstein,matthew j weinstein,77.7,weak_candidate,73.7,73.7,66.7,False,True,1,1,1,1,['A5108651215'],[],['Matthew J. Weinstein'],['ICFP'],,
nehaagarwal,Neha Agarwal,Neha Agarwal,original_name,1,Nimisha Agarwal,nimisha agarwal,95.5,possible_candidate,81.5,81.5,50.0,True,True,1,1,1,1,['A5101574419'],['0000-0003-4194-7738'],['Nimisha Agarwal'],['PLDI'],,
nehaagarwal,Neha Agarwal,Neha Agarwal,mapped_name,2,Nimisha Agarwal,nimisha agarwal,95.5,possible_candidate,81.5,81.5,50.0,True,True,1,1,1,1,['A5101574419'],['0000-0003-4194-7738'],['Nimisha Agarwal'],['PLDI'],,
nehaagarwal,Neha Agarwal,Neha Agarwal,original_name,3,Anant Agarwal,anant agarwal,90.0,possible_candidate,80.0,80.0,50.0,True,False,13,12,7,1,['A5060123137'],['0000-0003-0228-8039'],['Anant Agarwal'],"['ICFP', 'OOPSLA', 'OOPSLA1', 'PLDI', 'POPL']",,
nehaagarwal,Neha Agarwal,Neha Agarwal,mapped_name,4,Anant Agarwal,anant agarwal,90.0,possible_candidate,80.0,80.0,50.0,True,False,13,12,7,1,['A5060123137'],['0000-0003-0228-8039'],['Anant Agarwal'],"['ICFP', 'OOPSLA', 'OOPSLA1', 'PLDI', 'POPL']",,
nehaagarwal,Neha Agarwal,Neha Agarwal,original_name,5,Akanksha Agarwal,akanksha agarwal,88.6,possible_candidate,78.6,78.6,50.0,True,False,1,1,1,1,['A5040531533'],[],['Akanksha Agarwal'],['OOPSLA2'],,
nehaagarwal,Neha Agarwal,Neha Agarwal,mapped_name,6,Akanksha Agarwal,akanksha agarwal,88.6,possible_candidate,78.6,78.6,50.0,True,False,1,1,1,1,['A5040531533'],[],['Akanksha Agarwal'],['OOPSLA2'],,
nehaagarwal,Neha Agarwal,Neha Agarwal,original_name,7,Sharad Agarwal,sharad agarwal,86.9,possible_candidate,76.9,76.9,50.0,True,False,3,3,2,1,['A5032970691'],['0000-0002-6492-5390'],['Sharad Agarwal'],"['OOPSLA', 'PLDI']",,
nehaagarwal,Neha Agarwal,Neha Agarwal,mapped_name,8,Sharad Agarwal,sharad agarwal,86.9,possible_candidate,76.9,76.9,50.0,True,False,3,3,2,1,['A5032970691'],['0000-0002-6492-5390'],['Sharad Agarwal'],"['OOPSLA', 'PLDI']",,
nehaagarwal,Neha Agarwal,Neha Agarwal,original_name,9,Anurag Agarwal,anurag agarwal,86.9,possible_candidate,76.9,76.9,50.0,True,False,2,2,1,1,['A5115588021'],[],['Anurag Agarwal'],['OOPSLA'],,
nehaagarwal,Neha Agarwal,Neha Agarwal,mapped_name,10,Anurag Agarwal,anurag agarwal,86.9,possible_candidate,76.9,76.9,50.0,True,False,2,2,1,1,['A5115588021'],[],['Anurag Agarwal'],['OOPSLA'],,
nehaagarwal,Neha Agarwal,Neha Agarwal,original_name,11,Ananth Agarwal,ananth agarwal,86.9,possible_candidate,76.9,76.9,50.0,True,False,1,1,1,1,['A5041328979'],[],['Ananth Agarwal'],['OOPSLA2'],,
nehaagarwal,Neha Agarwal,Neha Agarwal,mapped_name,12,Ananth Agarwal,ananth agarwal,86.9,possible_candidate,76.9,76.9,50.0,True,False,1,1,1,1,['A5041328979'],[],['Ananth Agarwal'],['OOPSLA2'],,
neiljulienross,Neil Julien Ross,Neil Julien Ross,original_name,1,Neil J. Ross,neil j ross,95.5,strong_candidate,81.5,81.5,66.7,True,True,61,42,9,1,['A5004989555'],['0000-0003-0941-4333'],['Neil J. Ross'],"['ICFP', 'OOPSLA', 'OOPSLA1', 'OOPSLA2', 'PLDI', 'POPL']",,
neiljulienross,Neil Julien Ross,Neil Julien Ross,mapped_name,2,Neil J. Ross,neil j ross,95.5,strong_candidate,81.5,81.5,66.7,True,True,61,42,9,1,['A5004989555'],['0000-0003-0941-4333'],['Neil J. Ross'],"['ICFP', 'OOPSLA', 'OOPSLA1', 'OOPSLA2', 'PLDI', 'POPL']",,
normanramsey,Norman Ramsey,Norman Ramsey,original_name,1,Norman F. Ramsey,norman f ramsey,100.0,strong_candidate,92.9,92.9,66.7,True,True,42,38,14,1,['A5068702687'],['0000-0002-5435-1135'],['Norman F. Ramsey'],"['ICFP', 'OOPSLA', 'OOPSLA1', 'OOPSLA2', 'PLDI', 'POPL']",,
normanramsey,Norman Ramsey,Norman Ramsey,mapped_name,2,Norman F. Ramsey,norman f ramsey,100.0,strong_candidate,92.9,92.9,66.7,True,True,42,38,14,1,['A5068702687'],['0000-0002-5435-1135'],['Norman F. Ramsey'],"['ICFP', 'OOPSLA', 'OOPSLA1', 'OOPSLA2', 'PLDI', 'POPL']",,
normanramsey,Norman Ramsey,Norman Ramsey,original_name,3,"Ramsey, Norman","ramsey, norman",100.0,possible_candidate,44.4,96.3,50.0,False,False,1,1,1,0,[],['0000-0002-5435-1135'],"['Ramsey, Norman']",['ICFP'],,
normanramsey,Norman Ramsey,Norman Ramsey,mapped_name,4,"Ramsey, Norman","ramsey, norman",100.0,possible_candidate,44.4,96.3,50.0,False,False,1,1,1,0,[],['0000-0002-5435-1135'],"['Ramsey, Norman']",['ICFP'],,
normanramsey,Norman Ramsey,Norman Ramsey,original_name,5,Norman Mu,norman mu,76.7,weak_candidate,72.7,54.5,50.0,False,True,2,2,2,1,['A5008441432'],[],['Norman Mu'],['PLDI'],,
normanramsey,Norman Ramsey,Norman Ramsey,mapped_name,6,Norman Mu,norman mu,76.7,weak_candidate,72.7,54.5,50.0,False,True,2,2,2,1,['A5008441432'],[],['Norman Mu'],['PLDI'],,
normanramsey,Norman Ramsey,Norman Ramsey,original_name,7,Norman I. Adams,norman i adams,74.1,weak_candidate,74.1,44.4,33.3,False,True,18,13,5,1,['A5062270751'],[],['Norman I. Adams'],"['ICFP', 'OOPSLA', 'PLDI', 'POPL']",,
normanramsey,Norman Ramsey,Norman Ramsey,mapped_name,8,Norman I. Adams,norman i adams,74.1,weak_candidate,74.1,44.4,33.3,False,True,18,13,5,1,['A5062270751'],[],['Norman I. Adams'],"['ICFP', 'OOPSLA', 'PLDI', 'POPL']",,
normanramsey,Norman Ramsey,Norman Ramsey,original_name,9,Norman Scaife,norman scaife,73.2,weak_candidate,69.2,69.2,50.0,False,True,8,8,2,1,['A5110275533'],[],['Norman Scaife'],"['ICFP', 'PLDI', 'POPL']",,
normanramsey,Norman Ramsey,Norman Ramsey,mapped_name,10,Norman Scaife,norman scaife,73.2,weak_candidate,69.2,69.2,50.0,False,True,8,8,2,1,['A5110275533'],[],['Norman Scaife'],"['ICFP', 'PLDI', 'POPL']",,
normanramsey,Norman Ramsey,Norman Ramsey,original_name,11,Norman Paskin,norman paskin,73.2,weak_candidate,69.2,69.2,50.0,False,True,1,1,1,1,['A5058409525'],[],['Norman Paskin'],['POPL'],,
normanramsey,Norman Ramsey,Norman Ramsey,mapped_name,12,Norman Paskin,norman paskin,73.2,weak_candidate,69.2,69.2,50.0,False,True,1,1,1,1,['A5058409525'],[],['Norman Paskin'],['POPL'],,
pavelparizek,Pavel Parizek,Pavel Parízek,original_name,1,Pavel Křížek,pavel krizek,92.0,possible_candidate,88.0,88.0,50.0,False,True,1,1,1,1,['A5001769065'],[],['Pavel Křížek'],['PLDI'],,
pavelparizek,Pavel Parizek,Pavel Parízek,mapped_name,2,Pavel Křížek,pavel krizek,92.0,possible_candidate,88.0,88.0,50.0,False,True,1,1,1,1,['A5001769065'],[],['Pavel Křížek'],['PLDI'],,
pavelparizek,Pavel Parizek,Pavel Parízek,original_name,3,Pavel Panchekha,pavel panchekha,75.4,weak_candidate,71.4,71.4,50.0,False,True,188,130,23,1,['A5022031348'],['0000-0003-2621-3592'],['Pavel Panchekha'],"['ICFP', 'OOPSLA', 'OOPSLA1', 'OOPSLA2', 'PLDI', 'POPL']",,
pavelparizek,Pavel Parizek,Pavel Parízek,mapped_name,4,Pavel Panchekha,pavel panchekha,75.4,weak_candidate,71.4,71.4,50.0,False,True,188,130,23,1,['A5022031348'],['0000-0003-2621-3592'],['Pavel Panchekha'],"['ICFP', 'OOPSLA', 'OOPSLA1', 'OOPSLA2', 'PLDI', 'POPL']",,
pavelparizek,Pavel Parizek,Pavel Parízek,original_name,5,Pavel Chuprikov,pavel chuprikov,75.4,weak_candidate,71.4,71.4,50.0,False,True,3,3,3,1,['A5033247681'],['0000-0002-6673-1143'],['Pavel Chuprikov'],"['OOPSLA', 'PLDI']",,
pavelparizek,Pavel Parizek,Pavel Parízek,mapped_name,6,Pavel Chuprikov,pavel chuprikov,75.4,weak_candidate,71.4,71.4,50.0,False,True,3,3,3,1,['A5033247681'],['0000-0002-6673-1143'],['Pavel Chuprikov'],"['OOPSLA', 'PLDI']",,
pavelparizek,Pavel Parizek,Pavel Parízek,original_name,7,Pavel Surynek,pavel surynek,73.2,weak_candidate,69.2,38.5,50.0,False,True,3,3,3,1,['A5031732925'],['0000-0001-7200-0542'],['Pavel Surynek'],"['OOPSLA', 'OOPSLA2', 'PLDI']",,
pavelparizek,Pavel Parizek,Pavel Parízek,mapped_name,8,Pavel Surynek,pavel surynek,73.2,weak_candidate,69.2,38.5,50.0,False,True,3,3,3,1,['A5031732925'],['0000-0001-7200-0542'],['Pavel Surynek'],"['OOPSLA', 'OOPSLA2', 'PLDI']",,
pavelparizek,Pavel Parizek,Pavel Parízek,original_name,9,Pavel Grigorenko,pavel grigorenko,73.0,weak_candidate,69.0,69.0,50.0,False,True,3,3,1,1,['A5041585539'],[],['Pavel Grigorenko'],"['OOPSLA', 'PLDI']",,
pavelparizek,Pavel Parizek,Pavel Parízek,mapped_name,10,Pavel Grigorenko,pavel grigorenko,73.0,weak_candidate,69.0,69.0,50.0,False,True,3,3,1,1,['A5041585539'],[],['Pavel Grigorenko'],"['OOPSLA', 'PLDI']",,
pavelparizek,Pavel Parizek,Pavel Parízek,original_name,11,"Panchekha, Pavel","panchekha, pavel",73.0,weak_candidate,34.5,69.0,50.0,False,True,2,2,2,0,[],['0000-0003-2621-3592'],"['Panchekha, Pavel']","['OOPSLA2', 'POPL']",,
pavelparizek,Pavel Parizek,Pavel Parízek,mapped_name,12,"Panchekha, Pavel","panchekha, pavel",73.0,weak_candidate,34.5,69.0,50.0,False,True,2,2,2,0,[],['0000-0003-2621-3592'],"['Panchekha, Pavel']","['OOPSLA2', 'POPL']",,
peterohearn,Peter O'Hearn,Peter O'Hearn,original_name,1,Peter W. O’Hearn,peter w o'hearn,100.0,strong_candidate,92.9,92.9,66.7,True,True,650,258,68,1,['A5068136684'],['0000-0001-8730-5496'],"[""Peter W. O'Hearn"", 'Peter W. O’Hearn']","['ICFP', 'OOPSLA', 'OOPSLA1', 'OOPSLA2', 'PLDI', 'POPL']",,
peterohearn,Peter O'Hearn,Peter O'Hearn,mapped_name,2,Peter W. O’Hearn,peter w o'hearn,100.0,strong_candidate,92.9,92.9,66.7,True,True,650,258,68,1,['A5068136684'],['0000-0001-8730-5496'],"[""Peter W. O'Hearn"", 'Peter W. O’Hearn']","['ICFP', 'OOPSLA', 'OOPSLA1', 'OOPSLA2', 'PLDI', 'POPL']",,
peterohearn,Peter O'Hearn,Peter O'Hearn,original_name,3,"O'Hearn, Peter","o'hearn, peter",100.0,possible_candidate,51.9,96.3,50.0,False,False,4,3,2,0,[],[],"[""O'Hearn, Peter""]","['OOPSLA1', 'OOPSLA2', 'POPL']",,
peterohearn,Peter O'Hearn,Peter O'Hearn,mapped_name,4,"O'Hearn, Peter","o'hearn, peter",100.0,possible_candidate,51.9,96.3,50.0,False,False,4,3,2,0,[],[],"[""O'Hearn, Peter""]","['OOPSLA1', 'OOPSLA2', 'POPL']",,
peterohearn,Peter O'Hearn,Peter O'Hearn,original_name,5,Peter Ohmann,peter ohmann,84.0,possible_candidate,80.0,80.0,50.0,False,True,9,3,7,1,['A5080785784'],['0000-0002-7670-7374'],['Peter Ohmann'],"['OOPSLA', 'PLDI']",,
peterohearn,Peter O'Hearn,Peter O'Hearn,mapped_name,6,Peter Ohmann,peter ohmann,84.0,possible_candidate,80.0,80.0,50.0,False,True,9,3,7,1,['A5080785784'],['0000-0002-7670-7374'],['Peter Ohmann'],"['OOPSLA', 'PLDI']",,
peterohearn,Peter O'Hearn,Peter O'Hearn,original_name,7,Peter Hart,peter hart,82.3,weak_candidate,78.3,78.3,50.0,False,True,3,3,1,1,['A5046754113'],[],['Peter Hart'],"['OOPSLA2', 'PLDI', 'POPL']",,
peterohearn,Peter O'Hearn,Peter O'Hearn,mapped_name,8,Peter Hart,peter hart,82.3,weak_candidate,78.3,78.3,50.0,False,True,3,3,1,1,['A5046754113'],[],['Peter Hart'],"['OOPSLA2', 'PLDI', 'POPL']",,
peterohearn,Peter O'Hearn,Peter O'Hearn,original_name,9,Peter Höfer,peter hofer,79.0,weak_candidate,75.0,75.0,50.0,False,True,13,12,4,1,['A5041145190'],['0000-0003-1883-1227'],['Peter Höfer'],"['ICFP', 'OOPSLA', 'OOPSLA1', 'OOPSLA2', 'PLDI']",,
peterohearn,Peter O'Hearn,Peter O'Hearn,mapped_name,10,Peter Höfer,peter hofer,79.0,weak_candidate,75.0,75.0,50.0,False,True,13,12,4,1,['A5041145190'],['0000-0003-1883-1227'],['Peter Höfer'],"['ICFP', 'OOPSLA', 'OOPSLA1', 'OOPSLA2', 'PLDI']",,
peterohearn,Peter O'Hearn,Peter O'Hearn,original_name,11,Peter Høyer,peter hoyer,79.0,weak_candidate,75.0,75.0,50.0,False,True,11,11,6,1,['A5006422517'],['0000-0001-9877-268X'],['Peter Høyer'],"['OOPSLA1', 'OOPSLA2', 'PLDI', 'POPL']",,
peterohearn,Peter O'Hearn,Peter O'Hearn,mapped_name,12,Peter Høyer,peter hoyer,79.0,weak_candidate,75.0,75.0,50.0,False,True,11,11,6,1,['A5006422517'],['0000-0001-9877-268X'],['Peter Høyer'],"['OOPSLA1', 'OOPSLA2', 'PLDI', 'POPL']",,
robsison,Rob Sison,Rob Sison,original_name,1,Robert Sison,robert sison,99.7,possible_candidate,85.7,85.7,50.0,True,True,7,6,3,1,['A5047843611'],['0000-0003-0313-9764'],['Robert Sison'],"['OOPSLA', 'PLDI', 'POPL']",,
robsison,Rob Sison,Rob Sison,mapped_name,2,Robert Sison,robert sison,99.7,possible_candidate,85.7,85.7,50.0,True,True,7,6,3,1,['A5047843611'],['0000-0003-0313-9764'],['Robert Sison'],"['OOPSLA', 'PLDI', 'POPL']",,
robsison,Rob Sison,Rob Sison,original_name,3,Rob Harrison,rob harrison,80.2,weak_candidate,76.2,47.6,50.0,False,True,7,4,4,1,['A5110720936'],[],['Rob Harrison'],"['OOPSLA', 'PLDI', 'POPL']",,
robsison,Rob Sison,Rob Sison,mapped_name,4,Rob Harrison,rob harrison,80.2,weak_candidate,76.2,47.6,50.0,False,True,7,4,4,1,['A5110720936'],[],['Rob Harrison'],"['OOPSLA', 'PLDI', 'POPL']",,
robsison,Rob Sison,Rob Sison,original_name,5,Rob Johnson,rob johnson,74.0,weak_candidate,70.0,30.0,50.0,False,True,2,2,2,2,"['A5033504108', 'A5101626826']","['0000-0001-7126-2954', '0000-0002-0784-7410']",['Rob Johnson'],"['PLDI', 'POPL']",,
robsison,Rob Sison,Rob Sison,mapped_name,6,Rob Johnson,rob johnson,74.0,weak_candidate,70.0,30.0,50.0,False,True,2,2,2,2,"['A5033504108', 'A5101626826']","['0000-0001-7126-2954', '0000-0002-0784-7410']",['Rob Johnson'],"['PLDI', 'POPL']",,
robertrand,Robert Rand,Robert Rand,original_name,1,Robert W. Rand,robert w rand,100.0,strong_candidate,91.7,91.7,66.7,True,True,112,62,17,1,['A5032684269'],['0000-0001-6842-5505'],['Robert W. Rand'],"['ICFP', 'OOPSLA', 'OOPSLA1', 'OOPSLA2', 'PLDI', 'POPL']",,
robertrand,Robert Rand,Robert Rand,mapped_name,2,Robert W. Rand,robert w rand,100.0,strong_candidate,91.7,91.7,66.7,True,True,112,62,17,1,['A5032684269'],['0000-0001-6842-5505'],['Robert W. Rand'],"['ICFP', 'OOPSLA', 'OOPSLA1', 'OOPSLA2', 'PLDI', 'POPL']",,
robertrand,Robert Rand,Robert Rand,original_name,3,"Rand, Robert","rand, robert",99.7,possible_candidate,52.2,95.7,50.0,False,True,2,2,2,0,[],['0000-0001-6842-5505'],"['Rand, Robert']","['OOPSLA1', 'OOPSLA2']",,
robertrand,Robert Rand,Robert Rand,mapped_name,4,"Rand, Robert","rand, robert",99.7,possible_candidate,52.2,95.7,50.0,False,True,2,2,2,0,[],['0000-0001-6842-5505'],"['Rand, Robert']","['OOPSLA1', 'OOPSLA2']",,
robertrand,Robert Rand,Robert Rand,original_name,5,Robert Krahn,robert krahn,91.0,possible_candidate,87.0,87.0,50.0,False,True,1,1,1,1,['A5034833610'],['0000-0003-0768-6351'],['Robert Krahn'],['OOPSLA2'],,
robertrand,Robert Rand,Robert Rand,original_name,6,Robert Mandl,robert mandl,91.0,possible_candidate,87.0,87.0,50.0,False,True,1,1,1,1,['A5039557290'],[],['Robert Mandl'],['OOPSLA2'],,
robertrand,Robert Rand,Robert Rand,original_name,7,Robert Ragno,robert ragno,91.0,possible_candidate,87.0,87.0,50.0,False,True,1,1,1,1,['A5064135256'],[],['Robert Ragno'],['OOPSLA'],,
robertrand,Robert Rand,Robert Rand,mapped_name,8,Robert Krahn,robert krahn,91.0,possible_candidate,87.0,87.0,50.0,False,True,1,1,1,1,['A5034833610'],['0000-0003-0768-6351'],['Robert Krahn'],['OOPSLA2'],,
robertrand,Robert Rand,Robert Rand,mapped_name,9,Robert Mandl,robert mandl,91.0,possible_candidate,87.0,87.0,50.0,False,True,1,1,1,1,['A5039557290'],[],['Robert Mandl'],['OOPSLA2'],,
robertrand,Robert Rand,Robert Rand,mapped_name,10,Robert Ragno,robert ragno,91.0,possible_candidate,87.0,87.0,50.0,False,True,1,1,1,1,['A5064135256'],[],['Robert Ragno'],['OOPSLA'],,
robertrand,Robert Rand,Robert Rand,original_name,11,Robert Kern,robert kern,85.8,possible_candidate,81.8,81.8,50.0,False,True,29,24,3,1,['A5085464473'],[],['Robert Kern'],"['ICFP', 'OOPSLA', 'OOPSLA1', 'OOPSLA2', 'PLDI', 'POPL']",,
robertrand,Robert Rand,Robert Rand,mapped_name,12,Robert Kern,robert kern,85.8,possible_candidate,81.8,81.8,50.0,False,True,29,24,3,1,['A5085464473'],[],['Robert Kern'],"['ICFP', 'OOPSLA', 'OOPSLA1', 'OOPSLA2', 'PLDI', 'POPL']",,
sarahchasins,Sarah E. Chasins,Sarah E. Chasins,original_name,1,Sarah Chasins,sarah chasins,100.0,strong_candidate,92.9,92.9,66.7,True,True,65,42,15,1,['A5090728813'],['0000-0003-0557-3580'],['Sarah Chasins'],"['ICFP', 'OOPSLA', 'OOPSLA1', 'OOPSLA2', 'PLDI', 'POPL']",,
sarahchasins,Sarah E. Chasins,Sarah E. Chasins,mapped_name,2,Sarah Chasins,sarah chasins,100.0,strong_candidate,92.9,92.9,66.7,True,True,65,42,15,1,['A5090728813'],['0000-0003-0557-3580'],['Sarah Chasins'],"['ICFP', 'OOPSLA', 'OOPSLA1', 'OOPSLA2', 'PLDI', 'POPL']",,
sarahchasins,Sarah E. Chasins,Sarah E. Chasins,original_name,3,"Chasins, Sarah E.","chasins, sarah e",100.0,possible_candidate,45.2,96.8,66.7,False,False,1,1,1,0,[],['0000-0003-0557-3580'],"['Chasins, Sarah E.']",['PLDI'],,
sarahchasins,Sarah E. Chasins,Sarah E. Chasins,mapped_name,4,"Chasins, Sarah E.","chasins, sarah e",100.0,possible_candidate,45.2,96.8,66.7,False,False,1,1,1,0,[],['0000-0003-0557-3580'],"['Chasins, Sarah E.']",['PLDI'],,
sarahchasins,Sarah E. Chasins,Sarah E. Chasins,original_name,5,"Chasins, Sarah","chasins, sarah",89.7,possible_candidate,48.3,89.7,33.3,False,False,5,3,5,0,[],['0000-0003-0557-3580'],"['Chasins, Sarah']",['PLDI'],,
sarahchasins,Sarah E. Chasins,Sarah E. Chasins,mapped_name,6,"Chasins, Sarah","chasins, sarah",89.7,possible_candidate,48.3,89.7,33.3,False,False,5,3,5,0,[],['0000-0003-0557-3580'],"['Chasins, Sarah']",['PLDI'],,
sarahchasins,Sarah E. Chasins,Sarah E. Chasins,original_name,7,Sarah Chen,sarah chen,72.0,weak_candidate,72.0,72.0,33.3,False,True,1,1,1,1,['A5022333508'],['0000-0002-9416-8191'],['Sarah Chen'],['OOPSLA2'],,
sarahchasins,Sarah E. Chasins,Sarah E. Chasins,original_name,8,Sarah Haas,sarah haas,72.0,weak_candidate,72.0,72.0,33.3,False,True,1,1,1,1,['A5030803415'],['0000-0002-7413-9203'],['Sarah Haas'],['OOPSLA2'],,
sarahchasins,Sarah E. Chasins,Sarah E. Chasins,mapped_name,9,Sarah Chen,sarah chen,72.0,weak_candidate,72.0,72.0,33.3,False,True,1,1,1,1,['A5022333508'],['0000-0002-9416-8191'],['Sarah Chen'],['OOPSLA2'],,
sarahchasins,Sarah E. Chasins,Sarah E. Chasins,mapped_name,10,Sarah Haas,sarah haas,72.0,weak_candidate,72.0,72.0,33.3,False,True,1,1,1,1,['A5030803415'],['0000-0002-7413-9203'],['Sarah Haas'],['OOPSLA2'],,
sriramrajamani,Sriram Rajamani,Sriram Rajamani,original_name,1,Sriram K. Rajamani,sriram k rajamani,100.0,strong_candidate,93.8,93.8,66.7,True,True,229,153,55,1,['A5076139746'],['0000-0002-1400-7065'],['Sriram K. Rajamani'],"['ICFP', 'OOPSLA', 'OOPSLA1', 'OOPSLA2', 'PLDI', 'POPL']",,
sriramrajamani,Sriram Rajamani,Sriram Rajamani,mapped_name,2,Sriram K. Rajamani,sriram k rajamani,100.0,strong_candidate,93.8,93.8,66.7,True,True,229,153,55,1,['A5076139746'],['0000-0002-1400-7065'],['Sriram K. Rajamani'],"['ICFP', 'OOPSLA', 'OOPSLA1', 'OOPSLA2', 'PLDI', 'POPL']",,
sriramrajamani,Sriram Rajamani,Sriram Rajamani,original_name,3,S Rajamani,s rajamani,94.0,possible_candidate,80.0,80.0,50.0,True,True,2,2,1,0,[],[],['S Rajamani'],"['OOPSLA', 'POPL']",,
sriramrajamani,Sriram Rajamani,Sriram Rajamani,mapped_name,4,S Rajamani,s rajamani,94.0,possible_candidate,80.0,80.0,50.0,True,True,2,2,1,0,[],[],['S Rajamani'],"['OOPSLA', 'POPL']",,
sriramrajamani,Sriram Rajamani,Sriram Rajamani,original_name,5,Sriram Raghavan,sriram raghavan,84.0,possible_candidate,80.0,80.0,50.0,False,True,1,1,1,1,['A5113793867'],[],['Sriram Raghavan'],['PLDI'],,
sriramrajamani,Sriram Rajamani,Sriram Rajamani,mapped_name,6,Sriram Raghavan,sriram raghavan,84.0,possible_candidate,80.0,80.0,50.0,False,True,1,1,1,1,['A5113793867'],[],['Sriram Raghavan'],['PLDI'],,
sriramrajamani,Sriram Rajamani,Sriram Rajamani,original_name,7,Rajamani,rajamani,79.6,weak_candidate,69.6,69.6,50.0,True,False,1,1,1,1,['A5036580750'],[],['Rajamani'],['PLDI'],,
sriramrajamani,Sriram Rajamani,Sriram Rajamani,mapped_name,8,Rajamani,rajamani,79.6,weak_candidate,69.6,69.6,50.0,True,False,1,1,1,1,['A5036580750'],[],['Rajamani'],['PLDI'],,
sriramrajamani,Sriram Rajamani,Sriram Rajamani,original_name,9,Gurushankar Rajamani,gurushankar rajamani,72.9,weak_candidate,62.9,45.7,50.0,True,False,1,1,1,1,['A5026164953'],[],['Gurushankar Rajamani'],['PLDI'],,
sriramrajamani,Sriram Rajamani,Sriram Rajamani,mapped_name,10,Gurushankar Rajamani,gurushankar rajamani,72.9,weak_candidate,62.9,45.7,50.0,True,False,1,1,1,1,['A5026164953'],[],['Gurushankar Rajamani'],['PLDI'],,
sriramrajamani,Sriram Rajamani,Sriram Rajamani,original_name,11,Sriram Srinivasan,sriram srinivasan,72.8,weak_candidate,68.8,68.8,50.0,False,True,4,4,1,1,['A5100686701'],[],['Sriram Srinivasan'],"['OOPSLA', 'OOPSLA2', 'PLDI']",,
sriramrajamani,Sriram Rajamani,Sriram Rajamani,mapped_name,12,Sriram Srinivasan,sriram srinivasan,72.8,weak_candidate,68.8,68.8,50.0,False,True,4,4,1,1,['A5100686701'],[],['Sriram Srinivasan'],"['OOPSLA', 'OOPSLA2', 'PLDI']",,
steveblackburn,Steve Blackburn,Steve Blackburn,original_name,1,Stephen M. Blackburn,stephen m blackburn,92.4,possible_candidate,82.4,82.4,33.3,True,True,177,102,48,1,['A5021388582'],['0000-0001-6632-6001'],['Stephen M. Blackburn'],"['ICFP', 'OOPSLA', 'OOPSLA1', 'OOPSLA2', 'PLDI', 'POPL']",,
steveblackburn,Steve Blackburn,Steve Blackburn,mapped_name,2,Stephen M. Blackburn,stephen m blackburn,92.4,possible_candidate,82.4,82.4,33.3,True,True,177,102,48,1,['A5021388582'],['0000-0001-6632-6001'],['Stephen M. Blackburn'],"['ICFP', 'OOPSLA', 'OOPSLA1', 'OOPSLA2', 'PLDI', 'POPL']",,
steveblackburn,Steve Blackburn,Steve Blackburn,original_name,3,Jeremy Blackburn,jeremy blackburn,87.4,possible_candidate,77.4,77.4,50.0,True,False,7,7,1,1,['A5052381671'],['0000-0002-4223-1304'],['Jeremy Blackburn'],"['OOPSLA', 'OOPSLA2', 'POPL']",,
steveblackburn,Steve Blackburn,Steve Blackburn,mapped_name,4,Jeremy Blackburn,jeremy blackburn,87.4,possible_candidate,77.4,77.4,50.0,True,False,7,7,1,1,['A5052381671'],['0000-0002-4223-1304'],['Jeremy Blackburn'],"['OOPSLA', 'OOPSLA2', 'POPL']",,
steveblackburn,Steve Blackburn,Steve Blackburn,original_name,5,Patrick Blackburn,patrick blackburn,78.8,weak_candidate,68.8,68.8,50.0,True,False,6,4,4,1,['A5044128824'],['0000-0001-9345-552X'],['Patrick Blackburn'],"['ICFP', 'OOPSLA1', 'OOPSLA2']",,
steveblackburn,Steve Blackburn,Steve Blackburn,mapped_name,6,Patrick Blackburn,patrick blackburn,78.8,weak_candidate,68.8,68.8,50.0,True,False,6,4,4,1,['A5044128824'],['0000-0001-9345-552X'],['Patrick Blackburn'],"['ICFP', 'OOPSLA1', 'OOPSLA2']",,
steveblackburn,Steve Blackburn,Steve Blackburn,original_name,7,Steve Barker,steve barker,78.1,weak_candidate,74.1,74.1,50.0,False,True,1,1,1,1,['A5113949594'],[],['Steve Barker'],['POPL'],,
steveblackburn,Steve Blackburn,Steve Blackburn,mapped_name,8,Steve Barker,steve barker,78.1,weak_candidate,74.1,74.1,50.0,False,True,1,1,1,1,['A5113949594'],[],['Steve Barker'],['POPL'],,
steveblackburn,Steve Blackburn,Steve Blackburn,original_name,9,Steve Lacy,steve lacy,76.0,weak_candidate,72.0,72.0,50.0,False,True,8,7,2,1,['A5006512384'],[],['Steve Lacy'],"['OOPSLA', 'OOPSLA2', 'PLDI']",,
steveblackburn,Steve Blackburn,Steve Blackburn,mapped_name,10,Steve Lacy,steve lacy,76.0,weak_candidate,72.0,72.0,50.0,False,True,8,7,2,1,['A5006512384'],[],['Steve Lacy'],"['OOPSLA', 'OOPSLA2', 'PLDI']",,
steveblackburn,Steve Blackburn,Steve Blackburn,original_name,11,Steve Byan,steve byan,76.0,weak_candidate,72.0,72.0,50.0,False,True,4,4,2,1,['A5028231733'],[],['Steve Byan'],"['OOPSLA', 'PLDI']",,
steveblackburn,Steve Blackburn,Steve Blackburn,mapped_name,12,Steve Byan,steve byan,76.0,weak_candidate,72.0,72.0,50.0,False,True,4,4,2,1,['A5028231733'],[],['Steve Byan'],"['OOPSLA', 'PLDI']",,
suparnabhattacharya,Suparna Bhattacharya,Suparna Bhattacharya,original_name,1,Arnab Bhattacharya,arnab bhattacharya,99.5,possible_candidate,89.5,63.2,50.0,True,False,1,1,1,1,['A5103014125'],['0000-0001-7331-0788'],['Arnab Bhattacharya'],['PLDI'],,
suparnabhattacharya,Suparna Bhattacharya,Suparna Bhattacharya,mapped_name,2,Arnab Bhattacharya,arnab bhattacharya,99.5,possible_candidate,89.5,63.2,50.0,True,False,1,1,1,1,['A5103014125'],['0000-0001-7331-0788'],['Arnab Bhattacharya'],['PLDI'],,
suparnabhattacharya,Suparna Bhattacharya,Suparna Bhattacharya,original_name,3,Arka Bhattacharya,arka bhattacharya,96.5,possible_candidate,86.5,64.9,50.0,True,False,5,5,2,1,['A5010047021'],[],['Arka Bhattacharya'],"['ICFP', 'OOPSLA', 'OOPSLA1', 'PLDI']",,
suparnabhattacharya,Suparna Bhattacharya,Suparna Bhattacharya,mapped_name,4,Arka Bhattacharya,arka bhattacharya,96.5,possible_candidate,86.5,64.9,50.0,True,False,5,5,2,1,['A5010047021'],[],['Arka Bhattacharya'],"['ICFP', 'OOPSLA', 'OOPSLA1', 'PLDI']",,
suparnabhattacharya,Suparna Bhattacharya,Suparna Bhattacharya,original_name,5,Sourav Bhattacharya,sourav bhattacharya,96.1,possible_candidate,82.1,82.1,50.0,True,True,2,2,2,1,['A5087701164'],['0000-0001-9670-5264'],['Sourav Bhattacharya'],"['OOPSLA', 'PLDI']",,
suparnabhattacharya,Suparna Bhattacharya,Suparna Bhattacharya,original_name,6,Subhro Bhattacharya,subhro bhattacharya,96.1,possible_candidate,82.1,82.1,50.0,True,True,2,2,1,1,['A5030141474'],[],['Subhro Bhattacharya'],"['OOPSLA', 'OOPSLA2']",,
suparnabhattacharya,Suparna Bhattacharya,Suparna Bhattacharya,mapped_name,7,Sourav Bhattacharya,sourav bhattacharya,96.1,possible_candidate,82.1,82.1,50.0,True,True,2,2,2,1,['A5087701164'],['0000-0001-9670-5264'],['Sourav Bhattacharya'],"['OOPSLA', 'PLDI']",,
suparnabhattacharya,Suparna Bhattacharya,Suparna Bhattacharya,mapped_name,8,Subhro Bhattacharya,subhro bhattacharya,96.1,possible_candidate,82.1,82.1,50.0,True,True,2,2,1,1,['A5030141474'],[],['Subhro Bhattacharya'],"['OOPSLA', 'OOPSLA2']",,
suparnabhattacharya,Suparna Bhattacharya,Suparna Bhattacharya,original_name,9,Pamela Bhattacharya,pamela bhattacharya,92.1,possible_candidate,82.1,82.1,50.0,True,False,1,1,1,1,['A5024180896'],[],['Pamela Bhattacharya'],['OOPSLA'],,
suparnabhattacharya,Suparna Bhattacharya,Suparna Bhattacharya,mapped_name,10,Pamela Bhattacharya,pamela bhattacharya,92.1,possible_candidate,82.1,82.1,50.0,True,False,1,1,1,1,['A5024180896'],[],['Pamela Bhattacharya'],['OOPSLA'],,
suparnabhattacharya,Suparna Bhattacharya,Suparna Bhattacharya,original_name,11,Bhargab B. Bhattacharya,bhargab b bhattacharya,82.2,weak_candidate,76.2,57.1,33.3,True,False,2,1,2,1,['A5067730042'],['0000-0002-5890-2483'],['Bhargab B. Bhattacharya'],['OOPSLA'],,
suparnabhattacharya,Suparna Bhattacharya,Suparna Bhattacharya,mapped_name,12,Bhargab B. Bhattacharya,bhargab b bhattacharya,82.2,weak_candidate,76.2,57.1,33.3,True,False,2,1,2,1,['A5067730042'],['0000-0002-5890-2483'],['Bhargab B. Bhattacharya'],['OOPSLA'],,
thomaspjensen,Thomas P. Jensen,Thomas P. Jensen,original_name,1,Thomas Jensen,thomas jensen,100.0,strong_candidate,92.9,92.9,66.7,True,True,12,12,2,1,['A5112861754'],[],['Thomas Jensen'],"['ICFP', 'OOPSLA1', 'PLDI', 'POPL']",,
thomaspjensen,Thomas P. Jensen,Thomas P. Jensen,mapped_name,2,Thomas Jensen,thomas jensen,100.0,strong_candidate,92.9,92.9,66.7,True,True,12,12,2,1,['A5112861754'],[],['Thomas Jensen'],"['ICFP', 'OOPSLA1', 'PLDI', 'POPL']",,
thomaspjensen,Thomas P. Jensen,Thomas P. Jensen,original_name,3,M. Thomas Jensen,m thomas jensen,100.0,strong_candidate,86.7,93.3,66.7,True,False,2,2,1,0,[],[],['M. Thomas Jensen'],['PLDI'],,
thomaspjensen,Thomas P. Jensen,Thomas P. Jensen,mapped_name,4,M. Thomas Jensen,m thomas jensen,100.0,strong_candidate,86.7,93.3,66.7,True,False,2,2,1,0,[],[],['M. Thomas Jensen'],['PLDI'],,
thomaspjensen,Thomas P. Jensen,Thomas P. Jensen,original_name,5,Thomas Wiben Jensen,thomas wiben jensen,96.4,strong_candidate,82.4,76.5,66.7,True,True,27,17,17,1,['A5031317457'],['0000-0003-1428-4414'],['Thomas Wiben Jensen'],"['ICFP', 'OOPSLA', 'OOPSLA1', 'OOPSLA2', 'PLDI', 'POPL']",,
thomaspjensen,Thomas P. Jensen,Thomas P. Jensen,mapped_name,6,Thomas Wiben Jensen,thomas wiben jensen,96.4,strong_candidate,82.4,76.5,66.7,True,True,27,17,17,1,['A5031317457'],['0000-0003-1428-4414'],['Thomas Wiben Jensen'],"['ICFP', 'OOPSLA', 'OOPSLA1', 'OOPSLA2', 'PLDI', 'POPL']",,
thomaspjensen,Thomas P. Jensen,Thomas P. Jensen,original_name,7,Thomas Jansen,thomas jansen,85.7,possible_candidate,85.7,85.7,33.3,False,True,2,1,2,1,['A5002439579'],['0000-0002-1596-086X'],['Thomas Jansen'],['POPL'],,
thomaspjensen,Thomas P. Jensen,Thomas P. Jensen,mapped_name,8,Thomas Jansen,thomas jansen,85.7,possible_candidate,85.7,85.7,33.3,False,True,2,1,2,1,['A5002439579'],['0000-0002-1596-086X'],['Thomas Jansen'],['POPL'],,
thomaspjensen,Thomas P. Jensen,Thomas P. Jensen,original_name,9,Thomas P. Jakobsen,thomas p jakobsen,85.2,possible_candidate,81.2,81.2,66.7,False,True,1,1,1,1,['A5027067538'],['0000-0002-1768-2488'],['Thomas P. Jakobsen'],['PLDI'],,
thomaspjensen,Thomas P. Jensen,Thomas P. Jensen,mapped_name,10,Thomas P. Jakobsen,thomas p jakobsen,85.2,possible_candidate,81.2,81.2,66.7,False,True,1,1,1,1,['A5027067538'],['0000-0002-1768-2488'],['Thomas P. Jakobsen'],['PLDI'],,
thomaspjensen,Thomas P. Jensen,Thomas P. Jensen,original_name,11,Hans Peter Jensen,hans peter jensen,81.0,weak_candidate,75.0,56.2,33.3,True,False,1,1,1,1,['A5037201985'],[],['Hans Peter Jensen'],['POPL'],,
thomaspjensen,Thomas P. Jensen,Thomas P. Jensen,mapped_name,12,Hans Peter Jensen,hans peter jensen,81.0,weak_candidate,75.0,56.2,33.3,True,False,1,1,1,1,['A5037201985'],[],['Hans Peter Jensen'],['POPL'],,
tonyhosking,Tony Hosking,Tony Hosking,original_name,1,Anthony Hosking,anthony hosking,98.9,possible_candidate,88.9,51.9,50.0,True,False,2,2,1,1,['A5072222246'],[],['Anthony Hosking'],"['OOPSLA1', 'PLDI']",,
tonyhosking,Tony Hosking,Tony Hosking,mapped_name,2,Anthony Hosking,anthony hosking,98.9,possible_candidate,88.9,51.9,50.0,True,False,2,2,1,1,['A5072222246'],[],['Anthony Hosking'],"['OOPSLA1', 'PLDI']",,
tonyhosking,Tony Hosking,Tony Hosking,original_name,3,John Hosking,john hosking,93.3,possible_candidate,83.3,83.3,50.0,True,False,2,2,2,1,['A5073589244'],['0000-0002-4776-3828'],['John Hosking'],"['OOPSLA', 'OOPSLA2']",,
tonyhosking,Tony Hosking,Tony Hosking,mapped_name,4,John Hosking,john hosking,93.3,possible_candidate,83.3,83.3,50.0,True,False,2,2,2,1,['A5073589244'],['0000-0002-4776-3828'],['John Hosking'],"['OOPSLA', 'OOPSLA2']",,
tonyhosking,Tony Hosking,Tony Hosking,original_name,5,Antony L. Hosking,antony l hosking,91.7,possible_candidate,85.7,57.1,33.3,True,False,151,122,27,1,['A5027609697'],['0000-0002-4487-6923'],['Antony L. Hosking'],"['ICFP', 'OOPSLA', 'OOPSLA1', 'OOPSLA2', 'PLDI', 'POPL']",,
tonyhosking,Tony Hosking,Tony Hosking,mapped_name,6,Antony L. Hosking,antony l hosking,91.7,possible_candidate,85.7,57.1,33.3,True,False,151,122,27,1,['A5027609697'],['0000-0002-4487-6923'],['Antony L. Hosking'],"['ICFP', 'OOPSLA', 'OOPSLA1', 'OOPSLA2', 'PLDI', 'POPL']",,
tonyhosking,Tony Hosking,Tony Hosking,original_name,7,Tony Chong,tony chong,85.8,possible_candidate,81.8,81.8,50.0,False,True,1,1,1,1,['A5044178777'],[],['Tony Chong'],['OOPSLA'],,
tonyhosking,Tony Hosking,Tony Hosking,mapped_name,8,Tony Chong,tony chong,85.8,possible_candidate,81.8,81.8,50.0,False,True,1,1,1,1,['A5044178777'],[],['Tony Chong'],['OOPSLA'],,
vaishnavisundararajan,Vaishnavi Sundararajan,Vaishnavi Sundararajan,original_name,1,Prasanna Sundararajan,prasanna sundararajan,89.1,possible_candidate,79.1,55.8,50.0,True,False,1,1,1,1,['A5000693480'],[],['Prasanna Sundararajan'],['PLDI'],,
vaishnavisundararajan,Vaishnavi Sundararajan,Vaishnavi Sundararajan,mapped_name,2,Prasanna Sundararajan,prasanna sundararajan,89.1,possible_candidate,79.1,55.8,50.0,True,False,1,1,1,1,['A5000693480'],[],['Prasanna Sundararajan'],['PLDI'],,
vaishnavisundararajan,Vaishnavi Sundararajan,Vaishnavi Sundararajan,original_name,3,D. Sundararajan,d sundararajan,82.2,weak_candidate,72.2,66.7,50.0,True,False,1,1,1,1,['A5008122621'],['0000-0001-9059-0582'],['D. Sundararajan'],['PLDI'],,
vaishnavisundararajan,Vaishnavi Sundararajan,Vaishnavi Sundararajan,mapped_name,4,D. Sundararajan,d sundararajan,82.2,weak_candidate,72.2,66.7,50.0,True,False,1,1,1,1,['A5008122621'],['0000-0001-9059-0582'],['D. Sundararajan'],['PLDI'],,
vaishnavisundararajan,Vaishnavi Sundararajan,Vaishnavi Sundararajan,original_name,5,Mukund Sundararajan,mukund sundararajan,78.3,weak_candidate,68.3,58.5,50.0,True,False,4,4,3,1,['A5008661612'],['0000-0002-2031-7545'],['Mukund Sundararajan'],"['OOPSLA', 'OOPSLA2', 'PLDI']",,
vaishnavisundararajan,Vaishnavi Sundararajan,Vaishnavi Sundararajan,mapped_name,6,Mukund Sundararajan,mukund sundararajan,78.3,weak_candidate,68.3,58.5,50.0,True,False,4,4,3,1,['A5008661612'],['0000-0002-2031-7545'],['Mukund Sundararajan'],"['OOPSLA', 'OOPSLA2', 'PLDI']",,
vaishnavisundararajan,Vaishnavi Sundararajan,Vaishnavi Sundararajan,original_name,7,Vaishnavi Ananthanarayanan,vaishnavi ananthanarayanan,74.8,weak_candidate,66.7,70.8,50.0,False,True,1,1,1,1,['A5103090024'],['0000-0003-2936-7853'],['Vaishnavi Ananthanarayanan'],['OOPSLA'],,
vaishnavisundararajan,Vaishnavi Sundararajan,Vaishnavi Sundararajan,mapped_name,8,Vaishnavi Ananthanarayanan,vaishnavi ananthanarayanan,74.8,weak_candidate,66.7,70.8,50.0,False,True,1,1,1,1,['A5103090024'],['0000-0003-2936-7853'],['Vaishnavi Ananthanarayanan'],['OOPSLA'],,
williamcook,William Cook,William Cook,original_name,1,William R. Cook,william r cook,100.0,strong_candidate,92.3,92.3,66.7,True,True,80,50,29,1,['A5029147559'],['0000-0003-4918-8975'],['William R. Cook'],"['ICFP', 'OOPSLA', 'OOPSLA1', 'OOPSLA2', 'PLDI', 'POPL']",,
williamcook,William Cook,William Cook,mapped_name,2,William R. Cook,william r cook,100.0,strong_candidate,92.3,92.3,66.7,True,True,80,50,29,1,['A5029147559'],['0000-0003-4918-8975'],['William R. Cook'],"['ICFP', 'OOPSLA', 'OOPSLA1', 'OOPSLA2', 'PLDI', 'POPL']",,
williamcook,William Cook,William Cook,original_name,3,William Enck,william enck,87.3,possible_candidate,83.3,83.3,50.0,False,True,3,3,2,1,['A5024034310'],['0000-0002-3043-8092'],['William Enck'],"['OOPSLA', 'OOPSLA1', 'PLDI']",,
williamcook,William Cook,William Cook,mapped_name,4,William Enck,william enck,87.3,possible_candidate,83.3,83.3,50.0,False,True,3,3,2,1,['A5024034310'],['0000-0002-3043-8092'],['William Enck'],"['OOPSLA', 'OOPSLA1', 'PLDI']",,
williamcook,William Cook,William Cook,original_name,5,William O. Cookson ,william o cookson,82.8,weak_candidate,82.8,82.8,33.3,False,True,1,1,1,0,[],[],['William O. Cookson\xa0'],['OOPSLA'],,
williamcook,William Cook,William Cook,mapped_name,6,William O. Cookson ,william o cookson,82.8,weak_candidate,82.8,82.8,33.3,False,True,1,1,1,0,[],[],['William O. Cookson\xa0'],['OOPSLA'],,
williamcook,William Cook,William Cook,original_name,7,William Pol,william pol,82.3,weak_candidate,78.3,78.3,50.0,False,True,2,2,1,1,['A5071113679'],['0000-0002-1235-9200'],['William Pol'],"['OOPSLA2', 'PLDI']",,
williamcook,William Cook,William Cook,mapped_name,8,William Pol,william pol,82.3,weak_candidate,78.3,78.3,50.0,False,True,2,2,1,1,['A5071113679'],['0000-0002-1235-9200'],['William Pol'],"['OOPSLA2', 'PLDI']",,
williamcook,William Cook,William Cook,original_name,9,William X. Cao,william x cao,80.0,weak_candidate,80.0,80.0,33.3,False,True,1,1,1,1,['A5101228119'],[],['William X. Cao'],['PLDI'],,
williamcook,William Cook,William Cook,mapped_name,10,William X. Cao,william x cao,80.0,weak_candidate,80.0,80.0,33.3,False,True,1,1,1,1,['A5101228119'],[],['William X. Cao'],['PLDI'],,
williamcook,William Cook,William Cook,original_name,11,William Chan,william chan,79.0,weak_candidate,75.0,75.0,50.0,False,True,2,2,1,1,['A5016918393'],['0000-0002-0661-1764'],['William Chan'],['OOPSLA'],,
williamcook,William Cook,William Cook,mapped_name,12,William Chan,william chan,79.0,weak_candidate,75.0,75.0,50.0,False,True,2,2,1,1,['A5016918393'],['0000-0002-0661-1764'],['William Chan'],['OOPSLA'],,
