researcher_id,name,mapped_name_for_matching,openalex_name,openalex_id,orcid_from_openalex,orcid_from_orcid_org,match_method,match_confidence,orcid_org_comparison,ideal_openalex_case,first_pc_year_any,first_observed_pc_year,n_pc_service_cells,n_conferences_served,use_for_orcid_sensitivity,use_for_ideal_sensitivity
aaronstump,Aaron Stump,Aaron Stump,Aaron Stump,A5072489480,0000-0002-9720-0003,0000-0002-9720-0003,exact_name_one_openalex_author_id,GREEN,orcid_agrees,True,2019.0,2019,2,1,True,True
abhinavverma1,Abhinav Verma,Abhinav Verma,Abhinav Verma,A5101988843,0000-0002-9820-8285,,exact_name_one_openalex_author_id,YELLOW,orcid_org_not_unique,True,2023.0,2023,1,1,False,True
adamchlipala,Adam Chlipala,Adam Chlipala,Adam Chlipala,A5078100439,0000-0001-7085-9417,,exact_name_one_openalex_author_id,YELLOW,orcid_org_not_unique,False,2017.0,2017,7,3,False,False
adamwelc,Adam Welc,Adam Welc,Adam Welc,A5078668785,0009-0005-0515-4994,0009-0005-0515-4994,exact_name_one_openalex_author_id,GREEN,orcid_agrees,True,2020.0,2020,2,1,True,True
adriansampson,Adrian Sampson,Adrian Sampson,Adrian Sampson,A5004782337,0000-0003-0837-8924,0000-0003-0837-8924,exact_name_one_openalex_author_id,GREEN,orcid_agrees,True,2018.0,2018,3,2,True,True
aggelosbiboudis,Aggelos Biboudis,Aggelos Biboudis,Aggelos Biboudis,A5089315679,,,exact_name_one_openalex_author_id,YELLOW,orcid_org_not_unique,False,2023.0,2023,1,1,False,False
ahmedbouajjani,Ahmed Bouajjani,Ahmed Bouajjani,Ahmed Bouajjani,A5045477471,0000-0002-2060-3592,0000-0002-2060-3592,exact_name_one_openalex_author_id,GREEN,orcid_agrees,True,2021.0,2021,2,1,True,True
ainalinngeorges,Aina Linn Georges,Aina Linn Georges,Aïna Linn Georges,A5041169923,0000-0002-5951-4642,,exact_name_one_openalex_author_id,YELLOW,orcid_org_not_unique,True,2025.0,2025,1,1,False,True
akashlal,Akash Lal,Akash Lal,Akash Lal,A5029930688,0009-0002-4359-9378,,exact_name_one_openalex_author_id,YELLOW,orcid_org_not_unique,True,2020.0,2017,4,2,False,True
akimasamorihata,Akimasa Morihata,Akimasa Morihata,Akimasa Morihata,A5037284935,0000-0003-2741-5954,,exact_name_one_openalex_author_id,YELLOW,orcid_org_not_unique,True,2021.0,2021,1,1,False,True
alanjeffrey1,Alan Jeffrey,Alan Jeffrey,Alan Jeffrey,A5012868882,0000-0001-6342-0318,,exact_name_one_openalex_author_id,YELLOW,orcid_org_not_unique,True,2017.0,2017,4,2,False,True
alanschmitt,Alan Schmitt,Alan Schmitt,Alan Schmitt,A5013605827,,,exact_name_one_openalex_author_id,YELLOW,orcid_org_not_unique,False,2021.0,2021,1,1,False,False
alastairreid,Alastair Reid,Alastair Reid,Alastair Reid,A5000183647,0000-0003-4695-6668,,exact_name_one_openalex_author_id,YELLOW,orcid_org_not_unique,True,2023.0,2023,2,1,False,True
alcidesfonseca,Alcides Fonseca,Alcides Fonseca,Alcides Fonseca,A5089334093,0000-0002-0879-4015,,exact_name_one_openalex_author_id,YELLOW,orcid_org_not_unique,True,2023.0,2023,1,1,False,True
alejandroaguirre1,Alejandro Aguirre,Alejandro Aguirre,Alejandro Aguirre,A5073092626,0000-0001-6746-2734,,exact_name_one_openalex_author_id,YELLOW,orcid_org_not_unique,True,2024.0,2024,3,3,False,True
alejandrorusso,Alejandro Russo,Alejandro Russo,Alejandro Russo,A5028178671,0000-0002-4338-6316,,exact_name_one_openalex_author_id,YELLOW,orcid_org_not_unique,False,2018.0,2018,2,1,False,False
aleksandarnanevski,Aleksandar Nanevski,Aleksandar Nanevski,Aleksandar Nanevski,A5026624853,0000-0002-4851-1075,0000-0002-4851-1075,exact_name_one_openalex_author_id,GREEN,orcid_agrees,True,2018.0,2018,4,3,True,True
alexpotanin,Alex Potanin,Alex Potanin,Alex Potanin,A5057086547,0000-0002-4242-2725,0000-0002-4242-2725,exact_name_one_openalex_author_id,GREEN,orcid_agrees,True,2019.0,2019,5,4,True,True
alexreinking1,Alex Reinking,Alex Reinking,Alex Reinking,A5065315146,0000-0003-3285-2112,0000-0003-3285-2112,exact_name_one_openalex_author_id,GREEN,orcid_agrees,True,2025.0,2025,1,1,True,True
alexsanchezstern2,Alex Sanchez-Stern,Alex Sanchez-Stern,Alex Sanchez-Stern,A5088457102,0000-0003-0600-7898,0000-0003-0600-7898,exact_name_one_openalex_author_id,GREEN,orcid_agrees,True,2024.0,2024,1,1,True,True
alexavanhattum1,Alexa VanHattum,Alexa VanHattum,Alexa VanHattum,A5029623128,0000-0001-6128-8907,0000-0001-6128-8907,exact_name_one_openalex_author_id,GREEN,orcid_agrees,True,2025.0,2025,1,1,True,True
alexanderbakst,Alexander Bakst,Alexander Bakst,Alexander Bakst,A5054040964,0000-0002-9696-7157,0000-0002-9696-7157,exact_name_one_openalex_author_id,GREEN,orcid_agrees,True,2025.0,2025,1,1,True,True
alexanderklew,Alexander K. Lew,Alexander K. Lew,Alexander K. Lew,A5056016273,0000-0002-9262-4392,,exact_name_one_openalex_author_id,YELLOW,orcid_org_not_unique,True,2025.0,2025,1,1,False,True
alexandrabugariu,Alexandra Bugariu,Alexandra Bugariu,Alexandra Bugariu,A5064460214,0000-0002-7412-0895,0000-0002-7412-0895,exact_name_one_openalex_author_id,GREEN,orcid_agrees,True,2024.0,2024,2,2,True,True
alexandrajimborean,Alexandra Jimborean,Alexandra Jimborean,Alexandra Jimborean,A5039379608,0000-0001-8642-2447,,exact_name_one_openalex_author_id,YELLOW,orcid_org_not_unique,True,2020.0,2020,2,1,False,True
alexandremoine,Alexandre Moine,Alexandre Moine,Alexandre Moine,A5022449209,0000-0002-2169-1977,0000-0002-2169-1977,exact_name_one_openalex_author_id,GREEN,orcid_agrees,True,2025.0,2025,1,1,True,True
alexeygotsman,Alexey Gotsman,Alexey Gotsman,Alexey Gotsman,A5068242118,0000-0002-2454-4171,0000-0002-2454-4171,exact_name_one_openalex_author_id,GREEN,orcid_agrees,True,2020.0,2020,2,1,True,True
alvincheung,Alvin Cheung,Alvin Cheung,Alvin Cheung,A5059427197,0000-0001-6261-6263,,exact_name_one_openalex_author_id,YELLOW,orcid_org_not_unique,False,2017.0,2017,7,4,False,False
amalahmed,Amal Ahmed,Amal Ahmed,Amal Ahmed,A5084250644,0000-0001-7424-572X,,exact_name_one_openalex_author_id,YELLOW,orcid_org_not_unique,False,2019.0,2019,6,5,False,False
amintimany,Amin Timany,Amin Timany,Amin Timany,A5030831735,0000-0002-2237-851X,0000-0002-2237-851X,exact_name_one_openalex_author_id,GREEN,orcid_agrees,True,2021.0,2021,3,3,True,True
amosrobinson,Amos Robinson,Amos Robinson,Amos Robinson,A5027828112,,0009-0004-4837-4981,exact_name_one_openalex_author_id,YELLOW,no_openalex_orcid_to_compare,False,2023.0,2023,1,1,False,False
amrsabry,Amr Sabry,Amr Sabry,Amr Sabry,A5084476883,0000-0002-1025-7331,,exact_name_one_openalex_author_id,YELLOW,orcid_org_not_unique,True,2018.0,2018,2,1,False,True
anamilanova,Ana Milanova,Ana Milanova,Ana Milanova,A5083326011,0009-0005-9667-5276,0009-0005-9667-5276,exact_name_one_openalex_author_id,GREEN,orcid_agrees,True,2017.0,2017,10,4,True,True
anasokolova,Ana Sokolova,Ana Sokolova,Ana Sokolova,A5074223895,0000-0002-8384-3438,0000-0002-8384-3438,exact_name_one_openalex_author_id,YELLOW,orcid_agrees,False,2021.0,2021,1,1,True,False
andersmiltner1,Anders Miltner,Anders Miltner,Anders Miltner,A5001856793,0000-0002-8338-4008,0000-0002-8338-4008,exact_name_one_openalex_author_id,GREEN,orcid_agrees,True,2022.0,2022,2,1,True,True
andersmoller,Anders Møller,Anders Møller,Anders Møller,A5103189175,0000-0003-1333-2314,,exact_name_one_openalex_author_id,YELLOW,orcid_org_not_unique,False,2017.0,2017,7,4,False,False
andreavezzosi2,Andrea Vezzosi,Andrea Vezzosi,Andrea Vezzosi,A5066208562,0000-0001-9570-9407,,exact_name_one_openalex_author_id,YELLOW,orcid_org_not_unique,True,2024.0,2024,1,1,False,True
andreasabel,Andreas Abel,Andreas Abel,Andreas Abel,A5008534457,0000-0003-0420-4492,,exact_name_one_openalex_author_id,YELLOW,orcid_org_not_unique,True,2019.0,2019,4,2,False,True
andreaspavlogiannis1,Andreas Pavlogiannis,Andreas Pavlogiannis,Andreas Pavlogiannis,A5022252401,0000-0002-8943-0722,0000-0002-8943-0722,exact_name_one_openalex_author_id,YELLOW,orcid_agrees,False,2021.0,2021,4,3,True,False
andreaspodelski,Andreas Podelski,Andreas Podelski,Andreas Podelski,A5062411838,0000-0003-2540-9489,,exact_name_one_openalex_author_id,YELLOW,orcid_org_not_unique,True,2019.0,2019,2,1,False,True
andreasrossberg,Andreas Rossberg,Andreas Rossberg,Andreas Rossberg,A5054382677,0000-0003-3137-3160,0000-0003-3137-3160,exact_name_one_openalex_author_id,GREEN,orcid_agrees,True,2018.0,2018,5,3,True,True
andreaszeller,Andreas Zeller,Andreas Zeller,Andreas Zeller,A5051672229,0000-0003-4719-8803,,exact_name_one_openalex_author_id,YELLOW,orcid_org_not_unique,False,2017.0,2017,4,3,False,False
andreeacostea,Andreea Costea,Andreea Costea,Andreea Costea,A5082345697,0000-0002-9089-9392,,exact_name_one_openalex_author_id,YELLOW,orcid_org_not_unique,True,2023.0,2023,1,1,False,True
andrejbauer,Andrej Bauer,Andrej Bauer,Andrej Bauer,A5068602858,0000-0001-5378-0547,0000-0001-5378-0547,exact_name_one_openalex_author_id,YELLOW,orcid_agrees,False,2020.0,2020,1,1,True,False
andreserbsen,Andres Erbsen,Andres Erbsen,Andres Erbsen,A5082766906,0000-0002-9854-7500,0000-0002-9854-7500,exact_name_one_openalex_author_id,GREEN,orcid_agrees,True,2024.0,2024,1,1,True,True
andresloh,Andres Löh,Andres Löh,Andres Löh,A5027537142,0000-0002-7492-7293,0000-0002-7492-7293,exact_name_one_openalex_author_id,YELLOW,orcid_agrees,False,2022.0,2022,1,1,True,False
andrewadams,Andrew Adams,Andrew Adams,Andrew Adams,A5082293572,0000-0001-8925-9956,,exact_name_one_openalex_author_id,YELLOW,orcid_org_not_unique,True,2025.0,2025,1,1,False,True
andrewkhirsch,Andrew K. Hirsch,Andrew K. Hirsch,Andrew K. Hirsch,A5015733309,0000-0003-2518-614X,0000-0003-2518-614X,exact_name_one_openalex_author_id,GREEN,orcid_agrees,True,2023.0,2023,2,2,True,True
andrewlumsdaine1,Andrew Lumsdaine,Andrew Lumsdaine,Andrew Lumsdaine,A5074260102,0000-0002-9153-6622,0000-0002-9153-6622,exact_name_one_openalex_author_id,YELLOW,orcid_agrees,False,2025.0,2025,1,1,True,False
andrewpitts,Andrew M. Pitts,Andrew M. Pitts,Andrew M. Pitts,A5035484728,0000-0001-7775-3471,0000-0001-7775-3471,exact_name_one_openalex_author_id,GREEN,orcid_agrees,True,2024.0,2024,1,1,True,True
andrewmyers,Andrew Myers,Andrew Myers,Andrew Myers,A5101697551,0000-0001-8427-8330,,exact_name_one_openalex_author_id,YELLOW,orcid_org_not_unique,True,2018.0,2017,2,2,False,True
andrewtolmach,Andrew Tolmach,Andrew Tolmach,Andrew Tolmach,A5046980155,0000-0002-0748-2044,0000-0002-0748-2044,exact_name_one_openalex_author_id,GREEN,orcid_agrees,True,2019.0,2019,2,1,True,True
andrewappel,Andrew W. Appel,Andrew W. Appel,Andrew W. Appel,A5004766305,0000-0001-6009-0325,,exact_name_one_openalex_author_id,YELLOW,orcid_org_not_unique,False,2020.0,2020,2,1,False,False
andreyrybalchenko,Andrey Rybalchenko,Andrey Rybalchenko,Andrey Rybalchenko,A5044737952,,0000-0002-3655-684X,exact_name_one_openalex_author_id,YELLOW,no_openalex_orcid_to_compare,False,2017.0,2017,2,2,False,False
andrzejfilinski,Andrzej Filinski,Andrzej Filinski,Andrzej Filinski,A5048548468,0000-0002-9174-1861,0000-0002-9174-1861,exact_name_one_openalex_author_id,YELLOW,orcid_agrees,False,2025.0,2025,1,1,True,False
andreplatzer,André Platzer,André Platzer,André Platzer,A5080481427,0000-0001-7238-5710,0000-0001-7238-5710,exact_name_one_openalex_author_id,GREEN,orcid_agrees,True,2025.0,2025,1,1,True,True
andresgoens1,Andrés Goens,Andrés Goens,Andrés Goens,A5045703198,0000-0002-0409-1363,0000-0002-0409-1363,exact_name_one_openalex_author_id,GREEN,orcid_agrees,True,2025.0,2025,1,1,True,True
andygill,Andy Gill,Andy Gill,Andy Gill,A5029124439,,,exact_name_one_openalex_author_id,YELLOW,orcid_org_not_unique,False,2023.0,2023,1,1,False,False
anilmadhavapeddy,Anil Madhavapeddy,Anil Madhavapeddy,Anil Madhavapeddy,A5004447568,0000-0001-8954-2428,0000-0001-8954-2428,exact_name_one_openalex_author_id,YELLOW,orcid_agrees,False,2021.0,2021,1,1,True,False
anithagollamudi,Anitha Gollamudi,Anitha Gollamudi,Anitha Gollamudi,A5047325283,0000-0002-0861-1418,0000-0002-0861-1418,exact_name_one_openalex_author_id,GREEN,orcid_agrees,True,2023.0,2023,5,3,True,True
ankushdas1,Ankush Das,Ankush Das,Ankush Das,A5030491260,0000-0003-2459-1258,,exact_name_one_openalex_author_id,YELLOW,orcid_org_not_unique,True,2024.0,2024,2,2,False,True
ankushdesai1,Ankush Desai,Ankush Desai,Ankush Desai,A5042181450,0000-0001-9006-0100,,exact_name_one_openalex_author_id,YELLOW,orcid_org_not_unique,True,2024.0,2024,2,2,False,True
annettebieniusa,Annette Bieniusa,Annette Bieniusa,Annette Bieniusa,A5050660693,0000-0002-1654-6118,,exact_name_one_openalex_author_id,YELLOW,orcid_org_not_unique,True,2021.0,2021,3,3,False,True
antonpodkopaev,Anton Podkopaev,Anton Podkopaev,Anton Podkopaev,A5082235493,0000-0002-9448-6587,,exact_name_one_openalex_author_id,YELLOW,orcid_org_not_unique,False,2024.0,2024,1,1,False,False
aravindmachiry,Aravind Machiry,Aravind Machiry,Aravind Machiry,A5071486684,0000-0001-5124-6818,,exact_name_one_openalex_author_id,YELLOW,orcid_org_not_unique,True,2025.0,2025,2,2,False,True
arjunguha,Arjun Guha,Arjun Guha,Arjun Guha,A5044042294,0000-0002-7493-3271,,exact_name_one_openalex_author_id,YELLOW,orcid_org_not_unique,False,2018.0,2018,9,6,False,False
arjunradhakrishna,Arjun Radhakrishna,Arjun Radhakrishna,Arjun Radhakrishna,A5000188805,0000-0002-5559-5932,0000-0002-5559-5932,exact_name_one_openalex_author_id,YELLOW,orcid_agrees,False,2021.0,2021,6,4,True,False
armandosolarlezama,Armando Solar-Lezama,Armando Solar-Lezama,Armando Solar-Lezama,A5010786661,0000-0001-7604-8252,,exact_name_one_openalex_author_id,YELLOW,orcid_org_not_unique,False,2018.0,2018,7,6,False,False
arnaudspiwack,Arnaud Spiwack,Arnaud Spiwack,Arnaud Spiwack,A5019246823,0000-0002-5985-2086,0000-0002-5985-2086,exact_name_one_openalex_author_id,YELLOW,orcid_agrees,False,2023.0,2023,1,1,True,False
artemkhyzha1,Artem Khyzha,Artem Khyzha,Artem Khyzha,A5029787951,0000-0002-6781-9665,0000-0002-6781-9665,exact_name_one_openalex_author_id,GREEN,orcid_agrees,True,2025.0,2025,1,1,True,True
artempelenitsyn,Artem Pelenitsyn,Artem Pelenitsyn,Artem Pelenitsyn,A5056623735,0000-0001-8334-8106,0000-0001-8334-8106,exact_name_one_openalex_author_id,GREEN,orcid_agrees,True,2025.0,2025,1,1,True,True
arthurazevedodeamorim,Arthur Azevedo de Amorim,Arthur Azevedo de Amorim,ARTHUR AZEVEDO DE AMORIM,A5086486652,0000-0001-9916-6614,0000-0001-9916-6614,exact_name_one_openalex_author_id,YELLOW,orcid_agrees,False,2020.0,2020,3,2,True,False
arthurchargueraud,Arthur Charguéraud,Arthur Charguéraud,Arthur Charguéraud,A5025324126,0000-0001-7764-4507,0000-0001-7764-4507,exact_name_one_openalex_author_id,GREEN,orcid_agrees,True,2019.0,2019,5,4,True,True
aseemrastogi,Aseem Rastogi,Aseem Rastogi,Aseem Rastogi,A5102801489,0000-0003-3283-8011,0000-0003-3283-8011,exact_name_one_openalex_author_id,GREEN,orcid_agrees,True,2018.0,2018,5,4,True,True
ashishtiwari,Ashish Tiwari,Ashish Tiwari,Ashish Tiwari,A5086308451,,,exact_name_one_openalex_author_id,YELLOW,orcid_org_not_unique,False,2024.0,2024,2,2,False,False
aslanaskarov,Aslan Askarov,Aslan Askarov,Aslan Askarov,A5023772821,0000-0002-9035-4034,0000-0002-9035-4034,exact_name_one_openalex_author_id,YELLOW,orcid_agrees,False,2025.0,2025,1,1,True,False
atsushiigarashi,Atsushi Igarashi,Atsushi Igarashi,Atsushi Igarashi,A5077485499,0000-0002-5143-9764,,exact_name_one_openalex_author_id,YELLOW,orcid_org_not_unique,True,2017.0,2017,9,4,False,True
atsushiohori,Atsushi Ohori,Atsushi Ohori,Atsushi Ohori,A5046674857,,0000-0001-8645-0907,exact_name_one_openalex_author_id,YELLOW,no_openalex_orcid_to_compare,False,2020.0,2020,1,1,False,False
aurelebarriere,Aurèle Barrière,Aurèle Barrière,Aurèle Barrière,A5041214466,0000-0002-7297-2170,0000-0002-7297-2170,exact_name_one_openalex_author_id,GREEN,orcid_agrees,True,2025.0,2025,1,1,True,True
avikchaudhuri,Avik Chaudhuri,Avik Chaudhuri,Avik Chaudhuri,A5065727495,,,exact_name_one_openalex_author_id,YELLOW,orcid_org_not_unique,False,2018.0,2017,1,1,False,False
awsalbarghouthi,Aws Albarghouthi,Aws Albarghouthi,Aws Albarghouthi,A5050593520,0000-0003-4577-175X,0000-0003-4577-175X,exact_name_one_openalex_author_id,YELLOW,orcid_agrees,False,2019.0,2019,7,4,True,False
ayalzaks,Ayal Zaks,Ayal Zaks,Ayal Zaks,A5109958961,,,exact_name_one_openalex_author_id,YELLOW,orcid_org_not_unique,False,2019.0,2019,3,1,False,False
aymericfromherz,Aymeric Fromherz,Aymeric Fromherz,Aymeric Fromherz,A5039132232,0000-0003-2642-543X,0000-0003-2642-543X,exact_name_one_openalex_author_id,GREEN,orcid_agrees,True,2024.0,2024,1,1,True,True
azadehfarzan,Azadeh Farzan,Azadeh Farzan,Azadeh Farzan,A5016276143,0000-0001-9005-2653,0000-0001-9005-2653,exact_name_one_openalex_author_id,GREEN,orcid_agrees,True,2018.0,2018,3,1,True,True
azalearaad,Azalea Raad,Azalea Raad,Azalea Raad,A5083721882,0000-0002-2319-3242,0000-0002-2319-3242,exact_name_one_openalex_author_id,GREEN,orcid_agrees,True,2020.0,2020,8,6,True,True
baberrehman,Baber Rehman,Baber Rehman,Baber Rehman,A5029199272,0000-0002-9458-8428,0000-0002-9458-8428,exact_name_one_openalex_author_id,GREEN,orcid_agrees,True,2025.0,2025,2,2,True,True
bariskasikci,Baris Kasikci,Baris Kasikci,Baris Kasikci,A5050964144,0000-0001-6122-8998,0000-0001-6122-8998,exact_name_one_openalex_author_id,GREEN,orcid_agrees,True,2022.0,2022,1,1,True,True
basspitters,Bas Spitters,Bas Spitters,Bas Spitters,A5043123968,0000-0002-2802-0973,0000-0002-2802-0973,exact_name_one_openalex_author_id,YELLOW,orcid_agrees,False,2022.0,2022,1,1,True,False
bengreenman,Ben Greenman,Ben Greenman,Ben Greenman,A5002785598,0000-0001-7078-9287,,exact_name_one_openalex_author_id,YELLOW,orcid_org_not_unique,True,2021.0,2021,5,4,False,True
benhardekopf,Ben Hardekopf,Ben Hardekopf,Ben Hardekopf,A5074393511,0009-0008-1199-6129,0009-0008-1199-6129,exact_name_one_openalex_author_id,YELLOW,orcid_agrees,False,2021.0,2021,4,3,True,False
benhermann,Ben Hermann,Ben Hermann,Ben Hermann,A5027995789,0000-0001-9848-2017,0000-0001-9848-2017,exact_name_one_openalex_author_id,GREEN,orcid_agrees,True,2024.0,2024,2,2,True,True
benltitzer,Ben L. Titzer,Ben L. Titzer,Ben L. Titzer,A5034437441,0000-0002-9690-2089,,exact_name_one_openalex_author_id,YELLOW,orcid_org_not_unique,True,2019.0,2019,5,4,False,True
benliblit,Ben Liblit,Ben Liblit,Ben Liblit,A5030632138,0000-0002-2245-2839,,exact_name_one_openalex_author_id,YELLOW,orcid_org_not_unique,False,2021.0,2021,1,1,False,False
benlippmeier,Ben Lippmeier,Ben Lippmeier,Ben Lippmeier,A5009447837,,,exact_name_one_openalex_author_id,YELLOW,orcid_org_not_unique,False,2017.0,2017,2,1,False,False
benzorn,Ben Zorn,Ben Zorn,Ben Zorn,A5061392370,,0000-0001-9719-9842,exact_name_one_openalex_author_id,YELLOW,no_openalex_orcid_to_compare,False,2021.0,2021,1,1,False,False
beniaminoaccattoli,Beniamino Accattoli,Beniamino Accattoli,Beniamino Accattoli,A5046873607,0000-0003-4944-9944,0000-0003-4944-9944,exact_name_one_openalex_author_id,GREEN,orcid_agrees,True,2024.0,2024,1,1,True,True
benjamincpierce,Benjamin C. Pierce,Benjamin C. Pierce,BENJAMIN C. PIERCE,A5085361253,0000-0001-7839-1636,,exact_name_one_openalex_author_id,YELLOW,orcid_org_not_unique,False,2023.0,2023,5,5,False,False
benjaminchung,Benjamin Chung,Benjamin Chung,Benjamin Chung,A5008191145,0000-0001-9238-7334,,exact_name_one_openalex_author_id,YELLOW,orcid_org_not_unique,True,2025.0,2025,2,2,False,True
benjamindelaware,Benjamin Delaware,Benjamin Delaware,Benjamin Delaware,A5073767542,0000-0002-1016-6261,0000-0002-1016-6261,exact_name_one_openalex_author_id,YELLOW,orcid_agrees,False,2019.0,2019,6,4,True,False
benjaminlivshits1,Benjamin Livshits,Benjamin Livshits,Benjamin Livshits,A5068390911,0000-0002-4921-8452,0000-0002-4921-8452,exact_name_one_openalex_author_id,YELLOW,orcid_agrees,False,2018.0,2018,2,1,True,False
benjaminlucienkaminski,Benjamin Lucien Kaminski,Benjamin Lucien Kaminski,Benjamin Lucien Kaminski,A5045667283,0000-0001-5185-2324,0000-0001-5185-2324,exact_name_one_openalex_author_id,YELLOW,orcid_agrees,False,2022.0,2022,4,3,True,False
benoitvaliron1,Benoît Valiron,Benoît Valiron,Benoit Valiron,A5065743601,0000-0002-1008-5605,0000-0002-1008-5605,exact_name_one_openalex_author_id,YELLOW,orcid_agrees,False,2025.0,2025,1,1,True,False
bernardotoninho,Bernardo Toninho,Bernardo Toninho,Bernardo Toninho,A5039596448,0000-0002-0746-7514,0000-0002-0746-7514,exact_name_one_openalex_author_id,YELLOW,orcid_agrees,False,2022.0,2022,7,3,True,False
berndfinkbeiner,Bernd Finkbeiner,Bernd Finkbeiner,Bernd Finkbeiner,A5048189898,0000-0002-4280-8441,0000-0002-4280-8441,exact_name_one_openalex_author_id,YELLOW,orcid_agrees,False,2024.0,2024,1,1,True,False
bernhardscholz1,Bernhard Scholz,Bernhard Scholz,Bernhard Scholz,A5084068260,0000-0002-7672-7359,,exact_name_one_openalex_author_id,YELLOW,orcid_org_not_unique,True,2024.0,2024,2,2,False,True
betaziliani,Beta Ziliani,Beta Ziliani,Beta Ziliani,A5051003407,0000-0001-7071-6010,0000-0001-7071-6010,exact_name_one_openalex_author_id,GREEN,orcid_agrees,True,2017.0,2017,3,2,True,True
boryuhevanchang,Bor-Yuh Evan Chang,Bor-Yuh Evan Chang,Bor-Yuh Evan Chang,A5048756174,0000-0002-1954-0774,0000-0002-1954-0774,exact_name_one_openalex_author_id,GREEN,orcid_agrees,True,2017.0,2017,8,5,True,True
brandonlucia,Brandon Lucia,Brandon Lucia,Brandon Lucia,A5076249757,0000-0003-4130-1099,0000-0003-4130-1099,exact_name_one_openalex_author_id,YELLOW,orcid_agrees,False,2019.0,2019,3,2,True,False
briandemsky,Brian Demsky,Brian Demsky,Brian Demsky,A5016315666,0000-0003-1210-3130,0000-0003-1210-3130,exact_name_one_openalex_author_id,GREEN,orcid_agrees,True,2022.0,2022,2,1,True,True
brianhempel,Brian Hempel,Brian Hempel,Brian Hempel,A5034813141,0000-0003-3466-5556,,exact_name_one_openalex_author_id,YELLOW,orcid_org_not_unique,False,2025.0,2025,1,1,False,False
brigittepientka,Brigitte Pientka,Brigitte Pientka,Brigitte Pientka,A5044908798,0000-0002-2549-4276,0000-0002-2549-4276,exact_name_one_openalex_author_id,YELLOW,orcid_agrees,False,2021.0,2021,3,2,True,False
brunooliveira,Bruno C. d. S. Oliveira,Bruno C. d. S. Oliveira,Bruno C. d. S. Oliveira,A5049714036,0000-0002-1846-7210,0000-0002-1846-7210,exact_name_one_openalex_author_id,YELLOW,orcid_agrees,False,2019.0,2019,6,4,True,False
burcukulahciogluozkan,Burcu Kulahcioglu Ozkan,Burcu Kulahcioglu Ozkan,Burcu Kulahcioglu Ozkan,A5019138419,0000-0002-7038-165X,0000-0002-7038-165X,exact_name_one_openalex_author_id,GREEN,orcid_agrees,True,2023.0,2023,4,2,True,True
caitlinsadowski,Caitlin Sadowski,Caitlin Sadowski,Caitlin Sadowski,A5013989748,0000-0002-7742-2784,0000-0002-7742-2784,exact_name_one_openalex_author_id,GREEN,orcid_agrees,True,2018.0,2018,2,2,True,True
calebstanford,Caleb Stanford,Caleb Stanford,Caleb Stanford,A5019472033,0000-0002-8428-7736,0000-0002-8428-7736,exact_name_one_openalex_author_id,GREEN,orcid_agrees,True,2024.0,2024,4,3,True,True
calincascaval,Calin Cascaval,Calin Cascaval,Călin Caşcaval,A5036042735,0000-0002-2780-6763,0000-0002-2780-6763,exact_name_one_openalex_author_id,GREEN,orcid_agrees,True,2023.0,2023,2,1,True,True
calvinsmith,Calvin Smith,Calvin Smith,Calvin Smith,A5075808482,,,exact_name_one_openalex_author_id,YELLOW,orcid_org_not_unique,False,2022.0,2022,1,1,False,False
camildemetrescu,Camil Demetrescu,Camil Demetrescu,Camil Demetrescu,A5066534034,0000-0002-4686-6745,0000-0002-4686-6745,exact_name_one_openalex_author_id,YELLOW,orcid_agrees,False,2019.0,2019,2,1,True,False
carlaferreira,Carla Ferreira,Carla Ferreira,Carla Ferreira,A5031885550,0000-0003-3680-7634,,exact_name_one_openalex_author_id,YELLOW,orcid_org_not_unique,True,2024.0,2024,1,1,False,True
carloangiuli,Carlo Angiuli,Carlo Angiuli,Carlo Angiuli,A5082735906,0000-0002-9590-3303,0000-0002-9590-3303,exact_name_one_openalex_author_id,YELLOW,orcid_agrees,False,2024.0,2024,1,1,True,False
carolinelemieux,Caroline Lemieux,Caroline Lemieux,Caroline Lemieux,A5069023395,0000-0002-9610-8520,0000-0002-9610-8520,exact_name_one_openalex_author_id,YELLOW,orcid_agrees,False,2022.0,2022,3,3,True,False
caterinaurban,Caterina Urban,Caterina Urban,Caterina Urban,A5077439185,0000-0002-8127-9642,,exact_name_one_openalex_author_id,YELLOW,orcid_org_not_unique,True,2022.0,2022,2,1,False,True
chandrakrintz,Chandra Krintz,Chandra Krintz,Chandra Krintz,A5040516516,0000-0003-4972-0669,0000-0003-4972-0669,exact_name_one_openalex_author_id,GREEN,orcid_agrees,True,2020.0,2020,1,1,True,True
chandrakananandi,Chandrakana Nandi,Chandrakana Nandi,Chandrakana Nandi,A5066993902,0000-0001-8633-8413,0000-0001-8633-8413,exact_name_one_openalex_author_id,YELLOW,orcid_agrees,False,2022.0,2022,3,1,True,False
charithmendis1,Charith Mendis,Charith Mendis,Charith Mendis,A5034476447,0000-0002-8140-2321,0000-0002-8140-2321,exact_name_one_openalex_author_id,YELLOW,orcid_agrees,False,2022.0,2022,2,1,True,False
charliecurtsinger,Charlie Curtsinger,Charlie Curtsinger,Charlie Curtsinger,A5053167314,,,exact_name_one_openalex_author_id,YELLOW,orcid_org_not_unique,False,2021.0,2021,1,1,False,False
charliemurphy1,Charlie Murphy,Charlie Murphy,Charlie Murphy,A5000201364,,0000-0003-3450-6985,exact_name_one_openalex_author_id,YELLOW,no_openalex_orcid_to_compare,False,2025.0,2025,2,2,False,False
chenxiwang1,Chenxi Wang,Chenxi Wang,Chenxi Wang,A5100334369,0000-0002-1451-3101,,exact_name_one_openalex_author_id,YELLOW,orcid_org_not_unique,True,2025.0,2025,1,1,False,True
chrisfallin,Chris Fallin,Chris Fallin,Chris Fallin,A5030507600,0000-0002-6733-1803,0000-0002-6733-1803,exact_name_one_openalex_author_id,GREEN,orcid_agrees,True,2025.0,2025,1,1,True,True
chrishawblitzel,Chris Hawblitzel,Chris Hawblitzel,Chris Hawblitzel,A5016958899,0000-0002-5676-0362,0000-0002-5676-0362,exact_name_one_openalex_author_id,GREEN,orcid_agrees,True,2025.0,2025,1,1,True,True
chrismartens,Chris Martens,Chris Martens,Chris Martens,A5086688438,0000-0002-7026-0348,,exact_name_one_openalex_author_id,YELLOW,orcid_org_not_unique,True,2025.0,2025,2,2,False,True
chrisseaton,Chris Seaton,Chris Seaton,Chris Seaton,A5037104076,,0000-0003-3677-3534,exact_name_one_openalex_author_id,YELLOW,no_openalex_orcid_to_compare,False,2020.0,2020,1,1,False,False
christiankastner,Christian Kästner,Christian Kästner,Christian Kästner,A5067467896,0000-0002-4450-4572,,exact_name_one_openalex_author_id,YELLOW,orcid_org_not_unique,True,2025.0,2025,2,2,False,True
christinerizkallah,Christine Rizkallah,Christine Rizkallah,Christine Rizkallah,A5019489999,0000-0003-4785-2836,0000-0003-4785-2836,exact_name_one_openalex_author_id,YELLOW,orcid_agrees,False,2021.0,2021,2,2,True,False
christinetasson,Christine Tasson,Christine Tasson,Christine Tasson,A5063161068,0000-0001-8098-9944,0000-0001-8098-9944,exact_name_one_openalex_author_id,YELLOW,orcid_agrees,False,2020.0,2020,2,2,True,False
christophmatheja,Christoph Matheja,Christoph Matheja,Christoph Matheja,A5089189715,0000-0001-9151-0441,0000-0001-9151-0441,exact_name_one_openalex_author_id,GREEN,orcid_agrees,True,2023.0,2023,1,1,True,True
christopherpulte,Christopher Pulte,Christopher Pulte,Christopher Pulte,A5029071370,0000-0002-7369-183X,0000-0002-7369-183X,exact_name_one_openalex_author_id,GREEN,orcid_agrees,True,2023.0,2023,1,1,True,True
christosdimoulas1,Christos Dimoulas,Christos Dimoulas,Christos Dimoulas,A5041562511,0000-0002-9338-7034,0000-0002-9338-7034,exact_name_one_openalex_author_id,GREEN,orcid_agrees,True,2019.0,2019,8,5,True,True
chungkilhur,Chung-Kil Hur,Chung-Kil Hur,Chung-Kil Hur,A5035382393,0000-0002-1656-0913,0000-0002-1656-0913,exact_name_one_openalex_author_id,YELLOW,orcid_agrees,False,2017.0,2017,7,5,True,False
chungchiehshan,Chung-chieh Shan,Chung-chieh Shan,Chung-chieh Shan,A5021546193,0000-0002-0339-6405,0000-0002-0339-6405,exact_name_one_openalex_author_id,GREEN,orcid_agrees,True,2019.0,2019,4,2,True,True
cierajaspan,Ciera Jaspan,Ciera Jaspan,Ciera Jaspan,A5010687341,0000-0003-4500-1392,0000-0003-4500-1392,exact_name_one_openalex_author_id,GREEN,orcid_agrees,True,2017.0,2017,1,1,True,True
cindyrubiogonzalez,Cindy Rubio-González,Cindy Rubio-González,Cindy Rubio-González,A5010991469,0000-0002-0861-3763,0000-0002-0861-3763,exact_name_one_openalex_author_id,GREEN,orcid_agrees,True,2018.0,2018,7,4,True,True
claudiorusso,Claudio Russo,Claudio Russo,Claudio Russo,A5081301440,0000-0003-4877-2424,,exact_name_one_openalex_author_id,YELLOW,orcid_org_not_unique,False,2019.0,2019,1,1,False,False
clementpitclaudel,Clément Pit-Claudel,Clément Pit-Claudel,Clément Pit-Claudel,A5018186543,0000-0002-1900-3901,0000-0002-1900-3901,exact_name_one_openalex_author_id,YELLOW,orcid_agrees,False,2022.0,2022,7,5,True,False
coleschlesinger3,Cole Schlesinger,Cole Schlesinger,Cole Schlesinger,A5012489417,0009-0004-9350-3041,0009-0004-9350-3041,exact_name_one_openalex_author_id,GREEN,orcid_agrees,True,2025.0,2025,1,1,True,True
conormcbride,Conor McBride,Conor McBride,Conor McBride,A5090954120,0000-0003-1487-0886,0000-0003-1487-0886,exact_name_one_openalex_author_id,YELLOW,orcid_agrees,False,2018.0,2018,1,1,True,False
conradwatt,Conrad Watt,Conrad Watt,Conrad Watt,A5060197721,0000-0002-0596-877X,0000-0002-0596-877X,exact_name_one_openalex_author_id,YELLOW,orcid_agrees,False,2023.0,2023,6,4,True,False
constantinenea,Constantin Enea,Constantin Enea,Constantin Enea,A5040528930,0000-0003-2727-8865,,exact_name_one_openalex_author_id,YELLOW,orcid_org_not_unique,True,2018.0,2018,8,4,False,True
corinaspasareanu,Corina S. Pasareanu,Corina S. Pasareanu,Corina S. Păsăreanu,A5053134485,0000-0002-5579-6961,,exact_name_one_openalex_author_id,YELLOW,orcid_org_not_unique,False,2020.0,2020,6,4,False,False
coskuacay1,Coşku Acay,Coşku Acay,Coşku Acay,A5054491689,0000-0002-0487-1167,0000-0002-0487-1167,exact_name_one_openalex_author_id,YELLOW,orcid_agrees,False,2025.0,2025,2,2,True,False
cristiancadar,Cristian Cadar,Cristian Cadar,Cristian Cadar,A5053355200,0000-0002-3599-7264,,exact_name_one_openalex_author_id,YELLOW,orcid_org_not_unique,True,2021.0,2021,1,1,False,True
cyrusomar,Cyrus Omar,Cyrus Omar,Cyrus Omar,A5001010367,0000-0003-4502-7971,0000-0003-4502-7971,exact_name_one_openalex_author_id,GREEN,orcid_agrees,True,2021.0,2021,5,5,True,True
cedricfournet,Cédric Fournet,Cédric Fournet,Cédric Fournet,A5108519702,0000-0001-6929-886X,0000-0001-6929-886X,exact_name_one_openalex_author_id,GREEN,orcid_agrees,True,2020.0,2020,1,1,True,True
catalinhritcu,Cătălin Hriţcu,Cătălin Hriţcu,CĂTĂLIN HRIŢCU,A5106466226,0000-0001-8919-8081,,exact_name_one_openalex_author_id,YELLOW,orcid_org_not_unique,False,2024.0,2017,2,2,False,False
daanleijen,Daan Leijen,Daan Leijen,Daan Leijen,A5086447301,0000-0003-1027-5430,,exact_name_one_openalex_author_id,YELLOW,orcid_org_not_unique,False,2019.0,2019,3,2,False,False
damianomazza,Damiano Mazza,Damiano Mazza,Damiano Mazza,A5088134720,,0000-0002-5307-7744,exact_name_one_openalex_author_id,YELLOW,no_openalex_orcid_to_compare,False,2025.0,2025,1,1,False,False
damienpous,Damien Pous,Damien Pous,Damien Pous,A5084356882,0000-0002-1220-4399,0000-0002-1220-4399,exact_name_one_openalex_author_id,YELLOW,orcid_agrees,False,2023.0,2023,1,1,True,False
damienzufferey,Damien Zufferey,Damien Zufferey,Damien Zufferey,A5011927030,0000-0002-3197-8736,0000-0002-3197-8736,exact_name_one_openalex_author_id,YELLOW,orcid_agrees,False,2021.0,2021,4,3,True,False
dangrossman,Dan Grossman,Dan Grossman,Dan Grossman,A5103045316,,0000-0002-8739-6866,exact_name_one_openalex_author_id,YELLOW,no_openalex_orcid_to_compare,False,2017.0,2017,6,4,False,False
danelahman,Danel Ahman,Danel Ahman,Danel Ahman,A5050436525,0000-0001-6595-2756,0000-0001-6595-2756,exact_name_one_openalex_author_id,YELLOW,orcid_agrees,False,2019.0,2019,1,1,True,False
danfengzhang,Danfeng Zhang,Danfeng Zhang,Danfeng Zhang,A5100722775,0000-0003-1942-6872,,exact_name_one_openalex_author_id,YELLOW,orcid_org_not_unique,False,2018.0,2018,4,2,False,False
danielgratzer,Daniel Gratzer,Daniel Gratzer,Daniel Gratzer,A5056800630,0000-0003-1944-0789,0000-0003-1944-0789,exact_name_one_openalex_author_id,GREEN,orcid_agrees,True,2025.0,2025,1,1,True,True
danielperelman1,Daniel Perelman,Daniel Perelman,Daniel Perelman,A5043907771,0000-0002-0157-5506,0000-0002-0157-5506,exact_name_one_openalex_author_id,YELLOW,orcid_agrees,False,2025.0,2025,2,2,True,False
danlicata,Daniel R. Licata,Daniel R. Licata,Daniel R. Licata,A5009198759,0000-0003-0697-7405,0000-0003-0697-7405,exact_name_one_openalex_author_id,YELLOW,orcid_agrees,False,2017.0,2017,3,2,True,False
danielapetrisan,Daniela Petrisan,Daniela Petrişan,Daniela Petrişan,A5087070796,,0000-0001-9712-930X,exact_name_one_openalex_author_id,YELLOW,no_openalex_orcid_to_compare,False,2025.0,2025,1,1,False,False
dariuszbiernacki,Dariusz Biernacki,Dariusz Biernacki,Dariusz Biernacki,A5083683038,0000-0002-1477-4635,0000-0002-1477-4635,exact_name_one_openalex_author_id,GREEN,orcid_agrees,True,2024.0,2024,1,1,True,True
darkomarinov,Darko Marinov,Darko Marinov,Darko Marinov,A5081289583,0000-0001-5023-3492,0000-0001-5023-3492,exact_name_one_openalex_author_id,GREEN,orcid_agrees,True,2021.0,2021,2,2,True,True
davidbroman,David Broman,David Broman,David Broman,A5073873489,0000-0001-8457-4105,,exact_name_one_openalex_author_id,YELLOW,orcid_org_not_unique,True,2022.0,2022,1,1,False,True
daviddarais,David Darais,David Darais,David Darais,A5019557654,0000-0003-2314-0287,0000-0003-2314-0287,exact_name_one_openalex_author_id,YELLOW,orcid_agrees,False,2020.0,2020,7,5,True,False
davidfbacon,David F. Bacon,David F. Bacon,David F. Bacon,A5033485201,,0000-0002-5692-0151,exact_name_one_openalex_author_id,YELLOW,no_openalex_orcid_to_compare,False,2017.0,2017,1,1,False,False
davidgrove,David Grove,David Grove,David Grove,A5006981734,0000-0002-3265-7125,,exact_name_one_openalex_author_id,YELLOW,orcid_org_not_unique,False,2018.0,2018,4,1,False,False
davidiaugust,David I. August,David I. August,David I. August,A5008319090,0000-0003-3327-1803,0000-0003-3327-1803,exact_name_one_openalex_author_id,YELLOW,orcid_agrees,False,2021.0,2021,1,1,True,False
davidpearce,David J. Pearce,David J. Pearce,David J. Pearce,A5008538442,0000-0003-4535-9677,,exact_name_one_openalex_author_id,YELLOW,orcid_org_not_unique,True,2024.0,2024,2,2,False,True
davidmonniaux,David Monniaux,David Monniaux,David Monniaux,A5067069157,0000-0001-7671-6126,0000-0001-7671-6126,exact_name_one_openalex_author_id,YELLOW,orcid_agrees,False,2021.0,2021,2,1,True,False
davidpichardie,David Pichardie,David Pichardie,David Pichardie,A5046752375,0000-0002-2504-1760,0000-0002-2504-1760,exact_name_one_openalex_author_id,GREEN,orcid_agrees,True,2023.0,2023,3,3,True,True
davidchristiansen,David Thrane Christiansen,David Thrane Christiansen,David Thrane Christiansen,A5088271411,,,exact_name_one_openalex_author_id,YELLOW,orcid_org_not_unique,False,2018.0,2018,2,1,False,False
davidvanhorn,David Van Horn,David Van Horn,DAVID VAN HORN,A5091183810,0000-0002-9201-6864,,exact_name_one_openalex_author_id,YELLOW,orcid_org_not_unique,False,2019.0,2017,5,4,False,False
davideancona,Davide Ancona,Davide Ancona,Davide Ancona,A5036812254,0000-0002-6297-2011,0000-0002-6297-2011,exact_name_one_openalex_author_id,GREEN,orcid_agrees,True,2021.0,2021,1,1,True,True
davidesangiorgi,Davide Sangiorgi,Davide Sangiorgi,Davide Sangiorgi,A5077030456,0000-0001-5823-3235,,exact_name_one_openalex_author_id,YELLOW,orcid_org_not_unique,False,2018.0,2018,1,1,False,False
deepakgarg,Deepak Garg,Deepak Garg,Deepak Garg,A5026719321,0000-0002-0888-3093,,exact_name_one_openalex_author_id,YELLOW,orcid_org_not_unique,False,2021.0,2021,5,4,False,False
deianstefan,Deian Stefan,Deian Stefan,Deian Stefan,A5082723061,0000-0002-7041-7464,0000-0002-7041-7464,exact_name_one_openalex_author_id,YELLOW,orcid_agrees,False,2018.0,2018,3,1,True,False
deliakesner,Delia Kesner,Delia Kesner,Delia Kesner,A5077330939,0000-0003-4254-3129,0000-0003-4254-3129,exact_name_one_openalex_author_id,GREEN,orcid_agrees,True,2023.0,2023,1,1,True,True
delphinedemange,Delphine Demange,Delphine Demange,Delphine Demange,A5002005076,0000-0002-7029-3297,0000-0002-7029-3297,exact_name_one_openalex_author_id,GREEN,orcid_agrees,True,2022.0,2022,2,2,True,True
denismerigoux,Denis Merigoux,Denis Merigoux,Denis Merigoux,A5037387730,0000-0003-2247-0938,0000-0003-2247-0938,exact_name_one_openalex_author_id,GREEN,orcid_agrees,True,2024.0,2024,1,1,True,True
denysshabalin,Denys Shabalin,Denys Shabalin,Denys Shabalin,A5049622724,,0000-0002-5862-2123,exact_name_one_openalex_author_id,YELLOW,no_openalex_orcid_to_compare,False,2025.0,2025,1,1,False,False
derekdreyer,Derek Dreyer,Derek Dreyer,Derek Dreyer,A5050585539,0000-0002-3884-6867,,exact_name_one_openalex_author_id,YELLOW,orcid_org_not_unique,False,2018.0,2017,4,4,False,False
dexterkozen,Dexter Kozen,Dexter Kozen,Dexter Kozen,A5053923311,0000-0002-8007-4725,,exact_name_one_openalex_author_id,YELLOW,orcid_org_not_unique,False,2021.0,2017,1,1,False,False
dimitriosvytiniotis,Dimitrios Vytiniotis,Dimitrios Vytiniotis,DIMITRIOS VYTINIOTIS,A5029108294,,0009-0007-2079-1996,exact_name_one_openalex_author_id,YELLOW,no_openalex_orcid_to_compare,False,2018.0,2018,8,5,False,False
dimitrismitropoulos,Dimitris Mitropoulos,Dimitris Mitropoulos,Dimitris Mitropoulos,A5021658848,0000-0002-5061-9018,,exact_name_one_openalex_author_id,YELLOW,orcid_org_not_unique,True,2023.0,2023,1,1,False,True
diomidisspinellis,Diomidis Spinellis,Diomidis Spinellis,Diomidis Spinellis,A5021948425,0000-0003-4231-1897,0000-0003-4231-1897,exact_name_one_openalex_author_id,GREEN,orcid_agrees,True,2021.0,2021,1,1,True,True
dominicorchard,Dominic Orchard,Dominic Orchard,Dominic Orchard,A5064585229,0000-0002-7058-7842,0000-0002-7058-7842,exact_name_one_openalex_author_id,YELLOW,orcid_agrees,False,2019.0,2019,3,2,True,False
dominiquedevriese,Dominique Devriese,Dominique Devriese,Dominique Devriese,A5011654888,0000-0002-3862-6856,0000-0002-3862-6856,exact_name_one_openalex_author_id,YELLOW,orcid_agrees,False,2017.0,2017,6,4,True,False
dorrabenkhalifa,Dorra Ben Khalifa,Dorra Ben Khalifa,Dorra Ben Khalifa,A5030371965,0000-0002-0595-5231,0000-0002-0595-5231,exact_name_one_openalex_author_id,GREEN,orcid_agrees,True,2025.0,2025,2,2,True,True
douglea,Doug Lea,Doug Lea,Doug Lea,A5110731343,0000-0002-6068-7866,0000-0002-6068-7866,exact_name_one_openalex_author_id,GREEN,orcid_agrees,True,2017.0,2017,5,2,True,True
drewzagieboylo1,Drew Zagieboylo,Drew Zagieboylo,Drew Zagieboylo,A5013955474,0000-0001-6847-6599,0000-0001-6847-6599,exact_name_one_openalex_author_id,GREEN,orcid_agrees,True,2024.0,2024,1,1,True,True
dylanmcdermott1,Dylan McDermott,Dylan McDermott,Dylan McDermott,A5047709110,0000-0002-6705-1449,,exact_name_one_openalex_author_id,YELLOW,orcid_org_not_unique,True,2023.0,2023,1,1,False,True
earlbarr,Earl T. Barr,Earl T. Barr,Earl T. Barr,A5076587279,0000-0003-0771-7891,,exact_name_one_openalex_author_id,YELLOW,orcid_org_not_unique,False,2024.0,2024,2,2,False,False
edwinbrady,Edwin Brady,Edwin Brady,Edwin Brady,A5042121684,0000-0002-9734-367X,0000-0002-9734-367X,exact_name_one_openalex_author_id,YELLOW,orcid_agrees,False,2020.0,2020,2,2,True,False
eelcovisser,Eelco Visser,Eelco Visser,Eelco Visser,A5072923235,0000-0002-7384-3370,,exact_name_one_openalex_author_id,YELLOW,orcid_org_not_unique,False,2018.0,2018,3,1,False,False
eijirosumii,Eijiro Sumii,Eijiro Sumii,Eijiro Sumii,A5048931630,,0000-0003-2022-8507,exact_name_one_openalex_author_id,YELLOW,no_openalex_orcid_to_compare,False,2021.0,2017,2,2,False,False
ekaterinakomendantskaya,Ekaterina Komendantskaya,Ekaterina Komendantskaya,Ekaterina Komendantskaya,A5026643182,0000-0002-3240-0987,0000-0002-3240-0987,exact_name_one_openalex_author_id,GREEN,orcid_agrees,True,2021.0,2021,3,2,True,True
elenazucca,Elena Zucca,Elena Zucca,Elena Zucca,A5046299910,0000-0002-6833-6470,,exact_name_one_openalex_author_id,YELLOW,orcid_org_not_unique,True,2017.0,2017,2,2,False,True
elisagonzalezboix,Elisa Gonzalez Boix,Elisa Gonzalez Boix,Elisa Gonzalez Boix,A5058914635,0000-0002-9966-6421,0000-0002-9966-6421,exact_name_one_openalex_author_id,GREEN,orcid_agrees,True,2017.0,2017,3,3,True,True
emanueledosualdo,Emanuele D'Osualdo,Emanuele D'Osualdo,Emanuele D’Osualdo,A5013899049,0000-0002-9179-5827,0000-0002-9179-5827,exact_name_one_openalex_author_id,GREEN,orcid_agrees,True,2024.0,2024,1,1,True,True
emilyfirst1,Emily First,Emily First,Emily First,A5102852428,0000-0002-2896-2928,,exact_name_one_openalex_author_id,YELLOW,orcid_org_not_unique,True,2025.0,2025,2,2,False,True
eminatorlak,Emina Torlak,Emina Torlak,Emina Torlak,A5088791029,0000-0002-1155-2711,0000-0002-1155-2711,exact_name_one_openalex_author_id,YELLOW,orcid_agrees,False,2018.0,2018,6,3,True,False
emmasoderberg,Emma Söderberg,Emma Söderberg,Emma Söderberg,A5001336269,0000-0001-7966-4560,,exact_name_one_openalex_author_id,YELLOW,orcid_org_not_unique,True,2024.0,2024,2,2,False,True
emmatosch,Emma Tosch,Emma Tosch,Emma Tosch,A5089697725,0000-0002-2333-8034,0000-0002-2333-8034,exact_name_one_openalex_author_id,GREEN,orcid_agrees,True,2024.0,2024,2,2,True,True
eranyahav,Eran Yahav,Eran Yahav,Eran Yahav,A5061044883,0000-0003-4305-6314,0000-0003-4305-6314,exact_name_one_openalex_author_id,GREEN,orcid_agrees,True,2017.0,2017,4,2,True,True
erezpetrank,Erez Petrank,Erez Petrank,Erez Petrank,A5073517584,0000-0002-6353-956X,0000-0002-6353-956X,exact_name_one_openalex_author_id,YELLOW,orcid_agrees,False,2017.0,2017,4,2,True,False
ericatkinson1,Eric Atkinson,Eric Atkinson,Eric Atkinson,A5040756298,0000-0002-8396-1258,,exact_name_one_openalex_author_id,YELLOW,orcid_org_not_unique,True,2025.0,2025,1,1,False,True
ericeide,Eric Eide,Eric Eide,Eric Eide,A5002123078,0000-0001-7206-8408,,exact_name_one_openalex_author_id,YELLOW,orcid_org_not_unique,True,2023.0,2023,1,1,False,True
erickoskinen,Eric Koskinen,Eric Koskinen,Eric Koskinen,A5024796518,0000-0001-7363-634X,0000-0001-7363-634X,exact_name_one_openalex_author_id,YELLOW,orcid_agrees,False,2019.0,2019,7,5,True,False
ericschkufza,Eric Schkufza,Eric Schkufza,Eric Schkufza,A5077176328,,0009-0007-6145-5657,exact_name_one_openalex_author_id,YELLOW,no_openalex_orcid_to_compare,False,2022.0,2022,1,1,False,False
ericvanwyk,Eric Van Wyk,Eric Van Wyk,Eric Van Wyk,A5030370686,0000-0002-5611-8687,0000-0002-5611-8687,exact_name_one_openalex_author_id,YELLOW,orcid_agrees,False,2019.0,2019,1,1,True,False
erikaabraham,Erika Abraham,Erika Ábrahám,Erika Ábrahám,A5068015318,0000-0002-5647-6134,,exact_name_one_openalex_author_id,YELLOW,orcid_org_not_unique,True,2021.0,2021,1,1,False,True
eunsukkang,Eunsuk Kang,Eunsuk Kang,Eunsuk Kang,A5044511705,0000-0001-7891-6885,,exact_name_one_openalex_author_id,YELLOW,orcid_org_not_unique,True,2025.0,2025,2,2,False,True
evadarulova,Eva Darulova,Eva Darulova,Eva Darulova,A5053069388,0000-0002-6848-3163,0000-0002-6848-3163,exact_name_one_openalex_author_id,YELLOW,orcid_agrees,False,2018.0,2018,2,1,True,False
evagraversen,Eva Graversen,Eva Graversen,Eva Graversen,A5051763696,0000-0002-9430-4907,0000-0002-9430-4907,exact_name_one_openalex_author_id,GREEN,orcid_agrees,True,2025.0,2025,1,1,True,True
evelyncontejean,Evelyne Contejean,Evelyne Contejean,Évelyne Contejean,A5014621785,0000-0002-8195-7861,,exact_name_one_openalex_author_id,YELLOW,orcid_org_not_unique,True,2024.0,2024,1,1,False,True
ezgicicek,Ezgi Çiçek,Ezgi Çiçek,Ezgi Çiçek,A5058419137,,,exact_name_one_openalex_author_id,YELLOW,orcid_org_not_unique,False,2019.0,2019,1,1,False,False
fabianmuehlboeck,Fabian Muehlboeck,Fabian Muehlboeck,Fabian Muehlboeck,A5001324851,0000-0003-1548-0177,0000-0003-1548-0177,exact_name_one_openalex_author_id,GREEN,orcid_agrees,True,2024.0,2024,2,2,True,True
fabriziomontesi,Fabrizio Montesi,Fabrizio Montesi,Fabrizio Montesi,A5000566520,0000-0003-4666-901X,,exact_name_one_openalex_author_id,YELLOW,orcid_org_not_unique,False,2023.0,2023,2,2,False,False
fanlong,Fan Long,Fan Long,Fan Long,A5080879279,0000-0001-7973-1188,,exact_name_one_openalex_author_id,YELLOW,orcid_org_not_unique,False,2020.0,2020,3,2,False,False
farzanehderakhshan,Farzaneh Derakhshan,Farzaneh Derakhshan,Farzaneh Derakhshan,A5037521041,0000-0002-2156-2606,,exact_name_one_openalex_author_id,YELLOW,orcid_org_not_unique,True,2025.0,2025,1,1,False,True
feihe,Fei He,Fei He,Fei He,A5042735025,0000-0002-4266-875X,,exact_name_one_openalex_author_id,YELLOW,orcid_org_not_unique,True,2024.0,2024,2,2,False,True
felixstutz,Felix Stutz,Felix Stutz,Felix Stutz,A5057084737,0000-0003-3638-4096,0000-0003-3638-4096,exact_name_one_openalex_author_id,GREEN,orcid_agrees,True,2025.0,2025,2,2,True,True
ferassaad,Feras Saad,Feras A. Saad,Feras A. Saad,A5009835778,0000-0002-0505-795X,,exact_name_one_openalex_author_id,YELLOW,orcid_org_not_unique,False,2025.0,2025,2,2,False,False
filipniksic,Filip Niksic,Filip Niksic,Filip Niksic,A5072101985,,,exact_name_one_openalex_author_id,YELLOW,orcid_org_not_unique,False,2024.0,2024,2,2,False,False
filipsieczkowski,Filip Sieczkowski,Filip Sieczkowski,Filip Sieczkowski,A5047754900,0000-0001-5011-3458,0000-0001-5011-3458,exact_name_one_openalex_author_id,GREEN,orcid_agrees,True,2022.0,2022,2,2,True,True
filippobonchi,Filippo Bonchi,Filippo Bonchi,Filippo Bonchi,A5004609161,0000-0002-3433-723X,0000-0002-3433-723X,exact_name_one_openalex_author_id,YELLOW,orcid_agrees,False,2020.0,2020,2,1,True,False
francescodagnino1,Francesco Dagnino,Francesco Dagnino,Francesco Dagnino,A5046176286,0000-0003-3599-3535,0000-0003-3599-3535,exact_name_one_openalex_author_id,GREEN,orcid_agrees,True,2025.0,2025,2,2,True,True
francescogavazzo,Francesco Gavazzo,Francesco Gavazzo,Francesco Gavazzo,A5081771854,0000-0002-2159-0615,0000-0002-2159-0615,exact_name_one_openalex_author_id,GREEN,orcid_agrees,True,2024.0,2024,2,2,True,True
francescologozzo,Francesco Logozzo,Francesco Logozzo,Francesco Logozzo,A5058389738,,,exact_name_one_openalex_author_id,YELLOW,orcid_org_not_unique,False,2017.0,2017,2,1,False,False
francescoranzato,Francesco Ranzato,Francesco Ranzato,Francesco Ranzato,A5000629161,0000-0003-0159-0068,0000-0003-0159-0068,exact_name_one_openalex_author_id,YELLOW,orcid_agrees,False,2020.0,2020,1,1,True,False
francescozappanardelli,Francesco Zappa Nardelli,Francesco Zappa Nardelli,Francesco Zappa Nardelli,A5032148955,,,exact_name_one_openalex_author_id,YELLOW,orcid_org_not_unique,False,2019.0,2017,2,2,False,False
frankpfenning,Frank Pfenning,Frank Pfenning,Frank Pfenning,A5021476649,0000-0002-8279-5817,,exact_name_one_openalex_author_id,YELLOW,orcid_org_not_unique,False,2019.0,2019,4,2,False,False
frankpiessens,Frank Piessens,Frank Piessens,Frank Piessens,A5008329832,0000-0001-5438-153X,0000-0001-5438-153X,exact_name_one_openalex_author_id,YELLOW,orcid_agrees,False,2020.0,2020,1,1,True,False
franktip,Frank Tip,Frank Tip,Frank Tip,A5087594876,0000-0002-1862-3498,0000-0002-1862-3498,exact_name_one_openalex_author_id,YELLOW,orcid_agrees,False,2021.0,2021,1,1,True,False
franzfranchetti,Franz Franchetti,Franz Franchetti,Franz Franchetti,A5062806943,0000-0002-3529-8973,0000-0002-3529-8973,exact_name_one_openalex_author_id,YELLOW,orcid_agrees,False,2017.0,2017,1,1,True,False
francoisgauthier,François Gauthier,François Gauthier,François Gauthier,A5107243299,0000-0002-9470-5081,,exact_name_one_openalex_author_id,YELLOW,orcid_org_not_unique,True,2023.0,2023,3,3,False,True
francoispottier,François Pottier,François Pottier,François Pottier,A5060426941,0000-0002-4069-1235,0000-0002-4069-1235,exact_name_one_openalex_author_id,GREEN,orcid_agrees,True,2018.0,2018,4,2,True,True
fraserbrown,Fraser Brown,Fraser Brown,Fraser Brown,A5003256269,0009-0006-6601-7317,,exact_name_one_openalex_author_id,YELLOW,orcid_org_not_unique,True,2022.0,2022,2,2,False,True
fredrikkjolstad,Fredrik Kjolstad,Fredrik Kjolstad,Fredrik Kjolstad,A5041886781,0000-0002-2267-903X,0000-0002-2267-903X,exact_name_one_openalex_author_id,YELLOW,orcid_agrees,False,2021.0,2021,6,4,True,False
freekverbeek,Freek Verbeek,Freek Verbeek,Freek Verbeek,A5067135306,0000-0002-6625-1123,0000-0002-6625-1123,exact_name_one_openalex_author_id,GREEN,orcid_agrees,True,2023.0,2023,1,1,True,True
friedrichsteimann,Friedrich Steimann,Friedrich Steimann,Friedrich Steimann,A5004979548,0000-0002-8887-134X,,exact_name_one_openalex_author_id,YELLOW,orcid_org_not_unique,True,2019.0,2019,1,1,False,True
fritzhenglein,Fritz Henglein,Fritz Henglein,Fritz Henglein,A5045204080,0000-0001-5190-2125,0000-0001-5190-2125,exact_name_one_openalex_author_id,YELLOW,orcid_agrees,False,2020.0,2020,3,2,True,False
gabrieldosreis,Gabriel Dos Reis,Gabriel Dos Reis,Gabriel Dos Reis,A5112412433,0000-0002-1908-1424,,exact_name_one_openalex_author_id,YELLOW,orcid_org_not_unique,True,2017.0,2017,1,1,False,True
gabrielradanne,Gabriel Radanne,Gabriel Radanne,Gabriel Radanne,A5062416594,0000-0002-2107-7678,0000-0002-2107-7678,exact_name_one_openalex_author_id,GREEN,orcid_agrees,True,2023.0,2023,1,1,True,True
gabrielrodriguez,Gabriel Rodríguez,Gabriel Rodríguez,Gabriel Rodríguez,A5026273204,0000-0002-0338-3655,,exact_name_one_openalex_author_id,YELLOW,orcid_org_not_unique,True,2022.0,2022,1,1,False,True
gabrielscherer,Gabriel Scherer,Gabriel Scherer,Gabriel Scherer,A5047042180,0000-0003-1758-3938,0000-0003-1758-3938,exact_name_one_openalex_author_id,YELLOW,orcid_agrees,False,2017.0,2017,4,2,True,False
gabrielekeller,Gabriele Keller,Gabriele Keller,Gabriele Keller,A5089112216,0000-0003-1442-5387,,exact_name_one_openalex_author_id,YELLOW,orcid_org_not_unique,True,2019.0,2019,2,2,False,True
gabrielevanoni,Gabriele Vanoni,Gabriele Vanoni,Gabriele Vanoni,A5041239393,0000-0001-8762-8674,0000-0001-8762-8674,exact_name_one_openalex_author_id,GREEN,orcid_agrees,True,2025.0,2025,1,1,True,True
gagandeepsingh,Gagandeep Singh,Gagandeep Singh,Gagandeep Singh,A5100760604,0000-0002-9299-2961,,exact_name_one_openalex_author_id,YELLOW,orcid_org_not_unique,False,2021.0,2021,6,4,False,False
gavinbierman,Gavin Bierman,Gavin Bierman,Gavin Bierman,A5077695892,,,exact_name_one_openalex_author_id,YELLOW,orcid_org_not_unique,False,2019.0,2019,2,2,False,False
geoffreymainland,Geoffrey Mainland,Geoffrey Mainland,Geoffrey Mainland,A5091390132,0000-0002-0328-8594,0000-0002-0328-8594,exact_name_one_openalex_author_id,GREEN,orcid_agrees,True,2020.0,2020,1,1,True,True
georgzetzsche,Georg Zetzsche,Georg Zetzsche,Georg Zetzsche,A5083429244,0000-0002-6421-4388,0000-0002-6421-4388,exact_name_one_openalex_author_id,GREEN,orcid_agrees,True,2024.0,2024,1,1,True,True
germanvidal,German Vidal,German Vidal,Germán Vidal,A5051613376,0000-0002-1857-6951,0000-0002-1857-6951,exact_name_one_openalex_author_id,GREEN,orcid_agrees,True,2019.0,2019,1,1,True,True
gerwinklein,Gerwin Klein,Gerwin Klein,Gerwin Klein,A5056561099,0000-0001-8883-0559,0000-0001-8883-0559,exact_name_one_openalex_author_id,GREEN,orcid_agrees,True,2021.0,2021,2,2,True,True
gillesbarthe,Gilles Barthe,Gilles Barthe,Gilles Barthe,A5075577852,0000-0002-3853-1777,,exact_name_one_openalex_author_id,YELLOW,orcid_org_not_unique,False,2018.0,2018,1,1,False,False
giuseppecastagna,Giuseppe Castagna,Giuseppe Castagna,Giuseppe Castagna,A5084702945,0000-0003-0951-7535,0000-0003-0951-7535,exact_name_one_openalex_author_id,GREEN,orcid_agrees,True,2023.0,2023,1,1,True,True
gorelhedin,Gorel Hedin,Gorel Hedin,Görel Hedin,A5075313890,0000-0002-3003-2623,0000-0002-3003-2623,exact_name_one_openalex_author_id,GREEN,orcid_agrees,True,2019.0,2019,4,4,True,True
gowthamkaki,Gowtham Kaki,Gowtham Kaki,Gowtham Kaki,A5046506172,0000-0002-4189-3189,0000-0002-4189-3189,exact_name_one_openalex_author_id,YELLOW,orcid_agrees,False,2022.0,2022,6,4,True,False
grahamhutton,Graham Hutton,Graham Hutton,Graham Hutton,A5069634739,0000-0001-9584-5150,,exact_name_one_openalex_author_id,YELLOW,orcid_org_not_unique,True,2017.0,2017,2,1,False,True
gregorrichards,Gregor Richards,Gregor Richards,Gregor Richards,A5045622709,,0000-0001-5058-2174,exact_name_one_openalex_author_id,YELLOW,no_openalex_orcid_to_compare,False,2017.0,2017,3,1,False,False
gregorymalecha1,Gregory Malecha,Gregory Malecha,Gregory Malecha,A5076825131,0000-0003-3952-0807,0000-0003-3952-0807,exact_name_one_openalex_author_id,GREEN,orcid_agrees,True,2024.0,2024,1,1,True,True
gretayorsh,Greta Yorsh,Greta Yorsh,Greta Yorsh,A5108351946,,0000-0002-1407-1753,exact_name_one_openalex_author_id,YELLOW,no_openalex_orcid_to_compare,False,2023.0,2023,2,1,False,False
grigorerosu,Grigore Roşu,Grigore Roşu,Grigore Roşu,A5053878331,0000-0002-3102-0421,,exact_name_one_openalex_author_id,YELLOW,orcid_org_not_unique,True,2018.0,2018,7,4,False,True
grigoryfedyukovich,Grigory Fedyukovich,Grigory Fedyukovich,Grigory Fedyukovich,A5027818967,0000-0003-1727-4043,0000-0003-1727-4043,exact_name_one_openalex_author_id,GREEN,orcid_agrees,True,2025.0,2025,1,1,True,True
guannanwei,Guannan Wei,Guannan Wei,Guannan Wei,A5054308182,0000-0002-3150-2033,,exact_name_one_openalex_author_id,YELLOW,orcid_org_not_unique,True,2025.0,2025,4,4,False,True
guidosalvaneschi,Guido Salvaneschi,Guido Salvaneschi,Guido Salvaneschi,A5090555377,0000-0002-9324-8894,0000-0002-9324-8894,exact_name_one_openalex_author_id,GREEN,orcid_agrees,True,2023.0,2023,4,2,True,True
guilhermeottoni,Guilherme Ottoni,Guilherme Ottoni,Guilherme Ottoni,A5070551934,,,exact_name_one_openalex_author_id,YELLOW,orcid_org_not_unique,False,2024.0,2024,1,1,False,False
guillaumeallais,Guillaume Allais,Guillaume Allais,Guillaume Allais,A5012442288,0000-0002-4091-657X,0000-0002-4091-657X,exact_name_one_openalex_author_id,GREEN,orcid_agrees,True,2025.0,2025,1,1,True,True
guillaumebaudart,Guillaume Baudart,Guillaume Baudart,Guillaume Baudart,A5058638646,0000-0003-2230-1616,0000-0003-2230-1616,exact_name_one_openalex_author_id,YELLOW,orcid_agrees,False,2025.0,2025,2,2,True,False
guillaumemelquiond,Guillaume Melquiond,Guillaume Melquiond,Guillaume Melquiond,A5073473823,0000-0002-6697-1809,0000-0002-6697-1809,exact_name_one_openalex_author_id,YELLOW,orcid_agrees,False,2025.0,2025,1,1,True,False
gustavopetri,Gustavo Petri,Gustavo Petri,Gustavo Petri,A5088681238,0000-0003-3289-4574,,exact_name_one_openalex_author_id,YELLOW,orcid_org_not_unique,True,2021.0,2021,2,1,False,True
gustavosoares,Gustavo Soares,Gustavo Soares,Gustavo Soares,A5025062647,0000-0002-8061-9000,,exact_name_one_openalex_author_id,YELLOW,orcid_org_not_unique,True,2021.0,2021,1,1,False,True
guygolangueta1,Guy Gueta,Guy Golan-Gueta,Guy Golan-Gueta,A5054069870,,0000-0002-9149-8080,exact_name_one_openalex_author_id,YELLOW,no_openalex_orcid_to_compare,False,2019.0,2019,2,1,False,False
hakjoooh,Hakjoo Oh,Hakjoo Oh,Hakjoo Oh,A5042036026,0000-0002-1900-7654,0000-0002-1900-7654,exact_name_one_openalex_author_id,GREEN,orcid_agrees,True,2018.0,2018,10,6,True,True
hanjunkim1,Hanjun Kim,Hanjun Kim,Hanjun Kim,A5100722345,0000-0002-0762-7901,,exact_name_one_openalex_author_id,YELLOW,orcid_org_not_unique,True,2025.0,2025,2,2,False,True
hannahgommerstadt,Hannah Gommerstadt,Hannah Gommerstadt,Hannah Gommerstadt,A5007114870,,0000-0003-2544-5009,exact_name_one_openalex_author_id,YELLOW,no_openalex_orcid_to_compare,False,2023.0,2023,1,1,False,False
harrisonjgoldstein,Harrison Goldstein,Harrison Goldstein,Harrison Goldstein,A5079995663,0000-0001-9631-1169,0000-0001-9631-1169,exact_name_one_openalex_author_id,GREEN,orcid_agrees,True,2025.0,2025,1,1,True,True
hezhu,He Zhu,He Zhu,He Zhu,A5004145814,0000-0001-9606-150X,,exact_name_one_openalex_author_id,YELLOW,orcid_org_not_unique,False,2021.0,2021,4,3,False,False
heathermiller,Heather Miller,Heather Miller,Heather Miller,A5021433095,0000-0002-2059-5406,,exact_name_one_openalex_author_id,YELLOW,orcid_org_not_unique,True,2017.0,2017,7,6,False,True
henriknilsson,Henrik Nilsson,Henrik Nilsson,Henrik Nilsson,A5014442955,0000-0001-5045-8691,,exact_name_one_openalex_author_id,YELLOW,orcid_org_not_unique,True,2018.0,2018,1,1,False,True
hidehikomasuhara,Hidehiko Masuhara,Hidehiko Masuhara,Hidehiko Masuhara,A5079977725,0000-0002-8837-5303,0000-0002-8837-5303,exact_name_one_openalex_author_id,GREEN,orcid_agrees,True,2023.0,2023,4,2,True,True
hilapeleg,Hila Peleg,Hila Peleg,Hila Peleg,A5079058381,0000-0002-0107-5659,0000-0002-0107-5659,exact_name_one_openalex_author_id,GREEN,orcid_agrees,True,2021.0,2021,5,4,True,True
hiroshiunno,Hiroshi Unno,Hiroshi Unno,Hiroshi Unno,A5044643168,0000-0002-4225-8195,,exact_name_one_openalex_author_id,YELLOW,orcid_org_not_unique,True,2020.0,2020,3,2,False,True
hoannguyen1,Hoan Nguyen,Hoan Anh Nguyen,Hoan Anh Nguyen,A5044339946,0000-0002-6194-7930,,exact_name_one_openalex_author_id,YELLOW,orcid_org_not_unique,True,2025.0,2025,2,2,False,True
hongseokyang,Hongseok Yang,Hongseok Yang,Hongseok Yang,A5101612744,0000-0003-1502-2942,,exact_name_one_openalex_author_id,YELLOW,orcid_org_not_unique,False,2021.0,2021,2,2,False,False
hughleather,Hugh Leather,Hugh Leather,Hugh Leather,A5053757097,0000-0003-0664-4176,0000-0003-0664-4176,exact_name_one_openalex_author_id,GREEN,orcid_agrees,True,2022.0,2022,1,1,True,True
hugoherbelin,Hugo Herbelin,Hugo Herbelin,Hugo Herbelin,A5060487163,0009-0004-6927-3346,0009-0004-6927-3346,exact_name_one_openalex_author_id,YELLOW,orcid_agrees,False,2019.0,2019,2,1,True,False
huiguan,Hui Guan,Hui Guan,Hui Guan,A5085489377,0000-0001-9128-2231,,exact_name_one_openalex_author_id,YELLOW,orcid_org_not_unique,True,2022.0,2022,1,1,False,True
ichirohasuo,Ichiro Hasuo,Ichiro Hasuo,Ichiro Hasuo,A5013382452,0000-0002-8300-4650,0000-0002-8300-4650,exact_name_one_openalex_author_id,YELLOW,orcid_agrees,False,2019.0,2019,3,1,True,False
ignaciolaguna,Ignacio Laguna,Ignacio Laguna,Ignacio Laguna,A5033868370,0000-0002-9374-4433,,exact_name_one_openalex_author_id,YELLOW,orcid_org_not_unique,True,2025.0,2025,1,1,False,True
ilyasergey,Ilya Sergey,Ilya Sergey,ILYA SERGEY,A5009639508,0000-0003-4250-5392,0000-0003-4250-5392,exact_name_one_openalex_author_id,YELLOW,orcid_agrees,False,2018.0,2017,7,5,True,False
irenefinocchi,Irene Finocchi,Irene Finocchi,Irene Finocchi,A5044822150,0000-0002-6394-6798,0000-0002-6394-6798,exact_name_one_openalex_author_id,GREEN,orcid_agrees,True,2017.0,2017,2,2,True,True
ireneyoon,Irene Yoon,Irene Yoon,Irene Yoon,A5072259548,0000-0003-3388-1257,,exact_name_one_openalex_author_id,YELLOW,orcid_org_not_unique,True,2025.0,2025,1,1,False,True
isabellamastroeni,Isabella Mastroeni,Isabella Mastroeni,Isabella Mastroeni,A5031780173,0000-0003-1213-536X,,exact_name_one_openalex_author_id,YELLOW,orcid_org_not_unique,True,2023.0,2017,1,1,False,True
iulianneamtiu,Iulian Neamtiu,Iulian Neamtiu,Iulian Neamtiu,A5012137980,0000-0001-9730-9650,0000-0001-9730-9650,exact_name_one_openalex_author_id,YELLOW,orcid_agrees,False,2018.0,2018,4,2,True,False
isildillig,Işıl Dillig,Işıl Dillig,Işıl Dillig,A5006424908,0000-0001-8006-1230,,exact_name_one_openalex_author_id,YELLOW,orcid_org_not_unique,True,2018.0,2018,7,4,False,True
jgarrettmorris,J. Garrett Morris,J. Garrett Morris,J. Garrett Morris,A5067671067,0000-0002-3992-1080,0000-0002-3992-1080,exact_name_one_openalex_author_id,YELLOW,orcid_agrees,False,2018.0,2018,4,2,True,False
jacquescarette,Jacques Carette,Jacques Carette,Jacques Carette,A5074007281,0000-0001-8993-9804,0000-0001-8993-9804,exact_name_one_openalex_author_id,GREEN,orcid_agrees,True,2024.0,2024,1,1,True,True
jacquesgarrigue,Jacques Garrigue,Jacques Garrigue,Jacques Garrigue,A5089640715,0000-0001-8056-5519,0000-0001-8056-5519,exact_name_one_openalex_author_id,YELLOW,orcid_agrees,False,2019.0,2019,2,2,True,False
jacqueshenrijourdan,Jacques-Henri Jourdan,Jacques-Henri Jourdan,Jacques-Henri Jourdan,A5040467057,0000-0002-9781-7097,0000-0002-9781-7097,exact_name_one_openalex_author_id,YELLOW,orcid_agrees,False,2019.0,2019,4,4,True,False
jadealglave,Jade Alglave,Jade Alglave,Jade Alglave,A5020411788,0000-0002-8335-0852,0000-0002-8335-0852,exact_name_one_openalex_author_id,GREEN,orcid_agrees,True,2023.0,2023,1,1,True,True
jaejinlee,Jaejin Lee,Jaejin Lee,Jaejin Lee,A5100767182,0000-0003-4638-8170,,exact_name_one_openalex_author_id,YELLOW,orcid_org_not_unique,True,2024.0,2024,1,1,False,True
jamesbornholt,James Bornholt,James Bornholt,James Bornholt,A5055964348,0000-0002-3258-3226,0000-0002-3258-3226,exact_name_one_openalex_author_id,GREEN,orcid_agrees,True,2020.0,2020,4,2,True,True
jamescheney,James Cheney,James Cheney,James Cheney,A5056138547,0000-0002-1307-9286,,exact_name_one_openalex_author_id,YELLOW,orcid_org_not_unique,False,2018.0,2018,7,6,False,False
jamesmckinna,James McKinna,James McKinna,James McKinna,A5047695892,0000-0001-6745-2560,0000-0001-6745-2560,exact_name_one_openalex_author_id,YELLOW,orcid_agrees,False,2023.0,2023,1,1,True,False
jamesnoble,James Noble,James Noble,James Noble,A5078368556,0000-0001-9036-5692,,exact_name_one_openalex_author_id,YELLOW,orcid_org_not_unique,True,2021.0,2021,5,3,False,True
jamesrwilcox,James R. Wilcox,James R. Wilcox,James R. Wilcox,A5101839396,0000-0003-3182-2093,0000-0003-3182-2093,exact_name_one_openalex_author_id,YELLOW,orcid_agrees,False,2022.0,2022,2,2,True,False
jamesriely,James Riely,James Riely,James Riely,A5089477252,0000-0002-8731-1463,0000-0002-8731-1463,exact_name_one_openalex_author_id,GREEN,orcid_agrees,True,2024.0,2024,1,1,True,True
janmidtgaard,Jan Midtgaard,Jan Midtgaard,Jan Midtgaard,A5065278196,0000-0002-6506-5468,0000-0002-6506-5468,exact_name_one_openalex_author_id,GREEN,orcid_agrees,True,2023.0,2023,1,1,True,True
janvitek,Jan Vitek,Jan Vitek,Jan Vitek,A5084307280,0000-0003-4052-3458,,exact_name_one_openalex_author_id,YELLOW,orcid_org_not_unique,False,2021.0,2021,5,3,False,False
janadunfield,Jana Dunfield,Jana Dunfield,JANA DUNFIELD,A5007554264,0000-0002-3718-3395,0000-0002-3718-3395,exact_name_one_openalex_author_id,YELLOW,orcid_agrees,False,2023.0,2023,2,2,True,False
jasonansel,Jason Ansel,Jason Ansel,Jason Ansel,A5089997788,0009-0007-5207-2179,0009-0007-5207-2179,exact_name_one_openalex_author_id,GREEN,orcid_agrees,True,2023.0,2023,2,1,True,True
jasonmars,Jason Mars,Jason Mars,Jason Mars,A5053236545,0000-0002-7029-5292,0000-0002-7029-5292,exact_name_one_openalex_author_id,GREEN,orcid_agrees,True,2018.0,2018,1,1,True,True
jayligatti,Jay Ligatti,Jay Ligatti,Jay Ligatti,A5071104685,,,exact_name_one_openalex_author_id,YELLOW,orcid_org_not_unique,False,2024.0,2024,1,1,False,False
jaymccarthy,Jay McCarthy,Jay McCarthy,Jay McCarthy,A5015730860,0000-0002-2061-7396,,exact_name_one_openalex_author_id,YELLOW,orcid_org_not_unique,False,2022.0,2022,1,1,False,False
jayplim,Jay P. Lim,Jay P. Lim,Jay P. Lim,A5064410077,0000-0002-7572-4017,,exact_name_one_openalex_author_id,YELLOW,orcid_org_not_unique,True,2025.0,2025,1,1,False,True
jeanpichonpharabod1,Jean Pichon-Pharabod,Jean Pichon-Pharabod,Jean Pichon-Pharabod,A5027766872,0000-0002-4442-6543,0000-0002-4442-6543,exact_name_one_openalex_author_id,GREEN,orcid_agrees,True,2024.0,2024,2,2,True,True
jeanbaptistetristan,Jean-Baptiste Tristan,Jean-Baptiste Tristan,Jean-Baptiste Tristan,A5031329578,0000-0003-2574-7883,0000-0003-2574-7883,exact_name_one_openalex_author_id,GREEN,orcid_agrees,True,2018.0,2018,3,1,True,True
jeanmariemadiot,Jean-Marie Madiot,Jean-Marie Madiot,Jean-Marie Madiot,A5043157937,,0009-0009-2723-8418,exact_name_one_openalex_author_id,YELLOW,no_openalex_orcid_to_compare,False,2025.0,2025,1,1,False,False
jeanphilippebernardy,Jean-Philippe Bernardy,Jean-Philippe Bernardy,Jean-Philippe Bernardy,A5070681215,0000-0002-8469-5617,0000-0002-8469-5617,exact_name_one_openalex_author_id,YELLOW,orcid_agrees,False,2019.0,2019,2,2,True,False
jedidiahmcclurg,Jedidiah McClurg,Jedidiah McClurg,Jedidiah McClurg,A5035476830,0000-0002-0598-8199,0000-0002-0598-8199,exact_name_one_openalex_author_id,GREEN,orcid_agrees,True,2022.0,2022,2,1,True,True
jeehoonkang,Jeehoon Kang,Jeehoon Kang,Jeehoon Kang,A5078763719,0000-0002-2115-0871,,exact_name_one_openalex_author_id,YELLOW,orcid_org_not_unique,False,2021.0,2021,5,3,False,False
jeevanapriyainala,Jeevana Priya Inala,Jeevana Priya Inala,Jeevana Priya Inala,A5020203532,0000-0003-1843-589X,0000-0003-1843-589X,exact_name_one_openalex_author_id,GREEN,orcid_agrees,True,2022.0,2022,1,1,True,True
jeffreysfoster,Jeffrey S. Foster,Jeffrey S. Foster,Jeffrey S. Foster,A5038702707,0000-0001-8043-1166,,exact_name_one_openalex_author_id,YELLOW,orcid_org_not_unique,True,2017.0,2017,3,2,False,True
jennifersartor,Jennifer B. Sartor,Jennifer B. Sartor,Jennifer B. Sartor,A5032224428,,,exact_name_one_openalex_author_id,YELLOW,orcid_org_not_unique,False,2017.0,2017,2,2,False,False
jenniferpaykin,Jennifer Paykin,Jennifer Paykin,Jennifer Paykin,A5034557410,,0009-0008-9502-3219,exact_name_one_openalex_author_id,YELLOW,no_openalex_orcid_to_compare,False,2019.0,2019,2,2,False,False
jensdietrich,Jens Dietrich,Jens Dietrich,Jens Dietrich,A5075091948,0000-0001-9019-6550,,exact_name_one_openalex_author_id,YELLOW,orcid_org_not_unique,True,2017.0,2017,1,1,False,True
jenspalsberg,Jens Palsberg,Jens Palsberg,Jens Palsberg,A5011356414,0000-0003-4747-365X,,exact_name_one_openalex_author_id,YELLOW,orcid_org_not_unique,True,2018.0,2018,4,2,False,True
jeremysiek,Jeremy G. Siek,Jeremy G. Siek,Jeremy G. Siek,A5033999458,0000-0002-9894-4856,,exact_name_one_openalex_author_id,YELLOW,orcid_org_not_unique,True,2020.0,2020,6,3,False,True
jeremyyallop,Jeremy Yallop,Jeremy Yallop,Jeremy Yallop,A5020576379,0009-0002-1650-6340,0009-0002-1650-6340,exact_name_one_openalex_author_id,YELLOW,orcid_agrees,False,2018.0,2018,2,2,True,False
jespercockx,Jesper Cockx,Jesper Cockx,Jesper Cockx,A5065497509,0000-0003-3862-4073,0000-0003-3862-4073,exact_name_one_openalex_author_id,GREEN,orcid_agrees,True,2020.0,2020,2,2,True,True
jiasishen,Jiasi Shen,Jiasi Shen,Jiasi Shen,A5024117197,0000-0002-5904-3641,,exact_name_one_openalex_author_id,YELLOW,orcid_org_not_unique,True,2024.0,2024,4,2,False,True
jihyeokpark1,Jihyeok Park,Jihyeok Park,Jihyeok Park,A5086668734,0000-0001-8387-1984,,exact_name_one_openalex_author_id,YELLOW,orcid_org_not_unique,True,2025.0,2025,2,2,False,True
jinglingxue,Jingling Xue,Jingling Xue,Jingling Xue,A5024664385,0000-0003-0380-3506,0000-0003-0380-3506,exact_name_one_openalex_author_id,GREEN,orcid_agrees,True,2020.0,2020,2,2,True,True
jingmeihu1,Jingmei Hu,Jingmei Hu,Jingmei Hu,A5070358948,0000-0002-4434-5057,,exact_name_one_openalex_author_id,YELLOW,orcid_org_not_unique,True,2025.0,2025,2,2,False,True
joachimbreitner,Joachim Breitner,Joachim Breitner,Joachim Breitner,A5049741143,0000-0003-3753-6821,0000-0003-3753-6821,exact_name_one_openalex_author_id,YELLOW,orcid_agrees,False,2019.0,2019,2,1,True,False
joannasantos,Joanna C. S. Santos,Joanna C. S. Santos,Joanna C. S. Santos,A5043541139,0000-0001-8743-2516,0000-0001-8743-2516,exact_name_one_openalex_author_id,GREEN,orcid_agrees,True,2025.0,2025,2,2,True,True
johannesborgstrom,Johannes Borgström,Johannes Borgström,Johannes Borgström,A5038036076,0000-0001-5990-5742,0000-0001-5990-5742,exact_name_one_openalex_author_id,GREEN,orcid_agrees,True,,2017,0,0,True,True
johnhughes,John Hughes,John Hughes,JOHN HUGHES,A5068339489,0000-0001-8042-0969,,exact_name_one_openalex_author_id,YELLOW,orcid_org_not_unique,False,2017.0,2017,1,1,False,False
johnregehr,John Regehr,John Regehr,John Regehr,A5066046345,0000-0001-7025-4610,,exact_name_one_openalex_author_id,YELLOW,orcid_org_not_unique,False,2020.0,2020,4,1,False,False
johnreppy,John Reppy,John Reppy,John Reppy,A5030967328,0000-0002-5881-298X,0000-0002-5881-298X,exact_name_one_openalex_author_id,GREEN,orcid_agrees,True,2025.0,2025,1,1,True,True
johnsarracino,John Sarracino,John Sarracino,John Sarracino,A5034346490,0000-0002-8575-6434,0000-0002-8575-6434,exact_name_one_openalex_author_id,GREEN,orcid_agrees,True,2021.0,2021,2,1,True,True
johnvilk,John Vilk,John Vilk,John Vilk,A5063109055,,0009-0008-6150-3871,exact_name_one_openalex_author_id,YELLOW,no_openalex_orcid_to_compare,False,2020.0,2020,1,1,False,False
johnwickerson,John Wickerson,John Wickerson,John Wickerson,A5002846450,0000-0001-6735-5533,0000-0001-6735-5533,exact_name_one_openalex_author_id,YELLOW,orcid_agrees,False,2019.0,2019,7,5,True,False
jonathanaldrich,Jonathan Aldrich,Jonathan Aldrich,Jonathan Aldrich,A5091372985,0000-0003-0631-5591,0000-0003-0631-5591,exact_name_one_openalex_author_id,GREEN,orcid_agrees,True,2017.0,2017,4,3,True,True
jonathanbalkind,Jonathan Balkind,Jonathan Balkind,Jonathan Balkind,A5015529604,0000-0003-1443-1373,0000-0003-1443-1373,exact_name_one_openalex_author_id,GREEN,orcid_agrees,True,2024.0,2024,1,1,True,True
jonathanbell,Jonathan Bell,Jonathan Bell,Jonathan Bell,A5053080959,0000-0002-1187-9298,,exact_name_one_openalex_author_id,YELLOW,orcid_org_not_unique,True,2024.0,2024,2,2,False,True
jonathanbrachthauser,Jonathan Immanuel Brachthäuser,Jonathan Immanuel Brachthäuser,Jonathan Immanuel Brachthäuser,A5027088540,0000-0001-9128-0391,0000-0001-9128-0391,exact_name_one_openalex_author_id,GREEN,orcid_agrees,True,2023.0,2023,5,4,True,True
jonathanprotzenko,Jonathan Protzenko,Jonathan Protzenko,Jonathan Protzenko,A5055019834,0000-0001-7347-3050,0000-0001-7347-3050,exact_name_one_openalex_author_id,GREEN,orcid_agrees,True,2020.0,2020,3,2,True,True
jonathansterling,Jonathan Sterling,Jonathan Sterling,Jonathan Sterling,A5016658166,0000-0002-0585-5564,0000-0002-0585-5564,exact_name_one_openalex_author_id,YELLOW,orcid_agrees,False,2023.0,2023,4,4,True,False
joonwonchoi,Joonwon Choi,Joonwon Choi,Joonwon Choi,A5003461001,0000-0002-1084-881X,,exact_name_one_openalex_author_id,YELLOW,orcid_org_not_unique,False,2024.0,2024,1,1,False,False
joostpieterkatoen,Joost-Pieter Katoen,Joost-Pieter Katoen,Joost-Pieter Katoen,A5090819329,0000-0002-6143-1926,,exact_name_one_openalex_author_id,YELLOW,orcid_org_not_unique,True,2023.0,2023,1,1,False,True
jorgeanavas,Jorge A. Navas,Jorge A. Navas,JORGE A. NAVAS,A5026684100,0000-0002-0516-1167,0000-0002-0516-1167,exact_name_one_openalex_author_id,YELLOW,orcid_agrees,False,2022.0,2022,2,1,True,False
jorgeaperez,Jorge A. Pérez,Jorge A. Pérez,Jorge A. Pérez,A5034548013,0000-0002-1452-6180,,exact_name_one_openalex_author_id,YELLOW,orcid_org_not_unique,False,2023.0,2023,1,1,False,False
josephdevietti,Joseph Devietti,Joseph Devietti,Joseph Devietti,A5031917049,0000-0002-9330-7233,0000-0002-9330-7233,exact_name_one_openalex_author_id,GREEN,orcid_agrees,True,2017.0,2017,2,1,True,True
josephtassarotti,Joseph Tassarotti,Joseph Tassarotti,Joseph Tassarotti,A5073987903,0000-0001-5692-3347,0000-0001-5692-3347,exact_name_one_openalex_author_id,YELLOW,orcid_agrees,False,2023.0,2023,7,5,True,False
joshberdine,Josh Berdine,Josh Berdine,Josh Berdine,A5061050156,0000-0002-9691-1348,0000-0002-9691-1348,exact_name_one_openalex_author_id,GREEN,orcid_agrees,True,2021.0,2017,3,2,True,True
joshuagancher,Joshua Gancher,Joshua Gancher,Joshua Gancher,A5043190101,0000-0003-2257-7073,0000-0003-2257-7073,exact_name_one_openalex_author_id,GREEN,orcid_agrees,True,2025.0,2025,1,1,True,True
joshuasunshine,Joshua Sunshine,Joshua Sunshine,Joshua Sunshine,A5039972599,0000-0002-9672-5297,0000-0002-9672-5297,exact_name_one_openalex_author_id,GREEN,orcid_agrees,True,2017.0,2017,2,2,True,True
josiahhester,Josiah Hester,Josiah Hester,Josiah Hester,A5026852792,0000-0002-1680-085X,,exact_name_one_openalex_author_id,YELLOW,orcid_org_not_unique,True,2023.0,2023,1,1,False,True
josesantos,José Fragoso Santos,José Fragoso Santos,José Fragoso Santos,A5061566620,0000-0001-5077-300X,,exact_name_one_openalex_author_id,YELLOW,orcid_org_not_unique,True,2020.0,2020,4,3,False,True
josepedromagalhaes,José Pedro Magalhães,José Pedro Magalhães,José Pedro Magalhães,A5100879511,,,exact_name_one_openalex_author_id,YELLOW,orcid_org_not_unique,False,2023.0,2023,1,1,False,False
joxanjaffar,Joxan Jaffar,Joxan Jaffar,Joxan Jaffar,A5058689103,0000-0001-9988-6144,0000-0001-9988-6144,exact_name_one_openalex_author_id,GREEN,orcid_agrees,True,2018.0,2018,2,1,True,True
jubitaneja,Jubi Taneja,Jubi Taneja,Jubi Taneja,A5090282403,,0009-0003-9321-7320,exact_name_one_openalex_author_id,YELLOW,no_openalex_orcid_to_compare,False,2025.0,2025,1,1,False,False
julesjacobs,Jules Jacobs,Jules Jacobs,Jules Jacobs,A5066303700,0000-0003-1976-3182,0000-0003-1976-3182,exact_name_one_openalex_author_id,GREEN,orcid_agrees,True,2025.0,2025,2,2,True,True
julesvillard2,Jules Villard,Jules Villard,Jules Villard,A5084908329,0000-0001-8637-0712,0000-0001-8637-0712,exact_name_one_openalex_author_id,GREEN,orcid_agrees,True,2024.0,2024,1,1,True,True
juliabelyakova,Julia Belyakova,Julia Belyakova,Julia Belyakova,A5075571308,0000-0002-7490-8500,0000-0002-7490-8500,exact_name_one_openalex_author_id,GREEN,orcid_agrees,True,2025.0,2025,2,2,True,True
juliandolby,Julian Dolby,Julian Dolby,Julian Dolby,A5012855077,0000-0002-6658-2678,0000-0002-6658-2678,exact_name_one_openalex_author_id,YELLOW,orcid_agrees,False,2018.0,2018,2,1,True,False
julianshun,Julian Shun,Julian Shun,Julian Shun,A5051583907,0000-0001-6163-6625,,exact_name_one_openalex_author_id,YELLOW,orcid_org_not_unique,False,2021.0,2021,1,1,False,False
julianafranco,Juliana Franco,Juliana Franco,Juliana Franco,A5006668787,,,exact_name_one_openalex_author_id,YELLOW,orcid_org_not_unique,False,2024.0,2024,2,2,False,False
juneandronick,June Andronick,June Andronick,June Andronick,A5069964343,,0009-0001-3085-6067,exact_name_one_openalex_author_id,YELLOW,no_openalex_orcid_to_compare,False,2019.0,2019,2,2,False,False
jurriaanhage,Jurriaan Hage,Jurriaan Hage,Jurriaan Hage,A5101615144,0000-0002-3580-6069,0000-0002-3580-6069,exact_name_one_openalex_author_id,YELLOW,orcid_agrees,False,2021.0,2021,1,1,True,False
justingottschlich,Justin Gottschlich,Justin Gottschlich,Justin Gottschlich,A5005286439,0000-0003-2742-9205,0000-0003-2742-9205,exact_name_one_openalex_author_id,YELLOW,orcid_agrees,False,2021.0,2021,3,2,True,False
justinhsu,Justin Hsu,Justin Hsu,Justin Hsu,A5033286190,0000-0002-8953-7060,,exact_name_one_openalex_author_id,YELLOW,orcid_org_not_unique,False,2019.0,2019,8,4,False,False
kcsivaramakrishnan,KC Sivaramakrishnan,KC Sivaramakrishnan,KC Sivaramakrishnan,A5010633349,0000-0002-3491-1780,0000-0002-3491-1780,exact_name_one_openalex_author_id,GREEN,orcid_agrees,True,2020.0,2020,9,5,True,True
kapilvaswani,Kapil Vaswani,Kapil Vaswani,Kapil Vaswani,A5011779401,,0000-0003-0769-9769,exact_name_one_openalex_author_id,YELLOW,no_openalex_orcid_to_compare,False,2021.0,2021,2,1,False,False
karimali,Karim Ali,Karim Ali,Karim Ali,A5038781215,0000-0002-5516-1376,,exact_name_one_openalex_author_id,YELLOW,orcid_org_not_unique,True,2020.0,2020,7,4,False,True
karineevenmendoza,Karine Even-Mendoza,Karine Even-Mendoza,Karine Even-Mendoza,A5068864058,0000-0002-3099-1189,,exact_name_one_openalex_author_id,YELLOW,orcid_org_not_unique,True,2024.0,2024,4,2,False,True
karlcrary,Karl Crary,Karl Crary,Karl Crary,A5045900536,0000-0002-1556-2183,0000-0002-1556-2183,exact_name_one_openalex_author_id,GREEN,orcid_agrees,True,2018.0,2018,1,1,True,True
karlpalmskog,Karl Palmskog,Karl Palmskog,Karl Palmskog,A5015320417,,0000-0003-0228-1240,exact_name_one_openalex_author_id,YELLOW,no_openalex_orcid_to_compare,False,2025.0,2025,1,1,False,False
karthikeyanbhargavan,Karthikeyan Bhargavan,Karthikeyan Bhargavan,Karthikeyan Bhargavan,A5026297326,0000-0002-3152-8997,0000-0002-3152-8997,exact_name_one_openalex_author_id,GREEN,orcid_agrees,True,2023.0,2023,1,1,True,True
kartiknagar1,Kartik Nagar,Kartik Nagar,Kartik Nagar,A5046570178,0000-0002-0679-226X,0000-0002-0679-226X,exact_name_one_openalex_author_id,YELLOW,orcid_agrees,False,2025.0,2025,2,2,True,False
kathrinstark,Kathrin Stark,Kathrin Stark,Kathrin Stark,A5054275908,0000-0002-7086-6518,0000-0002-7086-6518,exact_name_one_openalex_author_id,GREEN,orcid_agrees,True,2023.0,2023,2,2,True,True
kathrynegray,Kathryn E. Gray,Kathryn E. Gray,Kathryn E. Gray,A5064632723,,,exact_name_one_openalex_author_id,YELLOW,orcid_org_not_unique,False,2017.0,2017,2,2,False,False
kathrynsmckinley,Kathryn S McKinley,Kathryn S McKinley,Kathryn S. McKinley,A5087054368,0000-0002-7188-2501,0000-0002-7188-2501,exact_name_one_openalex_author_id,GREEN,orcid_agrees,True,2017.0,2017,5,4,True,True
katsuhiroueno,Katsuhiro Ueno,Katsuhiro Ueno,Katsuhiro Ueno,A5103178472,0009-0007-3180-9960,,exact_name_one_openalex_author_id,YELLOW,orcid_org_not_unique,True,2018.0,2018,2,1,False,True
kazutakamatsuda,Kazutaka Matsuda,Kazutaka Matsuda,Kazutaka Matsuda,A5004575068,0000-0002-9747-4899,0000-0002-9747-4899,exact_name_one_openalex_author_id,GREEN,orcid_agrees,True,2019.0,2019,2,1,True,True
kenjimaillard,Kenji Maillard,Kenji Maillard,Kenji Maillard,A5083750560,0000-0001-5554-3203,0000-0001-5554-3203,exact_name_one_openalex_author_id,GREEN,orcid_agrees,True,2023.0,2023,5,3,True,True
kennethlmcmillan,Kenneth L. McMillan,Kenneth L. McMillan,Kenneth L. McMillan,A5047507250,0009-0000-9380-1939,,exact_name_one_openalex_author_id,YELLOW,orcid_org_not_unique,True,2022.0,2022,1,1,False,True
keshahietala,Kesha Hietala,Kesha Hietala,Kesha Hietala,A5002449883,0000-0002-2724-0974,0000-0002-2724-0974,exact_name_one_openalex_author_id,YELLOW,orcid_agrees,False,2024.0,2024,1,1,True,False
kevinellis,Kevin Ellis,Kevin Ellis,Kevin Ellis,A5009201646,0000-0001-6586-0632,,exact_name_one_openalex_author_id,YELLOW,orcid_org_not_unique,True,2023.0,2023,1,1,False,True
kihongheo,Kihong Heo,Kihong Heo,Kihong Heo,A5071661688,0000-0003-2671-0142,0000-0003-2671-0142,exact_name_one_openalex_author_id,GREEN,orcid_agrees,True,2022.0,2022,7,4,True,True
kirangopinathan1,Kiran Gopinathan,Kiran Gopinathan,Kiran Gopinathan,A5037850706,0000-0002-1877-9871,,exact_name_one_openalex_author_id,YELLOW,orcid_org_not_unique,True,2025.0,2025,1,1,False,True
kirshanthansundararajah,Kirshanthan Sundararajah,Kirshanthan Sundararajah,Kirshanthan Sundararajah,A5028997869,0000-0001-6384-062X,0000-0001-6384-062X,exact_name_one_openalex_author_id,GREEN,orcid_agrees,True,2025.0,2025,1,1,True,True
klausostermann,Klaus Ostermann,Klaus Ostermann,Klaus Ostermann,A5049077225,0000-0001-5294-5506,0000-0001-5294-5506,exact_name_one_openalex_author_id,GREEN,orcid_agrees,True,2018.0,2018,7,5,True,True
koenclaessen,Koen Claessen,Koen Claessen,Koen Claessen,A5058771102,0000-0002-8113-4478,0000-0002-8113-4478,exact_name_one_openalex_author_id,YELLOW,orcid_agrees,False,2018.0,2018,3,2,True,False
koheisuenaga,Kohei Suenaga,Kohei Suenaga,Kohei Suenaga,A5064121410,0000-0002-7466-8789,0000-0002-7466-8789,exact_name_one_openalex_author_id,GREEN,orcid_agrees,True,2022.0,2022,1,1,True,True
kokomuroya,Koko Muroya,Koko Muroya,Koko Muroya,A5076471067,0000-0003-0454-6900,0000-0003-0454-6900,exact_name_one_openalex_author_id,GREEN,orcid_agrees,True,2022.0,2022,2,2,True,True
konstantinosmamouras1,Konstantinos Mamouras,Konstantinos Mamouras,Konstantinos Mamouras,A5052392314,0000-0003-1209-7738,0000-0003-1209-7738,exact_name_one_openalex_author_id,YELLOW,orcid_agrees,False,2023.0,2023,2,1,True,False
kostasferles,Kostas Ferles,Kostas Ferles,Kostas Ferles,A5022616286,0000-0002-8370-5465,0000-0002-8370-5465,exact_name_one_openalex_author_id,GREEN,orcid_agrees,True,2022.0,2022,1,1,True,True
koushiksen,Koushik Sen,Koushik Sen,Koushik Sen,A5101569699,0000-0002-4539-9188,,exact_name_one_openalex_author_id,YELLOW,orcid_org_not_unique,False,2022.0,2022,2,1,False,False
kristinasojakova,Kristina Sojakova,Kristina Sojakova,Kristina Sojakova,A5084186768,0000-0003-4880-1416,0000-0003-4880-1416,exact_name_one_openalex_author_id,GREEN,orcid_agrees,True,2024.0,2024,1,1,True,True
kwangkeunyi,Kwangkeun Yi,Kwangkeun Yi,Kwangkeun Yi,A5101789148,0009-0007-5027-2177,0009-0007-5027-2177,exact_name_one_openalex_author_id,GREEN,orcid_agrees,True,2021.0,2021,2,1,True,True
larsbirkedal,Lars Birkedal,Lars Birkedal,Lars Birkedal,A5055959064,0000-0003-1320-0098,0000-0003-1320-0098,exact_name_one_openalex_author_id,YELLOW,orcid_agrees,False,2018.0,2018,5,4,True,False
laurabocchi,Laura Bocchi,Laura Bocchi,Laura Bocchi,A5087949298,0000-0002-7177-9395,0000-0002-7177-9395,exact_name_one_openalex_author_id,GREEN,orcid_agrees,True,2023.0,2023,1,1,True,True
laurakovacs,Laura Kovacs,Laura Kovács,Laura Kovács,A5071158512,,,exact_name_one_openalex_author_id,YELLOW,orcid_org_not_unique,False,2018.0,2018,3,1,False,False
lauramcastro,Laura M. Castro,Laura M. Castro,Laura M. Castro,A5058853148,0000-0002-3028-1523,,exact_name_one_openalex_author_id,YELLOW,orcid_org_not_unique,True,2019.0,2019,2,1,False,True
lauregonnord,Laure Gonnord,Laure Gonnord,Laure Gonnord,A5059186408,0000-0002-8013-1611,0000-0002-8013-1611,exact_name_one_openalex_author_id,GREEN,orcid_agrees,True,2021.0,2021,3,2,True,True
laurenpick,Lauren Pick,Lauren Pick,Lauren Pick,A5026041828,0000-0003-1605-5383,0000-0003-1605-5383,exact_name_one_openalex_author_id,GREEN,orcid_agrees,True,2023.0,2023,2,2,True,True
laurencetratt,Laurence Tratt,Laurence Tratt,Laurence Tratt,A5005368647,0000-0002-5258-3805,0000-0002-5258-3805,exact_name_one_openalex_author_id,YELLOW,orcid_agrees,False,2021.0,2021,1,1,True,False
lennartaugustsson,Lennart Augustsson,Lennart Augustsson,Lennart Augustsson,A5030072776,0009-0008-6894-4020,0009-0008-6894-4020,exact_name_one_openalex_author_id,GREEN,orcid_agrees,True,2023.0,2023,1,1,True,True
lennartberinger,Lennart Beringer,Lennart Beringer,Lennart Beringer,A5075091834,0000-0002-1570-3492,0000-0002-1570-3492,exact_name_one_openalex_author_id,GREEN,orcid_agrees,True,2019.0,2019,1,1,True,True
leowhite,Leo White,Leo White,Leo White,A5034258018,0009-0003-7046-3035,,exact_name_one_openalex_author_id,YELLOW,orcid_org_not_unique,False,2025.0,2025,1,1,False,False
leonidryzhyk,Leonid Ryzhyk,Leonid Ryzhyk,Leonid Ryzhyk,A5001598240,,0000-0002-9944-6955,exact_name_one_openalex_author_id,YELLOW,no_openalex_orcid_to_compare,False,2022.0,2022,1,1,False,False
leonidaslampropoulos,Leonidas Lampropoulos,Leonidas Lampropoulos,LEONIDAS LAMPROPOULOS,A5075217645,0000-0003-0269-9815,0000-0003-0269-9815,exact_name_one_openalex_author_id,YELLOW,orcid_agrees,False,2021.0,2021,5,3,True,False
liamoconnor,Liam O'Connor,Liam O'Connor,Liam O'Connor,A5091677658,0000-0003-2765-4269,,exact_name_one_openalex_author_id,YELLOW,orcid_org_not_unique,True,2025.0,2025,2,2,False,True
liminjia,Limin Jia,Limin Jia,Limin Jia,A5087946116,0000-0002-8160-349X,,exact_name_one_openalex_author_id,YELLOW,orcid_org_not_unique,False,2019.0,2017,7,4,False,False
lindseykuper,Lindsey Kuper,Lindsey Kuper,Lindsey Kuper,A5065115190,0000-0002-1374-7715,0000-0002-1374-7715,exact_name_one_openalex_author_id,GREEN,orcid_agrees,True,2017.0,2017,7,6,True,True
lionelparreaux,Lionel Parreaux,Lionel Parreaux,Lionel Parreaux,A5002106868,0000-0002-8805-0728,0000-0002-8805-0728,exact_name_one_openalex_author_id,GREEN,orcid_agrees,True,2023.0,2023,3,3,True,True
liyili1,Liyi Li,Liyi Li,Liyi Li,A5100767880,0000-0001-8184-0244,,exact_name_one_openalex_author_id,YELLOW,orcid_org_not_unique,True,2024.0,2024,3,3,False,True
lorisdantoni,Loris D'Antoni,Loris D'Antoni,Loris D'Antoni,A5089920000,0000-0001-9625-4037,,exact_name_one_openalex_author_id,YELLOW,orcid_org_not_unique,False,2018.0,2018,8,4,False,False
louisnoelpouchet,Louis-Noël Pouchet,Louis-Noël Pouchet,Louis-Noël Pouchet,A5040769038,0000-0001-5103-3097,0000-0001-5103-3097,exact_name_one_openalex_author_id,GREEN,orcid_agrees,True,2019.0,2019,6,3,True,True
lucmaranget,Luc Maranget,Luc Maranget,Luc Maranget,A5002264496,0000-0001-5312-7759,0000-0001-5312-7759,exact_name_one_openalex_author_id,GREEN,orcid_agrees,True,2021.0,2021,1,1,True,True
luispina,Luís Pina,Luís Pina,Luís Pina,A5060601788,0000-0003-4585-5259,,exact_name_one_openalex_author_id,YELLOW,orcid_org_not_unique,True,2024.0,2024,1,1,False,True
madanmusuvathi,Madan Musuvathi,Madan Musuvathi,Madan Musuvathi,A5011198874,0000-0002-2482-7892,,exact_name_one_openalex_author_id,YELLOW,orcid_org_not_unique,False,2017.0,2017,2,1,False,False
maemilano,Mae Milano,Mae Milano,Mae Milano,A5053205507,0000-0003-3126-7771,0000-0003-3126-7771,exact_name_one_openalex_author_id,GREEN,orcid_agrees,True,2024.0,2024,1,1,True,True
magnusmadsen,Magnus Madsen,Magnus Madsen,Magnus Madsen,A5034330109,0000-0002-7510-8724,0000-0002-7510-8724,exact_name_one_openalex_author_id,GREEN,orcid_agrees,True,2021.0,2021,4,3,True,True
magnusomyreen,Magnus O. Myreen,Magnus O. Myreen,Magnus O. Myreen,A5001651911,0000-0002-9504-4107,0000-0002-9504-4107,exact_name_one_openalex_author_id,GREEN,orcid_agrees,True,2020.0,2020,6,3,True,True
makotohamana,Makoto Hamana,Makoto Hamana,Makoto Hamana,A5081721784,0000-0002-3064-8225,0000-0002-3064-8225,exact_name_one_openalex_author_id,GREEN,orcid_agrees,True,2020.0,2020,1,1,True,True
malavikasamak,Malavika Samak,Malavika Samak,Malavika Samak,A5062670070,,0009-0007-9572-4675,exact_name_one_openalex_author_id,YELLOW,no_openalex_orcid_to_compare,False,2018.0,2018,4,3,False,False
malgorzatabiernacka,Malgorzata Biernacka,Malgorzata Biernacka,Malgorzata Biernacka,A5084400751,0000-0001-8094-0980,0000-0001-8094-0980,exact_name_one_openalex_author_id,GREEN,orcid_agrees,True,2022.0,2022,1,1,True,True
manasthakur,Manas Thakur,Manas Thakur,Manas Thakur,A5037950146,0000-0002-0740-9701,,exact_name_one_openalex_author_id,YELLOW,orcid_org_not_unique,True,2025.0,2025,1,1,False,True
manasijmukherjee,Manasij Mukherjee,Manasij Mukherjee,Manasij Mukherjee,A5017201533,0009-0007-8460-6745,0009-0007-8460-6745,exact_name_one_openalex_author_id,GREEN,orcid_agrees,True,2025.0,2025,1,1,True,True
mandanavaziri,Mandana Vaziri,Mandana Vaziri,Mandana Vaziri,A5014301891,0009-0002-9165-3500,0009-0002-9165-3500,exact_name_one_openalex_author_id,GREEN,orcid_agrees,True,2020.0,2020,3,3,True,True
manoskapritsos,Manos Kapritsos,Manos Kapritsos,Manos Kapritsos,A5083609711,0000-0002-4368-7418,0000-0002-4368-7418,exact_name_one_openalex_author_id,GREEN,orcid_agrees,True,2022.0,2022,1,1,True,True
manusridharan,Manu Sridharan,Manu Sridharan,Manu Sridharan,A5038828346,0000-0001-7993-302X,0000-0001-7993-302X,exact_name_one_openalex_author_id,YELLOW,orcid_agrees,False,2018.0,2018,6,4,True,False
manuelrigger,Manuel Rigger,Manuel Rigger,Manuel Rigger,A5066738024,0000-0001-8303-2099,,exact_name_one_openalex_author_id,YELLOW,orcid_org_not_unique,False,2025.0,2025,2,2,False,False
marcbrockschmidt,Marc Brockschmidt,Marc Brockschmidt,Marc Brockschmidt,A5040207663,,0000-0001-6277-2768,exact_name_one_openalex_author_id,YELLOW,no_openalex_orcid_to_compare,False,2021.0,2021,2,1,False,False
marcogaboardi,Marco Gaboardi,Marco Gaboardi,MARCO GABOARDI,A5021948795,0000-0002-5235-7066,0000-0002-5235-7066,exact_name_one_openalex_author_id,YELLOW,orcid_agrees,False,2018.0,2017,3,3,True,False
marcopatrignani,Marco Patrignani,Marco Patrignani,Marco Patrignani,A5023276491,0000-0003-3411-9678,0000-0003-3411-9678,exact_name_one_openalex_author_id,GREEN,orcid_agrees,True,2023.0,2023,1,1,True,True
marcopistoia,Marco Pistoia,Marco Pistoia,Marco Pistoia,A5066501364,0000-0001-9002-1128,,exact_name_one_openalex_author_id,YELLOW,orcid_org_not_unique,True,2017.0,2017,1,1,False,True
marcovassena,Marco Vassena,Marco Vassena,Marco Vassena,A5065850135,0000-0002-4795-0236,0000-0002-4795-0236,exact_name_one_openalex_author_id,YELLOW,orcid_agrees,False,2023.0,2023,1,1,True,False
marcosviera,Marcos Viera,Marcos Viera,Marcos Viera,A5026040673,0000-0003-2291-6151,0000-0003-2291-6151,exact_name_one_openalex_author_id,GREEN,orcid_agrees,True,2023.0,2023,1,1,True,True
margusveanes,Margus Veanes,Margus Veanes,Margus Veanes,A5060114046,0009-0008-8427-7977,0009-0008-8427-7977,exact_name_one_openalex_author_id,GREEN,orcid_agrees,True,2020.0,2020,2,1,True,True
mariachristakis,Maria Christakis,Maria Christakis,Maria Christakis,A5064181052,0000-0002-2649-1958,0000-0002-2649-1958,exact_name_one_openalex_author_id,GREEN,orcid_agrees,True,2018.0,2018,1,1,True,True
mariannarapoport,Marianna Rapoport,Marianna Rapoport,Marianna Rapoport,A5027027438,,,exact_name_one_openalex_author_id,YELLOW,orcid_org_not_unique,False,2023.0,2023,4,2,False,False
maribelfernandez,Maribel Fernandez,Maribel Fernandez,Maribel Fernández,A5072769917,0000-0001-8325-5815,,exact_name_one_openalex_author_id,YELLOW,orcid_org_not_unique,True,2022.0,2022,1,1,False,True
mariekehuisman,Marieke Huisman,Marieke Huisman,Marieke Huisman,A5045181048,0000-0003-4467-072X,0000-0003-4467-072X,exact_name_one_openalex_author_id,YELLOW,orcid_agrees,False,2019.0,2019,2,1,True,False
markbatty,Mark Batty,Mark Batty,Mark Batty,A5043076240,0000-0001-7053-4364,,exact_name_one_openalex_author_id,YELLOW,orcid_org_not_unique,True,2018.0,2018,3,2,False,True
marksantolucito,Mark Santolucito,Mark Santolucito,Mark Santolucito,A5031902968,0000-0001-8646-4364,0000-0001-8646-4364,exact_name_one_openalex_author_id,GREEN,orcid_agrees,True,2023.0,2023,2,2,True,True
markuspuschel,Markus Püschel,Markus Püschel,Markus Püschel,A5076407181,0000-0001-8834-8551,0000-0001-8834-8551,exact_name_one_openalex_author_id,GREEN,orcid_agrees,True,2021.0,2021,1,1,True,True
martinelsman,Martin Elsman,Martin Elsman,Martin Elsman,A5081028559,0000-0002-6061-5993,0000-0002-6061-5993,exact_name_one_openalex_author_id,GREEN,orcid_agrees,True,2018.0,2018,2,1,True,True
martinhirzel,Martin Hirzel,Martin Hirzel,Martin Hirzel,A5079080602,0009-0006-8840-6065,0009-0006-8840-6065,exact_name_one_openalex_author_id,GREEN,orcid_agrees,True,2019.0,2019,5,4,True,True
martinmaas,Martin Maas,Martin Maas,Martin Maas,A5013891231,0000-0001-7653-8139,,exact_name_one_openalex_author_id,YELLOW,orcid_org_not_unique,True,2019.0,2019,1,1,False,True
martinvechev,Martin Vechev,Martin Vechev,Martin Vechev,A5069901599,0000-0002-0054-9568,0000-0002-0054-9568,exact_name_one_openalex_author_id,GREEN,orcid_agrees,True,2017.0,2017,1,1,True,True
maryhall,Mary Hall,Mary Hall,Mary Hall,A5030152493,0000-0002-3058-7573,,exact_name_one_openalex_author_id,YELLOW,orcid_org_not_unique,True,2022.0,2022,1,1,False,True
maryshe,Mary Sheeran,Mary Sheeran,Mary Sheeran,A5037308838,0000-0003-2509-0957,0000-0003-2509-0957,exact_name_one_openalex_author_id,GREEN,orcid_agrees,True,2022.0,2022,1,1,True,True
maryammehridehnavi,Maryam Mehri Dehnavi,Maryam Mehri Dehnavi,Maryam Mehri Dehnavi,A5003682451,0000-0002-2719-8788,0000-0002-2719-8788,exact_name_one_openalex_author_id,YELLOW,orcid_agrees,False,2023.0,2023,3,3,True,False
matijapretnar,Matija Pretnar,Matija Pretnar,MATIJA PRETNAR,A5078127242,0000-0001-7755-2303,0000-0001-7755-2303,exact_name_one_openalex_author_id,YELLOW,orcid_agrees,False,2022.0,2022,1,1,True,False
matteocimini,Matteo Cimini,Matteo Cimini,Matteo Cimini,A5074262851,0000-0003-0162-9997,,exact_name_one_openalex_author_id,YELLOW,orcid_org_not_unique,False,2020.0,2020,2,2,False,False
matteomaffei,Matteo Maffei,Matteo Maffei,Matteo Maffei,A5059351004,0000-0001-8061-1685,0000-0001-8061-1685,exact_name_one_openalex_author_id,YELLOW,orcid_agrees,False,2023.0,2023,1,1,True,False
matthewflatt,Matthew Flatt,Matthew Flatt,Matthew Flatt,A5033713909,0000-0001-8994-2552,0000-0001-8994-2552,exact_name_one_openalex_author_id,GREEN,orcid_agrees,True,2017.0,2017,9,4,True,True
matthewfluet,Matthew Fluet,Matthew Fluet,Matthew Fluet,A5029478793,0000-0002-4194-7618,0000-0002-4194-7618,exact_name_one_openalex_author_id,YELLOW,orcid_agrees,False,2020.0,2020,1,1,True,False
matthewhague,Matthew Hague,Matthew Hague,Matthew Hague,A5083664380,0000-0003-4913-3800,,exact_name_one_openalex_author_id,YELLOW,orcid_org_not_unique,False,2022.0,2022,1,1,False,False
matthewmight,Matthew Might,Matthew Might,MATTHEW MIGHT,A5086121459,0000-0002-8430-5316,,exact_name_one_openalex_author_id,YELLOW,orcid_org_not_unique,False,2018.0,2018,1,1,False,False
matthiashauswirth,Matthias Hauswirth,Matthias Hauswirth,Matthias Hauswirth,A5078770676,0000-0001-5527-5931,0000-0001-5527-5931,exact_name_one_openalex_author_id,GREEN,orcid_agrees,True,2023.0,2023,4,3,True,True
matthiasheizmann,Matthias Heizmann,Matthias Heizmann,Matthias Heizmann,A5077581460,0000-0003-4252-3558,0000-0003-4252-3558,exact_name_one_openalex_author_id,GREEN,orcid_agrees,True,2021.0,2021,1,1,True,True
matthieusozeau,Matthieu Sozeau,Matthieu Sozeau,Matthieu Sozeau,A5065124885,0000-0001-6452-8806,0000-0001-6452-8806,exact_name_one_openalex_author_id,YELLOW,orcid_agrees,False,2021.0,2021,2,2,True,False
matthijsvakar,Matthijs Vákár,Matthijs Vákár,Matthijs Vákár,A5031234153,0000-0003-4603-0523,,exact_name_one_openalex_author_id,YELLOW,orcid_org_not_unique,False,2025.0,2025,1,1,False,False
matiastoro,Matías Toro,Matías Toro,Matías Toro,A5073103554,0000-0002-5315-0198,0000-0002-5315-0198,exact_name_one_openalex_author_id,GREEN,orcid_agrees,True,2022.0,2022,3,2,True,True
maxnew,Max S. New,Max S. New,Max S. New,A5050680882,0000-0001-8141-195X,0000-0001-8141-195X,exact_name_one_openalex_author_id,YELLOW,orcid_agrees,False,2021.0,2021,2,2,True,False
maxschaefer,Max Schaefer,Max Schaefer,Max Schaefer,A5080291195,0000-0001-7454-5327,,exact_name_one_openalex_author_id,YELLOW,orcid_org_not_unique,True,2018.0,2018,3,3,False,True
maxwillsey,Max Willsey,Max Willsey,Max Willsey,A5048760480,0000-0001-8066-4218,0000-0001-8066-4218,exact_name_one_openalex_author_id,YELLOW,orcid_agrees,False,2024.0,2024,2,2,True,False
mayurnaik,Mayur Naik,Mayur Naik,Mayur Naik,A5075879790,0000-0003-1348-8618,,exact_name_one_openalex_author_id,YELLOW,orcid_org_not_unique,False,2017.0,2017,2,2,False,False
michaelcarbin,Michael Carbin,Michael Carbin,Michael Carbin,A5091194125,0000-0002-6928-0456,0000-0002-6928-0456,exact_name_one_openalex_author_id,YELLOW,orcid_agrees,False,2020.0,2020,4,3,True,False
michaelcoblenz,Michael Coblenz,Michael Coblenz,Michael Coblenz,A5044646652,0000-0002-9369-4069,0000-0002-9369-4069,exact_name_one_openalex_author_id,GREEN,orcid_agrees,True,2024.0,2024,2,2,True,True
michaelbond,Michael D. Bond,Michael D. Bond,Michael D. Bond,A5044161672,0000-0002-8971-4944,0000-0002-8971-4944,exact_name_one_openalex_author_id,YELLOW,orcid_agrees,False,2020.0,2020,4,2,True,False
michaelemmi,Michael Emmi,Michael Emmi,Michael Emmi,A5061209906,0009-0002-6283-5890,0009-0002-6283-5890,exact_name_one_openalex_author_id,GREEN,orcid_agrees,True,2019.0,2019,5,2,True,True
michaelgreenberg,Michael Greenberg,Michael Greenberg,Michael Greenberg,A5075185353,0000-0003-0014-7670,,exact_name_one_openalex_author_id,YELLOW,orcid_org_not_unique,True,2019.0,2019,8,6,False,True
michaelpradel,Michael Pradel,Michael Pradel,Michael Pradel,A5013438083,0000-0003-1623-498X,,exact_name_one_openalex_author_id,YELLOW,orcid_org_not_unique,True,2017.0,2017,5,3,False,True
michaelsammler,Michael Sammler,Michael Sammler,Michael Sammler,A5060508628,0000-0003-4591-743X,0000-0003-4591-743X,exact_name_one_openalex_author_id,GREEN,orcid_agrees,True,2025.0,2025,1,1,True,True
michaelsperber,Michael Sperber,Michael Sperber,Michael Sperber,A5070201963,0000-0002-5280-9632,0000-0002-5280-9632,exact_name_one_openalex_author_id,GREEN,orcid_agrees,True,2018.0,2018,2,1,True,True
michaelmarcozzi1,Michaël Marcozzi,Michaël Marcozzi,Michaël Marcozzi,A5032640551,0000-0002-8087-0537,0000-0002-8087-0537,exact_name_one_openalex_author_id,GREEN,orcid_agrees,True,2024.0,2024,3,3,True,True
michelsteuwer,Michel Steuwer,Michel Steuwer,Michel Steuwer,A5016319844,0000-0001-5048-0741,,exact_name_one_openalex_author_id,YELLOW,orcid_org_not_unique,True,2025.0,2025,1,1,False,True
michelechiari,Michele Chiari,Michele Chiari,Michele Chiari,A5090191859,0000-0001-7742-9233,0000-0001-7742-9233,exact_name_one_openalex_author_id,GREEN,orcid_agrees,True,2025.0,2025,2,2,True,True
michelepagani,Michele Pagani,Michele Pagani,Michele Pagani,A5014578218,0000-0002-4142-2037,,exact_name_one_openalex_author_id,YELLOW,orcid_org_not_unique,False,2023.0,2017,1,1,False,False
michellemillsstrout,Michelle Mills Strout,Michelle Mills Strout,Michelle Mills Strout,A5022191670,0000-0001-7646-4766,,exact_name_one_openalex_author_id,YELLOW,orcid_org_not_unique,False,2020.0,2020,2,1,False,False
mihaibudiu,Mihai Budiu,Mihai Budiu,Mihai Budiu,A5089558228,,0000-0003-0701-9487,exact_name_one_openalex_author_id,YELLOW,no_openalex_orcid_to_compare,False,2023.0,2023,1,1,False,False
mikedodds,Mike Dodds,Mike Dodds,Mike Dodds,A5085860278,0000-0002-4439-0130,0000-0002-4439-0130,exact_name_one_openalex_author_id,GREEN,orcid_agrees,True,2021.0,2021,2,2,True,True
mikerainey,Mike Rainey,Mike Rainey,Mike Rainey,A5009476343,0009-0002-9659-1636,,exact_name_one_openalex_author_id,YELLOW,orcid_org_not_unique,False,2019.0,2019,1,1,False,False
miladallapreda,Mila Dalla Preda,Mila Dalla Preda,Mila Dalla Preda,A5005632682,0000-0003-2761-4347,0000-0003-2761-4347,exact_name_one_openalex_author_id,GREEN,orcid_agrees,True,2018.0,2018,2,1,True,True
milijanasurbatovich1,Milijana Surbatovich,Milijana Surbatovich,Milijana Surbatovich,A5021370119,0009-0004-6948-6683,0009-0004-6948-6683,exact_name_one_openalex_author_id,YELLOW,orcid_agrees,False,2025.0,2025,2,2,True,False
milindkulkarni,Milind Kulkarni,Milind Kulkarni,Milind Kulkarni,A5075916086,0000-0001-6827-345X,,exact_name_one_openalex_author_id,YELLOW,orcid_org_not_unique,True,2017.0,2017,5,3,False,True
milosgligoric,Milos Gligoric,Milos Gligoric,Milos Gligoric,A5063052820,0000-0002-5894-7649,0000-0002-5894-7649,exact_name_one_openalex_author_id,GREEN,orcid_agrees,True,2024.0,2024,2,2,True,True
mingshengying,Mingsheng Ying,Mingsheng Ying,Mingsheng Ying,A5023088481,0000-0003-4847-702X,0000-0003-4847-702X,exact_name_one_openalex_author_id,YELLOW,orcid_agrees,False,2025.0,2025,1,1,True,False
minseokjeon,Minseok Jeon,Minseok Jeon,Minseok Jeon,A5046062654,0000-0001-8320-8509,,exact_name_one_openalex_author_id,YELLOW,orcid_org_not_unique,True,2024.0,2024,3,3,False,True
miramezini,Mira Mezini,Mira Mezini,Mira Mezini,A5078067853,0000-0001-6563-7537,0000-0001-6563-7537,exact_name_one_openalex_author_id,YELLOW,orcid_agrees,False,2017.0,2017,6,5,True,False
mircotribastone,Mirco Tribastone,Mirco Tribastone,Mirco Tribastone,A5037431084,0000-0002-6018-5989,0000-0002-6018-5989,exact_name_one_openalex_author_id,GREEN,orcid_agrees,True,2020.0,2020,1,1,True,True
mitchellwand,Mitchell Wand,Mitchell Wand,Mitchell Wand,A5109074035,,0000-0001-6878-1999,exact_name_one_openalex_author_id,YELLOW,no_openalex_orcid_to_compare,False,2021.0,2021,2,2,False,False
mohamedfaouziatig,Mohamed Faouzi Atig,Mohamed Faouzi Atig,Mohamed Faouzi Atig,A5047278328,0000-0001-8229-3481,0000-0001-8229-3481,exact_name_one_openalex_author_id,GREEN,orcid_agrees,True,2021.0,2021,4,3,True,True
mohsenlesani,Mohsen Lesani,Mohsen Lesani,Mohsen Lesani,A5088825348,0000-0002-3165-2322,,exact_name_one_openalex_author_id,YELLOW,orcid_org_not_unique,True,2020.0,2020,6,3,False,True
moolysagiv,Mooly Sagiv,Mooly Sagiv,Mooly Sagiv,A5002512849,,,exact_name_one_openalex_author_id,YELLOW,orcid_org_not_unique,False,,2017,0,0,False,False
mukundraghotaman,Mukund Raghothaman,Mukund Raghothaman,Mukund Raghothaman,A5024988696,0000-0003-2879-0932,0000-0003-2879-0932,exact_name_one_openalex_author_id,YELLOW,orcid_agrees,False,2020.0,2020,5,2,True,False
muralikrishnaramanathan,Murali Krishna Ramanathan,Murali Krishna Ramanathan,Murali Krishna Ramanathan,A5107242862,0000-0002-6568-017X,0000-0002-6568-017X,exact_name_one_openalex_author_id,GREEN,orcid_agrees,True,2024.0,2024,1,1,True,True
nameng,Na Meng,Na Meng,Na Meng,A5070152860,0000-0002-0230-5524,,exact_name_one_openalex_author_id,YELLOW,orcid_org_not_unique,True,2021.0,2021,2,1,False,True
nadaamin,Nada Amin,Nada Amin,Nada Amin,A5054275386,0000-0002-0830-7248,,exact_name_one_openalex_author_id,YELLOW,orcid_org_not_unique,True,2018.0,2018,6,4,False,True
nadiapolikarpova,Nadia Polikarpova,Nadia Polikarpova,Nadia Polikarpova,A5090671359,0000-0001-5571-173X,0000-0001-5571-173X,exact_name_one_openalex_author_id,GREEN,orcid_agrees,True,2018.0,2018,12,6,True,True
natefoster,Nate Foster,Nate Foster,Nate Foster,A5013378091,0000-0002-6557-684X,,exact_name_one_openalex_author_id,YELLOW,orcid_org_not_unique,False,2019.0,2019,6,4,False,False
nathanchong,Nathan Chong,Nathan Chong,Nathan Chong,A5073793617,0000-0001-7843-9556,,exact_name_one_openalex_author_id,YELLOW,orcid_org_not_unique,False,2021.0,2021,1,1,False,False
neelakantankrishnaswami,Neel Krishnaswami,Neel Krishnaswami,Neel Krishnaswami,A5085047206,0000-0003-2838-5865,0000-0003-2838-5865,exact_name_one_openalex_author_id,GREEN,orcid_agrees,True,2018.0,2018,10,5,True,True
nevillegrech,Neville Grech,Neville Grech,Neville Grech,A5068595267,0000-0002-6790-2872,0000-0002-6790-2872,exact_name_one_openalex_author_id,YELLOW,orcid_agrees,False,2022.0,2022,5,4,True,False
niccoloveltri,Niccolò Veltri,Niccolò Veltri,Niccolò Veltrì,A5012979981,0000-0002-7230-3436,0000-0002-7230-3436,exact_name_one_openalex_author_id,GREEN,orcid_agrees,True,2022.0,2022,1,1,True,True
nickbenton1,Nick Benton,Nick Benton,Nick Benton,A5023252122,,,exact_name_one_openalex_author_id,YELLOW,orcid_org_not_unique,False,2024.0,2024,2,2,False,False
nickgiannarakis,Nick Giannarakis,Nick Giannarakis,Nick Giannarakis,A5055675515,,,exact_name_one_openalex_author_id,YELLOW,orcid_org_not_unique,False,2022.0,2022,1,1,False,False
nicolastabareau,Nicolas Tabareau,Nicolas Tabareau,Nicolas Tabareau,A5033499088,0000-0003-3366-2273,0000-0003-3366-2273,exact_name_one_openalex_author_id,YELLOW,orcid_agrees,False,2019.0,2019,2,1,True,False
nicolaswu,Nicolas Wu,Nicolas Wu,Nicolas Wu,A5072641397,0000-0002-4161-985X,0000-0002-4161-985X,exact_name_one_openalex_author_id,YELLOW,orcid_agrees,False,2017.0,2017,3,2,True,False
nikivazou,Niki Vazou,Niki Vazou,Niki Vazou,A5078144924,0000-0003-0732-5476,0000-0003-0732-5476,exact_name_one_openalex_author_id,YELLOW,orcid_agrees,False,2018.0,2018,8,5,True,False
nikitakoval,Nikita Koval,Nikita Koval,Nikita Koval,A5047006729,0000-0002-1260-4616,,exact_name_one_openalex_author_id,YELLOW,orcid_org_not_unique,True,2025.0,2025,2,2,False,True
nikostzevelekos,Nikos Tzevelekos,Nikos Tzevelekos,Nikos Tzevelekos,A5041266426,0000-0001-8509-8059,0000-0001-8509-8059,exact_name_one_openalex_author_id,GREEN,orcid_agrees,True,2024.0,2024,1,1,True,True
nilsandersdanielsson,Nils Anders Danielsson,Nils Anders Danielsson,Nils Anders Danielsson,A5016464590,0000-0001-8688-0333,,exact_name_one_openalex_author_id,YELLOW,orcid_org_not_unique,False,2019.0,2019,2,2,False,False
ninanarodytska,Nina Narodytska,Nina Narodytska,Nina Narodytska,A5034897040,0000-0002-5181-4560,0000-0002-5181-4560,exact_name_one_openalex_author_id,GREEN,orcid_agrees,True,2018.0,2018,1,1,True,True
ningluo1,Ning Luo,Ning Luo,Ning Luo,A5061101152,0000-0003-4772-0382,,exact_name_one_openalex_author_id,YELLOW,orcid_org_not_unique,True,2025.0,2025,2,2,False,True
ningningxie,Ningning Xie,Ningning Xie,Ningning Xie,A5008249278,0000-0002-5961-1493,,exact_name_one_openalex_author_id,YELLOW,orcid_org_not_unique,False,2022.0,2022,5,3,False,False
noamrinetzky,Noam Rinetzky,Noam Rinetzky,Noam Rinetzky,A5082349206,0000-0002-7750-4085,0000-0002-7750-4085,exact_name_one_openalex_author_id,GREEN,orcid_agrees,True,2020.0,2020,5,4,True,True
noamzeilberger,Noam Zeilberger,Noam Zeilberger,Noam Zeilberger,A5008964203,0000-0002-5945-4184,0000-0002-5945-4184,exact_name_one_openalex_author_id,GREEN,orcid_agrees,True,2019.0,2019,1,1,True,True
nobukoyoshida,Nobuko Yoshida,Nobuko Yoshida,Nobuko Yoshida,A5054171989,0000-0002-3925-8557,,exact_name_one_openalex_author_id,YELLOW,orcid_org_not_unique,False,2019.0,2017,7,6,False,False
normandanner,Norman Danner,Norman Danner,Norman Danner,A5056512208,0000-0003-1119-4982,0000-0003-1119-4982,exact_name_one_openalex_author_id,YELLOW,orcid_agrees,False,2022.0,2022,1,1,True,False
nunoplopes,Nuno P. Lopes,Nuno P. Lopes,Nuno P. Lopes,A5088560717,0000-0002-3160-1672,,exact_name_one_openalex_author_id,YELLOW,orcid_org_not_unique,True,2019.0,2019,3,1,False,True
odedpadon,Oded Padon,Oded Padon,Oded Padon,A5064997169,0009-0006-4209-1635,0009-0006-4209-1635,exact_name_one_openalex_author_id,YELLOW,orcid_agrees,False,2021.0,2021,8,4,True,False
ohadkammar,Ohad Kammar,Ohad Kammar,OHAD KAMMAR,A5058873268,0000-0002-2071-0929,,exact_name_one_openalex_author_id,YELLOW,orcid_org_not_unique,False,2020.0,2020,3,2,False,False
oliverbracevac,Oliver Bračevac,Oliver Bračevac,Oliver Bračevac,A5019063975,0000-0003-3569-4869,0000-0003-3569-4869,exact_name_one_openalex_author_id,GREEN,orcid_agrees,True,2023.0,2023,2,2,True,True
ondrejlhotak,Ondřej Lhoták,Ondřej Lhoták,Ondřej Lhoták,A5039616179,,0000-0001-9066-1889,exact_name_one_openalex_author_id,YELLOW,orcid_agrees,False,2019.0,2019,1,1,True,False
onurmutlu1,Onur Mutlu,Onur Mutlu,Onur Mutlu,A5050695684,0000-0002-0075-2312,,exact_name_one_openalex_author_id,YELLOW,orcid_org_not_unique,True,2017.0,2017,1,1,False,True
orilahav,Ori Lahav,Ori Lahav,Ori Lahav,A5102734862,0000-0003-4305-6998,,exact_name_one_openalex_author_id,YELLOW,orcid_org_not_unique,False,2019.0,2019,5,4,False,False
orneladardha,Ornela Dardha,Ornela Dardha,Ornela Dardha,A5050784078,0000-0001-9927-7875,0000-0001-9927-7875,exact_name_one_openalex_author_id,YELLOW,orcid_agrees,False,2022.0,2022,2,2,True,False
osbertbastani,Osbert Bastani,Osbert Bastani,Osbert Bastani,A5029243071,0000-0001-9990-7566,0000-0001-9990-7566,exact_name_one_openalex_author_id,GREEN,orcid_agrees,True,2020.0,2020,7,4,True,True
owenarden,Owen Arden,Owen Arden,Owen Arden,A5062865397,,0000-0001-9585-3126,exact_name_one_openalex_author_id,YELLOW,no_openalex_orcid_to_compare,False,2024.0,2024,1,1,False,False
owolabilegunsen,Owolabi Legunsen,Owolabi Legunsen,Owolabi Legunsen,A5070516536,0000-0001-5631-4816,0000-0001-5631-4816,exact_name_one_openalex_author_id,GREEN,orcid_agrees,True,2023.0,2023,3,3,True,True
pamelazave,Pamela Zave,Pamela Zave,Pamela Zave,A5086291871,0000-0002-6568-2052,0000-0002-6568-2052,exact_name_one_openalex_author_id,GREEN,orcid_agrees,True,2024.0,2024,2,2,True,True
paroshazizabdulla,Parosh Aziz Abdulla,Parosh Aziz Abdulla,Parosh Aziz Abdulla,A5002478680,0000-0001-6832-6611,0000-0001-6832-6611,exact_name_one_openalex_author_id,GREEN,orcid_agrees,True,2021.0,2021,4,4,True,True
pascalweisenburger,Pascal Weisenburger,Pascal Weisenburger,Pascal Weisenburger,A5008442460,0000-0003-1288-1485,,exact_name_one_openalex_author_id,YELLOW,orcid_org_not_unique,True,2023.0,2023,2,2,False,True
patricegodefroid,Patrice Godefroid,Patrice Godefroid,Patrice Godefroid,A5069392259,,,exact_name_one_openalex_author_id,YELLOW,orcid_org_not_unique,False,2020.0,2020,1,1,False,False
patriciapatriciajohann,Patricia Johann,Patricia Johann,Patricia Johann,A5044007936,0000-0002-8075-3904,0000-0002-8075-3904,exact_name_one_openalex_author_id,GREEN,orcid_agrees,True,2019.0,2019,4,2,True,True
patrickbahr,Patrick Bahr,Patrick Bahr,Patrick Bahr,A5015853763,0000-0003-1600-8261,0000-0003-1600-8261,exact_name_one_openalex_author_id,GREEN,orcid_agrees,True,2024.0,2024,1,1,True,True
patrickeugster,Patrick Eugster,Patrick Eugster,Patrick Eugster,A5024420075,0000-0003-3864-9078,,exact_name_one_openalex_author_id,YELLOW,orcid_org_not_unique,True,2022.0,2022,4,2,False,True
patricklam,Patrick Lam,Patrick Lam,Patrick Lam,A5016375266,0000-0001-8278-5400,,exact_name_one_openalex_author_id,YELLOW,orcid_org_not_unique,False,2020.0,2020,3,2,False,False
patrikjansson,Patrik Jansson,Patrik Jansson,Patrik Jansson,A5032737176,0000-0003-3078-1437,,exact_name_one_openalex_author_id,YELLOW,orcid_org_not_unique,True,2023.0,2023,1,1,False,True
pauldownen,Paul Downen,Paul Downen,Paul Downen,A5020454182,0000-0003-0165-9387,0000-0003-0165-9387,exact_name_one_openalex_author_id,GREEN,orcid_agrees,True,2023.0,2023,1,1,True,True
paulgazzillo,Paul Gazzillo,Paul Gazzillo,Paul Gazzillo,A5016175378,0000-0003-1425-8873,,exact_name_one_openalex_author_id,YELLOW,orcid_org_not_unique,True,2021.0,2021,2,1,False,True
pavelchuprikov,Pavel Chuprikov,Pavel Chuprikov,Pavel Chuprikov,A5033247681,0000-0002-6673-1143,0000-0002-6673-1143,exact_name_one_openalex_author_id,GREEN,orcid_agrees,True,2023.0,2023,2,2,True,True
pavelpanchekha,Pavel Panchekha,Pavel Panchekha,Pavel Panchekha,A5022031348,0000-0003-2621-3592,0000-0003-2621-3592,exact_name_one_openalex_author_id,YELLOW,orcid_agrees,False,2021.0,2021,5,4,True,False
pavolbielik,Pavol Bielik,Pavol Bielik,Pavol Bielik,A5090644266,,0009-0007-5330-404X,exact_name_one_openalex_author_id,YELLOW,no_openalex_orcid_to_compare,False,2021.0,2021,1,1,False,False
pavolcerny,Pavol Cerny,Pavol Cerny,Pavol Černý,A5072396662,,0000-0002-0123-3303,exact_name_one_openalex_author_id,YELLOW,no_openalex_orcid_to_compare,False,2018.0,2018,2,1,False,False
peisenyao,Peisen Yao,Peisen Yao,Peisen Yao,A5045907091,0000-0003-0342-9518,,exact_name_one_openalex_author_id,YELLOW,orcid_org_not_unique,True,2023.0,2023,4,4,False,True
petartsankov,Petar Tsankov,Petar Tsankov,Petar Tsankov,A5073801126,,0009-0007-2799-1085,exact_name_one_openalex_author_id,YELLOW,no_openalex_orcid_to_compare,False,2020.0,2020,1,1,False,False
peteralvaro,Peter Alvaro,Peter Alvaro,Peter Alvaro,A5065602825,0000-0001-6672-240X,0000-0001-6672-240X,exact_name_one_openalex_author_id,GREEN,orcid_agrees,True,2023.0,2023,2,2,True,True
peterhawkins,Peter Hawkins,Peter Hawkins,Peter Hawkins,A5111910004,,,exact_name_one_openalex_author_id,YELLOW,orcid_org_not_unique,False,2020.0,2020,1,1,False,False
peterohmann1,Peter Ohmann,Peter Ohmann,Peter Ohmann,A5080785784,0000-0002-7670-7374,0000-0002-7670-7374,exact_name_one_openalex_author_id,GREEN,orcid_agrees,True,2024.0,2024,1,1,True,True
peterselinger,Peter Selinger,Peter Selinger,Peter Selinger,A5015712724,0000-0003-3161-856X,,exact_name_one_openalex_author_id,YELLOW,orcid_org_not_unique,False,2019.0,2019,1,1,False,False
petersewell,Peter Sewell,Peter Sewell,Peter Sewell,A5083405043,0000-0001-9352-1013,,exact_name_one_openalex_author_id,YELLOW,orcid_org_not_unique,True,2018.0,2018,4,3,False,True
peterthiemann,Peter Thiemann,Peter Thiemann,Peter Thiemann,A5000384936,0000-0002-9000-1239,0000-0002-9000-1239,exact_name_one_openalex_author_id,YELLOW,orcid_agrees,False,2020.0,2020,5,4,True,False
petermichaelosera,Peter-Michael Osera,Peter-Michael Osera,Peter-Michael Osera,A5020115127,0000-0001-6890-8339,0000-0001-6890-8339,exact_name_one_openalex_author_id,GREEN,orcid_agrees,True,2023.0,2023,2,1,True,True
philipwadler,Philip Wadler,Philip Wadler,Philip Wadler,A5018878077,0000-0001-7619-6378,,exact_name_one_openalex_author_id,YELLOW,orcid_org_not_unique,False,2018.0,2018,2,1,False,False
philippghaselwarter,Philipp G. Haselwarter,Philipp G. Haselwarter,Philipp G. Haselwarter,A5012595992,0000-0003-0198-7751,0000-0003-0198-7751,exact_name_one_openalex_author_id,GREEN,orcid_agrees,True,2025.0,2025,1,1,True,True
philipphaller,Philipp Haller,Philipp Haller,Philipp Haller,A5044900918,0000-0002-2659-5271,,exact_name_one_openalex_author_id,YELLOW,orcid_org_not_unique,False,2023.0,2023,3,3,False,False
philippagardner,Philippa Gardner,Philippa Gardner,Philippa Gardner,A5047951273,0000-0002-4187-0585,,exact_name_one_openalex_author_id,YELLOW,orcid_org_not_unique,False,2022.0,2022,2,2,False,False
phitchayamangpophothilimthana,Phitchaya Mangpo Phothilimthana,Phitchaya Mangpo Phothilimthana,Phitchaya Mangpo Phothilimthana,A5046321852,0000-0003-3492-3690,0000-0003-3492-3690,exact_name_one_openalex_author_id,GREEN,orcid_agrees,True,2020.0,2020,4,3,True,True
pierreclairambault,Pierre Clairambault,Pierre Clairambault,PIERRE CLAIRAMBAULT,A5008333115,0000-0002-3285-6028,0000-0002-3285-6028,exact_name_one_openalex_author_id,YELLOW,orcid_agrees,False,2022.0,2022,2,1,True,False
pierregeneves,Pierre Geneves,Pierre Geneves,Pierre Genevès,A5007570521,0000-0001-7676-2755,0000-0001-7676-2755,exact_name_one_openalex_author_id,GREEN,orcid_agrees,True,2023.0,2023,1,1,True,True
pierremariepedrot,Pierre-Marie Pédrot,Pierre-Marie Pédrot,Pierre-Marie Pédrot,A5067464824,0009-0002-8006-6239,0009-0002-8006-6239,exact_name_one_openalex_author_id,YELLOW,orcid_agrees,False,2024.0,2024,1,1,True,False
pierreyvesstrub,Pierre-Yves Strub,Pierre-Yves Strub,Pierre-Yves Strub,A5033447950,0000-0002-8196-7875,,exact_name_one_openalex_author_id,YELLOW,orcid_org_not_unique,False,2019.0,2019,2,2,False,False
pietroferrara1,Pietro Ferrara,Pietro Ferrara,Pietro Ferrara,A5070919681,0000-0002-4678-933X,,exact_name_one_openalex_author_id,YELLOW,orcid_org_not_unique,False,2025.0,2025,2,2,False,False
pinjiahe,Pinjia He,Pinjia He,Pinjia He,A5101941950,0000-0003-3377-8129,0000-0003-3377-8129,exact_name_one_openalex_author_id,GREEN,orcid_agrees,True,2025.0,2025,2,2,True,True
qirunzhang,Qirun Zhang,Qirun Zhang,Qirun Zhang,A5078231842,0000-0001-5367-9377,,exact_name_one_openalex_author_id,YELLOW,orcid_org_not_unique,False,2020.0,2020,6,4,False,False
quentinstievenart,Quentin Stiévenart,Quentin Stiévenart,Quentin Stiévenart,A5061688363,0000-0001-9985-9808,0000-0001-9985-9808,exact_name_one_openalex_author_id,GREEN,orcid_agrees,True,2025.0,2025,2,2,True,True
rachitnigam,Rachit Nigam,Rachit Nigam,Rachit Nigam,A5078421643,0000-0003-0983-5867,,exact_name_one_openalex_author_id,YELLOW,orcid_org_not_unique,True,2025.0,2025,1,1,False,True
radhajagadeesan,Radha Jagadeesan,Radha Jagadeesan,Radha Jagadeesan,A5108192878,,0000-0002-4525-1589,exact_name_one_openalex_author_id,YELLOW,no_openalex_orcid_to_compare,False,2020.0,2020,1,1,False,False
radugrigore,Radu Grigore,Radu Grigore,Radu Grigore,A5049957994,0000-0003-1128-0311,,exact_name_one_openalex_author_id,YELLOW,orcid_org_not_unique,True,2019.0,2019,2,1,False,True
raghuprabhakar,Raghu Prabhakar,Raghu Prabhakar,Raghu Prabhakar,A5111746097,,0000-0003-0230-4377,exact_name_one_openalex_author_id,YELLOW,no_openalex_orcid_to_compare,False,2022.0,2022,1,1,False,False
ragnarmogk,Ragnar Mogk,Ragnar Mogk,Ragnar Mogk,A5035682481,,0000-0003-4583-1791,exact_name_one_openalex_author_id,YELLOW,no_openalex_orcid_to_compare,False,2023.0,2023,2,2,False,False
rahulgopinath,Rahul Gopinath,Rahul Gopinath,Rahul Gopinath,A5050311714,0000-0001-9953-0930,0000-0001-9953-0930,exact_name_one_openalex_author_id,GREEN,orcid_agrees,True,2024.0,2024,2,2,True,True
rajivgupta,Rajiv Gupta,Rajiv Gupta,Rajiv Gupta,A5100699251,0000-0002-9348-3974,,exact_name_one_openalex_author_id,YELLOW,orcid_org_not_unique,True,2024.0,2024,2,2,False,True
ralfhinze,Ralf Hinze,Ralf Hinze,Ralf Hinze,A5063247380,0000-0001-5678-0286,0000-0001-5678-0286,exact_name_one_openalex_author_id,GREEN,orcid_agrees,True,2022.0,2022,2,2,True,True
ralfjung,Ralf Jung,Ralf Jung,Ralf Jung,A5025527323,0000-0001-7669-6348,0000-0001-7669-6348,exact_name_one_openalex_author_id,YELLOW,orcid_agrees,False,2021.0,2021,6,5,True,False
ranjitjhala,Ranjit Jhala,Ranjit Jhala,Ranjit Jhala,A5002412544,0000-0002-1802-9421,0000-0002-1802-9421,exact_name_one_openalex_author_id,YELLOW,orcid_agrees,False,2017.0,2017,9,5,True,False
rastislavbodik,Rastislav Bodík,Rastislav Bodík,Rastislav Bodik,A5085160432,0000-0001-6639-1647,,exact_name_one_openalex_author_id,YELLOW,orcid_org_not_unique,False,2020.0,2020,2,2,False,False
ravichugh,Ravi Chugh,Ravi Chugh,Ravi Chugh,A5004759757,0000-0002-1339-2889,0000-0002-1339-2889,exact_name_one_openalex_author_id,YELLOW,orcid_agrees,False,2017.0,2017,3,2,True,False
retoachermann,Reto Achermann,Reto Achermann,Reto Achermann,A5072557888,0000-0003-3263-7236,0000-0003-3263-7236,exact_name_one_openalex_author_id,GREEN,orcid_agrees,True,2025.0,2025,1,1,True,True
rezwanakarim,Rezwana Karim,Rezwana Karim,Rezwana Karim,A5081413019,,,exact_name_one_openalex_author_id,YELLOW,orcid_org_not_unique,False,2017.0,2017,2,1,False,False
richardeisenberg,Richard A. Eisenberg,Richard A. Eisenberg,Richard A. Eisenberg,A5082913747,0000-0002-7669-9781,,exact_name_one_openalex_author_id,YELLOW,orcid_org_not_unique,False,2020.0,2020,5,4,False,False
rishabhsingh,Rishabh Singh,Rishabh Singh,Rishabh Singh,A5045091456,0000-0003-1714-9656,,exact_name_one_openalex_author_id,YELLOW,orcid_org_not_unique,True,2017.0,2017,3,2,False,True
rishiyurnikhil,Rishiyur Nikhil,Rishiyur S. Nikhil,Rishiyur S. Nikhil,A5104054932,,,exact_name_one_openalex_author_id,YELLOW,orcid_org_not_unique,False,2021.0,2021,1,1,False,False
robbertkrebbers,Robbert Krebbers,Robbert Krebbers,Robbert Krebbers,A5029418370,0000-0002-1185-5237,0000-0002-1185-5237,exact_name_one_openalex_author_id,YELLOW,orcid_agrees,False,2019.0,2019,9,5,True,False
robertatkey,Robert Atkey,Robert Atkey,Robert Atkey,A5036444096,0000-0002-4414-5047,0000-0002-4414-5047,exact_name_one_openalex_author_id,GREEN,orcid_agrees,True,2017.0,2017,5,2,True,True
robbyfindler,Robert Bruce Findler,Robert Bruce Findler,Robert Bruce Findler,A5081388086,0000-0002-4245-2000,0000-0002-4245-2000,exact_name_one_openalex_author_id,YELLOW,orcid_agrees,False,2023.0,2023,2,2,True,False
robertharper1,Robert Harper,Robert Harper,Robert Harper,A5028720578,0000-0002-9400-2941,,exact_name_one_openalex_author_id,YELLOW,orcid_org_not_unique,False,2022.0,2022,1,1,False,False
roberthirschfeld,Robert Hirschfeld,Robert Hirschfeld,Robert Hirschfeld,A5079160871,0000-0002-4249-6003,,exact_name_one_openalex_author_id,YELLOW,orcid_org_not_unique,True,2020.0,2020,1,1,False,True
robertagori1,Roberta Gori,Roberta Gori,Roberta Gori,A5090195630,0000-0002-7424-9576,0000-0002-7424-9576,exact_name_one_openalex_author_id,GREEN,orcid_agrees,True,2025.0,2025,1,1,True,True
robertogiacobazzi,Roberto Giacobazzi,Roberto Giacobazzi,Roberto Giacobazzi,A5052881133,0000-0002-9582-3960,0000-0002-9582-3960,exact_name_one_openalex_author_id,YELLOW,orcid_agrees,False,2024.0,2024,1,1,True,False
rodolphelepigre,Rodolphe Lepigre,Rodolphe Lepigre,Rodolphe Lepigre,A5068441844,0000-0002-2849-5338,0000-0002-2849-5338,exact_name_one_openalex_author_id,GREEN,orcid_agrees,True,2024.0,2024,1,1,True,True
rohanbavishi,Rohan Bavishi,Rohan Bavishi,Rohan Bavishi,A5053047136,0000-0002-0307-0384,0000-0002-0307-0384,exact_name_one_openalex_author_id,GREEN,orcid_agrees,True,2025.0,2025,2,2,True,True
rohanpadhye,Rohan Padhye,Rohan Padhye,Rohan Padhye,A5077787726,0000-0003-4939-033X,0000-0003-4939-033X,exact_name_one_openalex_author_id,YELLOW,orcid_agrees,False,2025.0,2025,1,1,True,False
romainrobbes,Romain Robbes,Romain Robbes,Romain Robbes,A5031712876,0000-0003-4569-6868,0000-0003-4569-6868,exact_name_one_openalex_author_id,GREEN,orcid_agrees,True,2017.0,2017,1,1,True,True
ronaldgarcia,Ronald Garcia,Ronald Garcia,Ronald Garcia,A5051937731,0000-0002-0982-1118,,exact_name_one_openalex_author_id,YELLOW,orcid_org_not_unique,False,2017.0,2017,8,6,False,False
ronghuigu,Ronghui Gu,Ronghui Gu,Ronghui Gu,A5000031216,0000-0002-6812-6182,,exact_name_one_openalex_author_id,YELLOW,orcid_org_not_unique,False,2020.0,2020,5,2,False,False
roopshasamanta,Roopsha Samanta,Roopsha Samanta,Roopsha Samanta,A5050507709,0009-0000-2456-217X,0009-0000-2456-217X,exact_name_one_openalex_author_id,GREEN,orcid_agrees,True,2018.0,2018,4,3,True,True
rosstate,Ross Tate,Ross Tate,Ross Tate,A5001655224,0000-0002-7608-4605,0000-0002-7608-4605,exact_name_one_openalex_author_id,GREEN,orcid_agrees,True,2018.0,2018,4,4,True,True
rubenmartins,Ruben Martins,Ruben Martins,Ruben Martins,A5101995804,0000-0003-1525-1382,,exact_name_one_openalex_author_id,YELLOW,orcid_org_not_unique,False,2022.0,2022,4,3,False,False
rupakmajumdar,Rupak Majumdar,Rupak Majumdar,Rupak Majumdar,A5081010207,0000-0003-2136-0542,0000-0003-2136-0542,exact_name_one_openalex_author_id,YELLOW,orcid_agrees,False,2021.0,2021,3,2,True,False
ruzicapiskac,Ruzica Piskac,Ruzica Piskac,Ružica Piskač,A5045794652,0000-0002-3267-0776,,exact_name_one_openalex_author_id,YELLOW,orcid_org_not_unique,True,2018.0,2018,7,2,False,True
ryanbeckett1,Ryan Beckett,Ryan Beckett,Ryan Beckett,A5075133765,0000-0001-7844-2026,,exact_name_one_openalex_author_id,YELLOW,orcid_org_not_unique,True,2023.0,2023,3,2,False,True
ryosukesato,Ryosuke Sato,Ryosuke Sato,Ryosuke Sato,A5040489279,0000-0001-8679-2747,,exact_name_one_openalex_author_id,YELLOW,orcid_org_not_unique,True,2024.0,2024,1,1,False,True
saeedmaleki,Saeed Maleki,Saeed Maleki,Saeed Maleki,A5077514991,0000-0003-1107-1827,,exact_name_one_openalex_author_id,YELLOW,orcid_org_not_unique,True,2022.0,2022,1,1,False,True
samguyer,Sam Guyer,Samuel Z. Guyer,Samuel Z. Guyer,A5004167701,,,exact_name_one_openalex_author_id,YELLOW,orcid_org_not_unique,False,2020.0,2020,2,1,False,False
samlindley,Sam Lindley,Sam Lindley,Sam Lindley,A5061903791,0000-0002-1360-4714,0000-0002-1360-4714,exact_name_one_openalex_author_id,YELLOW,orcid_agrees,False,2018.0,2018,5,3,True,False
samstaton,Sam Staton,Sam Staton,Sam Staton,A5068183682,,0000-0002-7149-3805,exact_name_one_openalex_author_id,YELLOW,orcid_agrees,False,2019.0,2017,2,2,True,False
samtobinhochstadt,Sam Tobin-Hochstadt,Sam Tobin-Hochstadt,Sam Tobin-Hochstadt,A5043677781,0000-0003-1302-6499,0000-0003-1302-6499,exact_name_one_openalex_author_id,YELLOW,orcid_agrees,False,2017.0,2017,7,4,True,False
samwestrick,Sam Westrick,Sam Westrick,Sam Westrick,A5052738437,0000-0003-2848-9808,0000-0003-2848-9808,exact_name_one_openalex_author_id,YELLOW,orcid_agrees,False,2025.0,2025,1,1,True,False
samanamarasinghe,Saman Amarasinghe,Saman Amarasinghe,Saman Amarasinghe,A5046791216,0000-0002-7231-7643,,exact_name_one_openalex_author_id,YELLOW,orcid_org_not_unique,False,2024.0,2024,3,3,False,False
samuelgruetter,Samuel Gruetter,Samuel Gruetter,Samuel Gruetter,A5028002789,0000-0001-8369-9117,0000-0001-8369-9117,exact_name_one_openalex_author_id,GREEN,orcid_agrees,True,2025.0,2025,1,1,True,True
sandeepdasgupta,Sandeep Dasgupta,Sandeep Dasgupta,Sandeep Dasgupta,A5016183413,,0000-0002-6483-2055,exact_name_one_openalex_author_id,YELLOW,no_openalex_orcid_to_compare,False,2021.0,2021,1,1,False,False
sandrineblazy,Sandrine Blazy,Sandrine Blazy,Sandrine Blazy,A5017440499,0000-0002-0189-0223,0000-0002-0189-0223,exact_name_one_openalex_author_id,YELLOW,orcid_agrees,False,2018.0,2018,4,2,True,False
santiagozanellabeguelin,Santiago Zanella-Béguelin,Santiago Zanella-Béguelin,Santiago Zanella-Béguelin,A5088954009,0000-0003-0479-9967,0000-0003-0479-9967,exact_name_one_openalex_author_id,GREEN,orcid_agrees,True,2021.0,2021,1,1,True,True
santoshnagarakatte,Santosh Nagarakatte,Santosh Nagarakatte,Santosh Nagarakatte,A5011881274,0000-0002-5048-8548,0000-0002-5048-8548,exact_name_one_openalex_author_id,GREEN,orcid_agrees,True,2018.0,2018,7,3,True,True
santoshpande1,Santosh Pande,Santosh Pande,Santosh Pande,A5061235810,0000-0001-6723-8062,,exact_name_one_openalex_author_id,YELLOW,orcid_org_not_unique,True,2024.0,2024,2,2,False,True
saraachour,Sara Achour,Sara Achour,Sara Achour,A5060778165,0000-0003-3444-1544,,exact_name_one_openalex_author_id,YELLOW,orcid_org_not_unique,True,2019.0,2019,3,2,False,True
sarahnadi,Sarah Nadi,Sarah Nadi,Sarah Nadi,A5054083284,0000-0002-0091-6030,,exact_name_one_openalex_author_id,YELLOW,orcid_org_not_unique,True,2017.0,2017,3,3,False,True
sasamisailovic,Sasa Misailovic,Sasa Misailovic,Saša Misailovíc,A5057462458,0000-0001-7319-8845,0000-0001-7319-8845,exact_name_one_openalex_author_id,GREEN,orcid_agrees,True,2017.0,2017,5,2,True,True
saswatpadhi,Saswat Padhi,Saswat Padhi,Saswat Padhi,A5091401512,0000-0001-6865-4359,0000-0001-6865-4359,exact_name_one_openalex_author_id,YELLOW,orcid_agrees,False,2021.0,2021,1,1,True,False
satishnarayanasamy,Satish Narayanasamy,Satish Narayanasamy,Satish Narayanasamy,A5075649670,0000-0001-5016-1214,0000-0001-5016-1214,exact_name_one_openalex_author_id,GREEN,orcid_agrees,True,2022.0,2022,1,1,True,True
saumyadebray,Saumya Debray,Saumya Debray,Saumya Debray,A5108542327,,0000-0003-4351-5832,exact_name_one_openalex_author_id,YELLOW,no_openalex_orcid_to_compare,False,2021.0,2021,1,1,False,False
sauravmuralidharan,Saurav Muralidharan,Saurav Muralidharan,Saurav Muralidharan,A5033185286,0000-0003-4024-3958,0000-0003-4024-3958,exact_name_one_openalex_author_id,GREEN,orcid_agrees,True,2021.0,2021,1,1,True,True
scottowens,Scott Owens,Scott Owens,Scott Owens,A5049346665,0000-0002-7437-4780,,exact_name_one_openalex_author_id,YELLOW,orcid_org_not_unique,False,2019.0,2019,2,2,False,False
seanmoss,Sean Moss,Sean Moss,Sean Moss,A5033995077,0009-0005-3930-5340,,exact_name_one_openalex_author_id,YELLOW,orcid_org_not_unique,True,2023.0,2023,1,1,False,True
seantreichler,Sean Treichler,Sean Treichler,Sean Treichler,A5005774998,0000-0003-2189-4026,0000-0003-2189-4026,exact_name_one_openalex_author_id,GREEN,orcid_agrees,True,2022.0,2022,3,3,True,True
sebastianburckhardt,Sebastian Burckhardt,Sebastian Burckhardt,Sebastian Burckhardt,A5045088961,,0009-0003-8873-7268,exact_name_one_openalex_author_id,YELLOW,no_openalex_orcid_to_compare,False,2020.0,2020,4,4,False,False
sebastianerdweg,Sebastian Erdweg,Sebastian Erdweg,Sebastian Erdweg,A5059992246,0000-0002-1974-5956,0000-0002-1974-5956,exact_name_one_openalex_author_id,YELLOW,orcid_agrees,False,2019.0,2019,6,4,True,False
sebastianhack,Sebastian Hack,Sebastian Hack,Sebastian Hack,A5018809145,0000-0002-3387-2134,0000-0002-3387-2134,exact_name_one_openalex_author_id,YELLOW,orcid_agrees,False,2021.0,2021,3,3,True,False
senchen,Sen Chen,Sen Chen,Sen Chen,A5100658276,0000-0001-9477-4100,,exact_name_one_openalex_author_id,YELLOW,orcid_org_not_unique,False,2025.0,2025,2,2,False,False
shacharitzhaky,Shachar Itzhaky,Shachar Itzhaky,Shachar Itzhaky,A5010920313,0000-0002-7276-7644,,exact_name_one_openalex_author_id,YELLOW,orcid_org_not_unique,True,2018.0,2018,5,3,False,True
shanlu,Shan Lu,Shan Lu,Shan Lu,A5061448314,0000-0002-0757-4600,,exact_name_one_openalex_author_id,YELLOW,orcid_org_not_unique,True,2017.0,2017,2,1,False,True
shanemcintosh,Shane McIntosh,Shane McIntosh,Shane McIntosh,A5043053174,0000-0002-0193-3975,,exact_name_one_openalex_author_id,YELLOW,orcid_org_not_unique,True,2017.0,2017,1,1,False,True
sharadmalik,Sharad Malik,Sharad Malik,Sharad Malik,A5085975362,0000-0002-0837-5443,0000-0002-0837-5443,exact_name_one_openalex_author_id,YELLOW,orcid_agrees,False,2025.0,2025,1,1,True,False
shazqadeer,Shaz Qadeer,Shaz Qadeer,Shaz Qadeer,A5072464909,,0000-0002-3060-9592,exact_name_one_openalex_author_id,YELLOW,no_openalex_orcid_to_compare,False,2019.0,2019,8,4,False,False
shigeruchiba,Shigeru Chiba,Shigeru Chiba,Shigeru Chiba,A5026542200,0000-0001-9458-5713,,exact_name_one_openalex_author_id,YELLOW,orcid_org_not_unique,True,2021.0,2021,3,3,False,True
shinchengmu,Shin-Cheng Mu,Shin-Cheng Mu,Shin-Cheng Mu,A5002724938,0000-0002-4755-601X,0000-0002-4755-601X,exact_name_one_openalex_author_id,GREEN,orcid_agrees,True,2024.0,2024,1,1,True,True
shinyakatsumata,Shin-ya Katsumata,Shin-ya Katsumata,Shin-ya Katsumata,A5041431787,0000-0001-7529-5489,0000-0001-7529-5489,exact_name_one_openalex_author_id,GREEN,orcid_agrees,True,2017.0,2017,3,2,True,True
shoaibkamil,Shoaib Kamil,Shoaib Kamil,Shoaib Kamil,A5039453861,0000-0001-5965-3717,,exact_name_one_openalex_author_id,YELLOW,orcid_org_not_unique,False,2020.0,2020,6,3,False,False
shriramkrishnamurthi,Shriram Krishnamurthi,Shriram Krishnamurthi,Shriram Krishnamurthi,A5024394821,0000-0001-5184-1975,0000-0001-5184-1975,exact_name_one_openalex_author_id,YELLOW,orcid_agrees,False,2019.0,2019,7,3,True,False
shumochu,Shumo Chu,Shumo Chu,Shumo Chu,A5102141433,,0000-0002-3301-0200,exact_name_one_openalex_author_id,YELLOW,no_openalex_orcid_to_compare,False,2022.0,2022,1,1,False,False
shuvendulahiri,Shuvendu K. Lahiri,Shuvendu K. Lahiri,Shuvendu K. Lahiri,A5041084431,0000-0002-4446-4777,,exact_name_one_openalex_author_id,YELLOW,orcid_org_not_unique,False,2020.0,2020,3,2,False,False
simonjgay,Simon J. Gay,Simon J. Gay,Simon J. Gay,A5069757996,0000-0003-3033-9091,,exact_name_one_openalex_author_id,YELLOW,orcid_org_not_unique,False,2023.0,2023,1,1,False,False
someshjha,Somesh Jha,Somesh Jha,Somesh Jha,A5088826068,0000-0001-5877-0436,,exact_name_one_openalex_author_id,YELLOW,orcid_org_not_unique,True,2021.0,2021,1,1,False,True
soniamarin,Sonia Marin,Sonia Marı́n,Sonia Marı́n,A5002636759,0000-0002-0714-6155,,exact_name_one_openalex_author_id,YELLOW,orcid_org_not_unique,True,2023.0,2023,1,1,False,True
sooyoungcha1,Sooyoung Cha,Sooyoung Cha,Sooyoung Cha,A5054815114,0000-0002-4697-8536,,exact_name_one_openalex_author_id,YELLOW,orcid_org_not_unique,True,2025.0,2025,2,2,False,True
sophiadrossopoulou,Sophia Drossopoulou,Sophia Drossopoulou,Sophia Drossopoulou,A5026471462,0000-0002-1993-1142,0000-0002-1993-1142,exact_name_one_openalex_author_id,YELLOW,orcid_agrees,False,2018.0,2018,9,5,True,False
soravbansal1,Sorav Bansal,Sorav Bansal,Sorav Bansal,A5101727565,0009-0004-2006-9635,0009-0004-2006-9635,exact_name_one_openalex_author_id,GREEN,orcid_agrees,True,2021.0,2021,4,2,True,True
sorinlerner,Sorin Lerner,Sorin Lerner,Sorin Lerner,A5043665959,0000-0003-3957-0628,0000-0003-3957-0628,exact_name_one_openalex_author_id,GREEN,orcid_agrees,True,2018.0,2018,4,4,True,True
sotirisapostolakis,Sotiris Apostolakis,Sotiris Apostolakis,Sotiris Apostolakis,A5042788966,0000-0003-4716-9332,0000-0003-4716-9332,exact_name_one_openalex_author_id,GREEN,orcid_agrees,True,2023.0,2023,1,1,True,True
sreepathipai,Sreepathi Pai,Sreepathi Pai,Sreepathi Pai,A5006053754,0000-0002-3691-7238,0000-0002-3691-7238,exact_name_one_openalex_author_id,GREEN,orcid_agrees,True,2022.0,2022,4,3,True,True
stefanbrunthaler,Stefan Brunthaler,Stefan Brunthaler,Stefan Brunthaler,A5058365944,0000-0001-9766-4871,0000-0001-9766-4871,exact_name_one_openalex_author_id,GREEN,orcid_agrees,True,2024.0,2024,2,2,True,True
stefankmuller,Stefan K. Muller,Stefan K. Muller,Stefan K. Muller,A5009393339,0000-0002-3210-9727,0000-0002-3210-9727,exact_name_one_openalex_author_id,GREEN,orcid_agrees,True,2021.0,2021,2,2,True,True
stefanmarr,Stefan Marr,Stefan Marr,Stefan Marr,A5015543736,0000-0001-9059-5180,0000-0001-9059-5180,exact_name_one_openalex_author_id,GREEN,orcid_agrees,True,2022.0,2022,4,2,True,True
stefanmonnier,Stefan Monnier,Stefan Monnier,Stefan Monnier,A5049966337,0000-0001-7597-5273,0000-0001-7597-5273,exact_name_one_openalex_author_id,GREEN,orcid_agrees,True,2024.0,2024,1,1,True,True
stephaniebalzer,Stephanie Balzer,Stephanie Balzer,Stephanie Balzer,A5083850156,0000-0002-8347-3529,0000-0002-8347-3529,exact_name_one_openalex_author_id,GREEN,orcid_agrees,True,2021.0,2021,4,4,True,True
stephanieweirich,Stephanie Weirich,Stephanie Weirich,Stephanie Weirich,A5049220962,0000-0002-6756-9168,0000-0002-6756-9168,exact_name_one_openalex_author_id,YELLOW,orcid_agrees,False,2018.0,2018,4,2,True,False
stephenchang,Stephen Chang,Stephen Chang,Stephen Chang,A5044510881,0000-0002-4760-0658,,exact_name_one_openalex_author_id,YELLOW,orcid_org_not_unique,False,2024.0,2024,1,1,False,False
stephenchong,Stephen Chong,Stephen Chong,Stephen Chong,A5046383149,0000-0002-6734-5383,,exact_name_one_openalex_author_id,YELLOW,orcid_org_not_unique,False,2023.0,2023,1,1,False,False
stephendolan,Stephen Dolan,Stephen Dolan,Stephen Dolan,A5093657661,0000-0002-4609-9101,,exact_name_one_openalex_author_id,YELLOW,orcid_org_not_unique,False,2023.0,2023,2,2,False,False
stephenkell,Stephen Kell,Stephen Kell,Stephen Kell,A5006974433,0000-0002-2702-5983,0000-0002-2702-5983,exact_name_one_openalex_author_id,GREEN,orcid_agrees,True,2021.0,2021,5,3,True,True
stephenfreund,Stephen N. Freund,Stephen N. Freund,Stephen N. Freund,A5110858761,0009-0000-6992-199X,,exact_name_one_openalex_author_id,YELLOW,orcid_org_not_unique,True,2020.0,2020,1,1,False,True
stevezdancewic,Steve Zdancewic,Steve Zdancewic,Steve Zdancewic,A5041830534,0000-0002-3516-1512,0000-0002-3516-1512,exact_name_one_openalex_author_id,YELLOW,orcid_agrees,False,2020.0,2020,3,2,True,False
stevenholtzen,Steven Holtzen,Steven Holtzen,Steven Holtzen,A5066166509,0000-0002-8190-5412,0000-0002-8190-5412,exact_name_one_openalex_author_id,GREEN,orcid_agrees,True,2022.0,2022,4,4,True,True
stevenramsay,Steven Ramsay,Steven Ramsay,Steven Ramsay,A5035196790,0000-0002-0825-8386,0000-0002-0825-8386,exact_name_one_openalex_author_id,GREEN,orcid_agrees,True,2024.0,2024,1,1,True,True
sugumanbansal1,Suguman Bansal,Suguman Bansal,Suguman Bansal,A5063106552,0000-0002-0405-073X,0000-0002-0405-073X,exact_name_one_openalex_author_id,GREEN,orcid_agrees,True,2024.0,2024,1,1,True,True
sukyoungryu,Sukyoung Ryu,Sukyoung Ryu,Sukyoung Ryu,A5087492388,0000-0002-0019-9772,,exact_name_one_openalex_author_id,YELLOW,orcid_org_not_unique,True,2018.0,2018,14,5,False,True
sureshjagannathan,Suresh Jagannathan,Suresh Jagannathan,Suresh Jagannathan,A5034957233,0000-0001-6871-2424,0000-0001-6871-2424,exact_name_one_openalex_author_id,YELLOW,orcid_agrees,False,2019.0,2019,8,5,True,False
susmitjha1,Susmit Jha,Susmit Jha,Susmit Jha,A5035902535,0000-0001-5983-9095,0000-0001-5983-9095,exact_name_one_openalex_author_id,GREEN,orcid_agrees,True,2022.0,2022,2,1,True,True
susmitsarkar,Susmit Sarkar,Susmit Sarkar,Susmit Sarkar,A5073254249,0000-0002-4259-9213,0000-0002-4259-9213,exact_name_one_openalex_author_id,GREEN,orcid_agrees,True,2020.0,2020,4,3,True,True
swaratchaudhuri,Swarat Chaudhuri,Swarat Chaudhuri,Swarat Chaudhuri,A5057341982,0000-0002-6859-1391,,exact_name_one_openalex_author_id,YELLOW,orcid_org_not_unique,True,2017.0,2017,4,2,False,True
swarnendubiswas,Swarnendu Biswas,Swarnendu Biswas,Swarnendu Biswas,A5089244894,0000-0001-6839-8586,,exact_name_one_openalex_author_id,YELLOW,orcid_org_not_unique,True,2024.0,2024,3,3,False,True
sylvanclebsch,Sylvan Clebsch,Sylvan Clebsch,Sylvan Clebsch,A5059345262,0009-0004-4049-134X,0009-0004-4049-134X,exact_name_one_openalex_author_id,GREEN,orcid_agrees,True,2024.0,2024,2,2,True,True
sylvieputot,Sylvie Putot,Sylvie Putot,Sylvie Putot,A5042626840,0000-0001-5624-3755,0000-0001-5624-3755,exact_name_one_openalex_author_id,YELLOW,orcid_agrees,False,2020.0,2020,1,1,True,False
sebastienbardin,Sébastien Bardin,Sébastien Bardin,Sébastien Bardin,A5018746962,0000-0002-6509-3506,0000-0002-6509-3506,exact_name_one_openalex_author_id,GREEN,orcid_agrees,True,2025.0,2025,1,1,True,True
tachioterauchi,Tachio Terauchi,Tachio Terauchi,Tachio Terauchi,A5031661604,0000-0001-5305-4916,0000-0001-5305-4916,exact_name_one_openalex_author_id,YELLOW,orcid_agrees,False,2018.0,2018,9,4,True,False
tahinaramananandro,Tahina Ramananandro,Tahina Ramananandro,Tahina Ramananandro,A5083160984,0000-0003-4590-9712,0000-0003-4590-9712,exact_name_one_openalex_author_id,GREEN,orcid_agrees,True,2021.0,2021,4,3,True,True
takeshitsukada,Takeshi Tsukada,Takeshi Tsukada,Takeshi Tsukada,A5090766554,0000-0002-2824-8708,0000-0002-2824-8708,exact_name_one_openalex_author_id,GREEN,orcid_agrees,True,2023.0,2023,1,1,True,True
taliaringer,Talia Ringer,Talia Ringer,Talia Ringer,A5078343798,0000-0003-1854-3321,0000-0003-1854-3321,exact_name_one_openalex_author_id,YELLOW,orcid_agrees,False,2022.0,2022,3,3,True,False
tamararezk,Tamara Rezk,Tamara Rezk,Tamara Rezk,A5087729716,0000-0003-3744-0248,0000-0003-3744-0248,exact_name_one_openalex_author_id,GREEN,orcid_agrees,True,2021.0,2021,1,1,True,True
tamasszabo1,Tamás Szabó,Tamás Szabó,Tamás Szabó,A5010111965,0000-0001-9422-8142,,exact_name_one_openalex_author_id,YELLOW,orcid_org_not_unique,True,2024.0,2024,2,2,False,True
tarosekiyama,Taro Sekiyama,Taro Sekiyama,Taro Sekiyama,A5018002187,0000-0001-9286-230X,0000-0001-9286-230X,exact_name_one_openalex_author_id,GREEN,orcid_agrees,True,2021.0,2021,4,3,True,True
tatianashpeisman,Tatiana Shpeisman,Tatiana Shpeisman,Tatiana Shpeisman,A5076969648,0000-0002-4225-8734,0000-0002-4225-8734,exact_name_one_openalex_author_id,GREEN,orcid_agrees,True,2018.0,2018,2,1,True,True
tejchajed,Tej Chajed,Tej Chajed,Tej Chajed,A5010436566,0000-0002-9889-4828,0000-0002-9889-4828,exact_name_one_openalex_author_id,GREEN,orcid_agrees,True,2022.0,2022,3,2,True,True
thanhvunguyen,ThanhVu Nguyen,ThanhVu Nguyen,ThanhVu Nguyen,A5069411288,0000-0002-4255-4592,0000-0002-4255-4592,exact_name_one_openalex_author_id,YELLOW,orcid_agrees,False,2024.0,2024,3,3,True,False
thodorissotiropoulos,Thodoris Sotiropoulos,Thodoris Sotiropoulos,Thodoris Sotiropoulos,A5090354733,0000-0002-9906-3073,0000-0002-9906-3073,exact_name_one_openalex_author_id,YELLOW,orcid_agrees,False,2024.0,2024,2,1,True,False
thomasball,Thomas Ball,Thomas Ball,Thomas Ball,A5114248503,,,exact_name_one_openalex_author_id,YELLOW,orcid_org_not_unique,False,2025.0,2025,1,1,False,False
thomasbourgeat2,Thomas Bourgeat,Thomas Bourgeat,Thomas Bourgeat,A5031573662,0000-0002-8468-8409,,exact_name_one_openalex_author_id,YELLOW,orcid_org_not_unique,True,2024.0,2024,2,1,False,True
thomaskoehler,Thomas Koehler,Thomas Koehler,Thomas Kœhler,A5101638400,0000-0001-8461-8075,,exact_name_one_openalex_author_id,YELLOW,orcid_org_not_unique,True,2025.0,2025,1,1,False,True
thomasreps,Thomas Reps,Thomas Reps,Thomas Reps,A5066155126,0000-0002-5676-9949,0000-0002-5676-9949,exact_name_one_openalex_author_id,YELLOW,orcid_agrees,False,2021.0,2021,2,2,True,False
thomasshull,Thomas Shull,Thomas Shull,Thomas Shull,A5090891852,,,exact_name_one_openalex_author_id,YELLOW,orcid_org_not_unique,False,2021.0,2021,2,1,False,False
thomaswahl,Thomas Wahl,Thomas Wahl,Thomas Wahl,A5002008766,0000-0003-3643-5463,,exact_name_one_openalex_author_id,YELLOW,orcid_org_not_unique,True,2022.0,2022,1,1,False,True
thomaswies,Thomas Wies,Thomas Wies,Thomas Wies,A5003819403,0000-0003-4051-5968,0000-0003-4051-5968,exact_name_one_openalex_author_id,GREEN,orcid_agrees,True,2020.0,2020,3,2,True,True
thorstenaltenkirch,Thorsten Altenkirch,Thorsten Altenkirch,Thorsten Altenkirch,A5056420469,0000-0002-6582-5025,,exact_name_one_openalex_author_id,YELLOW,orcid_org_not_unique,True,2018.0,2018,1,1,False,True
theowinterhalter,Théo Winterhalter,Théo Winterhalter,Théo Winterhalter,A5066566147,0000-0002-9881-3696,0000-0002-9881-3696,exact_name_one_openalex_author_id,GREEN,orcid_agrees,True,2023.0,2023,2,2,True,True
tiagocogumbreiro,Tiago Cogumbreiro,Tiago Cogumbreiro,Tiago Cogumbreiro,A5080492532,0000-0002-3209-9258,0000-0002-3209-9258,exact_name_one_openalex_author_id,GREEN,orcid_agrees,True,2025.0,2025,2,2,True,True
tiarkrompf,Tiark Rompf,Tiark Rompf,Tiark Rompf,A5003153354,0000-0002-2068-3238,0000-0002-2068-3238,exact_name_one_openalex_author_id,GREEN,orcid_agrees,True,2018.0,2018,8,6,True,True
timharris,Tim Harris,Tim Harris,Tim Harris,A5018504427,0000-0001-9628-130X,,exact_name_one_openalex_author_id,YELLOW,orcid_org_not_unique,True,2017.0,2017,1,1,False,True
timongehr,Timon Gehr,Timon Gehr,Timon Gehr,A5045044745,0009-0000-7470-0489,0009-0000-7470-0489,exact_name_one_openalex_author_id,YELLOW,orcid_agrees,False,2021.0,2021,3,2,True,False
tobiasgrosser,Tobias Grosser,Tobias Grosser,Tobias Grosser,A5055618037,0000-0003-3874-6003,0000-0003-3874-6003,exact_name_one_openalex_author_id,YELLOW,orcid_agrees,False,2024.0,2024,2,2,True,False
tobiaswrigstad,Tobias Wrigstad,Tobias Wrigstad,Tobias Wrigstad,A5053132997,0000-0002-4269-5408,0000-0002-4269-5408,exact_name_one_openalex_author_id,YELLOW,orcid_agrees,False,2018.0,2018,7,4,True,False
tobymurray,Toby Murray,Toby Murray,Toby Murray,A5043210393,0000-0002-8271-0289,,exact_name_one_openalex_author_id,YELLOW,orcid_org_not_unique,True,2021.0,2021,2,1,False,True
toddmillstein,Todd Millstein,Todd Millstein,Todd Millstein,A5014067492,0000-0002-2031-1514,0000-0002-2031-1514,exact_name_one_openalex_author_id,YELLOW,orcid_agrees,False,2018.0,2018,5,3,True,False
toddmytkowicz,Todd Mytkowicz,Todd Mytkowicz,Todd Mytkowicz,A5013212213,,0009-0009-0395-855X,exact_name_one_openalex_author_id,YELLOW,no_openalex_orcid_to_compare,False,2018.0,2018,2,2,False,False
tomvancutsem,Tom Van Cutsem,Tom Van Cutsem,Tom Van Cutsem,A5083977662,0000-0003-4116-4290,,exact_name_one_openalex_author_id,YELLOW,orcid_org_not_unique,True,2017.0,2017,1,1,False,True
tomofumiyuki,Tomofumi Yuki,Tomofumi Yuki,Tomofumi Yuki,A5001146686,0000-0002-5737-6178,0000-0002-5737-6178,exact_name_one_openalex_author_id,GREEN,orcid_agrees,True,2021.0,2021,1,1,True,True
tomokinakamaru,Tomoki Nakamaru,Tomoki Nakamaru,Tomoki Nakamaru,A5083973204,0000-0002-9451-5595,0000-0002-9451-5595,exact_name_one_openalex_author_id,GREEN,orcid_agrees,True,2025.0,2025,2,2,True,True
tongpingliu1,Tongping Liu,Tongping Liu,Tongping Liu,A5038870570,0000-0002-1968-4081,,exact_name_one_openalex_author_id,YELLOW,orcid_org_not_unique,False,2024.0,2024,1,1,False,False
tylersorensen,Tyler Sorensen,Tyler Sorensen,Tyler Sorensen,A5052590511,0000-0003-1646-7935,,exact_name_one_openalex_author_id,YELLOW,orcid_org_not_unique,False,2020.0,2020,4,3,False,False
udaybondhugula,Uday Bondhugula,Uday Bondhugula,Uday Bondhugula,A5025342111,0000-0002-8297-6159,0000-0002-8297-6159,exact_name_one_openalex_author_id,GREEN,orcid_agrees,True,2017.0,2017,1,1,True,True
ugodallago,Ugo Dal Lago,Ugo Dal Lago,Ugo Dal Lago,A5084450516,0000-0001-9200-070X,,exact_name_one_openalex_author_id,YELLOW,orcid_org_not_unique,False,2020.0,2020,4,2,False,False
ulfnorell,Ulf Norell,Ulf Norell,Ulf Norell,A5017689034,,0000-0003-2999-0637,exact_name_one_openalex_author_id,YELLOW,no_openalex_orcid_to_compare,False,2024.0,2024,1,1,False,False
umangmathur,Umang Mathur,Umang Mathur,Umang Mathur,A5016958234,0000-0002-7610-0660,,exact_name_one_openalex_author_id,YELLOW,orcid_org_not_unique,False,2023.0,2023,4,4,False,False
umutacar,Umut A. Acar,Umut A. Acar,Umut A. Acar,A5015051107,0000-0002-2623-4986,0000-0002-2623-4986,exact_name_one_openalex_author_id,YELLOW,orcid_agrees,False,2021.0,2021,5,4,True,False
vkrishnanandivada,V Krishna Nandivada,V Krishna Nandivada,V. Krishna Nandivada,A5022804082,0000-0002-5949-0046,0000-0002-5949-0046,exact_name_one_openalex_author_id,GREEN,orcid_agrees,True,2024.0,2024,3,3,True,True
vascotvasconcelos,Vasco T. Vasconcelos,Vasco T. Vasconcelos,Vasco T. Vasconcelos,A5016342119,0000-0002-9539-8861,0000-0002-9539-8861,exact_name_one_openalex_author_id,YELLOW,orcid_agrees,False,2023.0,2023,3,3,True,False
veselinraychev,Veselin Raychev,Veselin Raychev,Veselin Raychev,A5051227985,,,exact_name_one_openalex_author_id,YELLOW,orcid_org_not_unique,False,2020.0,2020,2,1,False,False
vijayganesh,Vijay Ganesh,Vijay Ganesh,Vijay Ganesh,A5052292970,0000-0002-6029-2047,,exact_name_one_openalex_author_id,YELLOW,orcid_org_not_unique,False,2020.0,2020,3,2,False,False
vijaynagarajan,Vijay Nagarajan,Vijay Nagarajan,Vijay Nagarajan,A5056071760,0009-0000-5045-4754,,exact_name_one_openalex_author_id,YELLOW,orcid_org_not_unique,True,2022.0,2022,2,1,False,True
vijayaraghavanmurali,Vijayaraghavan Murali,Vijayaraghavan Murali,Vijayaraghavan Murali,A5051545971,0009-0009-1374-7334,0009-0009-1374-7334,exact_name_one_openalex_author_id,GREEN,orcid_agrees,True,2022.0,2022,1,1,True,True
vikashmansinghka,Vikash K. Mansinghka,Vikash K. Mansinghka,Vikash K. Mansinghka,A5068340465,0000-0003-2507-0833,,exact_name_one_openalex_author_id,YELLOW,orcid_org_not_unique,False,2017.0,2017,2,1,False,False
viktorkuncak,Viktor Kunčak,Viktor Kunčak,Viktor Kuncak,A5008699657,0000-0001-7044-9522,0000-0001-7044-9522,exact_name_one_openalex_author_id,YELLOW,orcid_agrees,False,2020.0,2020,5,2,True,False
viktorvafeiadis,Viktor Vafeiadis,Viktor Vafeiadis,Viktor Vafeiadis,A5023359178,0000-0001-8436-0334,0000-0001-8436-0334,exact_name_one_openalex_author_id,YELLOW,orcid_agrees,False,2018.0,2018,7,5,True,False
vineethkashyap,Vineeth Kashyap,Vineeth Kashyap,Vineeth Kashyap,A5103145520,0000-0003-0328-6297,0000-0003-0328-6297,exact_name_one_openalex_author_id,GREEN,orcid_agrees,True,2022.0,2022,1,1,True,True
vinodgrover,Vinod Grover,Vinod Grover,Vinod Grover,A5077691647,,0000-0003-0115-3896,exact_name_one_openalex_author_id,YELLOW,no_openalex_orcid_to_compare,False,2022.0,2022,2,1,False,False
viveksarkar,Vivek Sarkar,Vivek Sarkar,Vivek Sarkar,A5043513001,0000-0002-3433-8830,,exact_name_one_openalex_author_id,YELLOW,orcid_org_not_unique,True,2021.0,2021,1,1,False,True
vivianabono,Viviana Bono,Viviana Bono,Viviana Bono,A5075230989,0000-0002-2533-0511,0000-0002-2533-0511,exact_name_one_openalex_author_id,GREEN,orcid_agrees,True,2017.0,2017,1,1,True,True
vladimirzamdzhiev,Vladimir Zamdzhiev,Vladimir Zamdzhiev,Vladimir Zamdzhiev,A5047314189,0000-0002-9061-3921,0000-0002-9061-3921,exact_name_one_openalex_author_id,YELLOW,orcid_agrees,False,2025.0,2025,1,1,True,False
walterbinder,Walter Binder,Walter Binder,Walter Binder,A5074152163,0000-0002-2477-2182,,exact_name_one_openalex_author_id,YELLOW,orcid_org_not_unique,True,2019.0,2019,5,3,False,True
weile,Wei Le,Wei Le,Wei Le,A5074426991,0000-0002-6797-0648,,exact_name_one_openalex_author_id,YELLOW,orcid_org_not_unique,True,2024.0,2024,2,2,False,True
weihangwang,Weihang Wang,Weihang Wang,Weihang Wang,A5072088517,0000-0003-1175-4409,,exact_name_one_openalex_author_id,YELLOW,orcid_org_not_unique,True,2021.0,2021,1,1,False,True
wernerdietl,Werner Dietl,Werner Dietl,Werner Dietl,A5073449487,0000-0002-9316-6952,0000-0002-9316-6952,exact_name_one_openalex_author_id,YELLOW,orcid_agrees,False,2024.0,2024,2,2,True,False
willcrichton,Will Crichton,Will Crichton,Will Crichton,A5043562884,0000-0001-8639-6541,0000-0001-8639-6541,exact_name_one_openalex_author_id,GREEN,orcid_agrees,True,2025.0,2025,1,1,True,True
willemvisser,Willem Visser,Willem Visser,Willem Visser,A5088454541,0000-0002-0913-3091,,exact_name_one_openalex_author_id,YELLOW,orcid_org_not_unique,True,2021.0,2021,1,1,False,True
williamebyrd,William E. Byrd,William E. Byrd,William E. Byrd,A5005980154,0000-0003-4730-5293,,exact_name_one_openalex_author_id,YELLOW,orcid_org_not_unique,True,2025.0,2025,1,1,False,True
williamjbowman,William J. Bowman,William J. Bowman,William J. Bowman,A5049942420,0000-0002-6402-4840,0000-0002-6402-4840,exact_name_one_openalex_author_id,YELLOW,orcid_agrees,False,2021.0,2021,3,2,True,False
williammansky,William Mansky,William Mansky,William Mansky,A5013427753,0000-0002-5351-895X,0000-0002-5351-895X,exact_name_one_openalex_author_id,GREEN,orcid_agrees,True,2024.0,2024,1,1,True,True
willowahrens,Willow Ahrens,Willow Ahrens,Willow Ahrens,A5060063626,0000-0002-4963-0869,0000-0002-4963-0869,exact_name_one_openalex_author_id,YELLOW,orcid_agrees,False,2025.0,2025,1,1,True,False
wolfgangdemeuter,Wolfgang De Meuter,Wolfgang De Meuter,Wolfgang De Meuter,A5090657641,0000-0002-5229-5627,0000-0002-5229-5627,exact_name_one_openalex_author_id,GREEN,orcid_agrees,True,2023.0,2023,2,2,True,True
woosuklee,Woosuk Lee,Woosuk Lee,Woosuk Lee,A5076120088,0000-0002-1884-619X,,exact_name_one_openalex_author_id,YELLOW,orcid_org_not_unique,True,2019.0,2019,7,4,False,True
wouterswierstra,Wouter Swierstra,Wouter Swierstra,Wouter Swierstra,A5019085361,0000-0002-0295-7944,0000-0002-0295-7944,exact_name_one_openalex_author_id,GREEN,orcid_agrees,True,2018.0,2018,2,1,True,True
xavierleroy,Xavier Leroy,Xavier Leroy,Xavier Leroy,A5058330133,0000-0002-8971-9171,,exact_name_one_openalex_author_id,YELLOW,orcid_org_not_unique,False,2018.0,2018,3,1,False,False
xavierrival,Xavier Rival,Xavier Rival,Xavier Rival,A5037983866,0000-0002-2875-6171,0000-0002-2875-6171,exact_name_one_openalex_author_id,GREEN,orcid_agrees,True,2020.0,2020,3,2,True,True
xiaodiwu,Xiaodi Wu,Xiaodi Wu,Xiaodi Wu,A5044901410,0000-0001-8877-9802,,exact_name_one_openalex_author_id,YELLOW,orcid_org_not_unique,False,2022.0,2022,4,2,False,False
xiaokangqiu,Xiaokang Qiu,Xiaokang Qiu,Xiaokang Qiu,A5041566154,0000-0001-9476-7349,,exact_name_one_openalex_author_id,YELLOW,orcid_org_not_unique,True,2022.0,2022,5,4,False,True
xiaoningdu,Xiaoning Du,Xiaoning Du,Xiaoning Du,A5102717874,0000-0003-3728-9541,,exact_name_one_openalex_author_id,YELLOW,orcid_org_not_unique,True,2025.0,2025,2,2,False,True
xipengshen,Xipeng Shen,Xipeng Shen,Xipeng Shen,A5100624451,0000-0003-3599-8010,,exact_name_one_openalex_author_id,YELLOW,orcid_org_not_unique,True,2018.0,2018,3,1,False,True
xujiesi,Xujie Si,Xujie Si,Xujie Si,A5059074509,0000-0002-3739-2269,0000-0002-3739-2269,exact_name_one_openalex_author_id,GREEN,orcid_agrees,True,2022.0,2022,2,1,True,True
xulongtang,Xulong Tang,Xulong Tang,Xulong Tang,A5087859795,0000-0002-3385-2053,,exact_name_one_openalex_author_id,YELLOW,orcid_org_not_unique,True,2021.0,2021,2,1,False,True
yahuisong1,Yahui Song,Yahui Song,Yahui Song,A5055216402,0000-0002-9760-5895,,exact_name_one_openalex_author_id,YELLOW,orcid_org_not_unique,True,2025.0,2025,1,1,False,True
yakirvizel,Yakir Vizel,Yakir Vizel,Yakir Vizel,A5024975162,0000-0002-5655-1667,0000-0002-5655-1667,exact_name_one_openalex_author_id,GREEN,orcid_agrees,True,2025.0,2025,2,2,True,True
yanivdavid,Yaniv David,Yaniv David,Yaniv David,A5023589581,,0000-0002-1630-7723,exact_name_one_openalex_author_id,YELLOW,no_openalex_orcid_to_compare,False,2021.0,2021,2,1,False,False
yanjuchen,Yanju Chen,Yanju Chen,Yanju Chen,A5101573237,0000-0002-6494-3126,,exact_name_one_openalex_author_id,YELLOW,orcid_org_not_unique,True,2025.0,2025,2,2,False,True
yannherklotz,Yann Herklotz,Yann Herklotz,Yann Herklotz,A5085695502,0000-0002-2329-1029,0000-0002-2329-1029,exact_name_one_openalex_author_id,GREEN,orcid_agrees,True,2025.0,2025,1,1,True,True
yannregisgianas,Yann Régis-Gianas,Yann Régis-Gianas,Yann Régis-Gianas,A5007052309,0000-0002-0745-8730,0000-0002-0745-8730,exact_name_one_openalex_author_id,GREEN,orcid_agrees,True,2022.0,2022,1,1,True,True
yannickforster,Yannick Forster,Yannick Forster,Yannick Forster,A5080496189,0000-0002-8676-9819,,exact_name_one_openalex_author_id,YELLOW,orcid_org_not_unique,True,2025.0,2025,1,1,False,True
yannickzakowski1,Yannick Zakowski,Yannick Zakowski,Yannick Zakowski,A5041784780,0000-0003-4585-6470,0000-0003-4585-6470,exact_name_one_openalex_author_id,YELLOW,orcid_agrees,False,2022.0,2022,4,4,True,False
yannissmaragdakis,Yannis Smaragdakis,Yannis Smaragdakis,Yannis Smaragdakis,A5043949214,0000-0002-0499-0182,0000-0002-0499-0182,exact_name_one_openalex_author_id,YELLOW,orcid_agrees,False,2018.0,2018,6,3,True,False
yaoli,Yao Li,Yao Li,Yao Li,A5100411211,0000-0001-8720-883X,,exact_name_one_openalex_author_id,YELLOW,orcid_org_not_unique,True,2023.0,2023,3,2,False,True
yatinmanerkar,Yatin Manerkar,Yatin A. Manerkar,Yatin A. Manerkar,A5027050350,0000-0002-6954-2292,0000-0002-6954-2292,exact_name_one_openalex_author_id,GREEN,orcid_agrees,True,2024.0,2024,1,1,True,True
yingfeixiong,Yingfei Xiong,Yingfei Xiong,Yingfei Xiong,A5100712724,0000-0001-8991-747X,,exact_name_one_openalex_author_id,YELLOW,orcid_org_not_unique,False,2023.0,2023,3,3,False,False
yizhouzhang,Yizhou Zhang,Yizhou Zhang,Yizhou Zhang,A5100643391,0000-0002-8206-4694,,exact_name_one_openalex_author_id,YELLOW,orcid_org_not_unique,True,2022.0,2022,6,4,False,True
youyoucong,Youyou Cong,Youyou Cong,Youyou Cong,A5079543555,0000-0003-2315-6182,0000-0003-2315-6182,exact_name_one_openalex_author_id,GREEN,orcid_agrees,True,2021.0,2021,3,3,True,True
yudavidliu,Yu David Liu,Yu David Liu,Yu David Liu,A5068471814,0000-0002-2768-3898,0000-0002-2768-3898,exact_name_one_openalex_author_id,GREEN,orcid_agrees,True,2019.0,2019,4,4,True,True
yufeiding,Yufei Ding,Yufei Ding,Yufei Ding,A5048052285,0000-0002-8716-5793,,exact_name_one_openalex_author_id,YELLOW,orcid_org_not_unique,True,2019.0,2019,2,2,False,True
yukiyoshikameyama,Yukiyoshi Kameyama,Yukiyoshi Kameyama,Yukiyoshi Kameyama,A5052312242,0000-0002-2693-5133,0000-0002-2693-5133,exact_name_one_openalex_author_id,GREEN,orcid_agrees,True,2023.0,2023,1,1,True,True
yuleisui,Yulei Sui,Yulei Sui,Yulei Sui,A5053058502,0000-0002-9510-6574,,exact_name_one_openalex_author_id,YELLOW,orcid_org_not_unique,False,2024.0,2024,2,2,False,False
yunhuizheng,Yunhui Zheng,Yunhui Zheng,Yunhui Zheng,A5039824895,0000-0002-6794-3199,,exact_name_one_openalex_author_id,YELLOW,orcid_org_not_unique,True,2020.0,2020,2,1,False,True
zacharykincaid,Zachary Kincaid,Zachary Kincaid,Zachary Kincaid,A5041698482,0000-0002-7294-9165,,exact_name_one_openalex_author_id,YELLOW,orcid_org_not_unique,True,2017.0,2017,5,2,False,True
zacharytatlock,Zachary Tatlock,Zachary Tatlock,Zachary Tatlock,A5042187082,0000-0002-4731-0124,0000-0002-4731-0124,exact_name_one_openalex_author_id,YELLOW,orcid_agrees,False,2018.0,2018,6,2,True,False
zenaariola,Zena M. Ariola,Zena M. Ariola,Zena M. Ariola,A5064696313,0000-0001-5551-8294,0000-0001-5551-8294,exact_name_one_openalex_author_id,GREEN,orcid_agrees,True,2021.0,2021,2,1,True,True
zhongshao,Zhong Shao,Zhong Shao,Zhong Shao,A5070627140,0000-0001-8184-7649,,exact_name_one_openalex_author_id,YELLOW,orcid_org_not_unique,False,2018.0,2018,5,3,False,False
zhoulaifu,Zhoulai Fu,Zhoulai Fu,Zhoulai Fu,A5089294104,0000-0003-2073-0564,0000-0003-2073-0564,exact_name_one_openalex_author_id,GREEN,orcid_agrees,True,2023.0,2023,1,1,True,True
zoeparaskevopoulou,Zoe Paraskevopoulou,Zoe Paraskevopoulou,Zoe Paraskevopoulou,A5011183925,0009-0001-2352-9818,0009-0001-2352-9818,exact_name_one_openalex_author_id,GREEN,orcid_agrees,True,2023.0,2023,2,2,True,True
zvonimirrakamaric,Zvonimir Rakamaric,Zvonimir Rakamaric,Zvonimir Rakamarić,A5021217615,0000-0001-7946-0162,0000-0001-7946-0162,exact_name_one_openalex_author_id,GREEN,orcid_agrees,True,2018.0,2018,1,1,True,True
etanter,Éric Tanter,Éric Tanter,Éric Tanter,A5074606459,0000-0002-7359-890X,0000-0002-7359-890X,exact_name_one_openalex_author_id,YELLOW,orcid_agrees,False,2018.0,2018,5,3,True,False
