event_unit_id,researcher_id,name,conference,first_pc_year_conference,raw_first_publication_year,first_cs_publication_year,career_age_publication_year,career_age_publication_year_status,career_age_at_first_pc,h_index,h_index_fetch_date,n_pc_years_this_conference,service_pattern_this_conference,first_observed_pc_year_conf,source_verified_first_pc_year_conf,source_verified_first_broad_service_year_conf,had_prior_pc_before_observed_conf,had_prior_broad_service_before_observed_conf,prior_pc_evidence_count_conf,prior_broad_service_evidence_count_conf,is_true_first_pc_in_observed_year_conf,is_true_first_broad_service_in_observed_year_conf,source_history_pc_group_this_conference,is_balanced_window,has_followup_pc_service,is_isolated_first_pc_event_window,event_definition,match_confidence,orcid_org_comparison,ideal_openalex_case,baseline_raw_citations,baseline_log10_citations
brunooliveira|ICFP|2019,brunooliveira,Bruno C. d. S. Oliveira,ICFP,2019,2002,2002,2002,usable_1980_or_later,17,23,2026-06-12,1,single_observed_pc_year,2019.0,2019.0,2006.0,False,True,0.0,8.0,True,False,source_verified_first_pc_year,True,0,True,balanced_no_followup_pc_t1_t2,YELLOW,orcid_agrees,False,3.5,0.6505149978319906
christosdimoulas1|ICFP|2019,christosdimoulas1,Christos Dimoulas,ICFP,2019,2008,2008,2008,usable_1980_or_later,11,12,2026-06-12,1,single_observed_pc_year,2019.0,2019.0,2008.0,False,True,0.0,3.0,True,False,source_verified_first_pc_year,True,0,True,balanced_no_followup_pc_t1_t2,GREEN,orcid_agrees,True,7.0,0.8890756251918218
chungchiehshan|ICFP|2019,chungchiehshan,Chung-chieh Shan,ICFP,2019,2002,2002,2002,usable_1980_or_later,17,29,2026-06-12,2,repeat_observed_pc_years,2019.0,2008.0,2006.0,True,True,2.0,6.0,False,False,prior_pc_found_before_observed_year,True,0,True,balanced_no_followup_pc_t1_t2,GREEN,orcid_agrees,True,12.5,1.1276362525516532
daanleijen|ICFP|2019,daanleijen,Daan Leijen,ICFP,2019,1998,1998,1998,usable_1980_or_later,21,27,2026-06-12,2,repeat_observed_pc_years,2019.0,2009.0,2005.0,True,True,2.0,5.0,False,False,prior_pc_found_before_observed_year,True,0,True,balanced_no_followup_pc_t1_t2,YELLOW,orcid_org_not_unique,False,3.5,0.6505149978319906
ezgicicek|ICFP|2019,ezgicicek,Ezgi Çiçek,ICFP,2019,2015,2015,2015,usable_1980_or_later,4,5,2026-06-12,1,single_observed_pc_year,2019.0,2019.0,2019.0,False,False,0.0,0.0,True,True,source_verified_first_pc_year,True,0,True,balanced_no_followup_pc_t1_t2,YELLOW,orcid_org_not_unique,False,3.0,0.5395906230238124
frankpfenning|ICFP|2019,frankpfenning,Frank Pfenning,ICFP,2019,1984,1984,1984,usable_1980_or_later,35,54,2026-06-12,2,repeat_observed_pc_years,2019.0,2005.0,2005.0,True,True,2.0,3.0,False,False,prior_pc_found_before_observed_year,True,0,True,balanced_no_followup_pc_t1_t2,YELLOW,orcid_org_not_unique,False,24.5,1.3868932224905968
jacqueshenrijourdan|ICFP|2019,jacqueshenrijourdan,Jacques-Henri Jourdan,ICFP,2019,2011,2011,2011,usable_1980_or_later,8,18,2026-06-12,1,single_observed_pc_year,2019.0,2019.0,2015.0,False,True,0.0,1.0,True,False,source_verified_first_pc_year,True,0,True,balanced_no_followup_pc_t1_t2,YELLOW,orcid_agrees,False,2.5,0.3890756251918218
jenniferpaykin|ICFP|2019,jenniferpaykin,Jennifer Paykin,ICFP,2019,2011,2011,2011,usable_1980_or_later,8,8,2026-06-12,1,single_observed_pc_year,2019.0,2019.0,2015.0,False,True,0.0,1.0,True,False,source_verified_first_pc_year,True,0,True,balanced_no_followup_pc_t1_t2,YELLOW,no_openalex_orcid_to_compare,False,0.5,0.1505149978319906
joachimbreitner|ICFP|2019,joachimbreitner,Joachim Breitner,ICFP,2019,2010,2010,2010,usable_1980_or_later,9,10,2026-06-12,2,repeat_observed_pc_years,2019.0,2019.0,2018.0,False,True,0.0,1.0,True,False,source_verified_first_pc_year,True,0,True,balanced_no_followup_pc_t1_t2,YELLOW,orcid_agrees,False,6.0,0.8010299956639813
klausostermann|ICFP|2019,klausostermann,Klaus Ostermann,ICFP,2019,1981,2000,2000,usable_1980_or_later,19,31,2026-06-12,2,repeat_observed_pc_years,2019.0,2019.0,2019.0,False,False,0.0,0.0,True,True,source_verified_first_pc_year,True,0,True,balanced_no_followup_pc_t1_t2,GREEN,orcid_agrees,True,3.5,0.627636252551653
lauramcastro|ICFP|2019,lauramcastro,Laura M. Castro,ICFP,2019,2003,2003,2003,usable_1980_or_later,16,8,2026-06-12,2,repeat_observed_pc_years,2019.0,2019.0,2019.0,False,False,0.0,0.0,True,True,source_verified_first_pc_year,True,0,True,balanced_no_followup_pc_t1_t2,YELLOW,orcid_org_not_unique,True,0.0,0.0
lennartberinger|ICFP|2019,lennartberinger,Lennart Beringer,ICFP,2019,2001,2001,2001,usable_1980_or_later,18,20,2026-06-12,1,single_observed_pc_year,2019.0,2019.0,2009.0,False,True,0.0,1.0,True,False,source_verified_first_pc_year,True,0,True,balanced_no_followup_pc_t1_t2,GREEN,orcid_agrees,True,2.5,0.5395906230238124
mikerainey|ICFP|2019,mikerainey,Mike Rainey,ICFP,2019,2007,2007,2007,usable_1980_or_later,12,15,2026-06-12,1,single_observed_pc_year,2019.0,2015.0,2015.0,True,True,1.0,4.0,False,False,prior_pc_found_before_observed_year,True,0,True,balanced_no_followup_pc_t1_t2,YELLOW,orcid_org_not_unique,False,2.5,0.5
pierreyvesstrub|ICFP|2019,pierreyvesstrub,Pierre-Yves Strub,ICFP,2019,2001,2001,2001,usable_1980_or_later,18,29,2026-06-12,1,single_observed_pc_year,2019.0,2019.0,2013.0,False,True,0.0,1.0,True,False,source_verified_first_pc_year,True,0,True,balanced_no_followup_pc_t1_t2,YELLOW,orcid_org_not_unique,False,6.0,0.8266062568876719
samstaton|ICFP|2019,samstaton,Sam Staton,ICFP,2019,2004,2004,2004,usable_1980_or_later,15,20,2026-06-12,1,single_observed_pc_year,2019.0,2013.0,2013.0,True,True,1.0,1.0,False,False,prior_pc_found_before_observed_year,True,0,True,balanced_no_followup_pc_t1_t2,YELLOW,orcid_agrees,False,6.0,0.8406206186877936
andreasabel|ICFP|2020,andreasabel,Andreas Abel,ICFP,2020,1986,2000,2000,usable_1980_or_later,20,28,2026-06-12,2,repeat_observed_pc_years,2020.0,2020.0,2013.0,False,True,0.0,2.0,True,False,source_verified_first_pc_year,True,0,True,balanced_no_followup_pc_t1_t2,YELLOW,orcid_org_not_unique,True,10.5,1.0501852725587815
atsushiohori|ICFP|2020,atsushiohori,Atsushi Ohori,ICFP,2020,1983,1983,1983,usable_1980_or_later,37,19,2026-06-12,1,single_observed_pc_year,2020.0,2009.0,2006.0,True,True,1.0,4.0,False,False,prior_pc_found_before_observed_year,True,0,True,balanced_no_followup_pc_t1_t2,YELLOW,no_openalex_orcid_to_compare,False,3.5,0.573064017839119
daviddarais|ICFP|2020,daviddarais,David Darais,ICFP,2020,2010,2010,2010,usable_1980_or_later,10,9,2026-06-12,2,repeat_observed_pc_years,2020.0,2020.0,2014.0,False,True,0.0,2.0,True,False,source_verified_first_pc_year,True,0,True,balanced_no_followup_pc_t1_t2,YELLOW,orcid_agrees,False,2.5,0.3890756251918218
edwinbrady|ICFP|2020,edwinbrady,Edwin Brady,ICFP,2020,2004,2004,2004,usable_1980_or_later,16,14,2026-06-12,1,single_observed_pc_year,2020.0,2014.0,2007.0,True,True,1.0,6.0,False,False,prior_pc_found_before_observed_year,True,0,True,balanced_no_followup_pc_t1_t2,YELLOW,orcid_agrees,False,7.0,0.8996702747267908
frankpiessens|ICFP|2020,frankpiessens,Frank Piessens,ICFP,2020,1992,1992,1992,usable_1980_or_later,28,54,2026-06-12,1,single_observed_pc_year,2020.0,2020.0,2020.0,False,False,0.0,0.0,True,True,source_verified_first_pc_year,True,0,True,balanced_no_followup_pc_t1_t2,YELLOW,orcid_agrees,False,7.5,0.8890756251918219
fritzhenglein|ICFP|2020,fritzhenglein,Fritz Henglein,ICFP,2020,1985,1985,1985,usable_1980_or_later,35,24,2026-06-12,2,repeat_observed_pc_years,2020.0,2010.0,2010.0,True,True,3.0,5.0,False,False,prior_pc_found_before_observed_year,True,0,True,balanced_no_followup_pc_t1_t2,YELLOW,orcid_agrees,False,5.0,0.7525749891599529
geoffreymainland|ICFP|2020,geoffreymainland,Geoffrey Mainland,ICFP,2020,2004,2004,2004,usable_1980_or_later,16,16,2026-06-12,1,single_observed_pc_year,2020.0,2014.0,2009.0,True,True,1.0,7.0,False,False,prior_pc_found_before_observed_year,True,0,True,balanced_no_followup_pc_t1_t2,GREEN,orcid_agrees,True,2.0,0.34948500216800943
jonathanprotzenko|ICFP|2020,jonathanprotzenko,Jonathan Protzenko,ICFP,2020,2012,2012,2012,usable_1980_or_later,8,17,2026-06-12,2,repeat_observed_pc_years,2020.0,2020.0,2019.0,False,True,0.0,1.0,True,False,source_verified_first_pc_year,True,0,True,balanced_no_followup_pc_t1_t2,GREEN,orcid_agrees,True,1.5,0.3010299956639812
kcsivaramakrishnan|ICFP|2020,kcsivaramakrishnan,KC Sivaramakrishnan,ICFP,2020,2001,2001,2001,usable_1980_or_later,19,15,2026-06-12,2,repeat_observed_pc_years,2020.0,2020.0,2019.0,False,True,0.0,1.0,True,False,source_verified_first_pc_year,True,0,True,balanced_no_followup_pc_t1_t2,GREEN,orcid_agrees,True,4.0,0.690105620855803
magnusomyreen|ICFP|2020,magnusomyreen,Magnus O. Myreen,ICFP,2020,2005,2005,2005,usable_1980_or_later,15,24,2026-06-12,1,single_observed_pc_year,2020.0,2020.0,2010.0,False,True,0.0,1.0,True,False,source_verified_first_pc_year,True,0,True,balanced_no_followup_pc_t1_t2,GREEN,orcid_agrees,True,1.5,0.3890756251918218
makotohamana|ICFP|2020,makotohamana,Makoto Hamana,ICFP,2020,1997,1997,1997,usable_1980_or_later,23,11,2026-06-12,1,single_observed_pc_year,2020.0,2020.0,2020.0,False,False,0.0,0.0,True,True,source_verified_first_pc_year,True,0,True,balanced_no_followup_pc_t1_t2,GREEN,orcid_agrees,True,1.0,0.23856062735983122
matthewfluet|ICFP|2020,matthewfluet,Matthew Fluet,ICFP,2020,1999,1999,1999,usable_1980_or_later,21,21,2026-06-12,1,single_observed_pc_year,2020.0,2016.0,2006.0,True,True,2.0,9.0,False,False,prior_pc_found_before_observed_year,True,0,True,balanced_no_followup_pc_t1_t2,YELLOW,orcid_agrees,False,4.5,0.7385606273598313
nadiapolikarpova|ICFP|2020,nadiapolikarpova,Nadia Polikarpova,ICFP,2020,1995,1995,1995,usable_1980_or_later,25,19,2026-06-12,1,single_observed_pc_year,2020.0,2018.0,2018.0,True,True,1.0,2.0,False,False,prior_pc_found_before_observed_year,True,0,True,balanced_no_followup_pc_t1_t2,GREEN,orcid_agrees,True,1.0,0.3010299956639812
robbertkrebbers|ICFP|2020,robbertkrebbers,Robbert Krebbers,ICFP,2020,1997,2009,2009,usable_1980_or_later,11,25,2026-06-12,2,repeat_observed_pc_years,2020.0,2020.0,2011.0,False,True,0.0,1.0,True,False,source_verified_first_pc_year,True,0,True,balanced_no_followup_pc_t1_t2,YELLOW,orcid_agrees,False,11.5,1.0880456295278407
akimasamorihata|ICFP|2021,akimasamorihata,Akimasa Morihata,ICFP,2021,2005,2005,2005,usable_1980_or_later,16,7,2026-06-12,1,single_observed_pc_year,2021.0,2021.0,2008.0,False,True,0.0,8.0,True,False,source_verified_first_pc_year,True,0,True,balanced_no_followup_pc_t1_t2,YELLOW,orcid_org_not_unique,True,2.5,0.3890756251918218
amintimany|ICFP|2021,amintimany,Amin Timany,ICFP,2021,2014,2014,2014,usable_1980_or_later,7,13,2026-06-12,1,single_observed_pc_year,2021.0,2021.0,2021.0,False,False,0.0,0.0,True,True,source_verified_first_pc_year,True,0,True,balanced_no_followup_pc_t1_t2,GREEN,orcid_agrees,True,6.0,0.7592569699389438
arjunguha|ICFP|2021,arjunguha,Arjun Guha,ICFP,2021,2005,2006,2006,usable_1980_or_later,15,30,2026-06-12,1,single_observed_pc_year,2021.0,2021.0,2012.0,False,True,0.0,2.0,True,False,source_verified_first_pc_year,True,0,True,balanced_no_followup_pc_t1_t2,YELLOW,orcid_org_not_unique,False,0.0,0.0
bengreenman|ICFP|2021,bengreenman,Ben Greenman,ICFP,2021,2005,2005,2005,usable_1980_or_later,16,13,2026-06-12,1,single_observed_pc_year,2021.0,2021.0,2018.0,False,True,0.0,1.0,True,False,source_verified_first_pc_year,True,0,True,balanced_no_followup_pc_t1_t2,YELLOW,orcid_org_not_unique,True,0.5,0.1505149978319906
brigittepientka|ICFP|2021,brigittepientka,Brigitte Pientka,ICFP,2021,1997,1997,1997,usable_1980_or_later,24,20,2026-06-12,2,repeat_observed_pc_years,2021.0,2008.0,2005.0,True,True,2.0,7.0,False,False,prior_pc_found_before_observed_year,True,0,True,balanced_no_followup_pc_t1_t2,YELLOW,orcid_agrees,False,5.0,0.7525749891599529
christinerizkallah|ICFP|2021,christinerizkallah,Christine Rizkallah,ICFP,2021,2009,2009,2009,usable_1980_or_later,12,10,2026-06-12,1,single_observed_pc_year,2021.0,2021.0,2018.0,False,True,0.0,3.0,True,False,source_verified_first_pc_year,True,0,True,balanced_no_followup_pc_t1_t2,YELLOW,orcid_agrees,False,1.0,0.23856062735983122
cyrusomar|ICFP|2021,cyrusomar,Cyrus Omar,ICFP,2021,2008,2008,2008,usable_1980_or_later,13,12,2026-06-12,1,single_observed_pc_year,2021.0,2021.0,2020.0,False,True,0.0,2.0,True,False,source_verified_first_pc_year,True,0,True,balanced_no_followup_pc_t1_t2,GREEN,orcid_agrees,True,0.5,0.1505149978319906
eijirosumii|ICFP|2021,eijirosumii,Eijiro Sumii,ICFP,2021,1998,1998,1998,usable_1980_or_later,23,17,2026-06-12,1,single_observed_pc_year,2021.0,2012.0,2007.0,True,True,3.0,10.0,False,False,prior_pc_found_before_observed_year,True,0,True,balanced_no_followup_pc_t1_t2,YELLOW,no_openalex_orcid_to_compare,False,0.5,0.1505149978319906
ekaterinakomendantskaya|ICFP|2021,ekaterinakomendantskaya,Ekaterina Komendantskaya,ICFP,2021,2005,2005,2005,usable_1980_or_later,16,16,2026-06-12,2,repeat_observed_pc_years,2021.0,2021.0,2021.0,False,False,0.0,0.0,True,True,source_verified_first_pc_year,True,0,True,balanced_no_followup_pc_t1_t2,GREEN,orcid_agrees,True,0.0,0.0
jurriaanhage|ICFP|2021,jurriaanhage,Jurriaan Hage,ICFP,2021,1992,1999,1999,usable_1980_or_later,22,20,2026-06-12,1,single_observed_pc_year,2021.0,2016.0,2006.0,True,True,2.0,6.0,False,False,prior_pc_found_before_observed_year,True,0,True,balanced_no_followup_pc_t1_t2,YELLOW,orcid_agrees,False,1.5,0.3890756251918218
leonidaslampropoulos|ICFP|2021,leonidaslampropoulos,Leonidas Lampropoulos,ICFP,2021,2012,2012,2012,usable_1980_or_later,9,10,2026-06-12,1,single_observed_pc_year,2021.0,2021.0,2020.0,False,True,0.0,1.0,True,False,source_verified_first_pc_year,True,0,True,balanced_no_followup_pc_t1_t2,YELLOW,orcid_agrees,False,0.5,0.1505149978319906
matteocimini|ICFP|2021,matteocimini,Matteo Cimini,ICFP,2021,2010,2010,2010,usable_1980_or_later,11,11,2026-06-12,1,single_observed_pc_year,2021.0,2021.0,2021.0,False,False,0.0,0.0,True,True,source_verified_first_pc_year,True,0,True,balanced_no_followup_pc_t1_t2,YELLOW,orcid_org_not_unique,False,0.0,0.0
maxnew|ICFP|2021,maxnew,Max S. New,ICFP,2021,2016,2016,2016,usable_1980_or_later,5,10,2026-06-12,1,single_observed_pc_year,2021.0,2021.0,2015.0,False,True,0.0,1.0,True,False,source_verified_first_pc_year,True,0,True,balanced_no_followup_pc_t1_t2,YELLOW,orcid_agrees,False,2.0,0.45154499349597177
patriciapatriciajohann|ICFP|2021,patriciapatriciajohann,Patricia Johann,ICFP,2021,1990,1990,1990,usable_1980_or_later,31,16,2026-06-12,2,repeat_observed_pc_years,2021.0,2006.0,2005.0,True,True,3.0,5.0,False,False,prior_pc_found_before_observed_year,True,0,True,balanced_no_followup_pc_t1_t2,GREEN,orcid_agrees,True,1.0,0.3010299956639812
ralfjung|ICFP|2021,ralfjung,Ralf Jung,ICFP,2021,1996,1996,1996,usable_1980_or_later,25,20,2026-06-12,2,repeat_observed_pc_years,2021.0,2021.0,2019.0,False,True,0.0,1.0,True,False,source_verified_first_pc_year,True,0,True,balanced_no_followup_pc_t1_t2,YELLOW,orcid_agrees,False,14.0,1.1227563339070747
rishiyurnikhil|ICFP|2021,rishiyurnikhil,Rishiyur Nikhil,ICFP,2021,1981,1981,1981,usable_1980_or_later,40,18,2026-06-12,1,single_observed_pc_year,2021.0,2021.0,2021.0,False,False,0.0,0.0,True,True,source_verified_first_pc_year,True,0,True,balanced_no_followup_pc_t1_t2,YELLOW,orcid_org_not_unique,False,0.0,0.0
stefankmuller|ICFP|2021,stefankmuller,Stefan K. Muller,ICFP,2021,2012,2012,2012,usable_1980_or_later,9,5,2026-06-12,1,single_observed_pc_year,2021.0,2021.0,2020.0,False,True,0.0,2.0,True,False,source_verified_first_pc_year,True,0,True,balanced_no_followup_pc_t1_t2,GREEN,orcid_agrees,True,2.0,0.45154499349597177
stephaniebalzer|ICFP|2021,stephaniebalzer,Stephanie Balzer,ICFP,2021,2005,2005,2005,usable_1980_or_later,16,11,2026-06-12,1,single_observed_pc_year,2021.0,2021.0,2020.0,False,True,0.0,2.0,True,False,source_verified_first_pc_year,True,0,True,balanced_no_followup_pc_t1_t2,GREEN,orcid_agrees,True,0.0,0.0
stevezdancewic|ICFP|2021,stevezdancewic,Steve Zdancewic,ICFP,2021,1999,1999,1999,usable_1980_or_later,22,46,2026-06-12,1,single_observed_pc_year,2021.0,2006.0,2005.0,True,True,1.0,6.0,False,False,prior_pc_found_before_observed_year,True,0,True,balanced_no_followup_pc_t1_t2,YELLOW,orcid_agrees,False,14.0,1.1760912590556813
sureshjagannathan|ICFP|2021,sureshjagannathan,Suresh Jagannathan,ICFP,2021,1984,1987,1987,usable_1980_or_later,34,36,2026-06-12,1,single_observed_pc_year,2021.0,2006.0,2005.0,True,True,2.0,6.0,False,False,prior_pc_found_before_observed_year,True,0,True,balanced_no_followup_pc_t1_t2,YELLOW,orcid_agrees,False,4.5,0.7385606273598313
tarosekiyama|ICFP|2021,tarosekiyama,Taro Sekiyama,ICFP,2021,2010,2010,2010,usable_1980_or_later,11,10,2026-06-12,1,single_observed_pc_year,2021.0,2021.0,2021.0,False,False,0.0,0.0,True,True,source_verified_first_pc_year,True,0,True,balanced_no_followup_pc_t1_t2,GREEN,orcid_agrees,True,0.5,0.1505149978319906
youyoucong|ICFP|2021,youyoucong,Youyou Cong,ICFP,2021,2017,2017,2017,usable_1980_or_later,4,6,2026-06-12,1,single_observed_pc_year,2021.0,2021.0,2020.0,False,True,0.0,3.0,True,False,source_verified_first_pc_year,True,0,True,balanced_no_followup_pc_t1_t2,GREEN,orcid_agrees,True,2.0,0.47712125471966244
andresloh|ICFP|2022,andresloh,Andres Löh,ICFP,2022,2000,2000,2000,usable_1980_or_later,22,24,2026-06-12,1,single_observed_pc_year,2022.0,2006.0,2005.0,True,True,2.0,7.0,False,False,prior_pc_found_before_observed_year,True,0,True,balanced_no_followup_pc_t1_t2,YELLOW,orcid_agrees,False,0.5,0.1505149978319906
arthurazevedodeamorim|ICFP|2022,arthurazevedodeamorim,Arthur Azevedo de Amorim,ICFP,2022,2007,2007,2007,usable_1980_or_later,15,11,2026-06-12,1,single_observed_pc_year,2022.0,2022.0,2015.0,False,True,0.0,1.0,True,False,source_verified_first_pc_year,True,0,True,balanced_no_followup_pc_t1_t2,YELLOW,orcid_agrees,False,0.0,0.0
azalearaad|ICFP|2022,azalearaad,Azalea Raad,ICFP,2022,2011,2011,2011,usable_1980_or_later,11,18,2026-06-12,1,single_observed_pc_year,2022.0,2022.0,2022.0,False,False,0.0,0.0,True,True,source_verified_first_pc_year,True,0,True,balanced_no_followup_pc_t1_t2,GREEN,orcid_agrees,True,0.5,0.1505149978319906
bernardotoninho|ICFP|2022,bernardotoninho,Bernardo Toninho,ICFP,2022,2009,2009,2009,usable_1980_or_later,13,17,2026-06-12,1,single_observed_pc_year,2022.0,2022.0,2012.0,False,True,0.0,2.0,True,False,source_verified_first_pc_year,True,0,True,balanced_no_followup_pc_t1_t2,YELLOW,orcid_agrees,False,5.5,0.5395906230238124
dimitriosvytiniotis|ICFP|2022,dimitriosvytiniotis,Dimitrios Vytiniotis,ICFP,2022,2004,2004,2004,usable_1980_or_later,18,25,2026-06-12,1,single_observed_pc_year,2022.0,2013.0,2007.0,True,True,3.0,13.0,False,False,prior_pc_found_before_observed_year,True,0,True,balanced_no_followup_pc_t1_t2,YELLOW,no_openalex_orcid_to_compare,False,12.0,1.0105946495349691
jeremysiek|ICFP|2022,jeremysiek,Jeremy G. Siek,ICFP,2022,1998,1998,1998,usable_1980_or_later,24,33,2026-06-12,2,repeat_observed_pc_years,2022.0,2022.0,2013.0,False,True,0.0,2.0,True,False,source_verified_first_pc_year,True,0,True,balanced_no_followup_pc_t1_t2,YELLOW,orcid_org_not_unique,True,3.5,0.45154499349597177
jespercockx|ICFP|2022,jespercockx,Jesper Cockx,ICFP,2022,2013,2013,2013,usable_1980_or_later,9,8,2026-06-12,1,single_observed_pc_year,2022.0,2022.0,2020.0,False,True,0.0,2.0,True,False,source_verified_first_pc_year,True,0,True,balanced_no_followup_pc_t1_t2,GREEN,orcid_agrees,True,0.5,0.1505149978319906
kokomuroya|ICFP|2022,kokomuroya,Koko Muroya,ICFP,2022,2014,2014,2014,usable_1980_or_later,8,6,2026-06-12,1,single_observed_pc_year,2022.0,2022.0,2022.0,False,False,0.0,0.0,True,True,source_verified_first_pc_year,True,0,True,balanced_no_followup_pc_t1_t2,GREEN,orcid_agrees,True,0.0,0.0
larsbirkedal|ICFP|2022,larsbirkedal,Lars Birkedal,ICFP,2022,1993,1993,1993,usable_1980_or_later,29,43,2026-06-12,1,single_observed_pc_year,2022.0,2009.0,2009.0,True,True,2.0,5.0,False,False,prior_pc_found_before_observed_year,True,0,True,balanced_no_followup_pc_t1_t2,YELLOW,orcid_agrees,False,44.5,1.655876930527877
maryshe|ICFP|2022,maryshe,Mary Sheeran,ICFP,2022,1984,1984,1984,usable_1980_or_later,38,22,2026-06-12,1,single_observed_pc_year,2022.0,2014.0,2014.0,True,True,1.0,4.0,False,False,prior_pc_found_before_observed_year,True,0,True,balanced_no_followup_pc_t1_t2,GREEN,orcid_agrees,True,0.0,0.0
matijapretnar|ICFP|2022,matijapretnar,Matija Pretnar,ICFP,2022,2008,2008,2008,usable_1980_or_later,14,11,2026-06-12,1,single_observed_pc_year,2022.0,2022.0,2013.0,False,True,0.0,1.0,True,False,source_verified_first_pc_year,True,0,True,balanced_no_followup_pc_t1_t2,YELLOW,orcid_agrees,False,10.5,1.0395906230238126
matiastoro|ICFP|2022,matiastoro,Matías Toro,ICFP,2022,2015,2015,2015,usable_1980_or_later,7,7,2026-06-12,2,repeat_observed_pc_years,2022.0,2022.0,2022.0,False,False,0.0,0.0,True,True,source_verified_first_pc_year,True,0,True,balanced_no_followup_pc_t1_t2,GREEN,orcid_agrees,True,0.0,0.0
niccoloveltri|ICFP|2022,niccoloveltri,Niccolò Veltri,ICFP,2022,2015,2015,2015,usable_1980_or_later,7,8,2026-06-12,1,single_observed_pc_year,2022.0,2022.0,2021.0,False,True,0.0,1.0,True,False,source_verified_first_pc_year,True,0,True,balanced_no_followup_pc_t1_t2,GREEN,orcid_agrees,True,0.0,0.0
nilsandersdanielsson|ICFP|2022,nilsandersdanielsson,Nils Anders Danielsson,ICFP,2022,2002,2002,2002,usable_1980_or_later,20,16,2026-06-12,1,single_observed_pc_year,2022.0,2022.0,2008.0,False,True,0.0,4.0,True,False,source_verified_first_pc_year,True,0,True,balanced_no_followup_pc_t1_t2,YELLOW,orcid_org_not_unique,False,4.5,0.7235790156711096
ningningxie|ICFP|2022,ningningxie,Ningning Xie,ICFP,2022,2011,2011,2011,usable_1980_or_later,11,9,2026-06-12,2,repeat_observed_pc_years,2022.0,2022.0,2022.0,False,False,0.0,0.0,True,True,source_verified_first_pc_year,True,0,True,balanced_no_followup_pc_t1_t2,YELLOW,orcid_org_not_unique,False,3.0,0.5395906230238124
normandanner|ICFP|2022,normandanner,Norman Danner,ICFP,2022,1996,1996,1996,usable_1980_or_later,26,10,2026-06-12,1,single_observed_pc_year,2022.0,2022.0,2022.0,False,False,0.0,0.0,True,True,source_verified_first_pc_year,True,0,True,balanced_no_followup_pc_t1_t2,YELLOW,orcid_agrees,False,7.0,0.8996702747267908
orneladardha|ICFP|2022,orneladardha,Ornela Dardha,ICFP,2022,2012,2012,2012,usable_1980_or_later,10,11,2026-06-12,1,single_observed_pc_year,2022.0,2022.0,2022.0,False,False,0.0,0.0,True,True,source_verified_first_pc_year,True,0,True,balanced_no_followup_pc_t1_t2,YELLOW,orcid_agrees,False,1.0,0.23856062735983122
stephanieweirich|ICFP|2022,stephanieweirich,Stephanie Weirich,ICFP,2022,1996,1996,1996,usable_1980_or_later,26,33,2026-06-12,2,repeat_observed_pc_years,2022.0,2007.0,2005.0,True,True,4.0,18.0,False,False,prior_pc_found_before_observed_year,True,0,True,balanced_no_followup_pc_t1_t2,YELLOW,orcid_agrees,False,14.5,1.1712113404111033
ugodallago|ICFP|2022,ugodallago,Ugo Dal Lago,ICFP,2022,1998,2001,2001,usable_1980_or_later,21,26,2026-06-12,2,repeat_observed_pc_years,2022.0,2022.0,2018.0,False,True,0.0,1.0,True,False,source_verified_first_pc_year,True,0,True,balanced_no_followup_pc_t1_t2,YELLOW,orcid_org_not_unique,False,11.5,1.0965622991772308
yannregisgianas|ICFP|2022,yannregisgianas,Yann Régis-Gianas,ICFP,2022,2003,2003,2003,usable_1980_or_later,19,12,2026-06-12,1,single_observed_pc_year,2022.0,2022.0,2006.0,False,True,0.0,2.0,True,False,source_verified_first_pc_year,True,0,True,balanced_no_followup_pc_t1_t2,GREEN,orcid_agrees,True,0.5,0.1505149978319906
yannickzakowski1|ICFP|2022,yannickzakowski1,Yannick Zakowski,ICFP,2022,2013,2013,2013,usable_1980_or_later,9,6,2026-06-12,1,single_observed_pc_year,2022.0,2022.0,2022.0,False,False,0.0,0.0,True,True,source_verified_first_pc_year,True,0,True,balanced_no_followup_pc_t1_t2,YELLOW,orcid_agrees,False,2.5,0.5
aggelosbiboudis|ICFP|2023,aggelosbiboudis,Aggelos Biboudis,ICFP,2023,2013,2013,2013,usable_1980_or_later,10,8,2026-06-12,1,single_observed_pc_year,2023.0,2023.0,2023.0,False,False,0.0,0.0,True,True,source_verified_first_pc_year,True,0,True,balanced_no_followup_pc_t1_t2,YELLOW,orcid_org_not_unique,False,0.0,0.0
andreeacostea|ICFP|2023,andreeacostea,Andreea Costea,ICFP,2023,2014,2014,2014,usable_1980_or_later,9,5,2026-06-12,1,single_observed_pc_year,2023.0,2023.0,2023.0,False,False,0.0,0.0,True,True,source_verified_first_pc_year,True,0,True,balanced_no_followup_pc_t1_t2,YELLOW,orcid_org_not_unique,True,0.0,0.0
andrewkhirsch|ICFP|2023,andrewkhirsch,Andrew K. Hirsch,ICFP,2023,2012,2012,2012,usable_1980_or_later,11,3,2026-06-12,1,single_observed_pc_year,2023.0,2023.0,2023.0,False,False,0.0,0.0,True,True,source_verified_first_pc_year,True,0,True,balanced_no_followup_pc_t1_t2,GREEN,orcid_agrees,True,0.0,0.0
andygill|ICFP|2023,andygill,Andy Gill,ICFP,2023,1992,1992,1992,usable_1980_or_later,31,16,2026-06-12,1,single_observed_pc_year,2023.0,2010.0,2005.0,True,True,2.0,6.0,False,False,prior_pc_found_before_observed_year,True,0,True,balanced_no_followup_pc_t1_t2,YELLOW,orcid_org_not_unique,False,1.0,0.3010299956639812
armandosolarlezama|ICFP|2023,armandosolarlezama,Armando Solar-Lezama,ICFP,2023,2005,2005,2005,usable_1980_or_later,18,44,2026-06-12,1,single_observed_pc_year,2023.0,2023.0,2023.0,False,False,0.0,0.0,True,True,source_verified_first_pc_year,True,0,True,balanced_no_followup_pc_t1_t2,YELLOW,orcid_org_not_unique,False,3.5,0.6505149978319906
arnaudspiwack|ICFP|2023,arnaudspiwack,Arnaud Spiwack,ICFP,2023,2004,2004,2004,usable_1980_or_later,19,6,2026-06-12,1,single_observed_pc_year,2023.0,2023.0,2023.0,False,False,0.0,0.0,True,True,source_verified_first_pc_year,True,0,True,balanced_no_followup_pc_t1_t2,YELLOW,orcid_agrees,False,0.0,0.0
benjamincpierce|ICFP|2023,benjamincpierce,Benjamin C. Pierce,ICFP,2023,1988,1989,1989,usable_1980_or_later,34,61,2026-06-12,1,single_observed_pc_year,2023.0,2005.0,2005.0,True,True,2.0,10.0,False,False,prior_pc_found_before_observed_year,True,0,True,balanced_no_followup_pc_t1_t2,YELLOW,orcid_org_not_unique,False,19.0,1.2921656121837652
deliakesner|ICFP|2023,deliakesner,Delia Kesner,ICFP,2023,1953,1991,1991,usable_1980_or_later,32,21,2026-06-12,1,single_observed_pc_year,2023.0,2023.0,2020.0,False,True,0.0,2.0,True,False,source_verified_first_pc_year,True,0,True,balanced_no_followup_pc_t1_t2,GREEN,orcid_agrees,True,7.0,0.5880456295278407
dylanmcdermott1|ICFP|2023,dylanmcdermott1,Dylan McDermott,ICFP,2023,2017,2017,2017,usable_1980_or_later,6,6,2026-06-12,1,single_observed_pc_year,2023.0,2023.0,2023.0,False,False,0.0,0.0,True,True,source_verified_first_pc_year,True,0,True,balanced_no_followup_pc_t1_t2,YELLOW,orcid_org_not_unique,True,0.0,0.0
gabrielradanne|ICFP|2023,gabrielradanne,Gabriel Radanne,ICFP,2023,2013,2013,2013,usable_1980_or_later,10,7,2026-06-12,1,single_observed_pc_year,2023.0,2023.0,2023.0,False,False,0.0,0.0,True,True,source_verified_first_pc_year,True,0,True,balanced_no_followup_pc_t1_t2,GREEN,orcid_agrees,True,0.0,0.0
hannahgommerstadt|ICFP|2023,hannahgommerstadt,Hannah Gommerstadt,ICFP,2023,2016,2016,2016,usable_1980_or_later,7,4,2026-06-12,1,single_observed_pc_year,2023.0,2023.0,2023.0,False,False,0.0,0.0,True,True,source_verified_first_pc_year,True,0,True,balanced_no_followup_pc_t1_t2,YELLOW,no_openalex_orcid_to_compare,False,0.5,0.1505149978319906
jamesmckinna|ICFP|2023,jamesmckinna,James McKinna,ICFP,2023,1993,1993,1993,usable_1980_or_later,30,19,2026-06-12,1,single_observed_pc_year,2023.0,2023.0,2009.0,False,True,0.0,1.0,True,False,source_verified_first_pc_year,True,0,True,balanced_no_followup_pc_t1_t2,YELLOW,orcid_agrees,False,2.0,0.34948500216800943
janmidtgaard|ICFP|2023,janmidtgaard,Jan Midtgaard,ICFP,2023,2003,2003,2003,usable_1980_or_later,20,14,2026-06-12,1,single_observed_pc_year,2023.0,2023.0,2013.0,False,True,0.0,4.0,True,False,source_verified_first_pc_year,True,0,True,balanced_no_followup_pc_t1_t2,GREEN,orcid_agrees,True,5.5,0.5395906230238124
jonathansterling|ICFP|2023,jonathansterling,Jonathan Sterling,ICFP,2023,2006,2014,2014,usable_1980_or_later,9,7,2026-06-12,1,single_observed_pc_year,2023.0,2022.0,2022.0,True,True,1.0,1.0,False,False,prior_pc_found_before_observed_year,True,0,True,balanced_no_followup_pc_t1_t2,YELLOW,orcid_agrees,False,1.0,0.3010299956639812
joshberdine|ICFP|2023,joshberdine,Josh Berdine,ICFP,2023,2000,2000,2000,usable_1980_or_later,23,21,2026-06-12,1,single_observed_pc_year,2023.0,2011.0,2005.0,True,True,1.0,2.0,False,False,prior_pc_found_before_observed_year,True,0,True,balanced_no_followup_pc_t1_t2,GREEN,orcid_agrees,True,4.5,0.7235790156711096
josepedromagalhaes|ICFP|2023,josepedromagalhaes,José Pedro Magalhães,ICFP,2023,2007,2007,2007,usable_1980_or_later,16,14,2026-06-12,1,single_observed_pc_year,2023.0,2023.0,2010.0,False,True,0.0,3.0,True,False,source_verified_first_pc_year,True,0,True,balanced_no_followup_pc_t1_t2,YELLOW,orcid_org_not_unique,False,2.0,0.34948500216800943
kathrinstark|ICFP|2023,kathrinstark,Kathrin Stark,ICFP,2023,2016,2016,2016,usable_1980_or_later,7,7,2026-06-12,1,single_observed_pc_year,2023.0,2023.0,2021.0,False,True,0.0,2.0,True,False,source_verified_first_pc_year,True,0,True,balanced_no_followup_pc_t1_t2,GREEN,orcid_agrees,True,0.5,0.1505149978319906
laurabocchi|ICFP|2023,laurabocchi,Laura Bocchi,ICFP,2023,2003,2003,2003,usable_1980_or_later,20,19,2026-06-12,1,single_observed_pc_year,2023.0,2023.0,2015.0,False,True,0.0,1.0,True,False,source_verified_first_pc_year,True,0,True,balanced_no_followup_pc_t1_t2,GREEN,orcid_agrees,True,0.0,0.0
lennartaugustsson|ICFP|2023,lennartaugustsson,Lennart Augustsson,ICFP,2023,1984,1984,1984,usable_1980_or_later,39,13,2026-06-12,1,single_observed_pc_year,2023.0,2009.0,2008.0,True,True,1.0,4.0,False,False,prior_pc_found_before_observed_year,True,0,True,balanced_no_followup_pc_t1_t2,GREEN,orcid_agrees,True,0.5,0.1505149978319906
lionelparreaux|ICFP|2023,lionelparreaux,Lionel Parreaux,ICFP,2023,2016,2016,2016,usable_1980_or_later,7,9,2026-06-12,1,single_observed_pc_year,2023.0,2023.0,2023.0,False,False,0.0,0.0,True,True,source_verified_first_pc_year,True,0,True,balanced_no_followup_pc_t1_t2,GREEN,orcid_agrees,True,0.0,0.0
marcosviera|ICFP|2023,marcosviera,Marcos Viera,ICFP,2023,2005,2005,2005,usable_1980_or_later,18,7,2026-06-12,1,single_observed_pc_year,2023.0,2023.0,2023.0,False,False,0.0,0.0,True,True,source_verified_first_pc_year,True,0,True,balanced_no_followup_pc_t1_t2,GREEN,orcid_agrees,True,0.5,0.1505149978319906
oliverbracevac|ICFP|2023,oliverbracevac,Oliver Bračevac,ICFP,2023,2013,2013,2013,usable_1980_or_later,10,8,2026-06-12,1,single_observed_pc_year,2023.0,2022.0,2022.0,True,True,1.0,1.0,False,False,prior_pc_found_before_observed_year,True,0,True,balanced_no_followup_pc_t1_t2,GREEN,orcid_agrees,True,0.5,0.1505149978319906
patrikjansson|ICFP|2023,patrikjansson,Patrik Jansson,ICFP,2023,1994,1995,1995,usable_1980_or_later,28,18,2026-06-12,1,single_observed_pc_year,2023.0,2023.0,2009.0,False,True,0.0,4.0,True,False,source_verified_first_pc_year,True,0,True,balanced_no_followup_pc_t1_t2,YELLOW,orcid_org_not_unique,True,3.5,0.573064017839119
pauldownen|ICFP|2023,pauldownen,Paul Downen,ICFP,2023,2012,2012,2012,usable_1980_or_later,11,8,2026-06-12,1,single_observed_pc_year,2023.0,2023.0,2012.0,False,True,0.0,1.0,True,False,source_verified_first_pc_year,True,0,True,balanced_no_followup_pc_t1_t2,GREEN,orcid_agrees,True,3.5,0.573064017839119
seanmoss|ICFP|2023,seanmoss,Sean Moss,ICFP,2023,2017,2017,2017,usable_1980_or_later,6,5,2026-06-12,1,single_observed_pc_year,2023.0,2023.0,2023.0,False,False,0.0,0.0,True,True,source_verified_first_pc_year,True,0,True,balanced_no_followup_pc_t1_t2,YELLOW,orcid_org_not_unique,True,1.0,0.23856062735983122
sebastianerdweg|ICFP|2023,sebastianerdweg,Sebastian Erdweg,ICFP,2023,2011,2011,2011,usable_1980_or_later,12,21,2026-06-12,1,single_observed_pc_year,2023.0,2023.0,2018.0,False,True,0.0,4.0,True,False,source_verified_first_pc_year,True,0,True,balanced_no_followup_pc_t1_t2,YELLOW,orcid_agrees,False,0.5,0.1505149978319906
simonjgay|ICFP|2023,simonjgay,Simon J. Gay,ICFP,2023,1993,1993,1993,usable_1980_or_later,30,26,2026-06-12,1,single_observed_pc_year,2023.0,2023.0,2023.0,False,False,0.0,0.0,True,True,source_verified_first_pc_year,True,0,True,balanced_no_followup_pc_t1_t2,YELLOW,orcid_org_not_unique,False,2.5,0.5395906230238124
soniamarin|ICFP|2023,soniamarin,Sonia Marin,ICFP,2023,1995,2003,2003,usable_1980_or_later,20,65,2026-06-12,1,single_observed_pc_year,2023.0,2023.0,2023.0,False,False,0.0,0.0,True,True,source_verified_first_pc_year,True,0,True,balanced_no_followup_pc_t1_t2,YELLOW,orcid_org_not_unique,True,0.0,0.0
stephendolan|ICFP|2023,stephendolan,Stephen Dolan,ICFP,2023,2023,2023,2023,usable_1980_or_later,0,3,2026-06-12,1,single_observed_pc_year,2023.0,2023.0,2014.0,False,True,0.0,1.0,True,False,source_verified_first_pc_year,True,0,True,balanced_no_followup_pc_t1_t2,YELLOW,orcid_org_not_unique,False,0.0,0.0
susmitsarkar|ICFP|2023,susmitsarkar,Susmit Sarkar,ICFP,2023,2003,2003,2003,usable_1980_or_later,20,27,2026-06-12,1,single_observed_pc_year,2023.0,2023.0,2010.0,False,True,0.0,1.0,True,False,source_verified_first_pc_year,True,0,True,balanced_no_followup_pc_t1_t2,GREEN,orcid_agrees,True,1.5,0.3010299956639812
tahinaramananandro|ICFP|2023,tahinaramananandro,Tahina Ramananandro,ICFP,2023,2007,2007,2007,usable_1980_or_later,16,17,2026-06-12,1,single_observed_pc_year,2023.0,2023.0,2023.0,False,False,0.0,0.0,True,True,source_verified_first_pc_year,True,0,True,balanced_no_followup_pc_t1_t2,GREEN,orcid_agrees,True,7.0,0.8890756251918218
takeshitsukada|ICFP|2023,takeshitsukada,Takeshi Tsukada,ICFP,2023,1964,1988,1988,usable_1980_or_later,35,19,2026-06-12,1,single_observed_pc_year,2023.0,2023.0,2012.0,False,True,0.0,3.0,True,False,source_verified_first_pc_year,True,0,True,balanced_no_followup_pc_t1_t2,GREEN,orcid_agrees,True,1.0,0.3010299956639812
taliaringer|ICFP|2023,taliaringer,Talia Ringer,ICFP,2023,2016,2016,2016,usable_1980_or_later,7,9,2026-06-12,1,single_observed_pc_year,2023.0,2023.0,2020.0,False,True,0.0,1.0,True,False,source_verified_first_pc_year,True,0,True,balanced_no_followup_pc_t1_t2,YELLOW,orcid_agrees,False,1.0,0.3010299956639812
yukiyoshikameyama|ICFP|2023,yukiyoshikameyama,Yukiyoshi Kameyama,ICFP,2023,1961,1993,1993,usable_1980_or_later,30,15,2026-06-12,1,single_observed_pc_year,2023.0,2006.0,2006.0,True,True,2.0,5.0,False,False,prior_pc_found_before_observed_year,True,0,True,balanced_no_followup_pc_t1_t2,GREEN,orcid_agrees,True,2.0,0.45154499349597177
arthurchargueraud|OOPSLA|2019,arthurchargueraud,Arthur Charguéraud,OOPSLA,2019,2005,2005,2005,usable_1980_or_later,14,20,2026-06-12,1,single_observed_pc_year,2019.0,2019.0,2019.0,False,False,0.0,0.0,True,True,source_verified_first_pc_year,True,0,True,balanced_no_followup_pc_t1_t2,GREEN,orcid_agrees,True,1.0,0.23856062735983122
boryuhevanchang|OOPSLA|2019,boryuhevanchang,Bor-Yuh Evan Chang,OOPSLA,2019,2002,2002,2002,usable_1980_or_later,17,19,2026-06-12,1,single_observed_pc_year,2019.0,2019.0,2019.0,False,False,0.0,0.0,True,True,source_verified_first_pc_year,True,0,True,balanced_no_followup_pc_t1_t2,GREEN,orcid_agrees,True,5.0,0.7720340221751378
brandonlucia|OOPSLA|2019,brandonlucia,Brandon Lucia,OOPSLA,2019,2008,2008,2008,usable_1980_or_later,11,40,2026-06-12,1,single_observed_pc_year,2019.0,2019.0,2014.0,False,True,0.0,2.0,True,False,source_verified_first_pc_year,True,0,True,balanced_no_followup_pc_t1_t2,YELLOW,orcid_agrees,False,5.5,0.6712113404111032
davidvanhorn|OOPSLA|2019,davidvanhorn,David Van Horn,OOPSLA,2019,1976,2004,2004,usable_1980_or_later,15,20,2026-06-12,1,single_observed_pc_year,2019.0,2010.0,2010.0,True,True,1.0,1.0,False,False,prior_pc_found_before_observed_year,True,0,True,balanced_no_followup_pc_t1_t2,YELLOW,orcid_org_not_unique,False,4.0,0.6989700043360189
eminatorlak|OOPSLA|2019,eminatorlak,Emina Torlak,OOPSLA,2019,2004,2004,2004,usable_1980_or_later,15,28,2026-06-12,1,single_observed_pc_year,2019.0,2012.0,2012.0,True,True,2.0,5.0,False,False,prior_pc_found_before_observed_year,True,0,True,balanced_no_followup_pc_t1_t2,YELLOW,orcid_agrees,False,9.5,0.9956130378462473
erickoskinen|OOPSLA|2019,erickoskinen,Eric Koskinen,OOPSLA,2019,2007,2007,2007,usable_1980_or_later,12,19,2026-06-12,1,single_observed_pc_year,2019.0,2019.0,2008.0,False,True,0.0,2.0,True,False,source_verified_first_pc_year,True,0,True,balanced_no_followup_pc_t1_t2,YELLOW,orcid_agrees,False,0.0,0.0
ericvanwyk|OOPSLA|2019,ericvanwyk,Eric Van Wyk,OOPSLA,2019,1995,1995,1995,usable_1980_or_later,24,14,2026-06-12,1,single_observed_pc_year,2019.0,2019.0,2012.0,False,True,0.0,3.0,True,False,source_verified_first_pc_year,True,0,True,balanced_no_followup_pc_t1_t2,YELLOW,orcid_agrees,False,4.5,0.5
francescozappanardelli|OOPSLA|2019,francescozappanardelli,Francesco Zappa Nardelli,OOPSLA,2019,2001,2001,2001,usable_1980_or_later,18,25,2026-06-12,1,single_observed_pc_year,2019.0,2019.0,2011.0,False,True,0.0,3.0,True,False,source_verified_first_pc_year,True,0,True,balanced_no_followup_pc_t1_t2,YELLOW,orcid_org_not_unique,False,9.0,1.0
friedrichsteimann|OOPSLA|2019,friedrichsteimann,Friedrich Steimann,OOPSLA,2019,1994,1994,1994,usable_1980_or_later,25,26,2026-06-12,1,single_observed_pc_year,2019.0,2019.0,2010.0,False,True,0.0,3.0,True,False,source_verified_first_pc_year,True,0,True,balanced_no_followup_pc_t1_t2,YELLOW,orcid_org_not_unique,True,0.0,0.0
nadaamin|OOPSLA|2019,nadaamin,Nada Amin,OOPSLA,2019,2003,2003,2003,usable_1980_or_later,16,17,2026-06-12,1,single_observed_pc_year,2019.0,2019.0,2019.0,False,False,0.0,0.0,True,True,source_verified_first_pc_year,True,0,True,balanced_no_followup_pc_t1_t2,YELLOW,orcid_org_not_unique,True,7.5,0.8890756251918219
nobukoyoshida|OOPSLA|2019,nobukoyoshida,Nobuko Yoshida,OOPSLA,2019,1984,1984,1984,usable_1980_or_later,35,57,2026-06-12,1,single_observed_pc_year,2019.0,2015.0,2013.0,True,True,2.0,4.0,False,False,prior_pc_found_before_observed_year,True,0,True,balanced_no_followup_pc_t1_t2,YELLOW,orcid_org_not_unique,False,5.5,0.7781512503836436
ondrejlhotak|OOPSLA|2019,ondrejlhotak,Ondřej Lhoták,OOPSLA,2019,1999,1999,1999,usable_1980_or_later,20,33,2026-06-12,1,single_observed_pc_year,2019.0,2010.0,2006.0,True,True,1.0,4.0,False,False,prior_pc_found_before_observed_year,True,0,True,balanced_no_followup_pc_t1_t2,YELLOW,orcid_agrees,False,20.0,1.3217263382430937
ronaldgarcia|OOPSLA|2019,ronaldgarcia,Ronald Garcia,OOPSLA,2019,1980,1980,1980,usable_1980_or_later,39,17,2026-06-12,1,single_observed_pc_year,2019.0,2019.0,2016.0,False,True,0.0,1.0,True,False,source_verified_first_pc_year,True,0,True,balanced_no_followup_pc_t1_t2,YELLOW,orcid_org_not_unique,False,4.5,0.7385606273598313
rosstate|OOPSLA|2019,rosstate,Ross Tate,OOPSLA,2019,1992,1992,1992,usable_1980_or_later,27,13,2026-06-12,1,single_observed_pc_year,2019.0,2019.0,2019.0,False,False,0.0,0.0,True,True,source_verified_first_pc_year,True,0,True,balanced_no_followup_pc_t1_t2,GREEN,orcid_agrees,True,6.5,0.8661968799114843
saraachour|OOPSLA|2019,saraachour,Sara Achour,OOPSLA,2019,2014,2014,2014,usable_1980_or_later,5,8,2026-06-12,1,single_observed_pc_year,2019.0,2019.0,2019.0,False,False,0.0,0.0,True,True,source_verified_first_pc_year,True,0,True,balanced_no_followup_pc_t1_t2,YELLOW,orcid_org_not_unique,True,0.5,0.1505149978319906
sebastianerdweg|OOPSLA|2019,sebastianerdweg,Sebastian Erdweg,OOPSLA,2019,2011,2011,2011,usable_1980_or_later,8,21,2026-06-12,1,single_observed_pc_year,2019.0,2019.0,2014.0,False,True,0.0,2.0,True,False,source_verified_first_pc_year,True,0,True,balanced_no_followup_pc_t1_t2,YELLOW,orcid_agrees,False,5.0,0.7781512503836436
tiarkrompf|OOPSLA|2019,tiarkrompf,Tiark Rompf,OOPSLA,2019,2009,2009,2009,usable_1980_or_later,10,32,2026-06-12,1,single_observed_pc_year,2019.0,2015.0,2015.0,True,True,2.0,4.0,False,False,prior_pc_found_before_observed_year,True,0,True,balanced_no_followup_pc_t1_t2,GREEN,orcid_agrees,True,12.0,1.1126546408629314
toddmytkowicz|OOPSLA|2019,toddmytkowicz,Todd Mytkowicz,OOPSLA,2019,2005,2005,2005,usable_1980_or_later,14,24,2026-06-12,1,single_observed_pc_year,2019.0,2014.0,2014.0,True,True,2.0,2.0,False,False,prior_pc_found_before_observed_year,True,0,True,balanced_no_followup_pc_t1_t2,YELLOW,no_openalex_orcid_to_compare,False,3.5,0.627636252551653
yudavidliu|OOPSLA|2019,yudavidliu,Yu David Liu,OOPSLA,2019,2004,2004,2004,usable_1980_or_later,15,19,2026-06-12,1,single_observed_pc_year,2019.0,2013.0,2013.0,True,True,2.0,2.0,False,False,prior_pc_found_before_observed_year,True,0,True,balanced_no_followup_pc_t1_t2,GREEN,orcid_agrees,True,1.0,0.23856062735983122
yufeiding|OOPSLA|2019,yufeiding,Yufei Ding,OOPSLA,2019,2013,2013,2013,usable_1980_or_later,6,29,2026-06-12,1,single_observed_pc_year,2019.0,2019.0,2019.0,False,False,0.0,0.0,True,True,source_verified_first_pc_year,True,0,True,balanced_no_followup_pc_t1_t2,YELLOW,orcid_org_not_unique,True,1.0,0.23856062735983122
etanter|OOPSLA|2019,etanter,Éric Tanter,OOPSLA,2019,2001,2001,2001,usable_1980_or_later,18,30,2026-06-12,1,single_observed_pc_year,2019.0,2012.0,2007.0,True,True,6.0,8.0,False,False,prior_pc_found_before_observed_year,True,0,True,balanced_no_followup_pc_t1_t2,YELLOW,orcid_agrees,False,7.0,0.9030899869919435
amalahmed|PLDI|2019,amalahmed,Amal Ahmed,PLDI,2019,2002,2002,2002,usable_1980_or_later,17,32,2026-06-12,1,single_observed_pc_year,2019.0,2019.0,2011.0,False,True,0.0,2.0,True,False,source_verified_first_pc_year,True,0,True,balanced_no_followup_pc_t1_t2,YELLOW,orcid_org_not_unique,False,11.0,1.073064017839119
chungkilhur|PLDI|2019,chungkilhur,Chung-Kil Hur,PLDI,2019,1996,1996,1996,usable_1980_or_later,23,26,2026-06-12,2,repeat_observed_pc_years,2019.0,2019.0,2019.0,False,False,0.0,0.0,True,True,source_verified_first_pc_year,True,0,True,balanced_no_followup_pc_t1_t2,YELLOW,orcid_agrees,False,9.0,0.9911356165197842
gabrielekeller|PLDI|2019,gabrielekeller,Gabriele Keller,PLDI,2019,1996,1996,1996,usable_1980_or_later,23,23,2026-06-12,1,single_observed_pc_year,2019.0,2019.0,2010.0,False,True,0.0,1.0,True,False,source_verified_first_pc_year,True,0,True,balanced_no_followup_pc_t1_t2,YELLOW,orcid_org_not_unique,True,2.5,0.3890756251918218
guygolangueta1|PLDI|2019,guygolangueta1,Guy Gueta,PLDI,2019,2011,2011,2011,usable_1980_or_later,8,10,2026-06-12,2,repeat_observed_pc_years,2019.0,2019.0,2014.0,False,True,0.0,1.0,True,False,source_verified_first_pc_year,True,0,True,balanced_no_followup_pc_t1_t2,YELLOW,no_openalex_orcid_to_compare,False,0.0,0.0
ilyasergey|PLDI|2019,ilyasergey,Ilya Sergey,PLDI,2019,2009,2009,2009,usable_1980_or_later,10,23,2026-06-12,2,repeat_observed_pc_years,2019.0,2019.0,2019.0,False,False,0.0,0.0,True,True,source_verified_first_pc_year,True,0,True,balanced_no_followup_pc_t1_t2,YELLOW,orcid_agrees,False,2.5,0.3890756251918218
jennifersartor|PLDI|2019,jennifersartor,Jennifer B. Sartor,PLDI,2019,2005,2005,2005,usable_1980_or_later,14,12,2026-06-12,1,single_observed_pc_year,2019.0,2018.0,2007.0,True,True,1.0,6.0,False,False,prior_pc_found_before_observed_year,True,0,True,balanced_no_followup_pc_t1_t2,YELLOW,orcid_org_not_unique,False,2.0,0.34948500216800943
johnwickerson|PLDI|2019,johnwickerson,John Wickerson,PLDI,2019,1982,2010,2010,usable_1980_or_later,9,19,2026-06-12,2,repeat_observed_pc_years,2019.0,2019.0,2019.0,False,False,0.0,0.0,True,True,source_verified_first_pc_year,True,0,True,balanced_no_followup_pc_t1_t2,YELLOW,orcid_agrees,False,6.5,0.8661968799114843
juneandronick|PLDI|2019,juneandronick,June Andronick,PLDI,2019,2003,2003,2003,usable_1980_or_later,16,18,2026-06-12,1,single_observed_pc_year,2019.0,2019.0,2019.0,False,False,0.0,0.0,True,True,source_verified_first_pc_year,True,0,True,balanced_no_followup_pc_t1_t2,YELLOW,no_openalex_orcid_to_compare,False,2.5,0.5
liminjia|PLDI|2019,liminjia,Limin Jia,PLDI,2019,1993,1993,1993,usable_1980_or_later,26,29,2026-06-12,3,repeat_observed_pc_years,2019.0,2019.0,2008.0,False,True,0.0,1.0,True,False,source_verified_first_pc_year,True,0,True,balanced_no_followup_pc_t1_t2,YELLOW,orcid_org_not_unique,False,0.0,0.0
martinmaas|PLDI|2019,martinmaas,Martin Maas,PLDI,2019,2001,2001,2001,usable_1980_or_later,18,13,2026-06-12,1,single_observed_pc_year,2019.0,2019.0,2018.0,False,True,0.0,2.0,True,False,source_verified_first_pc_year,True,0,True,balanced_no_followup_pc_t1_t2,YELLOW,orcid_org_not_unique,True,0.5,0.1505149978319906
michaelemmi|PLDI|2019,michaelemmi,Michael Emmi,PLDI,2019,2006,2006,2006,usable_1980_or_later,13,23,2026-06-12,2,repeat_observed_pc_years,2019.0,2019.0,2014.0,False,True,0.0,1.0,True,False,source_verified_first_pc_year,True,0,True,balanced_no_followup_pc_t1_t2,GREEN,orcid_agrees,True,2.5,0.5395906230238124
nadiapolikarpova|PLDI|2019,nadiapolikarpova,Nadia Polikarpova,PLDI,2019,1995,1995,1995,usable_1980_or_later,24,19,2026-06-12,3,repeat_observed_pc_years,2019.0,2019.0,2018.0,False,True,0.0,2.0,True,False,source_verified_first_pc_year,True,0,True,balanced_no_followup_pc_t1_t2,GREEN,orcid_agrees,True,1.5,0.3890756251918218
neelakantankrishnaswami|PLDI|2019,neelakantankrishnaswami,Neel Krishnaswami,PLDI,2019,2005,2005,2005,usable_1980_or_later,14,9,2026-06-12,2,repeat_observed_pc_years,2019.0,2019.0,2019.0,False,False,0.0,0.0,True,True,source_verified_first_pc_year,True,0,True,balanced_no_followup_pc_t1_t2,GREEN,orcid_agrees,True,0.0,0.0
shazqadeer|PLDI|2019,shazqadeer,Shaz Qadeer,PLDI,2019,1996,1996,1996,usable_1980_or_later,23,50,2026-06-12,3,repeat_observed_pc_years,2019.0,2009.0,2007.0,True,True,2.0,7.0,False,False,prior_pc_found_before_observed_year,True,0,True,balanced_no_followup_pc_t1_t2,YELLOW,no_openalex_orcid_to_compare,False,15.5,1.207486673985409
shriramkrishnamurthi|PLDI|2019,shriramkrishnamurthi,Shriram Krishnamurthi,PLDI,2019,1994,1994,1994,usable_1980_or_later,25,51,2026-06-12,1,single_observed_pc_year,2019.0,2014.0,2014.0,True,True,1.0,1.0,False,False,prior_pc_found_before_observed_year,True,0,True,balanced_no_followup_pc_t1_t2,YELLOW,orcid_agrees,False,3.5,0.573064017839119
walterbinder|PLDI|2019,walterbinder,Walter Binder,PLDI,2019,1987,2001,2001,usable_1980_or_later,18,30,2026-06-12,3,repeat_observed_pc_years,2019.0,2019.0,2019.0,False,False,0.0,0.0,True,True,source_verified_first_pc_year,True,0,True,balanced_no_followup_pc_t1_t2,YELLOW,orcid_org_not_unique,True,0.5,0.1505149978319906
adriansampson|PLDI|2020,adriansampson,Adrian Sampson,PLDI,2020,2008,2008,2008,usable_1980_or_later,12,22,2026-06-12,1,single_observed_pc_year,2020.0,2016.0,2012.0,True,True,2.0,9.0,False,False,prior_pc_found_before_observed_year,True,0,True,balanced_no_followup_pc_t1_t2,GREEN,orcid_agrees,True,1.0,0.3010299956639812
alexandrajimborean|PLDI|2020,alexandrajimborean,Alexandra Jimborean,PLDI,2020,2010,2010,2010,usable_1980_or_later,10,15,2026-06-12,2,repeat_observed_pc_years,2020.0,2020.0,2019.0,False,True,0.0,2.0,True,False,source_verified_first_pc_year,True,0,True,balanced_no_followup_pc_t1_t2,YELLOW,orcid_org_not_unique,True,2.5,0.3890756251918218
chrisseaton|PLDI|2020,chrisseaton,Chris Seaton,PLDI,2020,1966,1983,1983,usable_1980_or_later,37,12,2026-06-12,1,single_observed_pc_year,2020.0,2020.0,2019.0,False,True,0.0,2.0,True,False,source_verified_first_pc_year,True,0,True,balanced_no_followup_pc_t1_t2,YELLOW,no_openalex_orcid_to_compare,False,0.5,0.1505149978319906
johnvilk|PLDI|2020,johnvilk,John Vilk,PLDI,2020,2010,2010,2010,usable_1980_or_later,10,5,2026-06-12,1,single_observed_pc_year,2020.0,2020.0,2014.0,False,True,0.0,6.0,True,False,source_verified_first_pc_year,True,0,True,balanced_no_followup_pc_t1_t2,YELLOW,no_openalex_orcid_to_compare,False,0.5,0.1505149978319906
klausostermann|PLDI|2020,klausostermann,Klaus Ostermann,PLDI,2020,1981,2000,2000,usable_1980_or_later,20,31,2026-06-12,1,single_observed_pc_year,2020.0,2020.0,2013.0,False,True,0.0,1.0,True,False,source_verified_first_pc_year,True,0,True,balanced_no_followup_pc_t1_t2,GREEN,orcid_agrees,True,0.0,0.0
mandanavaziri|PLDI|2020,mandanavaziri,Mandana Vaziri,PLDI,2020,2000,2000,2000,usable_1980_or_later,20,16,2026-06-12,1,single_observed_pc_year,2020.0,2020.0,2007.0,False,True,0.0,6.0,True,False,source_verified_first_pc_year,True,0,True,balanced_no_followup_pc_t1_t2,GREEN,orcid_agrees,True,0.5,0.1505149978319906
michaelcarbin|PLDI|2020,michaelcarbin,Michael Carbin,PLDI,2020,2005,2005,2005,usable_1980_or_later,15,33,2026-06-12,2,repeat_observed_pc_years,2020.0,2016.0,2012.0,True,True,3.0,8.0,False,False,prior_pc_found_before_observed_year,True,0,True,balanced_no_followup_pc_t1_t2,YELLOW,orcid_agrees,False,3.5,0.573064017839119
michellemillsstrout|PLDI|2020,michellemillsstrout,Michelle Mills Strout,PLDI,2020,1998,1998,1998,usable_1980_or_later,22,26,2026-06-12,2,repeat_observed_pc_years,2020.0,2008.0,2007.0,True,True,5.0,8.0,False,False,prior_pc_found_before_observed_year,True,0,True,balanced_no_followup_pc_t1_t2,YELLOW,orcid_org_not_unique,False,5.0,0.5206963425791126
patricegodefroid|PLDI|2020,patricegodefroid,Patrice Godefroid,PLDI,2020,1991,1991,1991,usable_1980_or_later,29,60,2026-06-12,1,single_observed_pc_year,2020.0,2016.0,2008.0,True,True,2.0,7.0,False,False,prior_pc_found_before_observed_year,True,0,True,balanced_no_followup_pc_t1_t2,YELLOW,orcid_org_not_unique,False,14.5,1.016711877743475
petartsankov|PLDI|2020,petartsankov,Petar Tsankov,PLDI,2020,2011,2011,2011,usable_1980_or_later,9,19,2026-06-12,1,single_observed_pc_year,2020.0,2020.0,2017.0,False,True,0.0,4.0,True,False,source_verified_first_pc_year,True,0,True,balanced_no_followup_pc_t1_t2,YELLOW,no_openalex_orcid_to_compare,False,3.5,0.627636252551653
samguyer|PLDI|2020,samguyer,Sam Guyer,PLDI,2020,1911,1999,1999,usable_1980_or_later,21,22,2026-06-12,2,repeat_observed_pc_years,2020.0,2016.0,2005.0,True,True,2.0,11.0,False,False,prior_pc_found_before_observed_year,True,0,True,balanced_no_followup_pc_t1_t2,YELLOW,orcid_org_not_unique,False,9.5,0.9771212547196625
sebastianburckhardt|PLDI|2020,sebastianburckhardt,Sebastian Burckhardt,PLDI,2020,2005,2005,2005,usable_1980_or_later,15,30,2026-06-12,1,single_observed_pc_year,2020.0,2020.0,2008.0,False,True,0.0,5.0,True,False,source_verified_first_pc_year,True,0,True,balanced_no_followup_pc_t1_t2,YELLOW,no_openalex_orcid_to_compare,False,12.0,1.1126546408629314
shoaibkamil|PLDI|2020,shoaibkamil,Shoaib Kamil,PLDI,2020,2002,2002,2002,usable_1980_or_later,18,31,2026-06-12,2,repeat_observed_pc_years,2020.0,2018.0,2014.0,True,True,1.0,4.0,False,False,prior_pc_found_before_observed_year,True,0,True,balanced_no_followup_pc_t1_t2,YELLOW,orcid_org_not_unique,False,3.5,0.573064017839119
stephenfreund|PLDI|2020,stephenfreund,Stephen N. Freund,PLDI,2020,1996,1996,1996,usable_1980_or_later,24,28,2026-06-12,1,single_observed_pc_year,2020.0,2017.0,2005.0,True,True,4.0,12.0,False,False,prior_pc_found_before_observed_year,True,0,True,balanced_no_followup_pc_t1_t2,YELLOW,orcid_org_not_unique,True,8.0,0.9432453625862409
tylersorensen|PLDI|2020,tylersorensen,Tyler Sorensen,PLDI,2020,1994,1994,1994,usable_1980_or_later,26,11,2026-06-12,2,repeat_observed_pc_years,2020.0,2020.0,2014.0,False,True,0.0,3.0,True,False,source_verified_first_pc_year,True,0,True,balanced_no_followup_pc_t1_t2,YELLOW,orcid_org_not_unique,False,2.5,0.5
veselinraychev|PLDI|2020,veselinraychev,Veselin Raychev,PLDI,2020,2010,2010,2010,usable_1980_or_later,10,24,2026-06-12,2,repeat_observed_pc_years,2020.0,2020.0,2016.0,False,True,0.0,6.0,True,False,source_verified_first_pc_year,True,0,True,balanced_no_followup_pc_t1_t2,YELLOW,orcid_org_not_unique,False,9.5,0.9771212547196625
yufeiding|PLDI|2020,yufeiding,Yufei Ding,PLDI,2020,2013,2013,2013,usable_1980_or_later,7,29,2026-06-12,1,single_observed_pc_year,2020.0,2020.0,2019.0,False,True,0.0,2.0,True,False,source_verified_first_pc_year,True,0,True,balanced_no_followup_pc_t1_t2,YELLOW,orcid_org_not_unique,True,1.0,0.23856062735983122
anilmadhavapeddy|PLDI|2021,anilmadhavapeddy,Anil Madhavapeddy,PLDI,2021,2003,2003,2003,usable_1980_or_later,18,27,2026-06-12,1,single_observed_pc_year,2021.0,2021.0,2019.0,False,True,0.0,4.0,True,False,source_verified_first_pc_year,True,0,True,balanced_no_followup_pc_t1_t2,YELLOW,orcid_agrees,False,1.0,0.3010299956639812
armandosolarlezama|PLDI|2021,armandosolarlezama,Armando Solar-Lezama,PLDI,2021,2005,2005,2005,usable_1980_or_later,16,44,2026-06-12,1,single_observed_pc_year,2021.0,2010.0,2010.0,True,True,10.0,13.0,False,False,prior_pc_found_before_observed_year,True,0,True,balanced_no_followup_pc_t1_t2,YELLOW,orcid_org_not_unique,False,30.5,1.4982558360770892
azalearaad|PLDI|2021,azalearaad,Azalea Raad,PLDI,2021,2011,2011,2011,usable_1980_or_later,10,18,2026-06-12,2,repeat_observed_pc_years,2021.0,2021.0,2019.0,False,True,0.0,4.0,True,False,source_verified_first_pc_year,True,0,True,balanced_no_followup_pc_t1_t2,GREEN,orcid_agrees,True,5.5,0.7385606273598312
bengreenman|PLDI|2021,bengreenman,Ben Greenman,PLDI,2021,2005,2005,2005,usable_1980_or_later,16,13,2026-06-12,2,repeat_observed_pc_years,2021.0,2021.0,2021.0,False,False,0.0,0.0,True,True,source_verified_first_pc_year,True,0,True,balanced_no_followup_pc_t1_t2,YELLOW,orcid_org_not_unique,True,3.0,0.5880456295278407
benhardekopf|PLDI|2021,benhardekopf,Ben Hardekopf,PLDI,2021,2000,2000,2000,usable_1980_or_later,21,20,2026-06-12,2,repeat_observed_pc_years,2021.0,2015.0,2007.0,True,True,2.0,8.0,False,False,prior_pc_found_before_observed_year,True,0,True,balanced_no_followup_pc_t1_t2,YELLOW,orcid_agrees,False,2.0,0.45154499349597177
benliblit|PLDI|2021,benliblit,Ben Liblit,PLDI,2021,1998,1998,1998,usable_1980_or_later,23,31,2026-06-12,1,single_observed_pc_year,2021.0,2010.0,2007.0,True,True,3.0,7.0,False,False,prior_pc_found_before_observed_year,True,0,True,balanced_no_followup_pc_t1_t2,YELLOW,orcid_org_not_unique,False,3.0,0.5880456295278407
benzorn|PLDI|2021,benzorn,Ben Zorn,PLDI,2021,1999,1999,1999,usable_1980_or_later,22,7,2026-06-12,1,single_observed_pc_year,2021.0,2014.0,2007.0,True,True,1.0,5.0,False,False,prior_pc_found_before_observed_year,True,0,True,balanced_no_followup_pc_t1_t2,YELLOW,no_openalex_orcid_to_compare,False,0.0,0.0
charliecurtsinger|PLDI|2021,charliecurtsinger,Charlie Curtsinger,PLDI,2021,2011,2011,2011,usable_1980_or_later,10,10,2026-06-12,1,single_observed_pc_year,2021.0,2016.0,2014.0,True,True,2.0,4.0,False,False,prior_pc_found_before_observed_year,True,0,True,balanced_no_followup_pc_t1_t2,YELLOW,orcid_org_not_unique,False,1.0,0.3010299956639812
cristiancadar|PLDI|2021,cristiancadar,Cristian Cadar,PLDI,2021,2003,2003,2003,usable_1980_or_later,18,34,2026-06-12,1,single_observed_pc_year,2021.0,2016.0,2016.0,True,True,2.0,2.0,False,False,prior_pc_found_before_observed_year,True,0,True,balanced_no_followup_pc_t1_t2,YELLOW,orcid_org_not_unique,True,10.5,1.060286965602925
darkomarinov|PLDI|2021,darkomarinov,Darko Marinov,PLDI,2021,1999,1999,1999,usable_1980_or_later,22,54,2026-06-12,1,single_observed_pc_year,2021.0,2021.0,2007.0,False,True,0.0,4.0,True,False,source_verified_first_pc_year,True,0,True,balanced_no_followup_pc_t1_t2,GREEN,orcid_agrees,True,4.0,0.6611096473669597
daviddarais|PLDI|2021,daviddarais,David Darais,PLDI,2021,2010,2010,2010,usable_1980_or_later,11,9,2026-06-12,2,repeat_observed_pc_years,2021.0,2021.0,2016.0,False,True,0.0,5.0,True,False,source_verified_first_pc_year,True,0,True,balanced_no_followup_pc_t1_t2,YELLOW,orcid_agrees,False,2.5,0.3890756251918218
davidiaugust|PLDI|2021,davidiaugust,David I. August,PLDI,2021,1995,1995,1995,usable_1980_or_later,26,45,2026-06-12,1,single_observed_pc_year,2021.0,2008.0,2007.0,True,True,2.0,3.0,False,False,prior_pc_found_before_observed_year,True,0,True,balanced_no_followup_pc_t1_t2,YELLOW,orcid_agrees,False,7.0,0.7235790156711096
gustavopetri|PLDI|2021,gustavopetri,Gustavo Petri,PLDI,2021,2006,2006,2006,usable_1980_or_later,15,13,2026-06-12,2,repeat_observed_pc_years,2021.0,2021.0,2021.0,False,False,0.0,0.0,True,True,source_verified_first_pc_year,True,0,True,balanced_no_followup_pc_t1_t2,YELLOW,orcid_org_not_unique,True,2.0,0.45154499349597177
heathermiller|PLDI|2021,heathermiller,Heather Miller,PLDI,2021,1881,2003,2003,usable_1980_or_later,18,18,2026-06-12,1,single_observed_pc_year,2021.0,2021.0,2017.0,False,True,0.0,5.0,True,False,source_verified_first_pc_year,True,0,True,balanced_no_followup_pc_t1_t2,YELLOW,orcid_org_not_unique,True,1.5,0.3010299956639812
hongseokyang|PLDI|2021,hongseokyang,Hongseok Yang,PLDI,2021,2000,2000,2000,usable_1980_or_later,21,43,2026-06-12,1,single_observed_pc_year,2021.0,2017.0,2007.0,True,True,2.0,5.0,False,False,prior_pc_found_before_observed_year,True,0,True,balanced_no_followup_pc_t1_t2,YELLOW,orcid_org_not_unique,False,14.0,1.1600731430555271
josesantos|PLDI|2021,josesantos,José Fragoso Santos,PLDI,2021,1986,1986,1986,usable_1980_or_later,35,11,2026-06-12,2,repeat_observed_pc_years,2021.0,2021.0,2020.0,False,True,0.0,2.0,True,False,source_verified_first_pc_year,True,0,True,balanced_no_followup_pc_t1_t2,YELLOW,orcid_org_not_unique,True,3.0,0.4225490200071284
julianshun|PLDI|2021,julianshun,Julian Shun,PLDI,2021,2008,2008,2008,usable_1980_or_later,13,33,2026-06-12,1,single_observed_pc_year,2021.0,2021.0,2016.0,False,True,0.0,4.0,True,False,source_verified_first_pc_year,True,0,True,balanced_no_followup_pc_t1_t2,YELLOW,orcid_org_not_unique,False,4.5,0.690105620855803
kapilvaswani|PLDI|2021,kapilvaswani,Kapil Vaswani,PLDI,2021,2003,2003,2003,usable_1980_or_later,18,24,2026-06-12,2,repeat_observed_pc_years,2021.0,2018.0,2018.0,True,True,2.0,2.0,False,False,prior_pc_found_before_observed_year,True,0,True,balanced_no_followup_pc_t1_t2,YELLOW,no_openalex_orcid_to_compare,False,1.0,0.3010299956639812
kwangkeunyi|PLDI|2021,kwangkeunyi,Kwangkeun Yi,PLDI,2021,1993,1993,1993,usable_1980_or_later,28,24,2026-06-12,2,repeat_observed_pc_years,2021.0,2021.0,2017.0,False,True,0.0,2.0,True,False,source_verified_first_pc_year,True,0,True,balanced_no_followup_pc_t1_t2,GREEN,orcid_agrees,True,5.0,0.7525749891599529
lindseykuper|PLDI|2021,lindseykuper,Lindsey Kuper,PLDI,2021,2012,2012,2012,usable_1980_or_later,9,9,2026-06-12,1,single_observed_pc_year,2021.0,2021.0,2015.0,False,True,0.0,7.0,True,False,source_verified_first_pc_year,True,0,True,balanced_no_followup_pc_t1_t2,GREEN,orcid_agrees,True,0.5,0.1505149978319906
magnusmadsen|PLDI|2021,magnusmadsen,Magnus Madsen,PLDI,2021,2011,2011,2011,usable_1980_or_later,10,15,2026-06-12,2,repeat_observed_pc_years,2021.0,2021.0,2021.0,False,False,0.0,0.0,True,True,source_verified_first_pc_year,True,0,True,balanced_no_followup_pc_t1_t2,GREEN,orcid_agrees,True,0.0,0.0
marcbrockschmidt|PLDI|2021,marcbrockschmidt,Marc Brockschmidt,PLDI,2021,2010,2010,2010,usable_1980_or_later,11,31,2026-06-12,2,repeat_observed_pc_years,2021.0,2021.0,2019.0,False,True,0.0,2.0,True,False,source_verified_first_pc_year,True,0,True,balanced_no_followup_pc_t1_t2,YELLOW,no_openalex_orcid_to_compare,False,4.0,0.6611096473669597
markuspuschel|PLDI|2021,markuspuschel,Markus Püschel,PLDI,2021,1997,1997,1997,usable_1980_or_later,24,45,2026-06-12,1,single_observed_pc_year,2021.0,2021.0,2019.0,False,True,0.0,2.0,True,False,source_verified_first_pc_year,True,0,True,balanced_no_followup_pc_t1_t2,GREEN,orcid_agrees,True,7.0,0.8996702747267908
matthewflatt|PLDI|2021,matthewflatt,Matthew Flatt,PLDI,2021,1993,1993,1993,usable_1980_or_later,28,39,2026-06-12,2,repeat_observed_pc_years,2021.0,2006.0,2006.0,True,True,2.0,7.0,False,False,prior_pc_found_before_observed_year,True,0,True,balanced_no_followup_pc_t1_t2,GREEN,orcid_agrees,True,3.0,0.5880456295278407
nameng|PLDI|2021,nameng,Na Meng,PLDI,2021,2005,2006,2006,usable_1980_or_later,15,22,2026-06-12,2,repeat_observed_pc_years,2021.0,2021.0,2011.0,False,True,0.0,7.0,True,False,source_verified_first_pc_year,True,0,True,balanced_no_followup_pc_t1_t2,YELLOW,orcid_org_not_unique,True,1.0,0.23856062735983122
nathanchong|PLDI|2021,nathanchong,Nathan Chong,PLDI,2021,2004,2004,2004,usable_1980_or_later,17,14,2026-06-12,1,single_observed_pc_year,2021.0,2021.0,2014.0,False,True,0.0,3.0,True,False,source_verified_first_pc_year,True,0,True,balanced_no_followup_pc_t1_t2,YELLOW,orcid_org_not_unique,False,2.0,0.45154499349597177
pavelpanchekha|PLDI|2021,pavelpanchekha,Pavel Panchekha,PLDI,2021,2013,2013,2013,usable_1980_or_later,8,15,2026-06-12,1,single_observed_pc_year,2021.0,2018.0,2018.0,True,True,1.0,3.0,False,False,prior_pc_found_before_observed_year,True,0,True,balanced_no_followup_pc_t1_t2,YELLOW,orcid_agrees,False,6.0,0.8010299956639813
pavolbielik|PLDI|2021,pavolbielik,Pavol Bielik,PLDI,2021,2012,2012,2012,usable_1980_or_later,9,15,2026-06-12,1,single_observed_pc_year,2021.0,2021.0,2014.0,False,True,0.0,4.0,True,False,source_verified_first_pc_year,True,0,True,balanced_no_followup_pc_t1_t2,YELLOW,no_openalex_orcid_to_compare,False,1.5,0.3890756251918218
ranjitjhala|PLDI|2021,ranjitjhala,Ranjit Jhala,PLDI,2021,2001,2001,2001,usable_1980_or_later,20,52,2026-06-12,2,repeat_observed_pc_years,2021.0,2010.0,2005.0,True,True,5.0,15.0,False,False,prior_pc_found_before_observed_year,True,0,True,balanced_no_followup_pc_t1_t2,YELLOW,orcid_agrees,False,15.5,1.207486673985409
sandeepdasgupta|PLDI|2021,sandeepdasgupta,Sandeep Dasgupta,PLDI,2021,1987,1987,1987,usable_1980_or_later,34,3,2026-06-12,1,single_observed_pc_year,2021.0,2021.0,2021.0,False,False,0.0,0.0,True,True,source_verified_first_pc_year,True,0,True,balanced_no_followup_pc_t1_t2,YELLOW,no_openalex_orcid_to_compare,False,0.5,0.1505149978319906
saswatpadhi|PLDI|2021,saswatpadhi,Saswat Padhi,PLDI,2021,2016,2016,2016,usable_1980_or_later,5,7,2026-06-12,1,single_observed_pc_year,2021.0,2021.0,2020.0,False,True,0.0,2.0,True,False,source_verified_first_pc_year,True,0,True,balanced_no_followup_pc_t1_t2,YELLOW,orcid_agrees,False,2.0,0.47712125471966244
saumyadebray|PLDI|2021,saumyadebray,Saumya Debray,PLDI,2021,1984,1984,1984,usable_1980_or_later,37,35,2026-06-12,1,single_observed_pc_year,2021.0,2006.0,2006.0,True,True,1.0,3.0,False,False,prior_pc_found_before_observed_year,True,0,True,balanced_no_followup_pc_t1_t2,YELLOW,no_openalex_orcid_to_compare,False,1.0,0.23856062735983122
sauravmuralidharan|PLDI|2021,sauravmuralidharan,Saurav Muralidharan,PLDI,2021,2009,2009,2009,usable_1980_or_later,12,6,2026-06-12,1,single_observed_pc_year,2021.0,2021.0,2014.0,False,True,0.0,5.0,True,False,source_verified_first_pc_year,True,0,True,balanced_no_followup_pc_t1_t2,GREEN,orcid_agrees,True,0.0,0.0
sebastianhack|PLDI|2021,sebastianhack,Sebastian Hack,PLDI,2021,2005,2005,2005,usable_1980_or_later,16,22,2026-06-12,1,single_observed_pc_year,2021.0,2021.0,2018.0,False,True,0.0,2.0,True,False,source_verified_first_pc_year,True,0,True,balanced_no_followup_pc_t1_t2,YELLOW,orcid_agrees,False,1.0,0.3010299956639812
stephenkell|PLDI|2021,stephenkell,Stephen Kell,PLDI,2021,2005,2005,2005,usable_1980_or_later,16,11,2026-06-12,3,repeat_observed_pc_years,2021.0,2021.0,2020.0,False,True,0.0,2.0,True,False,source_verified_first_pc_year,True,0,True,balanced_no_followup_pc_t1_t2,GREEN,orcid_agrees,True,1.0,0.3010299956639812
tahinaramananandro|PLDI|2021,tahinaramananandro,Tahina Ramananandro,PLDI,2021,2007,2007,2007,usable_1980_or_later,14,17,2026-06-12,2,repeat_observed_pc_years,2021.0,2021.0,2020.0,False,True,0.0,2.0,True,False,source_verified_first_pc_year,True,0,True,balanced_no_followup_pc_t1_t2,GREEN,orcid_agrees,True,4.0,0.690105620855803
tamararezk|PLDI|2021,tamararezk,Tamara Rezk,PLDI,2021,2001,2002,2002,usable_1980_or_later,19,23,2026-06-12,1,single_observed_pc_year,2021.0,2021.0,2018.0,False,True,0.0,2.0,True,False,source_verified_first_pc_year,True,0,True,balanced_no_followup_pc_t1_t2,GREEN,orcid_agrees,True,2.0,0.45154499349597177
thomasreps|PLDI|2021,thomasreps,Thomas Reps,PLDI,2021,1981,1981,1981,usable_1980_or_later,40,71,2026-06-12,1,single_observed_pc_year,2021.0,2021.0,2021.0,False,False,0.0,0.0,True,True,source_verified_first_pc_year,True,0,True,balanced_no_followup_pc_t1_t2,YELLOW,orcid_agrees,False,16.5,1.2341736652060786
timongehr|PLDI|2021,timongehr,Timon Gehr,PLDI,2021,2015,2015,2015,usable_1980_or_later,6,15,2026-06-12,2,repeat_observed_pc_years,2021.0,2021.0,2020.0,False,True,0.0,2.0,True,False,source_verified_first_pc_year,True,0,True,balanced_no_followup_pc_t1_t2,YELLOW,orcid_agrees,False,6.5,0.8740940135031001
toddmillstein|PLDI|2021,toddmillstein,Todd Millstein,PLDI,2021,1997,1997,1997,usable_1980_or_later,24,44,2026-06-12,1,single_observed_pc_year,2021.0,2006.0,2006.0,True,True,5.0,8.0,False,False,prior_pc_found_before_observed_year,True,0,True,balanced_no_followup_pc_t1_t2,YELLOW,orcid_agrees,False,11.0,1.077668018732531
tomofumiyuki|PLDI|2021,tomofumiyuki,Tomofumi Yuki,PLDI,2021,2007,2007,2007,usable_1980_or_later,14,10,2026-06-12,1,single_observed_pc_year,2021.0,2021.0,2021.0,False,False,0.0,0.0,True,True,source_verified_first_pc_year,True,0,True,balanced_no_followup_pc_t1_t2,GREEN,orcid_agrees,True,0.0,0.0
vijayganesh|PLDI|2021,vijayganesh,Vijay Ganesh,PLDI,2021,1997,1999,1999,usable_1980_or_later,22,44,2026-06-12,2,repeat_observed_pc_years,2021.0,2021.0,2017.0,False,True,0.0,2.0,True,False,source_verified_first_pc_year,True,0,True,balanced_no_followup_pc_t1_t2,YELLOW,orcid_org_not_unique,False,7.0,0.870181344747122
viktorvafeiadis|PLDI|2021,viktorvafeiadis,Viktor Vafeiadis,PLDI,2021,2005,2005,2005,usable_1980_or_later,16,41,2026-06-12,1,single_observed_pc_year,2021.0,2021.0,2013.0,False,True,0.0,2.0,True,False,source_verified_first_pc_year,True,0,True,balanced_no_followup_pc_t1_t2,YELLOW,orcid_agrees,False,35.5,1.5573054921160865
viveksarkar|PLDI|2021,viveksarkar,Vivek Sarkar,PLDI,2021,1984,1984,1984,usable_1980_or_later,37,55,2026-06-12,1,single_observed_pc_year,2021.0,2010.0,2005.0,True,True,3.0,9.0,False,False,prior_pc_found_before_observed_year,True,0,True,balanced_no_followup_pc_t1_t2,YELLOW,orcid_org_not_unique,True,10.0,1.0395906230238126
willemvisser|PLDI|2021,willemvisser,Willem Visser,PLDI,2021,1990,1996,1996,usable_1980_or_later,25,45,2026-06-12,1,single_observed_pc_year,2021.0,2021.0,2021.0,False,False,0.0,0.0,True,True,source_verified_first_pc_year,True,0,True,balanced_no_followup_pc_t1_t2,YELLOW,orcid_org_not_unique,True,2.5,0.5
anamilanova|PLDI|2022,anamilanova,Ana Milanova,PLDI,2022,2000,2000,2000,usable_1980_or_later,22,19,2026-06-12,2,repeat_observed_pc_years,2022.0,2010.0,2007.0,True,True,3.0,4.0,False,False,prior_pc_found_before_observed_year,True,0,True,balanced_no_followup_pc_t1_t2,GREEN,orcid_agrees,True,4.0,0.6611096473669597
bariskasikci|PLDI|2022,bariskasikci,Baris Kasikci,PLDI,2022,2011,2011,2011,usable_1980_or_later,11,22,2026-06-12,1,single_observed_pc_year,2022.0,2022.0,2022.0,False,False,0.0,0.0,True,True,source_verified_first_pc_year,True,0,True,balanced_no_followup_pc_t1_t2,GREEN,orcid_agrees,True,6.5,0.7781512503836436
calvinsmith|PLDI|2022,calvinsmith,Calvin Smith,PLDI,2022,1966,2016,2016,usable_1980_or_later,6,8,2026-06-12,1,single_observed_pc_year,2022.0,2022.0,2022.0,False,False,0.0,0.0,True,True,source_verified_first_pc_year,True,0,True,balanced_no_followup_pc_t1_t2,YELLOW,orcid_org_not_unique,False,1.5,0.3010299956639812
carolinelemieux|PLDI|2022,carolinelemieux,Caroline Lemieux,PLDI,2022,2010,2015,2015,usable_1980_or_later,7,11,2026-06-12,1,single_observed_pc_year,2022.0,2022.0,2022.0,False,False,0.0,0.0,True,True,source_verified_first_pc_year,True,0,True,balanced_no_followup_pc_t1_t2,YELLOW,orcid_agrees,False,0.5,0.1505149978319906
ericschkufza|PLDI|2022,ericschkufza,Eric Schkufza,PLDI,2022,2007,2007,2007,usable_1980_or_later,15,19,2026-06-12,1,single_observed_pc_year,2022.0,2022.0,2022.0,False,False,0.0,0.0,True,True,source_verified_first_pc_year,True,0,True,balanced_no_followup_pc_t1_t2,YELLOW,no_openalex_orcid_to_compare,False,8.0,0.9515449934959718
gabrielrodriguez|PLDI|2022,gabrielrodriguez,Gabriel Rodríguez,PLDI,2022,1994,1994,1994,usable_1980_or_later,28,13,2026-06-12,1,single_observed_pc_year,2022.0,2022.0,2022.0,False,False,0.0,0.0,True,True,source_verified_first_pc_year,True,0,True,balanced_no_followup_pc_t1_t2,YELLOW,orcid_org_not_unique,True,0.0,0.0
huiguan|PLDI|2022,huiguan,Hui Guan,PLDI,2022,2002,2003,2003,usable_1980_or_later,19,15,2026-06-12,1,single_observed_pc_year,2022.0,2022.0,2022.0,False,False,0.0,0.0,True,True,source_verified_first_pc_year,True,0,True,balanced_no_followup_pc_t1_t2,YELLOW,orcid_org_not_unique,True,0.0,0.0
jeevanapriyainala|PLDI|2022,jeevanapriyainala,Jeevana Priya Inala,PLDI,2022,2015,2015,2015,usable_1980_or_later,7,11,2026-06-12,1,single_observed_pc_year,2022.0,2022.0,2022.0,False,False,0.0,0.0,True,True,source_verified_first_pc_year,True,0,True,balanced_no_followup_pc_t1_t2,GREEN,orcid_agrees,True,1.0,0.3010299956639812
justinhsu|PLDI|2022,justinhsu,Justin Hsu,PLDI,2022,2013,2013,2013,usable_1980_or_later,9,24,2026-06-12,1,single_observed_pc_year,2022.0,2022.0,2016.0,False,True,0.0,2.0,True,False,source_verified_first_pc_year,True,0,True,balanced_no_followup_pc_t1_t2,YELLOW,orcid_org_not_unique,False,3.0,0.5880456295278407
kostasferles|PLDI|2022,kostasferles,Kostas Ferles,PLDI,2022,2017,2017,2017,usable_1980_or_later,5,7,2026-06-12,1,single_observed_pc_year,2022.0,2022.0,2014.0,False,True,0.0,1.0,True,False,source_verified_first_pc_year,True,0,True,balanced_no_followup_pc_t1_t2,GREEN,orcid_agrees,True,0.5,0.1505149978319906
lauregonnord|PLDI|2022,lauregonnord,Laure Gonnord,PLDI,2022,2006,2006,2006,usable_1980_or_later,16,13,2026-06-12,2,repeat_observed_pc_years,2022.0,2022.0,2017.0,False,True,0.0,1.0,True,False,source_verified_first_pc_year,True,0,True,balanced_no_followup_pc_t1_t2,GREEN,orcid_agrees,True,1.0,0.23856062735983122
leonidryzhyk|PLDI|2022,leonidryzhyk,Leonid Ryzhyk,PLDI,2022,2007,2007,2007,usable_1980_or_later,15,17,2026-06-12,1,single_observed_pc_year,2022.0,2022.0,2022.0,False,False,0.0,0.0,True,True,source_verified_first_pc_year,True,0,True,balanced_no_followup_pc_t1_t2,YELLOW,no_openalex_orcid_to_compare,False,1.0,0.3010299956639812
manoskapritsos|PLDI|2022,manoskapritsos,Manos Kapritsos,PLDI,2022,2007,2007,2007,usable_1980_or_later,15,13,2026-06-12,1,single_observed_pc_year,2022.0,2022.0,2022.0,False,False,0.0,0.0,True,True,source_verified_first_pc_year,True,0,True,balanced_no_followup_pc_t1_t2,GREEN,orcid_agrees,True,1.5,0.3890756251918218
miramezini|PLDI|2022,miramezini,Mira Mezini,PLDI,2022,1994,1994,1994,usable_1980_or_later,28,44,2026-06-12,1,single_observed_pc_year,2022.0,2013.0,2013.0,True,True,3.0,3.0,False,False,prior_pc_found_before_observed_year,True,0,True,balanced_no_followup_pc_t1_t2,YELLOW,orcid_agrees,False,2.5,0.5395906230238124
nickgiannarakis|PLDI|2022,nickgiannarakis,Nick Giannarakis,PLDI,2022,2015,2015,2015,usable_1980_or_later,7,7,2026-06-12,1,single_observed_pc_year,2022.0,2022.0,2020.0,False,True,0.0,1.0,True,False,source_verified_first_pc_year,True,0,True,balanced_no_followup_pc_t1_t2,YELLOW,orcid_org_not_unique,False,2.5,0.5395906230238124
raghuprabhakar|PLDI|2022,raghuprabhakar,Raghu Prabhakar,PLDI,2022,2012,2012,2012,usable_1980_or_later,10,16,2026-06-12,1,single_observed_pc_year,2022.0,2022.0,2022.0,False,False,0.0,0.0,True,True,source_verified_first_pc_year,True,0,True,balanced_no_followup_pc_t1_t2,YELLOW,no_openalex_orcid_to_compare,False,4.0,0.6611096473669597
ralfjung|PLDI|2022,ralfjung,Ralf Jung,PLDI,2022,1996,1996,1996,usable_1980_or_later,26,20,2026-06-12,1,single_observed_pc_year,2022.0,2022.0,2022.0,False,False,0.0,0.0,True,True,source_verified_first_pc_year,True,0,True,balanced_no_followup_pc_t1_t2,YELLOW,orcid_agrees,False,16.5,1.1989700043360187
rupakmajumdar|PLDI|2022,rupakmajumdar,Rupak Majumdar,PLDI,2022,1996,1996,1996,usable_1980_or_later,26,60,2026-06-12,2,repeat_observed_pc_years,2022.0,2014.0,2005.0,True,True,1.0,6.0,False,False,prior_pc_found_before_observed_year,True,0,True,balanced_no_followup_pc_t1_t2,YELLOW,orcid_agrees,False,9.0,0.9030899869919435
saeedmaleki|PLDI|2022,saeedmaleki,Saeed Maleki,PLDI,2022,2011,2011,2011,usable_1980_or_later,11,14,2026-06-12,1,single_observed_pc_year,2022.0,2022.0,2014.0,False,True,0.0,3.0,True,False,source_verified_first_pc_year,True,0,True,balanced_no_followup_pc_t1_t2,YELLOW,orcid_org_not_unique,True,2.0,0.47712125471966244
satishnarayanasamy|PLDI|2022,satishnarayanasamy,Satish Narayanasamy,PLDI,2022,2003,2003,2003,usable_1980_or_later,19,38,2026-06-12,1,single_observed_pc_year,2022.0,2013.0,2007.0,True,True,1.0,4.0,False,False,prior_pc_found_before_observed_year,True,0,True,balanced_no_followup_pc_t1_t2,GREEN,orcid_agrees,True,9.0,0.9978175972987751
seantreichler|PLDI|2022,seantreichler,Sean Treichler,PLDI,2022,2011,2011,2011,usable_1980_or_later,11,16,2026-06-12,1,single_observed_pc_year,2022.0,2022.0,2013.0,False,True,0.0,3.0,True,False,source_verified_first_pc_year,True,0,True,balanced_no_followup_pc_t1_t2,GREEN,orcid_agrees,True,0.0,0.0
shumochu|PLDI|2022,shumochu,Shumo Chu,PLDI,2022,2002,2002,2002,usable_1980_or_later,20,15,2026-06-12,1,single_observed_pc_year,2022.0,2022.0,2017.0,False,True,0.0,1.0,True,False,source_verified_first_pc_year,True,0,True,balanced_no_followup_pc_t1_t2,YELLOW,no_openalex_orcid_to_compare,False,0.0,0.0
stevenholtzen|PLDI|2022,stevenholtzen,Steven Holtzen,PLDI,2022,2015,2015,2015,usable_1980_or_later,7,7,2026-06-12,1,single_observed_pc_year,2022.0,2022.0,2022.0,False,False,0.0,0.0,True,True,source_verified_first_pc_year,True,0,True,balanced_no_followup_pc_t1_t2,GREEN,orcid_agrees,True,0.5,0.1505149978319906
susmitjha1|PLDI|2022,susmitjha1,Susmit Jha,PLDI,2022,2006,2006,2006,usable_1980_or_later,16,24,2026-06-12,2,repeat_observed_pc_years,2022.0,2022.0,2022.0,False,False,0.0,0.0,True,True,source_verified_first_pc_year,True,0,True,balanced_no_followup_pc_t1_t2,GREEN,orcid_agrees,True,9.5,1.0206963425791127
taliaringer|PLDI|2022,taliaringer,Talia Ringer,PLDI,2022,2016,2016,2016,usable_1980_or_later,6,9,2026-06-12,1,single_observed_pc_year,2022.0,2022.0,2022.0,False,False,0.0,0.0,True,True,source_verified_first_pc_year,True,0,True,balanced_no_followup_pc_t1_t2,YELLOW,orcid_agrees,False,2.0,0.34948500216800943
thomaswies|PLDI|2022,thomaswies,Thomas Wies,PLDI,2022,2005,2005,2005,usable_1980_or_later,17,23,2026-06-12,1,single_observed_pc_year,2022.0,2022.0,2022.0,False,False,0.0,0.0,True,True,source_verified_first_pc_year,True,0,True,balanced_no_followup_pc_t1_t2,GREEN,orcid_agrees,True,4.0,0.6611096473669597
vijayaraghavanmurali|PLDI|2022,vijayaraghavanmurali,Vijayaraghavan Murali,PLDI,2022,1983,1983,1983,usable_1980_or_later,39,13,2026-06-12,1,single_observed_pc_year,2022.0,2022.0,2022.0,False,False,0.0,0.0,True,True,source_verified_first_pc_year,True,0,True,balanced_no_followup_pc_t1_t2,GREEN,orcid_agrees,True,1.5,0.3890756251918218
vineethkashyap|PLDI|2022,vineethkashyap,Vineeth Kashyap,PLDI,2022,2011,2011,2011,usable_1980_or_later,11,10,2026-06-12,1,single_observed_pc_year,2022.0,2022.0,2014.0,False,True,0.0,2.0,True,False,source_verified_first_pc_year,True,0,True,balanced_no_followup_pc_t1_t2,GREEN,orcid_agrees,True,0.5,0.1505149978319906
abhinavverma1|PLDI|2023,abhinavverma1,Abhinav Verma,PLDI,2023,2008,2011,2011,usable_1980_or_later,12,9,2026-06-12,1,single_observed_pc_year,2023.0,2023.0,2023.0,False,False,0.0,0.0,True,True,source_verified_first_pc_year,True,0,True,balanced_no_followup_pc_t1_t2,YELLOW,orcid_org_not_unique,True,0.0,0.0
alcidesfonseca|PLDI|2023,alcidesfonseca,Alcides Fonseca,PLDI,2023,1987,1987,1987,usable_1980_or_later,36,10,2026-06-12,1,single_observed_pc_year,2023.0,2023.0,2022.0,False,True,0.0,1.0,True,False,source_verified_first_pc_year,True,0,True,balanced_no_followup_pc_t1_t2,YELLOW,orcid_org_not_unique,True,0.0,0.0
christosdimoulas1|PLDI|2023,christosdimoulas1,Christos Dimoulas,PLDI,2023,2008,2008,2008,usable_1980_or_later,15,12,2026-06-12,1,single_observed_pc_year,2023.0,2023.0,2014.0,False,True,0.0,1.0,True,False,source_verified_first_pc_year,True,0,True,balanced_no_followup_pc_t1_t2,GREEN,orcid_agrees,True,3.5,0.45154499349597177
cyrusomar|PLDI|2023,cyrusomar,Cyrus Omar,PLDI,2023,2008,2008,2008,usable_1980_or_later,15,12,2026-06-12,1,single_observed_pc_year,2023.0,2023.0,2023.0,False,False,0.0,0.0,True,True,source_verified_first_pc_year,True,0,True,balanced_no_followup_pc_t1_t2,GREEN,orcid_agrees,True,1.0,0.23856062735983122
dimitrismitropoulos|PLDI|2023,dimitrismitropoulos,Dimitris Mitropoulos,PLDI,2023,1985,2002,2002,usable_1980_or_later,21,19,2026-06-12,1,single_observed_pc_year,2023.0,2021.0,2021.0,True,True,1.0,1.0,False,False,prior_pc_found_before_observed_year,True,0,True,balanced_no_followup_pc_t1_t2,YELLOW,orcid_org_not_unique,True,0.5,0.1505149978319906
ericeide|PLDI|2023,ericeide,Eric Eide,PLDI,2023,1995,1995,1995,usable_1980_or_later,28,20,2026-06-12,1,single_observed_pc_year,2023.0,2023.0,2010.0,False,True,0.0,4.0,True,False,source_verified_first_pc_year,True,0,True,balanced_no_followup_pc_t1_t2,YELLOW,orcid_org_not_unique,True,7.5,0.8580016718173995
freekverbeek|PLDI|2023,freekverbeek,Freek Verbeek,PLDI,2023,2009,2009,2009,usable_1980_or_later,14,11,2026-06-12,1,single_observed_pc_year,2023.0,2023.0,2023.0,False,False,0.0,0.0,True,True,source_verified_first_pc_year,True,0,True,balanced_no_followup_pc_t1_t2,GREEN,orcid_agrees,True,2.0,0.34948500216800943
gowthamkaki|PLDI|2023,gowthamkaki,Gowtham Kaki,PLDI,2023,2014,2014,2014,usable_1980_or_later,9,6,2026-06-12,1,single_observed_pc_year,2023.0,2023.0,2017.0,False,True,0.0,2.0,True,False,source_verified_first_pc_year,True,0,True,balanced_no_followup_pc_t1_t2,YELLOW,orcid_agrees,False,7.0,0.8996702747267908
irenefinocchi|PLDI|2023,irenefinocchi,Irene Finocchi,PLDI,2023,1997,1997,1997,usable_1980_or_later,26,24,2026-06-12,1,single_observed_pc_year,2023.0,2023.0,2023.0,False,False,0.0,0.0,True,True,source_verified_first_pc_year,True,0,True,balanced_no_followup_pc_t1_t2,GREEN,orcid_agrees,True,0.0,0.0
jadealglave|PLDI|2023,jadealglave,Jade Alglave,PLDI,2023,2009,2009,2009,usable_1980_or_later,14,24,2026-06-12,1,single_observed_pc_year,2023.0,2014.0,2014.0,True,True,3.0,5.0,False,False,prior_pc_found_before_observed_year,True,0,True,balanced_no_followup_pc_t1_t2,GREEN,orcid_agrees,True,7.0,0.8996702747267908
jeremyyallop|PLDI|2023,jeremyyallop,Jeremy Yallop,PLDI,2023,2005,2005,2005,usable_1980_or_later,18,12,2026-06-12,1,single_observed_pc_year,2023.0,2023.0,2023.0,False,False,0.0,0.0,True,True,source_verified_first_pc_year,True,0,True,balanced_no_followup_pc_t1_t2,YELLOW,orcid_agrees,False,0.5,0.1505149978319906
jorgeaperez|PLDI|2023,jorgeaperez,Jorge A. Pérez,PLDI,2023,1999,2005,2005,usable_1980_or_later,18,16,2026-06-12,1,single_observed_pc_year,2023.0,2023.0,2023.0,False,False,0.0,0.0,True,True,source_verified_first_pc_year,True,0,True,balanced_no_followup_pc_t1_t2,YELLOW,orcid_org_not_unique,False,0.0,0.0
josephtassarotti|PLDI|2023,josephtassarotti,Joseph Tassarotti,PLDI,2023,2012,2012,2012,usable_1980_or_later,11,14,2026-06-12,1,single_observed_pc_year,2023.0,2023.0,2023.0,False,False,0.0,0.0,True,True,source_verified_first_pc_year,True,0,True,balanced_no_followup_pc_t1_t2,YELLOW,orcid_agrees,False,5.0,0.7720340221751378
kevinellis|PLDI|2023,kevinellis,Kevin Ellis,PLDI,2023,2003,2014,2014,usable_1980_or_later,9,20,2026-06-12,1,single_observed_pc_year,2023.0,2023.0,2023.0,False,False,0.0,0.0,True,True,source_verified_first_pc_year,True,0,True,balanced_no_followup_pc_t1_t2,YELLOW,orcid_org_not_unique,True,3.5,0.627636252551653
laurenpick|PLDI|2023,laurenpick,Lauren Pick,PLDI,2023,2018,2018,2018,usable_1980_or_later,5,4,2026-06-12,1,single_observed_pc_year,2023.0,2023.0,2023.0,False,False,0.0,0.0,True,True,source_verified_first_pc_year,True,0,True,balanced_no_followup_pc_t1_t2,GREEN,orcid_agrees,True,0.0,0.0
maryammehridehnavi|PLDI|2023,maryammehridehnavi,Maryam Mehri Dehnavi,PLDI,2023,2009,2009,2009,usable_1980_or_later,14,15,2026-06-12,1,single_observed_pc_year,2023.0,2023.0,2023.0,False,False,0.0,0.0,True,True,source_verified_first_pc_year,True,0,True,balanced_no_followup_pc_t1_t2,YELLOW,orcid_agrees,False,0.5,0.1505149978319906
mihaibudiu|PLDI|2023,mihaibudiu,Mihai Budiu,PLDI,2023,1999,1999,1999,usable_1980_or_later,24,32,2026-06-12,1,single_observed_pc_year,2023.0,2023.0,2009.0,False,True,0.0,1.0,True,False,source_verified_first_pc_year,True,0,True,balanced_no_followup_pc_t1_t2,YELLOW,no_openalex_orcid_to_compare,False,0.0,0.0
noamrinetzky|PLDI|2023,noamrinetzky,Noam Rinetzky,PLDI,2023,2001,2001,2001,usable_1980_or_later,22,19,2026-06-12,1,single_observed_pc_year,2023.0,2014.0,2008.0,True,True,1.0,5.0,False,False,prior_pc_found_before_observed_year,True,0,True,balanced_no_followup_pc_t1_t2,GREEN,orcid_agrees,True,2.0,0.45154499349597177
orilahav|PLDI|2023,orilahav,Ori Lahav,PLDI,2023,2009,2009,2009,usable_1980_or_later,14,23,2026-06-12,1,single_observed_pc_year,2023.0,2023.0,2023.0,False,False,0.0,0.0,True,True,source_verified_first_pc_year,True,0,True,balanced_no_followup_pc_t1_t2,YELLOW,orcid_org_not_unique,False,24.5,1.4057875029352966
owolabilegunsen|PLDI|2023,owolabilegunsen,Owolabi Legunsen,PLDI,2023,2012,2012,2012,usable_1980_or_later,11,17,2026-06-12,1,single_observed_pc_year,2023.0,2023.0,2023.0,False,False,0.0,0.0,True,True,source_verified_first_pc_year,True,0,True,balanced_no_followup_pc_t1_t2,GREEN,orcid_agrees,True,0.0,0.0
paroshazizabdulla|PLDI|2023,paroshazizabdulla,Parosh Aziz Abdulla,PLDI,2023,1990,1990,1990,usable_1980_or_later,33,42,2026-06-12,1,single_observed_pc_year,2023.0,2023.0,2023.0,False,False,0.0,0.0,True,True,source_verified_first_pc_year,True,0,True,balanced_no_followup_pc_t1_t2,GREEN,orcid_agrees,True,5.5,0.7385606273598312
peisenyao|PLDI|2023,peisenyao,Peisen Yao,PLDI,2023,2020,2020,2020,usable_1980_or_later,3,10,2026-06-12,1,single_observed_pc_year,2023.0,2023.0,2023.0,False,False,0.0,0.0,True,True,source_verified_first_pc_year,True,0,True,balanced_no_followup_pc_t1_t2,YELLOW,orcid_org_not_unique,True,0.5,0.1505149978319906
pierregeneves|PLDI|2023,pierregeneves,Pierre Geneves,PLDI,2023,2004,2004,2004,usable_1980_or_later,19,16,2026-06-12,1,single_observed_pc_year,2023.0,2023.0,2023.0,False,False,0.0,0.0,True,True,source_verified_first_pc_year,True,0,True,balanced_no_followup_pc_t1_t2,GREEN,orcid_agrees,True,0.0,0.0
rastislavbodik|PLDI|2023,rastislavbodik,Rastislav Bodík,PLDI,2023,1996,1996,1996,usable_1980_or_later,27,49,2026-06-12,1,single_observed_pc_year,2023.0,2010.0,2007.0,True,True,5.0,11.0,False,False,prior_pc_found_before_observed_year,True,0,True,balanced_no_followup_pc_t1_t2,YELLOW,orcid_org_not_unique,False,34.5,1.5261545498236617
robbertkrebbers|PLDI|2023,robbertkrebbers,Robbert Krebbers,PLDI,2023,1997,2009,2009,usable_1980_or_later,14,25,2026-06-12,1,single_observed_pc_year,2023.0,2023.0,2023.0,False,False,0.0,0.0,True,True,source_verified_first_pc_year,True,0,True,balanced_no_followup_pc_t1_t2,YELLOW,orcid_agrees,False,25.0,1.4097719677709342
sotirisapostolakis|PLDI|2023,sotirisapostolakis,Sotiris Apostolakis,PLDI,2023,2016,2016,2016,usable_1980_or_later,7,5,2026-06-12,1,single_observed_pc_year,2023.0,2023.0,2023.0,False,False,0.0,0.0,True,True,source_verified_first_pc_year,True,0,True,balanced_no_followup_pc_t1_t2,GREEN,orcid_agrees,True,0.5,0.1505149978319906
stephenchong|PLDI|2023,stephenchong,Stephen Chong,PLDI,2023,2003,2003,2003,usable_1980_or_later,20,27,2026-06-12,1,single_observed_pc_year,2023.0,2023.0,2008.0,False,True,0.0,7.0,True,False,source_verified_first_pc_year,True,0,True,balanced_no_followup_pc_t1_t2,YELLOW,orcid_org_not_unique,False,3.0,0.5880456295278407
susmitsarkar|PLDI|2023,susmitsarkar,Susmit Sarkar,PLDI,2023,2003,2003,2003,usable_1980_or_later,20,27,2026-06-12,1,single_observed_pc_year,2023.0,2023.0,2013.0,False,True,0.0,4.0,True,False,source_verified_first_pc_year,True,0,True,balanced_no_followup_pc_t1_t2,GREEN,orcid_agrees,True,12.5,1.122756333907075
yingfeixiong|PLDI|2023,yingfeixiong,Yingfei Xiong,PLDI,2023,2006,2006,2006,usable_1980_or_later,17,43,2026-06-12,1,single_observed_pc_year,2023.0,2023.0,2023.0,False,False,0.0,0.0,True,True,source_verified_first_pc_year,True,0,True,balanced_no_followup_pc_t1_t2,YELLOW,orcid_org_not_unique,False,5.5,0.8010299956639813
yudavidliu|PLDI|2023,yudavidliu,Yu David Liu,PLDI,2023,2004,2004,2004,usable_1980_or_later,19,19,2026-06-12,1,single_observed_pc_year,2023.0,2023.0,2018.0,False,True,0.0,2.0,True,False,source_verified_first_pc_year,True,0,True,balanced_no_followup_pc_t1_t2,GREEN,orcid_agrees,True,1.0,0.23856062735983122
zhoulaifu|PLDI|2023,zhoulaifu,Zhoulai Fu,PLDI,2023,2013,2013,2013,usable_1980_or_later,10,9,2026-06-12,1,single_observed_pc_year,2023.0,2023.0,2017.0,False,True,0.0,1.0,True,False,source_verified_first_pc_year,True,0,True,balanced_no_followup_pc_t1_t2,GREEN,orcid_agrees,True,2.0,0.45154499349597177
zoeparaskevopoulou|PLDI|2023,zoeparaskevopoulou,Zoe Paraskevopoulou,PLDI,2023,2013,2013,2013,usable_1980_or_later,10,10,2026-06-12,1,single_observed_pc_year,2023.0,2023.0,2023.0,False,False,0.0,0.0,True,True,source_verified_first_pc_year,True,0,True,balanced_no_followup_pc_t1_t2,GREEN,orcid_agrees,True,1.5,0.3010299956639812
alexeygotsman|POPL|2020,alexeygotsman,Alexey Gotsman,POPL,2020,2005,2005,2005,usable_1980_or_later,15,25,2026-06-12,2,repeat_observed_pc_years,2020.0,2016.0,2007.0,True,True,2.0,9.0,False,False,prior_pc_found_before_observed_year,True,0,True,balanced_no_followup_pc_t1_t2,GREEN,orcid_agrees,True,17.0,1.2525749891599531
andrejbauer|POPL|2020,andrejbauer,Andrej Bauer,POPL,2020,1996,1996,1996,usable_1980_or_later,24,15,2026-06-12,1,single_observed_pc_year,2020.0,2016.0,2016.0,True,True,2.0,3.0,False,False,prior_pc_found_before_observed_year,True,0,True,balanced_no_followup_pc_t1_t2,YELLOW,orcid_agrees,False,2.0,0.45154499349597177
andrewappel|POPL|2020,andrewappel,Andrew W. Appel,POPL,2020,1985,1985,1985,usable_1980_or_later,35,53,2026-06-12,2,repeat_observed_pc_years,2020.0,2009.0,2008.0,True,True,2.0,4.0,False,False,prior_pc_found_before_observed_year,True,0,True,balanced_no_followup_pc_t1_t2,YELLOW,orcid_org_not_unique,False,16.5,1.2385606273598313
arjunguha|POPL|2020,arjunguha,Arjun Guha,POPL,2020,2005,2006,2006,usable_1980_or_later,14,30,2026-06-12,1,single_observed_pc_year,2020.0,2015.0,2014.0,True,True,1.0,5.0,False,False,prior_pc_found_before_observed_year,True,0,True,balanced_no_followup_pc_t1_t2,YELLOW,orcid_org_not_unique,False,1.5,0.3890756251918218
armandosolarlezama|POPL|2020,armandosolarlezama,Armando Solar-Lezama,POPL,2020,2005,2005,2005,usable_1980_or_later,15,44,2026-06-12,2,repeat_observed_pc_years,2020.0,2020.0,2006.0,False,True,0.0,6.0,True,False,source_verified_first_pc_year,True,0,True,balanced_no_followup_pc_t1_t2,YELLOW,orcid_org_not_unique,False,17.0,1.2491552768948004
arthurazevedodeamorim|POPL|2020,arthurazevedodeamorim,Arthur Azevedo de Amorim,POPL,2020,2007,2007,2007,usable_1980_or_later,13,11,2026-06-12,2,repeat_observed_pc_years,2020.0,2020.0,2017.0,False,True,0.0,1.0,True,False,source_verified_first_pc_year,True,0,True,balanced_no_followup_pc_t1_t2,YELLOW,orcid_agrees,False,5.5,0.7781512503836436
arthurchargueraud|POPL|2020,arthurchargueraud,Arthur Charguéraud,POPL,2020,2005,2005,2005,usable_1980_or_later,15,20,2026-06-12,2,repeat_observed_pc_years,2020.0,2015.0,2015.0,True,True,1.0,2.0,False,False,prior_pc_found_before_observed_year,True,0,True,balanced_no_followup_pc_t1_t2,GREEN,orcid_agrees,True,6.0,0.8266062568876719
azalearaad|POPL|2020,azalearaad,Azalea Raad,POPL,2020,2011,2011,2011,usable_1980_or_later,9,18,2026-06-12,2,repeat_observed_pc_years,2020.0,2020.0,2016.0,False,True,0.0,1.0,True,False,source_verified_first_pc_year,True,0,True,balanced_no_followup_pc_t1_t2,GREEN,orcid_agrees,True,2.0,0.45154499349597177
betaziliani|POPL|2020,betaziliani,Beta Ziliani,POPL,2020,2011,2011,2011,usable_1980_or_later,9,9,2026-06-12,1,single_observed_pc_year,2020.0,2020.0,2016.0,False,True,0.0,1.0,True,False,source_verified_first_pc_year,True,0,True,balanced_no_followup_pc_t1_t2,GREEN,orcid_agrees,True,2.0,0.47712125471966244
boryuhevanchang|POPL|2020,boryuhevanchang,Bor-Yuh Evan Chang,POPL,2020,2002,2002,2002,usable_1980_or_later,18,19,2026-06-12,1,single_observed_pc_year,2020.0,2015.0,2005.0,True,True,3.0,10.0,False,False,prior_pc_found_before_observed_year,True,0,True,balanced_no_followup_pc_t1_t2,GREEN,orcid_agrees,True,5.5,0.7385606273598312
christinetasson|POPL|2020,christinetasson,Christine Tasson,POPL,2020,2005,2005,2005,usable_1980_or_later,15,11,2026-06-12,1,single_observed_pc_year,2020.0,2020.0,2020.0,False,False,0.0,0.0,True,True,source_verified_first_pc_year,True,0,True,balanced_no_followup_pc_t1_t2,YELLOW,orcid_agrees,False,2.5,0.5395906230238124
chungkilhur|POPL|2020,chungkilhur,Chung-Kil Hur,POPL,2020,1996,1996,1996,usable_1980_or_later,24,26,2026-06-12,1,single_observed_pc_year,2020.0,2016.0,2014.0,True,True,2.0,6.0,False,False,prior_pc_found_before_observed_year,True,0,True,balanced_no_followup_pc_t1_t2,YELLOW,orcid_agrees,False,9.5,1.016711877743475
cedricfournet|POPL|2020,cedricfournet,Cédric Fournet,POPL,2020,1996,1996,1996,usable_1980_or_later,24,57,2026-06-12,1,single_observed_pc_year,2020.0,2015.0,2005.0,True,True,1.0,5.0,False,False,prior_pc_found_before_observed_year,True,0,True,balanced_no_followup_pc_t1_t2,GREEN,orcid_agrees,True,18.0,1.190105620855803
dominiquedevriese|POPL|2020,dominiquedevriese,Dominique Devriese,POPL,2020,2010,2010,2010,usable_1980_or_later,10,20,2026-06-12,2,repeat_observed_pc_years,2020.0,2020.0,2016.0,False,True,0.0,1.0,True,False,source_verified_first_pc_year,True,0,True,balanced_no_followup_pc_t1_t2,YELLOW,orcid_agrees,False,12.5,1.1300356939925373
eranyahav|POPL|2020,eranyahav,Eran Yahav,POPL,2020,1996,1996,1996,usable_1980_or_later,24,47,2026-06-12,1,single_observed_pc_year,2020.0,2011.0,2006.0,True,True,1.0,11.0,False,False,prior_pc_found_before_observed_year,True,0,True,balanced_no_followup_pc_t1_t2,GREEN,orcid_agrees,True,13.5,1.1393768004764144
erickoskinen|POPL|2020,erickoskinen,Eric Koskinen,POPL,2020,2007,2007,2007,usable_1980_or_later,13,19,2026-06-12,2,repeat_observed_pc_years,2020.0,2013.0,2008.0,True,True,1.0,7.0,False,False,prior_pc_found_before_observed_year,True,0,True,balanced_no_followup_pc_t1_t2,YELLOW,orcid_agrees,False,2.5,0.5
filippobonchi|POPL|2020,filippobonchi,Filippo Bonchi,POPL,2020,2006,2006,2006,usable_1980_or_later,14,25,2026-06-12,2,repeat_observed_pc_years,2020.0,2020.0,2016.0,False,True,0.0,1.0,True,False,source_verified_first_pc_year,True,0,True,balanced_no_followup_pc_t1_t2,YELLOW,orcid_agrees,False,3.5,0.45154499349597177
francescoranzato|POPL|2020,francescoranzato,Francesco Ranzato,POPL,2020,1994,1994,1994,usable_1980_or_later,26,22,2026-06-12,1,single_observed_pc_year,2020.0,2013.0,2007.0,True,True,1.0,3.0,False,False,prior_pc_found_before_observed_year,True,0,True,balanced_no_followup_pc_t1_t2,YELLOW,orcid_agrees,False,3.0,0.6020599913279624
hiroshiunno|POPL|2020,hiroshiunno,Hiroshi Unno,POPL,2020,1987,1987,1987,usable_1980_or_later,33,18,2026-06-12,2,repeat_observed_pc_years,2020.0,2020.0,2011.0,False,True,0.0,2.0,True,False,source_verified_first_pc_year,True,0,True,balanced_no_followup_pc_t1_t2,YELLOW,orcid_org_not_unique,True,10.5,0.6712113404111031
jeffreysfoster|POPL|2020,jeffreysfoster,Jeffrey S. Foster,POPL,2020,1933,1997,1997,usable_1980_or_later,23,44,2026-06-12,2,repeat_observed_pc_years,2020.0,2008.0,2006.0,True,True,3.0,10.0,False,False,prior_pc_found_before_observed_year,True,0,True,balanced_no_followup_pc_t1_t2,YELLOW,orcid_org_not_unique,True,5.5,0.8010299956639813
jeremysiek|POPL|2020,jeremysiek,Jeremy G. Siek,POPL,2020,1998,1998,1998,usable_1980_or_later,22,33,2026-06-12,2,repeat_observed_pc_years,2020.0,2014.0,2006.0,True,True,1.0,7.0,False,False,prior_pc_found_before_observed_year,True,0,True,balanced_no_followup_pc_t1_t2,YELLOW,orcid_org_not_unique,True,26.0,1.3740940135031001
jespercockx|POPL|2020,jespercockx,Jesper Cockx,POPL,2020,2013,2013,2013,usable_1980_or_later,7,8,2026-06-12,1,single_observed_pc_year,2020.0,2020.0,2016.0,False,True,0.0,1.0,True,False,source_verified_first_pc_year,True,0,True,balanced_no_followup_pc_t1_t2,GREEN,orcid_agrees,True,3.0,0.5395906230238124
liminjia|POPL|2020,liminjia,Limin Jia,POPL,2020,1993,1993,1993,usable_1980_or_later,27,29,2026-06-12,2,repeat_observed_pc_years,2017.0,2017.0,2005.0,False,True,0.0,2.0,True,False,source_verified_first_pc_year,True,0,True,balanced_no_followup_pc_t1_t2,YELLOW,orcid_org_not_unique,False,1.0,0.23856062735983122
magnusomyreen|POPL|2020,magnusomyreen,Magnus O. Myreen,POPL,2020,2005,2005,2005,usable_1980_or_later,15,24,2026-06-12,2,repeat_observed_pc_years,2020.0,2020.0,2010.0,False,True,0.0,2.0,True,False,source_verified_first_pc_year,True,0,True,balanced_no_followup_pc_t1_t2,GREEN,orcid_agrees,True,10.0,1.0395906230238126
margusveanes|POPL|2020,margusveanes,Margus Veanes,POPL,2020,1993,1993,1993,usable_1980_or_later,27,30,2026-06-12,2,repeat_observed_pc_years,2020.0,2020.0,2020.0,False,False,0.0,0.0,True,True,source_verified_first_pc_year,True,0,True,balanced_no_followup_pc_t1_t2,GREEN,orcid_agrees,True,5.5,0.7781512503836436
matteocimini|POPL|2020,matteocimini,Matteo Cimini,POPL,2020,2010,2010,2010,usable_1980_or_later,10,11,2026-06-12,1,single_observed_pc_year,2020.0,2020.0,2020.0,False,False,0.0,0.0,True,True,source_verified_first_pc_year,True,0,True,balanced_no_followup_pc_t1_t2,YELLOW,orcid_org_not_unique,False,12.5,1.115224460689137
mircotribastone|POPL|2020,mircotribastone,Mirco Tribastone,POPL,2020,2005,2005,2005,usable_1980_or_later,15,29,2026-06-12,1,single_observed_pc_year,2020.0,2020.0,2017.0,False,True,0.0,2.0,True,False,source_verified_first_pc_year,True,0,True,balanced_no_followup_pc_t1_t2,GREEN,orcid_agrees,True,0.0,0.0
mohsenlesani|POPL|2020,mohsenlesani,Mohsen Lesani,POPL,2020,2006,2006,2006,usable_1980_or_later,14,14,2026-06-12,2,repeat_observed_pc_years,2020.0,2020.0,2017.0,False,True,0.0,2.0,True,False,source_verified_first_pc_year,True,0,True,balanced_no_followup_pc_t1_t2,YELLOW,orcid_org_not_unique,True,1.0,0.23856062735983122
noamrinetzky|POPL|2020,noamrinetzky,Noam Rinetzky,POPL,2020,2001,2001,2001,usable_1980_or_later,19,19,2026-06-12,2,repeat_observed_pc_years,2020.0,2014.0,2007.0,True,True,1.0,5.0,False,False,prior_pc_found_before_observed_year,True,0,True,balanced_no_followup_pc_t1_t2,GREEN,orcid_agrees,True,7.0,0.9030899869919435
ohadkammar|POPL|2020,ohadkammar,Ohad Kammar,POPL,2020,2011,2011,2011,usable_1980_or_later,9,13,2026-06-12,2,repeat_observed_pc_years,2020.0,2020.0,2014.0,False,True,0.0,3.0,True,False,source_verified_first_pc_year,True,0,True,balanced_no_followup_pc_t1_t2,YELLOW,orcid_org_not_unique,False,9.5,1.0206963425791127
osbertbastani|POPL|2020,osbertbastani,Osbert Bastani,POPL,2020,2011,2011,2011,usable_1980_or_later,9,27,2026-06-12,1,single_observed_pc_year,2020.0,2020.0,2020.0,False,False,0.0,0.0,True,True,source_verified_first_pc_year,True,0,True,balanced_no_followup_pc_t1_t2,GREEN,orcid_agrees,True,0.5,0.1505149978319906
peterthiemann|POPL|2020,peterthiemann,Peter Thiemann,POPL,2020,1990,1990,1990,usable_1980_or_later,30,26,2026-06-12,1,single_observed_pc_year,2020.0,2008.0,2006.0,True,True,1.0,14.0,False,False,prior_pc_found_before_observed_year,True,0,True,balanced_no_followup_pc_t1_t2,YELLOW,orcid_agrees,False,10.5,1.060286965602925
pierreyvesstrub|POPL|2020,pierreyvesstrub,Pierre-Yves Strub,POPL,2020,2001,2001,2001,usable_1980_or_later,19,29,2026-06-12,1,single_observed_pc_year,2020.0,2020.0,2014.0,False,True,0.0,2.0,True,False,source_verified_first_pc_year,True,0,True,balanced_no_followup_pc_t1_t2,YELLOW,orcid_org_not_unique,False,21.5,1.3332589902774403
radhajagadeesan|POPL|2020,radhajagadeesan,Radha Jagadeesan,POPL,2020,1991,1991,1991,usable_1980_or_later,29,33,2026-06-12,1,single_observed_pc_year,2020.0,2020.0,2008.0,False,True,0.0,5.0,True,False,source_verified_first_pc_year,True,0,True,balanced_no_followup_pc_t1_t2,YELLOW,no_openalex_orcid_to_compare,False,3.0,0.5880456295278407
rastislavbodik|POPL|2020,rastislavbodik,Rastislav Bodík,POPL,2020,1996,1996,1996,usable_1980_or_later,24,49,2026-06-12,1,single_observed_pc_year,2020.0,2005.0,2005.0,True,True,2.0,10.0,False,False,prior_pc_found_before_observed_year,True,0,True,balanced_no_followup_pc_t1_t2,YELLOW,orcid_org_not_unique,False,19.5,1.2887458999186125
roopshasamanta|POPL|2020,roopshasamanta,Roopsha Samanta,POPL,2020,2004,2004,2004,usable_1980_or_later,16,11,2026-06-12,1,single_observed_pc_year,2020.0,2020.0,2020.0,False,False,0.0,0.0,True,True,source_verified_first_pc_year,True,0,True,balanced_no_followup_pc_t1_t2,GREEN,orcid_agrees,True,0.0,0.0
samlindley|POPL|2020,samlindley,Sam Lindley,POPL,2020,1992,2005,2005,usable_1980_or_later,15,28,2026-06-12,1,single_observed_pc_year,2020.0,2020.0,2007.0,False,True,0.0,5.0,True,False,source_verified_first_pc_year,True,0,True,balanced_no_followup_pc_t1_t2,YELLOW,orcid_agrees,False,18.0,1.2559416804894372
shuvendulahiri|POPL|2020,shuvendulahiri,Shuvendu K. Lahiri,POPL,2020,1999,1999,1999,usable_1980_or_later,21,37,2026-06-12,1,single_observed_pc_year,2020.0,2020.0,2005.0,False,True,0.0,7.0,True,False,source_verified_first_pc_year,True,0,True,balanced_no_followup_pc_t1_t2,YELLOW,orcid_org_not_unique,False,3.5,0.573064017839119
stevezdancewic|POPL|2020,stevezdancewic,Steve Zdancewic,POPL,2020,1999,1999,1999,usable_1980_or_later,21,46,2026-06-12,2,repeat_observed_pc_years,2020.0,2008.0,2005.0,True,True,2.0,12.0,False,False,prior_pc_found_before_observed_year,True,0,True,balanced_no_followup_pc_t1_t2,YELLOW,orcid_agrees,False,12.0,1.1020599913279625
sukyoungryu|POPL|2020,sukyoungryu,Sukyoung Ryu,POPL,2020,1996,1996,1996,usable_1980_or_later,24,21,2026-06-12,2,repeat_observed_pc_years,2020.0,2020.0,2013.0,False,True,0.0,1.0,True,False,source_verified_first_pc_year,True,0,True,balanced_no_followup_pc_t1_t2,YELLOW,orcid_org_not_unique,True,3.5,0.627636252551653
susmitsarkar|POPL|2020,susmitsarkar,Susmit Sarkar,POPL,2020,2003,2003,2003,usable_1980_or_later,17,27,2026-06-12,2,repeat_observed_pc_years,2020.0,2020.0,2010.0,False,True,0.0,4.0,True,False,source_verified_first_pc_year,True,0,True,balanced_no_followup_pc_t1_t2,GREEN,orcid_agrees,True,26.0,1.4265447649259326
sylvieputot|POPL|2020,sylvieputot,Sylvie Putot,POPL,2020,2001,2002,2002,usable_1980_or_later,18,22,2026-06-12,1,single_observed_pc_year,2020.0,2020.0,2016.0,False,True,0.0,2.0,True,False,source_verified_first_pc_year,True,0,True,balanced_no_followup_pc_t1_t2,YELLOW,orcid_agrees,False,1.5,0.3890756251918218
thomaswies|POPL|2020,thomaswies,Thomas Wies,POPL,2020,2005,2005,2005,usable_1980_or_later,15,23,2026-06-12,2,repeat_observed_pc_years,2020.0,2014.0,2006.0,True,True,1.0,6.0,False,False,prior_pc_found_before_observed_year,True,0,True,balanced_no_followup_pc_t1_t2,GREEN,orcid_agrees,True,5.5,0.8116246451989502
tiarkrompf|POPL|2020,tiarkrompf,Tiark Rompf,POPL,2020,2009,2009,2009,usable_1980_or_later,11,32,2026-06-12,2,repeat_observed_pc_years,2020.0,2016.0,2016.0,True,True,2.0,2.0,False,False,prior_pc_found_before_observed_year,True,0,True,balanced_no_followup_pc_t1_t2,GREEN,orcid_agrees,True,13.5,0.9460473013452402
ugodallago|POPL|2020,ugodallago,Ugo Dal Lago,POPL,2020,1998,2001,2001,usable_1980_or_later,19,26,2026-06-12,2,repeat_observed_pc_years,2020.0,2020.0,2014.0,False,True,0.0,2.0,True,False,source_verified_first_pc_year,True,0,True,balanced_no_followup_pc_t1_t2,YELLOW,orcid_org_not_unique,False,10.5,1.060286965602925
vijayganesh|POPL|2020,vijayganesh,Vijay Ganesh,POPL,2020,1997,1999,1999,usable_1980_or_later,21,44,2026-06-12,1,single_observed_pc_year,2020.0,2020.0,2016.0,False,True,0.0,3.0,True,False,source_verified_first_pc_year,True,0,True,balanced_no_followup_pc_t1_t2,YELLOW,orcid_org_not_unique,False,8.5,0.9722413360750843
xavierrival|POPL|2020,xavierrival,Xavier Rival,POPL,2020,2001,2001,2001,usable_1980_or_later,19,26,2026-06-12,2,repeat_observed_pc_years,2020.0,2014.0,2005.0,True,True,1.0,10.0,False,False,prior_pc_found_before_observed_year,True,0,True,balanced_no_followup_pc_t1_t2,GREEN,orcid_agrees,True,8.0,0.9286662482156343
adamchlipala|POPL|2021,adamchlipala,Adam Chlipala,POPL,2021,2004,2004,2004,usable_1980_or_later,17,29,2026-06-12,2,repeat_observed_pc_years,2017.0,2012.0,2008.0,True,True,1.0,7.0,False,False,prior_pc_found_before_observed_year,True,0,True,balanced_no_followup_pc_t1_t2,YELLOW,orcid_org_not_unique,False,11.0,1.0377734806962653
ahmedbouajjani|POPL|2021,ahmedbouajjani,Ahmed Bouajjani,POPL,2021,1989,1989,1989,usable_1980_or_later,32,43,2026-06-12,2,repeat_observed_pc_years,2021.0,2014.0,2006.0,True,True,1.0,5.0,False,False,prior_pc_found_before_observed_year,True,0,True,balanced_no_followup_pc_t1_t2,GREEN,orcid_agrees,True,8.0,0.9432453625862409
alanschmitt|POPL|2021,alanschmitt,Alan Schmitt,POPL,2021,1969,2000,2000,usable_1980_or_later,21,20,2026-06-12,1,single_observed_pc_year,2021.0,2021.0,2009.0,False,True,0.0,2.0,True,False,source_verified_first_pc_year,True,0,True,balanced_no_followup_pc_t1_t2,YELLOW,orcid_org_not_unique,False,2.0,0.34948500216800943
anasokolova|POPL|2021,anasokolova,Ana Sokolova,POPL,2021,2000,2000,2000,usable_1980_or_later,21,20,2026-06-12,1,single_observed_pc_year,2021.0,2021.0,2014.0,False,True,0.0,1.0,True,False,source_verified_first_pc_year,True,0,True,balanced_no_followup_pc_t1_t2,YELLOW,orcid_agrees,False,0.0,0.0
andreaspavlogiannis1|POPL|2021,andreaspavlogiannis1,Andreas Pavlogiannis,POPL,2021,2010,2010,2010,usable_1980_or_later,11,18,2026-06-12,2,repeat_observed_pc_years,2021.0,2021.0,2020.0,False,True,0.0,1.0,True,False,source_verified_first_pc_year,True,0,True,balanced_no_followup_pc_t1_t2,YELLOW,orcid_agrees,False,4.0,0.47712125471966244
annettebieniusa|POPL|2021,annettebieniusa,Annette Bieniusa,POPL,2021,2008,2008,2008,usable_1980_or_later,13,11,2026-06-12,1,single_observed_pc_year,2021.0,2021.0,2008.0,False,True,0.0,1.0,True,False,source_verified_first_pc_year,True,0,True,balanced_no_followup_pc_t1_t2,YELLOW,orcid_org_not_unique,True,1.0,0.23856062735983122
arjunradhakrishna|POPL|2021,arjunradhakrishna,Arjun Radhakrishna,POPL,2021,2009,2009,2009,usable_1980_or_later,12,17,2026-06-12,2,repeat_observed_pc_years,2021.0,2021.0,2016.0,False,True,0.0,1.0,True,False,source_verified_first_pc_year,True,0,True,balanced_no_followup_pc_t1_t2,YELLOW,orcid_agrees,False,2.5,0.5395906230238124
damienzufferey|POPL|2021,damienzufferey,Damien Zufferey,POPL,2021,2008,2008,2008,usable_1980_or_later,13,24,2026-06-12,2,repeat_observed_pc_years,2021.0,2021.0,2017.0,False,True,0.0,2.0,True,False,source_verified_first_pc_year,True,0,True,balanced_no_followup_pc_t1_t2,YELLOW,orcid_agrees,False,4.0,0.6611096473669597
davidmonniaux|POPL|2021,davidmonniaux,David Monniaux,POPL,2021,1999,1999,1999,usable_1980_or_later,22,27,2026-06-12,2,repeat_observed_pc_years,2021.0,2016.0,2007.0,True,True,2.0,6.0,False,False,prior_pc_found_before_observed_year,True,0,True,balanced_no_followup_pc_t1_t2,YELLOW,orcid_agrees,False,8.0,0.9432453625862409
davidvanhorn|POPL|2021,davidvanhorn,David Van Horn,POPL,2021,1976,2004,2004,usable_1980_or_later,17,20,2026-06-12,1,single_observed_pc_year,2017.0,2015.0,2009.0,True,True,1.0,6.0,False,False,prior_pc_found_before_observed_year,True,0,True,balanced_no_followup_pc_t1_t2,YELLOW,orcid_org_not_unique,False,4.5,0.627636252551653
frankpfenning|POPL|2021,frankpfenning,Frank Pfenning,POPL,2021,1984,1984,1984,usable_1980_or_later,37,54,2026-06-12,2,repeat_observed_pc_years,2021.0,2009.0,2006.0,True,True,4.0,10.0,False,False,prior_pc_found_before_observed_year,True,0,True,balanced_no_followup_pc_t1_t2,YELLOW,orcid_org_not_unique,False,20.5,1.3116246451989504
jeehoonkang|POPL|2021,jeehoonkang,Jeehoon Kang,POPL,2021,2012,2012,2012,usable_1980_or_later,9,15,2026-06-12,2,repeat_observed_pc_years,2021.0,2021.0,2020.0,False,True,0.0,1.0,True,False,source_verified_first_pc_year,True,0,True,balanced_no_followup_pc_t1_t2,YELLOW,orcid_org_not_unique,False,10.0,1.0340929308730809
lauregonnord|POPL|2021,lauregonnord,Laure Gonnord,POPL,2021,2006,2006,2006,usable_1980_or_later,15,13,2026-06-12,1,single_observed_pc_year,2021.0,2021.0,2021.0,False,False,0.0,0.0,True,True,source_verified_first_pc_year,True,0,True,balanced_no_followup_pc_t1_t2,GREEN,orcid_agrees,True,0.5,0.1505149978319906
lucmaranget|POPL|2021,lucmaranget,Luc Maranget,POPL,2021,1991,1991,1991,usable_1980_or_later,30,24,2026-06-12,1,single_observed_pc_year,2021.0,2021.0,2009.0,False,True,0.0,4.0,True,False,source_verified_first_pc_year,True,0,True,balanced_no_followup_pc_t1_t2,GREEN,orcid_agrees,True,9.0,0.7781512503836436
marcogaboardi|POPL|2021,marcogaboardi,Marco Gaboardi,POPL,2021,2006,2006,2006,usable_1980_or_later,15,13,2026-06-12,1,single_observed_pc_year,2017.0,2017.0,2014.0,False,True,0.0,1.0,True,False,source_verified_first_pc_year,True,0,True,balanced_no_followup_pc_t1_t2,YELLOW,orcid_agrees,False,2.5,0.5395906230238124
matthiasheizmann|POPL|2021,matthiasheizmann,Matthias Heizmann,POPL,2021,2009,2009,2009,usable_1980_or_later,12,20,2026-06-12,1,single_observed_pc_year,2021.0,2021.0,2021.0,False,False,0.0,0.0,True,True,source_verified_first_pc_year,True,0,True,balanced_no_followup_pc_t1_t2,GREEN,orcid_agrees,True,5.0,0.5206963425791126
matthieusozeau|POPL|2021,matthieusozeau,Matthieu Sozeau,POPL,2021,2007,2007,2007,usable_1980_or_later,14,17,2026-06-12,1,single_observed_pc_year,2021.0,2021.0,2012.0,False,True,0.0,1.0,True,False,source_verified_first_pc_year,True,0,True,balanced_no_followup_pc_t1_t2,YELLOW,orcid_agrees,False,5.5,0.5395906230238124
mohamedfaouziatig|POPL|2021,mohamedfaouziatig,Mohamed Faouzi Atig,POPL,2021,2008,2008,2008,usable_1980_or_later,13,25,2026-06-12,2,repeat_observed_pc_years,2021.0,2021.0,2011.0,False,True,0.0,3.0,True,False,source_verified_first_pc_year,True,0,True,balanced_no_followup_pc_t1_t2,GREEN,orcid_agrees,True,6.0,0.8406206186877936
nobukoyoshida|POPL|2021,nobukoyoshida,Nobuko Yoshida,POPL,2021,1984,1984,1984,usable_1980_or_later,37,57,2026-06-12,1,single_observed_pc_year,2017.0,2008.0,2006.0,True,True,2.0,6.0,False,False,prior_pc_found_before_observed_year,True,0,True,balanced_no_followup_pc_t1_t2,YELLOW,orcid_org_not_unique,False,41.0,1.482600850512956
paroshazizabdulla|POPL|2021,paroshazizabdulla,Parosh Aziz Abdulla,POPL,2021,1990,1990,1990,usable_1980_or_later,31,42,2026-06-12,1,single_observed_pc_year,2021.0,2021.0,2006.0,False,True,0.0,2.0,True,False,source_verified_first_pc_year,True,0,True,balanced_no_followup_pc_t1_t2,GREEN,orcid_agrees,True,13.5,1.1590316674813808
ravichugh|POPL|2021,ravichugh,Ravi Chugh,POPL,2021,2008,2008,2008,usable_1980_or_later,13,15,2026-06-12,1,single_observed_pc_year,2021.0,2015.0,2014.0,True,True,1.0,3.0,False,False,prior_pc_found_before_observed_year,True,0,True,balanced_no_followup_pc_t1_t2,YELLOW,orcid_agrees,False,1.5,0.3890756251918218
rishabhsingh|POPL|2021,rishabhsingh,Rishabh Singh,POPL,2021,2009,2009,2009,usable_1980_or_later,12,36,2026-06-12,1,single_observed_pc_year,2017.0,2017.0,2011.0,False,True,0.0,3.0,True,False,source_verified_first_pc_year,True,0,True,balanced_no_followup_pc_t1_t2,YELLOW,orcid_org_not_unique,True,8.5,0.8406206186877936
rupakmajumdar|POPL|2021,rupakmajumdar,Rupak Majumdar,POPL,2021,1996,1996,1996,usable_1980_or_later,25,60,2026-06-12,1,single_observed_pc_year,2021.0,2012.0,2005.0,True,True,4.0,17.0,False,False,prior_pc_found_before_observed_year,True,0,True,balanced_no_followup_pc_t1_t2,YELLOW,orcid_agrees,False,7.0,0.870181344747122
santiagozanellabeguelin|POPL|2021,santiagozanellabeguelin,Santiago Zanella-Béguelin,POPL,2021,2006,2006,2006,usable_1980_or_later,15,26,2026-06-12,1,single_observed_pc_year,2021.0,2021.0,2021.0,False,False,0.0,0.0,True,True,source_verified_first_pc_year,True,0,True,balanced_no_followup_pc_t1_t2,GREEN,orcid_agrees,True,9.0,0.9795206961605467
someshjha|POPL|2021,someshjha,Somesh Jha,POPL,2021,1984,1989,1989,usable_1980_or_later,32,70,2026-06-12,1,single_observed_pc_year,2021.0,2016.0,2012.0,True,True,2.0,3.0,False,False,prior_pc_found_before_observed_year,True,0,True,balanced_no_followup_pc_t1_t2,YELLOW,orcid_org_not_unique,True,1.5,0.3890756251918218
umutacar|POPL|2021,umutacar,Umut A. Acar,POPL,2021,2000,2000,2000,usable_1980_or_later,21,30,2026-06-12,1,single_observed_pc_year,2021.0,2015.0,2008.0,True,True,1.0,7.0,False,False,prior_pc_found_before_observed_year,True,0,True,balanced_no_followup_pc_t1_t2,YELLOW,orcid_agrees,False,7.5,0.8580016718173995
zacharykincaid|POPL|2021,zacharykincaid,Zachary Kincaid,POPL,2021,2008,2008,2008,usable_1980_or_later,13,20,2026-06-12,3,repeat_observed_pc_years,2017.0,2017.0,2017.0,False,False,0.0,0.0,True,True,source_verified_first_pc_year,True,0,True,balanced_no_followup_pc_t1_t2,YELLOW,orcid_org_not_unique,True,12.5,0.9818939136727776
basspitters|POPL|2022,basspitters,Bas Spitters,POPL,2022,2000,2000,2000,usable_1980_or_later,22,19,2026-06-12,1,single_observed_pc_year,2022.0,2022.0,2012.0,False,True,0.0,2.0,True,False,source_verified_first_pc_year,True,0,True,balanced_no_followup_pc_t1_t2,YELLOW,orcid_agrees,False,1.0,0.23856062735983122
benjaminlucienkaminski|POPL|2022,benjaminlucienkaminski,Benjamin Lucien Kaminski,POPL,2022,2011,2011,2011,usable_1980_or_later,11,20,2026-06-12,2,repeat_observed_pc_years,2022.0,2022.0,2017.0,False,True,0.0,1.0,True,False,source_verified_first_pc_year,True,0,True,balanced_no_followup_pc_t1_t2,YELLOW,orcid_agrees,False,16.0,1.2296962438796153
caterinaurban|POPL|2022,caterinaurban,Caterina Urban,POPL,2022,2013,2013,2013,usable_1980_or_later,9,11,2026-06-12,2,repeat_observed_pc_years,2022.0,2022.0,2020.0,False,True,0.0,1.0,True,False,source_verified_first_pc_year,True,0,True,balanced_no_followup_pc_t1_t2,YELLOW,orcid_org_not_unique,True,1.0,0.3010299956639812
christosdimoulas1|POPL|2022,christosdimoulas1,Christos Dimoulas,POPL,2022,2008,2008,2008,usable_1980_or_later,14,12,2026-06-12,2,repeat_observed_pc_years,2022.0,2022.0,2009.0,False,True,0.0,2.0,True,False,source_verified_first_pc_year,True,0,True,balanced_no_followup_pc_t1_t2,GREEN,orcid_agrees,True,7.0,0.7235790156711096
chungchiehshan|POPL|2022,chungchiehshan,Chung-chieh Shan,POPL,2022,2002,2002,2002,usable_1980_or_later,20,29,2026-06-12,2,repeat_observed_pc_years,2022.0,2019.0,2009.0,True,True,1.0,7.0,False,False,prior_pc_found_before_observed_year,True,0,True,balanced_no_followup_pc_t1_t2,GREEN,orcid_agrees,True,4.0,0.6989700043360189
davidbroman|POPL|2022,davidbroman,David Broman,POPL,2022,2001,2001,2001,usable_1980_or_later,21,27,2026-06-12,1,single_observed_pc_year,2022.0,2022.0,2022.0,False,False,0.0,0.0,True,True,source_verified_first_pc_year,True,0,True,balanced_no_followup_pc_t1_t2,YELLOW,orcid_org_not_unique,True,0.0,0.0
fanlong|POPL|2022,fanlong,Fan Long,POPL,2022,2011,2011,2011,usable_1980_or_later,11,22,2026-06-12,1,single_observed_pc_year,2022.0,2022.0,2017.0,False,True,0.0,1.0,True,False,source_verified_first_pc_year,True,0,True,balanced_no_followup_pc_t1_t2,YELLOW,orcid_org_not_unique,False,0.0,0.0
filipsieczkowski|POPL|2022,filipsieczkowski,Filip Sieczkowski,POPL,2022,2011,2011,2011,usable_1980_or_later,11,12,2026-06-12,1,single_observed_pc_year,2022.0,2022.0,2014.0,False,True,0.0,3.0,True,False,source_verified_first_pc_year,True,0,True,balanced_no_followup_pc_t1_t2,GREEN,orcid_agrees,True,9.5,1.016711877743475
hongseokyang|POPL|2022,hongseokyang,Hongseok Yang,POPL,2022,2000,2000,2000,usable_1980_or_later,22,43,2026-06-12,1,single_observed_pc_year,2022.0,2011.0,2006.0,True,True,1.0,7.0,False,False,prior_pc_found_before_observed_year,True,0,True,balanced_no_followup_pc_t1_t2,YELLOW,orcid_org_not_unique,False,20.5,1.326606256887672
jgarrettmorris|POPL|2022,jgarrettmorris,J. Garrett Morris,POPL,2022,1987,1987,1987,usable_1980_or_later,35,13,2026-06-12,2,repeat_observed_pc_years,2022.0,2022.0,2014.0,False,True,0.0,4.0,True,False,source_verified_first_pc_year,True,0,True,balanced_no_followup_pc_t1_t2,YELLOW,orcid_agrees,False,1.5,0.3010299956639812
johnwickerson|POPL|2022,johnwickerson,John Wickerson,POPL,2022,1982,2010,2010,usable_1980_or_later,12,19,2026-06-12,1,single_observed_pc_year,2022.0,2022.0,2010.0,False,True,0.0,3.0,True,False,source_verified_first_pc_year,True,0,True,balanced_no_followup_pc_t1_t2,YELLOW,orcid_agrees,False,3.5,0.573064017839119
kennethlmcmillan|POPL|2022,kennethlmcmillan,Kenneth L. McMillan,POPL,2022,1989,1989,1989,usable_1980_or_later,33,56,2026-06-12,1,single_observed_pc_year,2022.0,2011.0,2008.0,True,True,1.0,5.0,False,False,prior_pc_found_before_observed_year,True,0,True,balanced_no_followup_pc_t1_t2,YELLOW,orcid_org_not_unique,True,10.5,1.0569716761534185
kihongheo|POPL|2022,kihongheo,Kihong Heo,POPL,2022,2012,2012,2012,usable_1980_or_later,10,18,2026-06-12,1,single_observed_pc_year,2022.0,2022.0,2022.0,False,False,0.0,0.0,True,True,source_verified_first_pc_year,True,0,True,balanced_no_followup_pc_t1_t2,GREEN,orcid_agrees,True,3.0,0.5395906230238124
koheisuenaga|POPL|2022,koheisuenaga,Kohei Suenaga,POPL,2022,1994,2004,2004,usable_1980_or_later,18,12,2026-06-12,1,single_observed_pc_year,2022.0,2022.0,2009.0,False,True,0.0,1.0,True,False,source_verified_first_pc_year,True,0,True,balanced_no_followup_pc_t1_t2,GREEN,orcid_agrees,True,0.5,0.1505149978319906
kokomuroya|POPL|2022,kokomuroya,Koko Muroya,POPL,2022,2014,2014,2014,usable_1980_or_later,8,6,2026-06-12,1,single_observed_pc_year,2022.0,2022.0,2022.0,False,False,0.0,0.0,True,True,source_verified_first_pc_year,True,0,True,balanced_no_followup_pc_t1_t2,GREEN,orcid_agrees,True,1.5,0.3010299956639812
leonidaslampropoulos|POPL|2022,leonidaslampropoulos,Leonidas Lampropoulos,POPL,2022,2012,2012,2012,usable_1980_or_later,10,10,2026-06-12,2,repeat_observed_pc_years,2022.0,2022.0,2022.0,False,False,0.0,0.0,True,True,source_verified_first_pc_year,True,0,True,balanced_no_followup_pc_t1_t2,YELLOW,orcid_agrees,False,0.0,0.0
matthewhague|POPL|2022,matthewhague,Matthew Hague,POPL,2022,2004,2004,2004,usable_1980_or_later,18,16,2026-06-12,1,single_observed_pc_year,2022.0,2022.0,2016.0,False,True,0.0,1.0,True,False,source_verified_first_pc_year,True,0,True,balanced_no_followup_pc_t1_t2,YELLOW,orcid_org_not_unique,False,0.5,0.1505149978319906
michaelcarbin|POPL|2022,michaelcarbin,Michael Carbin,POPL,2022,2005,2005,2005,usable_1980_or_later,17,33,2026-06-12,1,single_observed_pc_year,2022.0,2022.0,2022.0,False,False,0.0,0.0,True,True,source_verified_first_pc_year,True,0,True,balanced_no_followup_pc_t1_t2,YELLOW,orcid_agrees,False,1.0,0.3010299956639812
nicolaswu|POPL|2022,nicolaswu,Nicolas Wu,POPL,2022,2009,2009,2009,usable_1980_or_later,13,14,2026-06-12,1,single_observed_pc_year,2022.0,2022.0,2022.0,False,False,0.0,0.0,True,True,source_verified_first_pc_year,True,0,True,balanced_no_followup_pc_t1_t2,YELLOW,orcid_agrees,False,0.5,0.1505149978319906
pavelpanchekha|POPL|2022,pavelpanchekha,Pavel Panchekha,POPL,2022,2013,2013,2013,usable_1980_or_later,9,15,2026-06-12,2,repeat_observed_pc_years,2022.0,2022.0,2021.0,False,True,0.0,1.0,True,False,source_verified_first_pc_year,True,0,True,balanced_no_followup_pc_t1_t2,YELLOW,orcid_agrees,False,5.0,0.7720340221751378
pierreclairambault|POPL|2022,pierreclairambault,Pierre Clairambault,POPL,2022,1963,1985,1985,usable_1980_or_later,37,15,2026-06-12,2,repeat_observed_pc_years,2022.0,2022.0,2022.0,False,False,0.0,0.0,True,True,source_verified_first_pc_year,True,0,True,balanced_no_followup_pc_t1_t2,YELLOW,orcid_agrees,False,3.5,0.573064017839119
qirunzhang|POPL|2022,qirunzhang,Qirun Zhang,POPL,2022,2010,2010,2010,usable_1980_or_later,12,15,2026-06-12,1,single_observed_pc_year,2022.0,2022.0,2022.0,False,False,0.0,0.0,True,True,source_verified_first_pc_year,True,0,True,balanced_no_followup_pc_t1_t2,YELLOW,orcid_org_not_unique,False,3.5,0.45154499349597177
ralfhinze|POPL|2022,ralfhinze,Ralf Hinze,POPL,2022,1989,1992,1992,usable_1980_or_later,30,32,2026-06-12,1,single_observed_pc_year,2022.0,2005.0,2005.0,True,True,2.0,5.0,False,False,prior_pc_found_before_observed_year,True,0,True,balanced_no_followup_pc_t1_t2,GREEN,orcid_agrees,True,2.5,0.5
ranjitjhala|POPL|2022,ranjitjhala,Ranjit Jhala,POPL,2022,2001,2001,2001,usable_1980_or_later,21,52,2026-06-12,1,single_observed_pc_year,2017.0,2008.0,2005.0,True,True,2.0,9.0,False,False,prior_pc_found_before_observed_year,True,0,True,balanced_no_followup_pc_t1_t2,YELLOW,orcid_agrees,False,15.0,1.2007002703907719
ronghuigu|POPL|2022,ronghuigu,Ronghui Gu,POPL,2022,2014,2014,2014,usable_1980_or_later,8,16,2026-06-12,1,single_observed_pc_year,2022.0,2022.0,2022.0,False,False,0.0,0.0,True,True,source_verified_first_pc_year,True,0,True,balanced_no_followup_pc_t1_t2,YELLOW,orcid_org_not_unique,False,6.0,0.8010299956639813
samstaton|POPL|2022,samstaton,Sam Staton,POPL,2022,2004,2004,2004,usable_1980_or_later,18,20,2026-06-12,1,single_observed_pc_year,2017.0,2017.0,2011.0,False,True,0.0,3.0,True,False,source_verified_first_pc_year,True,0,True,balanced_no_followup_pc_t1_t2,YELLOW,orcid_agrees,False,14.0,1.1382309020866221
shinyakatsumata|POPL|2022,shinyakatsumata,Shin-ya Katsumata,POPL,2022,2001,2001,2001,usable_1980_or_later,21,15,2026-06-12,1,single_observed_pc_year,2022.0,2022.0,2020.0,False,True,0.0,1.0,True,False,source_verified_first_pc_year,True,0,True,balanced_no_followup_pc_t1_t2,GREEN,orcid_agrees,True,4.0,0.690105620855803
woosuklee|POPL|2022,woosuklee,Woosuk Lee,POPL,2022,1981,2005,2005,usable_1980_or_later,17,16,2026-06-12,2,repeat_observed_pc_years,2022.0,2022.0,2022.0,False,False,0.0,0.0,True,True,source_verified_first_pc_year,True,0,True,balanced_no_followup_pc_t1_t2,YELLOW,orcid_org_not_unique,True,3.0,0.5880456295278407
akashlal|POPL|2023,akashlal,Akash Lal,POPL,2023,2002,2002,2002,usable_1980_or_later,21,22,2026-06-12,1,single_observed_pc_year,2017.0,2017.0,2007.0,False,True,0.0,7.0,True,False,source_verified_first_pc_year,True,0,True,balanced_no_followup_pc_t1_t2,YELLOW,orcid_org_not_unique,True,2.0,0.45154499349597177
benjamincpierce|POPL|2023,benjamincpierce,Benjamin C. Pierce,POPL,2023,1988,1989,1989,usable_1980_or_later,34,61,2026-06-12,1,single_observed_pc_year,2023.0,2009.0,2005.0,True,True,2.0,8.0,False,False,prior_pc_found_before_observed_year,True,0,True,balanced_no_followup_pc_t1_t2,YELLOW,orcid_org_not_unique,False,15.5,1.207486673985409
brigittepientka|POPL|2023,brigittepientka,Brigitte Pientka,POPL,2023,1997,1997,1997,usable_1980_or_later,26,20,2026-06-12,1,single_observed_pc_year,2023.0,2015.0,2011.0,True,True,1.0,11.0,False,False,prior_pc_found_before_observed_year,True,0,True,balanced_no_followup_pc_t1_t2,YELLOW,orcid_agrees,False,5.5,0.8116246451989502
christophmatheja|POPL|2023,christophmatheja,Christoph Matheja,POPL,2023,2015,2015,2015,usable_1980_or_later,8,16,2026-06-12,1,single_observed_pc_year,2023.0,2023.0,2022.0,False,True,0.0,1.0,True,False,source_verified_first_pc_year,True,0,True,balanced_no_followup_pc_t1_t2,GREEN,orcid_agrees,True,6.0,0.6901056208558031
christopherpulte|POPL|2023,christopherpulte,Christopher Pulte,POPL,2023,2009,2015,2015,usable_1980_or_later,8,13,2026-06-12,1,single_observed_pc_year,2023.0,2023.0,2023.0,False,False,0.0,0.0,True,True,source_verified_first_pc_year,True,0,True,balanced_no_followup_pc_t1_t2,GREEN,orcid_agrees,True,3.5,0.6505149978319906
conradwatt|POPL|2023,conradwatt,Conrad Watt,POPL,2023,2015,2015,2015,usable_1980_or_later,8,11,2026-06-12,1,single_observed_pc_year,2023.0,2023.0,2023.0,False,False,0.0,0.0,True,True,source_verified_first_pc_year,True,0,True,balanced_no_followup_pc_t1_t2,YELLOW,orcid_agrees,False,1.5,0.3010299956639812
corinaspasareanu|POPL|2023,corinaspasareanu,Corina S. Pasareanu,POPL,2023,1998,1998,1998,usable_1980_or_later,25,49,2026-06-12,1,single_observed_pc_year,2023.0,2016.0,2008.0,True,True,1.0,2.0,False,False,prior_pc_found_before_observed_year,True,0,True,balanced_no_followup_pc_t1_t2,YELLOW,orcid_org_not_unique,False,0.0,0.0
damienpous|POPL|2023,damienpous,Damien Pous,POPL,2023,2002,2002,2002,usable_1980_or_later,21,19,2026-06-12,1,single_observed_pc_year,2023.0,2023.0,2017.0,False,True,0.0,2.0,True,False,source_verified_first_pc_year,True,0,True,balanced_no_followup_pc_t1_t2,YELLOW,orcid_agrees,False,8.0,0.9286662482156343
danlicata|POPL|2023,danlicata,Daniel R. Licata,POPL,2023,2004,2004,2004,usable_1980_or_later,19,21,2026-06-12,1,single_observed_pc_year,2023.0,2015.0,2008.0,True,True,1.0,7.0,False,False,prior_pc_found_before_observed_year,True,0,True,balanced_no_followup_pc_t1_t2,YELLOW,orcid_agrees,False,4.0,0.6989700043360189
davidpichardie|POPL|2023,davidpichardie,David Pichardie,POPL,2023,2001,2001,2001,usable_1980_or_later,22,23,2026-06-12,1,single_observed_pc_year,2023.0,2015.0,2014.0,True,True,1.0,2.0,False,False,prior_pc_found_before_observed_year,True,0,True,balanced_no_followup_pc_t1_t2,GREEN,orcid_agrees,True,1.5,0.3010299956639812
eijirosumii|POPL|2023,eijirosumii,Eijiro Sumii,POPL,2023,1998,1998,1998,usable_1980_or_later,25,17,2026-06-12,1,single_observed_pc_year,2017.0,2008.0,2005.0,True,True,1.0,8.0,False,False,prior_pc_found_before_observed_year,True,0,True,balanced_no_followup_pc_t1_t2,YELLOW,no_openalex_orcid_to_compare,False,1.0,0.3010299956639812
ekaterinakomendantskaya|POPL|2023,ekaterinakomendantskaya,Ekaterina Komendantskaya,POPL,2023,2005,2005,2005,usable_1980_or_later,18,16,2026-06-12,1,single_observed_pc_year,2023.0,2023.0,2023.0,False,False,0.0,0.0,True,True,source_verified_first_pc_year,True,0,True,balanced_no_followup_pc_t1_t2,GREEN,orcid_agrees,True,0.0,0.0
elenazucca|POPL|2023,elenazucca,Elena Zucca,POPL,2023,1981,1981,1981,usable_1980_or_later,42,18,2026-06-12,1,single_observed_pc_year,2023.0,2014.0,2005.0,True,True,1.0,4.0,False,False,prior_pc_found_before_observed_year,True,0,True,balanced_no_followup_pc_t1_t2,YELLOW,orcid_org_not_unique,True,0.5,0.1505149978319906
francescozappanardelli|POPL|2023,francescozappanardelli,Francesco Zappa Nardelli,POPL,2023,2001,2001,2001,usable_1980_or_later,22,25,2026-06-12,1,single_observed_pc_year,2017.0,2012.0,2006.0,True,True,1.0,4.0,False,False,prior_pc_found_before_observed_year,True,0,True,balanced_no_followup_pc_t1_t2,YELLOW,orcid_org_not_unique,False,7.5,0.9286662482156343
giuseppecastagna|POPL|2023,giuseppecastagna,Giuseppe Castagna,POPL,2023,1992,1992,1992,usable_1980_or_later,31,35,2026-06-12,1,single_observed_pc_year,2023.0,2006.0,2006.0,True,True,2.0,10.0,False,False,prior_pc_found_before_observed_year,True,0,True,balanced_no_followup_pc_t1_t2,GREEN,orcid_agrees,True,10.5,1.060286965602925
isabellamastroeni|POPL|2023,isabellamastroeni,Isabella Mastroeni,POPL,2023,1999,2000,2000,usable_1980_or_later,23,17,2026-06-12,1,single_observed_pc_year,2017.0,2017.0,2007.0,False,True,0.0,2.0,True,False,source_verified_first_pc_year,True,0,True,balanced_no_followup_pc_t1_t2,YELLOW,orcid_org_not_unique,True,2.5,0.5395906230238124
jacqueshenrijourdan|POPL|2023,jacqueshenrijourdan,Jacques-Henri Jourdan,POPL,2023,2011,2011,2011,usable_1980_or_later,12,18,2026-06-12,1,single_observed_pc_year,2023.0,2023.0,2017.0,False,True,0.0,1.0,True,False,source_verified_first_pc_year,True,0,True,balanced_no_followup_pc_t1_t2,YELLOW,orcid_agrees,False,19.0,1.2921656121837652
jonathansterling|POPL|2023,jonathansterling,Jonathan Sterling,POPL,2023,2006,2014,2014,usable_1980_or_later,9,7,2026-06-12,1,single_observed_pc_year,2023.0,2023.0,2023.0,False,False,0.0,0.0,True,True,source_verified_first_pc_year,True,0,True,balanced_no_followup_pc_t1_t2,YELLOW,orcid_agrees,False,2.0,0.34948500216800943
joostpieterkatoen|POPL|2023,joostpieterkatoen,Joost-Pieter Katoen,POPL,2023,1988,1989,1989,usable_1980_or_later,34,59,2026-06-12,1,single_observed_pc_year,2023.0,2023.0,2014.0,False,True,0.0,4.0,True,False,source_verified_first_pc_year,True,0,True,balanced_no_followup_pc_t1_t2,YELLOW,orcid_org_not_unique,True,11.0,0.8996702747267908
josephtassarotti|POPL|2023,josephtassarotti,Joseph Tassarotti,POPL,2023,2012,2012,2012,usable_1980_or_later,11,14,2026-06-12,1,single_observed_pc_year,2023.0,2023.0,2020.0,False,True,0.0,1.0,True,False,source_verified_first_pc_year,True,0,True,balanced_no_followup_pc_t1_t2,YELLOW,orcid_agrees,False,5.5,0.7781512503836436
karthikeyanbhargavan|POPL|2023,karthikeyanbhargavan,Karthikeyan Bhargavan,POPL,2023,1998,1998,1998,usable_1980_or_later,25,43,2026-06-12,1,single_observed_pc_year,2023.0,2015.0,2008.0,True,True,1.0,4.0,False,False,prior_pc_found_before_observed_year,True,0,True,balanced_no_followup_pc_t1_t2,GREEN,orcid_agrees,True,2.5,0.5
lindseykuper|POPL|2023,lindseykuper,Lindsey Kuper,POPL,2023,2012,2012,2012,usable_1980_or_later,11,9,2026-06-12,1,single_observed_pc_year,2023.0,2023.0,2016.0,False,True,0.0,3.0,True,False,source_verified_first_pc_year,True,0,True,balanced_no_followup_pc_t1_t2,GREEN,orcid_agrees,True,1.0,0.23856062735983122
malavikasamak|POPL|2023,malavikasamak,Malavika Samak,POPL,2023,2014,2014,2014,usable_1980_or_later,9,9,2026-06-12,1,single_observed_pc_year,2023.0,2023.0,2016.0,False,True,0.0,1.0,True,False,source_verified_first_pc_year,True,0,True,balanced_no_followup_pc_t1_t2,YELLOW,no_openalex_orcid_to_compare,False,0.0,0.0
marcopatrignani|POPL|2023,marcopatrignani,Marco Patrignani,POPL,2023,2011,2011,2011,usable_1980_or_later,12,16,2026-06-12,1,single_observed_pc_year,2023.0,2023.0,2016.0,False,True,0.0,1.0,True,False,source_verified_first_pc_year,True,0,True,balanced_no_followup_pc_t1_t2,GREEN,orcid_agrees,True,5.5,0.5395906230238124
marcovassena|POPL|2023,marcovassena,Marco Vassena,POPL,2023,2015,2015,2015,usable_1980_or_later,8,8,2026-06-12,1,single_observed_pc_year,2023.0,2023.0,2023.0,False,False,0.0,0.0,True,True,source_verified_first_pc_year,True,0,True,balanced_no_followup_pc_t1_t2,YELLOW,orcid_agrees,False,1.5,0.3010299956639812
michelepagani|POPL|2023,michelepagani,Michele Pagani,POPL,2023,1986,2006,2006,usable_1980_or_later,17,21,2026-06-12,1,single_observed_pc_year,2017.0,2017.0,2017.0,False,False,0.0,0.0,True,True,source_verified_first_pc_year,True,0,True,balanced_no_followup_pc_t1_t2,YELLOW,orcid_org_not_unique,False,3.5,0.6505149978319906
ningningxie|POPL|2023,ningningxie,Ningning Xie,POPL,2023,2011,2011,2011,usable_1980_or_later,12,9,2026-06-12,1,single_observed_pc_year,2023.0,2023.0,2023.0,False,False,0.0,0.0,True,True,source_verified_first_pc_year,True,0,True,balanced_no_followup_pc_t1_t2,YELLOW,orcid_org_not_unique,False,0.5,0.1505149978319906
odedpadon|POPL|2023,odedpadon,Oded Padon,POPL,2023,2014,2014,2014,usable_1980_or_later,9,16,2026-06-12,1,single_observed_pc_year,2023.0,2023.0,2017.0,False,True,0.0,1.0,True,False,source_verified_first_pc_year,True,0,True,balanced_no_followup_pc_t1_t2,YELLOW,orcid_agrees,False,5.0,0.7720340221751378
orneladardha|POPL|2023,orneladardha,Ornela Dardha,POPL,2023,2012,2012,2012,usable_1980_or_later,11,11,2026-06-12,1,single_observed_pc_year,2023.0,2023.0,2023.0,False,False,0.0,0.0,True,True,source_verified_first_pc_year,True,0,True,balanced_no_followup_pc_t1_t2,YELLOW,orcid_agrees,False,2.5,0.3890756251918218
ralfjung|POPL|2023,ralfjung,Ralf Jung,POPL,2023,1996,1996,1996,usable_1980_or_later,27,20,2026-06-12,1,single_observed_pc_year,2023.0,2023.0,2017.0,False,True,0.0,1.0,True,False,source_verified_first_pc_year,True,0,True,balanced_no_followup_pc_t1_t2,YELLOW,orcid_agrees,False,28.5,1.4692598625882458
robbyfindler|POPL|2023,robbyfindler,Robert Bruce Findler,POPL,2023,1995,1995,1995,usable_1980_or_later,28,40,2026-06-12,1,single_observed_pc_year,2023.0,2008.0,2006.0,True,True,2.0,7.0,False,False,prior_pc_found_before_observed_year,True,0,True,balanced_no_followup_pc_t1_t2,YELLOW,orcid_agrees,False,6.0,0.7592569699389438
stephaniebalzer|POPL|2023,stephaniebalzer,Stephanie Balzer,POPL,2023,2005,2005,2005,usable_1980_or_later,18,11,2026-06-12,1,single_observed_pc_year,2023.0,2023.0,2016.0,False,True,0.0,2.0,True,False,source_verified_first_pc_year,True,0,True,balanced_no_followup_pc_t1_t2,GREEN,orcid_agrees,True,3.0,0.4225490200071284
tejchajed|POPL|2023,tejchajed,Tej Chajed,POPL,2023,2013,2013,2013,usable_1980_or_later,10,11,2026-06-12,1,single_observed_pc_year,2023.0,2023.0,2022.0,False,True,0.0,1.0,True,False,source_verified_first_pc_year,True,0,True,balanced_no_followup_pc_t1_t2,GREEN,orcid_agrees,True,1.5,0.3890756251918218
theowinterhalter|POPL|2023,theowinterhalter,Théo Winterhalter,POPL,2023,2015,2015,2015,usable_1980_or_later,8,9,2026-06-12,1,single_observed_pc_year,2023.0,2023.0,2022.0,False,True,0.0,1.0,True,False,source_verified_first_pc_year,True,0,True,balanced_no_followup_pc_t1_t2,GREEN,orcid_agrees,True,2.5,0.5395906230238124
toddmillstein|POPL|2023,toddmillstein,Todd Millstein,POPL,2023,1997,1997,1997,usable_1980_or_later,26,44,2026-06-12,1,single_observed_pc_year,2023.0,2012.0,2005.0,True,True,1.0,8.0,False,False,prior_pc_found_before_observed_year,True,0,True,balanced_no_followup_pc_t1_t2,YELLOW,orcid_agrees,False,6.0,0.8450980400142568
umangmathur|POPL|2023,umangmathur,Umang Mathur,POPL,2023,1969,1981,1981,usable_1980_or_later,42,21,2026-06-12,1,single_observed_pc_year,2023.0,2023.0,2023.0,False,False,0.0,0.0,True,True,source_verified_first_pc_year,True,0,True,balanced_no_followup_pc_t1_t2,YELLOW,orcid_org_not_unique,False,1.5,0.3890756251918218
