researcher_id,name,openalex_id,match_confidence,orcid_org_comparison,ideal_openalex_case,raw_first_publication_fetch_status,raw_first_publication_year,raw_first_publication_work_id,first_cs_publication_fetch_status,first_cs_publication_year,first_cs_publication_work_id,author_profile_fetch_status,h_index,h_index_fetch_date
aaronstump,Aaron Stump,A5072489480,GREEN,orcid_agrees,True,cached_ok,1999,https://openalex.org/W1631146593,fetched_ok,2000,https://openalex.org/W1534557881,cached_ok,25,2026-06-12
abhinavverma1,Abhinav Verma,A5101988843,YELLOW,orcid_org_not_unique,True,cached_ok,2008,https://openalex.org/W2151091462,fetched_ok,2011,https://openalex.org/W1901947321,cached_ok,9,2026-06-12
adamchlipala,Adam Chlipala,A5078100439,YELLOW,orcid_org_not_unique,False,cached_ok,2004,https://openalex.org/W1556262481,fetched_ok,2004,https://openalex.org/W1556262481,cached_ok,29,2026-06-12
adamwelc,Adam Welc,A5078668785,GREEN,orcid_agrees,True,cached_ok,2004,https://openalex.org/W4245339677,fetched_ok,2004,https://openalex.org/W4245339677,cached_ok,20,2026-06-12
adriansampson,Adrian Sampson,A5004782337,GREEN,orcid_agrees,True,cached_ok,2008,https://openalex.org/W2110880714,fetched_ok,2008,https://openalex.org/W2110880714,cached_ok,22,2026-06-12
aggelosbiboudis,Aggelos Biboudis,A5089315679,YELLOW,orcid_org_not_unique,False,cached_ok,2013,https://openalex.org/W2164242899,fetched_ok,2013,https://openalex.org/W2164242899,cached_ok,8,2026-06-12
ahmedbouajjani,Ahmed Bouajjani,A5045477471,GREEN,orcid_agrees,True,cached_ok,1989,https://openalex.org/W1546586445,fetched_ok,1989,https://openalex.org/W1546586445,cached_ok,43,2026-06-12
ainalinngeorges,Aina Linn Georges,A5041169923,YELLOW,orcid_org_not_unique,True,cached_ok,2014,https://openalex.org/W2560662321,fetched_ok,2014,https://openalex.org/W2560662321,cached_ok,6,2026-06-12
akashlal,Akash Lal,A5029930688,YELLOW,orcid_org_not_unique,True,cached_ok,2002,https://openalex.org/W2740783002,fetched_ok,2002,https://openalex.org/W2740783002,cached_ok,22,2026-06-12
akimasamorihata,Akimasa Morihata,A5037284935,YELLOW,orcid_org_not_unique,True,cached_ok,2005,https://openalex.org/W2185105587,fetched_ok,2005,https://openalex.org/W2185105587,cached_ok,7,2026-06-12
alanjeffrey1,Alan Jeffrey,A5012868882,YELLOW,orcid_org_not_unique,True,cached_ok,1960,https://openalex.org/W1965316082,fetched_ok,1961,https://openalex.org/W625540797,cached_ok,39,2026-06-12
alanschmitt,Alan Schmitt,A5013605827,YELLOW,orcid_org_not_unique,False,cached_ok,1969,https://openalex.org/W406516242,fetched_ok,2000,https://openalex.org/W1577383226,cached_ok,20,2026-06-12
alastairreid,Alastair Reid,A5000183647,YELLOW,orcid_org_not_unique,True,cached_ok,1990,https://openalex.org/W1533560332,fetched_ok,1990,https://openalex.org/W1533560332,cached_ok,19,2026-06-12
alcidesfonseca,Alcides Fonseca,A5089334093,YELLOW,orcid_org_not_unique,True,cached_ok,1987,https://openalex.org/W2302426048,fetched_ok,1987,https://openalex.org/W2302426048,cached_ok,10,2026-06-12
alejandroaguirre1,Alejandro Aguirre,A5073092626,YELLOW,orcid_org_not_unique,True,cached_ok,2005,https://openalex.org/W75275689,fetched_ok,2016,https://openalex.org/W3215029739,cached_ok,9,2026-06-12
alejandrorusso,Alejandro Russo,A5028178671,YELLOW,orcid_org_not_unique,False,cached_ok,1994,https://openalex.org/W2255518206,fetched_ok,1994,https://openalex.org/W2255518206,cached_ok,24,2026-06-12
aleksandarnanevski,Aleksandar Nanevski,A5026624853,GREEN,orcid_agrees,True,cached_ok,2001,https://openalex.org/W4242799047,fetched_ok,2001,https://openalex.org/W4242799047,cached_ok,24,2026-06-12
alexpotanin,Alex Potanin,A5057086547,GREEN,orcid_agrees,True,cached_ok,2002,https://openalex.org/W1558893343,fetched_ok,2002,https://openalex.org/W1558893343,cached_ok,17,2026-06-12
alexreinking1,Alex Reinking,A5065315146,GREEN,orcid_agrees,True,cached_ok,2015,https://openalex.org/W951206141,fetched_ok,2015,https://openalex.org/W951206141,cached_ok,4,2026-06-12
alexsanchezstern2,Alex Sanchez-Stern,A5088457102,GREEN,orcid_agrees,True,cached_ok,2015,https://openalex.org/W4242955624,fetched_ok,2015,https://openalex.org/W4242955624,cached_ok,8,2026-06-12
alexavanhattum1,Alexa VanHattum,A5029623128,GREEN,orcid_agrees,True,cached_ok,2020,https://openalex.org/W3030475914,fetched_ok,2020,https://openalex.org/W3030475914,cached_ok,5,2026-06-12
alexanderbakst,Alexander Bakst,A5054040964,GREEN,orcid_agrees,True,cached_ok,2009,https://openalex.org/W1565721628,fetched_ok,2009,https://openalex.org/W1565721628,cached_ok,6,2026-06-12
alexanderklew,Alexander K. Lew,A5056016273,YELLOW,orcid_org_not_unique,True,cached_ok,2019,https://openalex.org/W2902895875,fetched_ok,2019,https://openalex.org/W2902895875,cached_ok,7,2026-06-12
alexandrabugariu,Alexandra Bugariu,A5064460214,GREEN,orcid_agrees,True,cached_ok,2018,https://openalex.org/W2888538076,fetched_ok,2018,https://openalex.org/W2888538076,cached_ok,3,2026-06-12
alexandrajimborean,Alexandra Jimborean,A5039379608,YELLOW,orcid_org_not_unique,True,cached_ok,2010,https://openalex.org/W2245941984,fetched_ok,2010,https://openalex.org/W2245941984,cached_ok,15,2026-06-12
alexandremoine,Alexandre Moine,A5022449209,GREEN,orcid_agrees,True,cached_ok,1993,https://openalex.org/W2612162486,fetched_ok,1993,https://openalex.org/W2980228409,cached_ok,7,2026-06-12
alexeygotsman,Alexey Gotsman,A5068242118,GREEN,orcid_agrees,True,cached_ok,2005,https://openalex.org/W2083753457,fetched_ok,2005,https://openalex.org/W2083753457,cached_ok,25,2026-06-12
alvincheung,Alvin Cheung,A5059427197,YELLOW,orcid_org_not_unique,False,cached_ok,1968,https://openalex.org/W2229269385,fetched_ok,1973,https://openalex.org/W1979341333,cached_ok,34,2026-06-12
amalahmed,Amal Ahmed,A5084250644,YELLOW,orcid_org_not_unique,False,cached_ok,2002,https://openalex.org/W122648455,fetched_ok,2002,https://openalex.org/W122648455,cached_ok,32,2026-06-12
amintimany,Amin Timany,A5030831735,GREEN,orcid_agrees,True,cached_ok,2014,https://openalex.org/W2519035500,fetched_ok,2014,https://openalex.org/W2519035500,cached_ok,13,2026-06-12
amosrobinson,Amos Robinson,A5027828112,YELLOW,no_openalex_orcid_to_compare,False,cached_ok,1969,https://openalex.org/W2062762431,fetched_ok,1972,https://openalex.org/W1963863191,cached_ok,2,2026-06-12
amrsabry,Amr Sabry,A5084476883,YELLOW,orcid_org_not_unique,True,cached_ok,1984,https://openalex.org/W2026490863,fetched_ok,1984,https://openalex.org/W2026490863,cached_ok,27,2026-06-12
anamilanova,Ana Milanova,A5083326011,GREEN,orcid_agrees,True,cached_ok,2000,https://openalex.org/W3111188899,fetched_ok,2000,https://openalex.org/W3111188899,cached_ok,19,2026-06-12
anasokolova,Ana Sokolova,A5074223895,YELLOW,orcid_agrees,False,cached_ok,2000,https://openalex.org/W2992588304,fetched_ok,2000,https://openalex.org/W2992588304,cached_ok,20,2026-06-12
andersmiltner1,Anders Miltner,A5001856793,GREEN,orcid_agrees,True,cached_ok,2017,https://openalex.org/W2764230631,fetched_ok,2017,https://openalex.org/W2764230631,cached_ok,5,2026-06-12
andersmoller,Anders Møller,A5103189175,YELLOW,orcid_org_not_unique,False,cached_ok,1996,https://openalex.org/W4414395088,fetched_ok,1998,https://openalex.org/W1818793721,cached_ok,39,2026-06-12
andreavezzosi2,Andrea Vezzosi,A5066208562,YELLOW,orcid_org_not_unique,True,cached_ok,2014,https://openalex.org/W2148595046,fetched_ok,2014,https://openalex.org/W2148595046,cached_ok,9,2026-06-12
andreasabel,Andreas Abel,A5008534457,YELLOW,orcid_org_not_unique,True,cached_ok,1986,https://openalex.org/W812979081,fetched_ok,2000,https://openalex.org/W1736942297,cached_ok,28,2026-06-12
andreaspavlogiannis1,Andreas Pavlogiannis,A5022252401,YELLOW,orcid_agrees,False,cached_ok,2010,https://openalex.org/W1494218382,fetched_ok,2010,https://openalex.org/W1494218382,cached_ok,18,2026-06-12
andreaspodelski,Andreas Podelski,A5062411838,YELLOW,orcid_org_not_unique,True,cached_ok,1989,https://openalex.org/W409005790,fetched_ok,1989,https://openalex.org/W788416784,cached_ok,42,2026-06-12
andreasrossberg,Andreas Rossberg,A5054382677,GREEN,orcid_agrees,True,cached_ok,2002,https://openalex.org/W1534543197,fetched_ok,2002,https://openalex.org/W1534543197,cached_ok,18,2026-06-12
andreaszeller,Andreas Zeller,A5051672229,YELLOW,orcid_org_not_unique,False,cached_ok,1959,https://openalex.org/W2554558475,fetched_ok,1994,https://openalex.org/W28027420,cached_ok,66,2026-06-12
andreeacostea,Andreea Costea,A5082345697,YELLOW,orcid_org_not_unique,True,cached_ok,2014,https://openalex.org/W1991259672,fetched_ok,2014,https://openalex.org/W1991259672,cached_ok,5,2026-06-12
andrejbauer,Andrej Bauer,A5068602858,YELLOW,orcid_agrees,False,cached_ok,1996,https://openalex.org/W1516397683,fetched_ok,1996,https://openalex.org/W1516397683,cached_ok,15,2026-06-12
andreserbsen,Andres Erbsen,A5082766906,GREEN,orcid_agrees,True,cached_ok,2016,https://openalex.org/W2951421496,fetched_ok,2016,https://openalex.org/W2951421496,cached_ok,7,2026-06-12
andresloh,Andres Löh,A5027537142,YELLOW,orcid_agrees,False,cached_ok,2000,https://openalex.org/W2115891727,fetched_ok,2000,https://openalex.org/W2115891727,cached_ok,24,2026-06-12
andrewadams,Andrew Adams,A5082293572,YELLOW,orcid_org_not_unique,True,cached_ok,1946,https://openalex.org/W2094186097,fetched_ok,1949,https://openalex.org/W4248545589,cached_ok,60,2026-06-12
andrewkhirsch,Andrew K. Hirsch,A5015733309,GREEN,orcid_agrees,True,cached_ok,2012,https://openalex.org/W1622004966,fetched_ok,2012,https://openalex.org/W1622004966,cached_ok,3,2026-06-12
andrewlumsdaine1,Andrew Lumsdaine,A5074260102,YELLOW,orcid_agrees,False,cached_ok,1987,https://openalex.org/W1990502665,fetched_ok,1987,https://openalex.org/W1990502665,cached_ok,46,2026-06-12
andrewpitts,Andrew M. Pitts,A5035484728,GREEN,orcid_agrees,True,cached_ok,1980,https://openalex.org/W4243933121,fetched_ok,1980,https://openalex.org/W4243933121,cached_ok,36,2026-06-12
andrewmyers,Andrew Myers,A5101697551,YELLOW,orcid_org_not_unique,True,cached_ok,1990,https://openalex.org/W2950120457,fetched_ok,1995,https://openalex.org/W4239174316,cached_ok,17,2026-06-12
andrewtolmach,Andrew Tolmach,A5046980155,GREEN,orcid_agrees,True,cached_ok,1990,https://openalex.org/W2079978872,fetched_ok,1990,https://openalex.org/W2079978872,cached_ok,22,2026-06-12
andrewappel,Andrew W. Appel,A5004766305,YELLOW,orcid_org_not_unique,False,cached_ok,1985,https://openalex.org/W2004468084,fetched_ok,1985,https://openalex.org/W2004468084,cached_ok,53,2026-06-12
andreyrybalchenko,Andrey Rybalchenko,A5044737952,YELLOW,no_openalex_orcid_to_compare,False,cached_ok,2002,https://openalex.org/W40054448,fetched_ok,2002,https://openalex.org/W40054448,cached_ok,40,2026-06-12
andrzejfilinski,Andrzej Filinski,A5048548468,YELLOW,orcid_agrees,False,cached_ok,1990,https://openalex.org/W2293168108,fetched_ok,1990,https://openalex.org/W2293168108,cached_ok,15,2026-06-12
andreplatzer,André Platzer,A5080481427,GREEN,orcid_agrees,True,cached_ok,2006,https://openalex.org/W2583565909,fetched_ok,2006,https://openalex.org/W2583565909,cached_ok,38,2026-06-12
andresgoens1,Andrés Goens,A5045703198,GREEN,orcid_agrees,True,cached_ok,2014,https://openalex.org/W1977079484,fetched_ok,2014,https://openalex.org/W1977079484,cached_ok,11,2026-06-12
andygill,Andy Gill,A5029124439,YELLOW,orcid_org_not_unique,False,cached_ok,1992,https://openalex.org/W2727348977,fetched_ok,1992,https://openalex.org/W2727348977,cached_ok,16,2026-06-12
anilmadhavapeddy,Anil Madhavapeddy,A5004447568,YELLOW,orcid_agrees,False,cached_ok,2003,https://openalex.org/W72374092,fetched_ok,2003,https://openalex.org/W72374092,cached_ok,27,2026-06-12
anithagollamudi,Anitha Gollamudi,A5047325283,GREEN,orcid_agrees,True,cached_ok,2016,https://openalex.org/W3006997294,fetched_ok,2016,https://openalex.org/W3006997294,cached_ok,4,2026-06-12
ankushdas1,Ankush Das,A5030491260,YELLOW,orcid_org_not_unique,True,cached_ok,1971,https://openalex.org/W2417028680,fetched_ok,1971,https://openalex.org/W2417028680,cached_ok,8,2026-06-12
ankushdesai1,Ankush Desai,A5042181450,YELLOW,orcid_org_not_unique,True,cached_ok,2011,https://openalex.org/W1496945535,fetched_ok,2011,https://openalex.org/W1496945535,cached_ok,11,2026-06-12
annettebieniusa,Annette Bieniusa,A5050660693,YELLOW,orcid_org_not_unique,True,cached_ok,2008,https://openalex.org/W2144161217,fetched_ok,2008,https://openalex.org/W2144161217,cached_ok,11,2026-06-12
antonpodkopaev,Anton Podkopaev,A5082235493,YELLOW,orcid_org_not_unique,False,cached_ok,2015,https://openalex.org/W612875727,fetched_ok,2015,https://openalex.org/W612875727,cached_ok,7,2026-06-12
aravindmachiry,Aravind Machiry,A5071486684,YELLOW,orcid_org_not_unique,True,cached_ok,2013,https://openalex.org/W2013856010,fetched_ok,2013,https://openalex.org/W2013856010,cached_ok,18,2026-06-12
arjunguha,Arjun Guha,A5044042294,YELLOW,orcid_org_not_unique,False,cached_ok,2005,https://openalex.org/W2003589918,fetched_ok,2006,https://openalex.org/W1656293736,cached_ok,30,2026-06-12
arjunradhakrishna,Arjun Radhakrishna,A5000188805,YELLOW,orcid_agrees,False,cached_ok,2009,https://openalex.org/W2951346537,fetched_ok,2009,https://openalex.org/W2951346537,cached_ok,17,2026-06-12
armandosolarlezama,Armando Solar-Lezama,A5010786661,YELLOW,orcid_org_not_unique,False,cached_ok,2005,https://openalex.org/W1997199152,fetched_ok,2005,https://openalex.org/W1997199152,cached_ok,44,2026-06-12
arnaudspiwack,Arnaud Spiwack,A5019246823,YELLOW,orcid_agrees,False,cached_ok,2004,https://openalex.org/W2745654698,fetched_ok,2004,https://openalex.org/W2745654698,cached_ok,6,2026-06-12
artemkhyzha1,Artem Khyzha,A5029787951,GREEN,orcid_agrees,True,cached_ok,2012,https://openalex.org/W2337548567,fetched_ok,2012,https://openalex.org/W2337548567,cached_ok,7,2026-06-12
artempelenitsyn,Artem Pelenitsyn,A5056623735,GREEN,orcid_agrees,True,cached_ok,2012,https://openalex.org/W2556302023,fetched_ok,2012,https://openalex.org/W2556302023,cached_ok,4,2026-06-12
arthurazevedodeamorim,Arthur Azevedo de Amorim,A5086486652,YELLOW,orcid_agrees,False,cached_ok,2007,https://openalex.org/W2292802925,fetched_ok,2007,https://openalex.org/W2292802925,cached_ok,11,2026-06-12
arthurchargueraud,Arthur Charguéraud,A5025324126,GREEN,orcid_agrees,True,cached_ok,2005,https://openalex.org/W2616233669,fetched_ok,2005,https://openalex.org/W2616233669,cached_ok,20,2026-06-12
aseemrastogi,Aseem Rastogi,A5102801489,GREEN,orcid_agrees,True,cached_ok,2012,https://openalex.org/W205705307,fetched_ok,2012,https://openalex.org/W205705307,cached_ok,22,2026-06-12
ashishtiwari,Ashish Tiwari,A5086308451,YELLOW,orcid_org_not_unique,False,cached_ok,1995,https://openalex.org/W2213753973,fetched_ok,1995,https://openalex.org/W2213753973,cached_ok,48,2026-06-12
aslanaskarov,Aslan Askarov,A5023772821,YELLOW,orcid_agrees,False,cached_ok,1987,https://openalex.org/W1994525770,fetched_ok,1987,https://openalex.org/W1994525770,cached_ok,18,2026-06-12
atsushiigarashi,Atsushi Igarashi,A5077485499,YELLOW,orcid_org_not_unique,True,cached_ok,1963,https://openalex.org/W2334751080,fetched_ok,1983,https://openalex.org/W2063922688,cached_ok,27,2026-06-12
atsushiohori,Atsushi Ohori,A5046674857,YELLOW,no_openalex_orcid_to_compare,False,cached_ok,1983,https://openalex.org/W2133277328,fetched_ok,1983,https://openalex.org/W2133277328,cached_ok,19,2026-06-12
aurelebarriere,Aurèle Barrière,A5041214466,GREEN,orcid_agrees,True,cached_ok,2018,https://openalex.org/W2804741915,fetched_ok,2018,https://openalex.org/W2804741915,cached_ok,4,2026-06-12
avikchaudhuri,Avik Chaudhuri,A5065727495,YELLOW,orcid_org_not_unique,False,cached_ok,2002,https://openalex.org/W2753622424,fetched_ok,2002,https://openalex.org/W2753622424,cached_ok,13,2026-06-12
awsalbarghouthi,Aws Albarghouthi,A5050593520,YELLOW,orcid_agrees,False,cached_ok,2010,https://openalex.org/W2130550680,fetched_ok,2010,https://openalex.org/W2130550680,cached_ok,23,2026-06-12
ayalzaks,Ayal Zaks,A5109958961,YELLOW,orcid_org_not_unique,False,cached_ok,1998,https://openalex.org/W2114919740,fetched_ok,1998,https://openalex.org/W2043610469,cached_ok,18,2026-06-12
aymericfromherz,Aymeric Fromherz,A5039132232,GREEN,orcid_agrees,True,cached_ok,2017,https://openalex.org/W2568432792,fetched_ok,2017,https://openalex.org/W2568432792,cached_ok,8,2026-06-12
azadehfarzan,Azadeh Farzan,A5016276143,GREEN,orcid_agrees,True,cached_ok,2004,https://openalex.org/W2789196474,fetched_ok,2004,https://openalex.org/W2789196474,cached_ok,23,2026-06-12
azalearaad,Azalea Raad,A5083721882,GREEN,orcid_agrees,True,cached_ok,2011,https://openalex.org/W2096588317,fetched_ok,2011,https://openalex.org/W2096588317,cached_ok,18,2026-06-12
baberrehman,Baber Rehman,A5029199272,GREEN,orcid_agrees,True,cached_ok,2020,https://openalex.org/W3106786378,fetched_ok,2020,https://openalex.org/W3106786378,cached_ok,2,2026-06-12
bariskasikci,Baris Kasikci,A5050964144,GREEN,orcid_agrees,True,cached_ok,2011,https://openalex.org/W841245180,fetched_ok,2011,https://openalex.org/W841245180,cached_ok,22,2026-06-12
basspitters,Bas Spitters,A5043123968,YELLOW,orcid_agrees,False,cached_ok,2000,https://openalex.org/W2143301853,fetched_ok,2000,https://openalex.org/W2143301853,cached_ok,19,2026-06-12
bengreenman,Ben Greenman,A5002785598,YELLOW,orcid_org_not_unique,True,cached_ok,2005,https://openalex.org/W4251268632,fetched_ok,2005,https://openalex.org/W4251268632,cached_ok,13,2026-06-12
benhardekopf,Ben Hardekopf,A5074393511,YELLOW,orcid_agrees,False,cached_ok,2000,https://openalex.org/W2154387710,fetched_ok,2000,https://openalex.org/W2154387710,cached_ok,20,2026-06-12
benhermann,Ben Hermann,A5027995789,GREEN,orcid_agrees,True,cached_ok,2011,https://openalex.org/W2266421402,fetched_ok,2013,https://openalex.org/W135477277,cached_ok,14,2026-06-12
benltitzer,Ben L. Titzer,A5034437441,YELLOW,orcid_org_not_unique,True,cached_ok,2003,https://openalex.org/W125181918,fetched_ok,2003,https://openalex.org/W125181918,cached_ok,12,2026-06-12
benliblit,Ben Liblit,A5030632138,YELLOW,orcid_org_not_unique,False,cached_ok,1998,https://openalex.org/W174368243,fetched_ok,1998,https://openalex.org/W174368243,cached_ok,31,2026-06-12
benlippmeier,Ben Lippmeier,A5009447837,YELLOW,orcid_org_not_unique,False,cached_ok,2009,https://openalex.org/W2896527812,fetched_ok,2009,https://openalex.org/W2896527812,cached_ok,10,2026-06-12
benzorn,Ben Zorn,A5061392370,YELLOW,no_openalex_orcid_to_compare,False,cached_ok,1999,https://openalex.org/W2076760716,fetched_ok,1999,https://openalex.org/W2076760716,cached_ok,7,2026-06-12
beniaminoaccattoli,Beniamino Accattoli,A5046873607,GREEN,orcid_agrees,True,cached_ok,2009,https://openalex.org/W4242772231,fetched_ok,2009,https://openalex.org/W4242772231,cached_ok,20,2026-06-12
benjamincpierce,Benjamin C. Pierce,A5085361253,YELLOW,orcid_org_not_unique,False,cached_ok,1988,https://openalex.org/W1507631646,fetched_ok,1989,https://openalex.org/W2104216136,cached_ok,61,2026-06-12
benjaminchung,Benjamin Chung,A5008191145,YELLOW,orcid_org_not_unique,True,cached_ok,2012,https://openalex.org/W1977024635,fetched_ok,2012,https://openalex.org/W1977024635,cached_ok,8,2026-06-12
benjamindelaware,Benjamin Delaware,A5073767542,YELLOW,orcid_agrees,False,cached_ok,2009,https://openalex.org/W2016945749,fetched_ok,2009,https://openalex.org/W2016945749,cached_ok,11,2026-06-12
benjaminlivshits1,Benjamin Livshits,A5068390911,YELLOW,orcid_agrees,False,cached_ok,1960,https://openalex.org/W3118883008,fetched_ok,1960,https://openalex.org/W3118883008,cached_ok,40,2026-06-12
benjaminlucienkaminski,Benjamin Lucien Kaminski,A5045667283,YELLOW,orcid_agrees,False,cached_ok,2011,https://openalex.org/W2116276920,fetched_ok,2011,https://openalex.org/W2116276920,cached_ok,20,2026-06-12
benoitvaliron1,Benoît Valiron,A5065743601,YELLOW,orcid_agrees,False,cached_ok,2004,https://openalex.org/W2580224894,fetched_ok,2004,https://openalex.org/W2580224894,cached_ok,18,2026-06-12
bernardotoninho,Bernardo Toninho,A5039596448,YELLOW,orcid_agrees,False,cached_ok,2009,https://openalex.org/W156148463,fetched_ok,2009,https://openalex.org/W156148463,cached_ok,17,2026-06-12
berndfinkbeiner,Bernd Finkbeiner,A5048189898,YELLOW,orcid_agrees,False,cached_ok,1973,https://openalex.org/W2045483846,fetched_ok,1973,https://openalex.org/W2045483846,cached_ok,32,2026-06-12
bernhardscholz1,Bernhard Scholz,A5084068260,YELLOW,orcid_org_not_unique,True,cached_ok,1898,https://openalex.org/W657874098,fetched_ok,1942,https://openalex.org/W2093158817,cached_ok,31,2026-06-12
betaziliani,Beta Ziliani,A5051003407,GREEN,orcid_agrees,True,cached_ok,2011,https://openalex.org/W2171053413,fetched_ok,2011,https://openalex.org/W2171053413,cached_ok,9,2026-06-12
boryuhevanchang,Bor-Yuh Evan Chang,A5048756174,GREEN,orcid_agrees,True,cached_ok,2002,https://openalex.org/W1766430671,fetched_ok,2002,https://openalex.org/W1766430671,cached_ok,19,2026-06-12
brandonlucia,Brandon Lucia,A5076249757,YELLOW,orcid_agrees,False,cached_ok,2008,https://openalex.org/W3142284768,fetched_ok,2008,https://openalex.org/W3142284768,cached_ok,40,2026-06-12
briandemsky,Brian Demsky,A5016315666,GREEN,orcid_agrees,True,cached_ok,2001,https://openalex.org/W2281249352,fetched_ok,2001,https://openalex.org/W2281249352,cached_ok,23,2026-06-12
brianhempel,Brian Hempel,A5034813141,YELLOW,orcid_org_not_unique,False,cached_ok,2016,https://openalex.org/W3084042316,fetched_ok,2016,https://openalex.org/W3084042316,cached_ok,4,2026-06-12
brigittepientka,Brigitte Pientka,A5044908798,YELLOW,orcid_agrees,False,cached_ok,1997,https://openalex.org/W1622769185,fetched_ok,1997,https://openalex.org/W1622769185,cached_ok,20,2026-06-12
brunooliveira,Bruno C. d. S. Oliveira,A5049714036,YELLOW,orcid_agrees,False,cached_ok,2002,https://openalex.org/W2529380892,fetched_ok,2002,https://openalex.org/W2529380892,cached_ok,23,2026-06-12
burcukulahciogluozkan,Burcu Kulahcioglu Ozkan,A5019138419,GREEN,orcid_agrees,True,cached_ok,2014,https://openalex.org/W2181670131,fetched_ok,2014,https://openalex.org/W2181670131,cached_ok,8,2026-06-12
caitlinsadowski,Caitlin Sadowski,A5013989748,GREEN,orcid_agrees,True,cached_ok,1969,https://openalex.org/W2462409288,fetched_ok,1969,https://openalex.org/W2462409288,cached_ok,24,2026-06-12
calebstanford,Caleb Stanford,A5019472033,GREEN,orcid_agrees,True,cached_ok,2015,https://openalex.org/W1111270772,fetched_ok,2015,https://openalex.org/W1111270772,cached_ok,6,2026-06-12
calincascaval,Calin Cascaval,A5036042735,GREEN,orcid_agrees,True,cached_ok,2000,https://openalex.org/W1525107379,fetched_ok,2000,https://openalex.org/W1525107379,cached_ok,30,2026-06-12
calvinsmith,Calvin Smith,A5075808482,YELLOW,orcid_org_not_unique,False,cached_ok,1966,https://openalex.org/W2072189696,fetched_ok,2016,https://openalex.org/W2409856616,cached_ok,8,2026-06-12
camildemetrescu,Camil Demetrescu,A5066534034,YELLOW,orcid_agrees,False,cached_ok,1979,https://openalex.org/W155673274,fetched_ok,1988,https://openalex.org/W2024846260,cached_ok,27,2026-06-12
carlaferreira,Carla Ferreira,A5031885550,YELLOW,orcid_org_not_unique,True,cached_ok,2000,https://openalex.org/W1579083398,fetched_ok,2000,https://openalex.org/W1579083398,cached_ok,17,2026-06-12
carloangiuli,Carlo Angiuli,A5082735906,YELLOW,orcid_agrees,False,cached_ok,2010,https://openalex.org/W1610935610,fetched_ok,2010,https://openalex.org/W1610935610,cached_ok,8,2026-06-12
carolinelemieux,Caroline Lemieux,A5069023395,YELLOW,orcid_agrees,False,cached_ok,2010,https://openalex.org/W2526043839,fetched_ok,2015,https://openalex.org/W4237865316,cached_ok,11,2026-06-12
caterinaurban,Caterina Urban,A5077439185,YELLOW,orcid_org_not_unique,True,cached_ok,2013,https://openalex.org/W2114695797,fetched_ok,2013,https://openalex.org/W2114695797,cached_ok,11,2026-06-12
chandrakrintz,Chandra Krintz,A5040516516,GREEN,orcid_agrees,True,cached_ok,1995,https://openalex.org/W30532117,fetched_ok,1995,https://openalex.org/W30532117,cached_ok,30,2026-06-12
chandrakananandi,Chandrakana Nandi,A5066993902,YELLOW,orcid_agrees,False,cached_ok,2014,https://openalex.org/W1951090007,fetched_ok,2014,https://openalex.org/W1951090007,cached_ok,9,2026-06-12
charithmendis1,Charith Mendis,A5034476447,YELLOW,orcid_agrees,False,cached_ok,2015,https://openalex.org/W2054907275,fetched_ok,2015,https://openalex.org/W2054907275,cached_ok,13,2026-06-12
charliecurtsinger,Charlie Curtsinger,A5053167314,YELLOW,orcid_org_not_unique,False,cached_ok,2011,https://openalex.org/W58852127,fetched_ok,2011,https://openalex.org/W58852127,cached_ok,10,2026-06-12
charliemurphy1,Charlie Murphy,A5000201364,YELLOW,no_openalex_orcid_to_compare,False,cached_ok,2017,https://openalex.org/W2623933443,fetched_ok,2017,https://openalex.org/W2623933443,cached_ok,1,2026-06-12
chenxiwang1,Chenxi Wang,A5100334369,YELLOW,orcid_org_not_unique,True,cached_ok,1997,https://openalex.org/W43328283,fetched_ok,1997,https://openalex.org/W43328283,cached_ok,16,2026-06-12
chrisfallin,Chris Fallin,A5030507600,GREEN,orcid_agrees,True,cached_ok,2010,https://openalex.org/W2122510369,fetched_ok,2010,https://openalex.org/W2122510369,cached_ok,16,2026-06-12
chrishawblitzel,Chris Hawblitzel,A5016958899,GREEN,orcid_agrees,True,cached_ok,1996,https://openalex.org/W2099905360,fetched_ok,1996,https://openalex.org/W2099905360,cached_ok,27,2026-06-12
chrismartens,Chris Martens,A5086688438,YELLOW,orcid_org_not_unique,True,cached_ok,2006,https://openalex.org/W2010212258,fetched_ok,2006,https://openalex.org/W2010212258,cached_ok,13,2026-06-12
chrisseaton,Chris Seaton,A5037104076,YELLOW,no_openalex_orcid_to_compare,False,cached_ok,1966,https://openalex.org/W2896852977,fetched_ok,1983,https://openalex.org/W2316405688,cached_ok,12,2026-06-12
christiankastner,Christian Kästner,A5067467896,YELLOW,orcid_org_not_unique,True,cached_ok,1996,https://openalex.org/W1706554364,fetched_ok,1996,https://openalex.org/W1706554364,cached_ok,68,2026-06-12
christinerizkallah,Christine Rizkallah,A5019489999,YELLOW,orcid_agrees,False,cached_ok,2009,https://openalex.org/W993805131,fetched_ok,2009,https://openalex.org/W993805131,cached_ok,10,2026-06-12
christinetasson,Christine Tasson,A5063161068,YELLOW,orcid_agrees,False,cached_ok,2005,https://openalex.org/W1684926818,fetched_ok,2005,https://openalex.org/W1684926818,cached_ok,11,2026-06-12
christophmatheja,Christoph Matheja,A5089189715,GREEN,orcid_agrees,True,cached_ok,2015,https://openalex.org/W2304549379,fetched_ok,2015,https://openalex.org/W2304549379,cached_ok,16,2026-06-12
christopherpulte,Christopher Pulte,A5029071370,GREEN,orcid_agrees,True,cached_ok,2009,https://openalex.org/W2162190353,fetched_ok,2015,https://openalex.org/W2235853928,cached_ok,13,2026-06-12
christosdimoulas1,Christos Dimoulas,A5041562511,GREEN,orcid_agrees,True,cached_ok,2008,https://openalex.org/W1538391492,fetched_ok,2008,https://openalex.org/W1538391492,cached_ok,12,2026-06-12
chungkilhur,Chung-Kil Hur,A5035382393,YELLOW,orcid_agrees,False,cached_ok,1996,https://openalex.org/W3201820480,fetched_ok,1996,https://openalex.org/W3201820480,cached_ok,26,2026-06-12
chungchiehshan,Chung-chieh Shan,A5021546193,GREEN,orcid_agrees,True,cached_ok,2002,https://openalex.org/W2135230331,fetched_ok,2002,https://openalex.org/W2135230331,cached_ok,29,2026-06-12
cierajaspan,Ciera Jaspan,A5010687341,GREEN,orcid_agrees,True,cached_ok,2007,https://openalex.org/W2084462810,fetched_ok,2007,https://openalex.org/W2084462810,cached_ok,16,2026-06-12
cindyrubiogonzalez,Cindy Rubio-González,A5010991469,GREEN,orcid_agrees,True,cached_ok,2008,https://openalex.org/W1545684573,fetched_ok,2008,https://openalex.org/W1545684573,cached_ok,16,2026-06-12
claudiorusso,Claudio Russo,A5081301440,YELLOW,orcid_org_not_unique,False,cached_ok,1980,https://openalex.org/W2415328426,fetched_ok,1996,https://openalex.org/W152899481,cached_ok,18,2026-06-12
clementpitclaudel,Clément Pit-Claudel,A5018186543,YELLOW,orcid_agrees,False,cached_ok,2014,https://openalex.org/W1976978933,fetched_ok,2014,https://openalex.org/W1976978933,cached_ok,11,2026-06-12
coleschlesinger3,Cole Schlesinger,A5012489417,GREEN,orcid_agrees,True,cached_ok,2011,https://openalex.org/W2169037418,fetched_ok,2011,https://openalex.org/W2169037418,cached_ok,18,2026-06-12
conormcbride,Conor McBride,A5090954120,YELLOW,orcid_agrees,False,cached_ok,1993,https://openalex.org/W2089549538,fetched_ok,1993,https://openalex.org/W2089549538,cached_ok,30,2026-06-12
conradwatt,Conrad Watt,A5060197721,YELLOW,orcid_agrees,False,cached_ok,2015,https://openalex.org/W1026566567,fetched_ok,2015,https://openalex.org/W1026566567,cached_ok,11,2026-06-12
constantinenea,Constantin Enea,A5040528930,YELLOW,orcid_org_not_unique,True,cached_ok,2002,https://openalex.org/W2013138466,fetched_ok,2002,https://openalex.org/W2013138466,cached_ok,20,2026-06-12
corinaspasareanu,Corina S. Pasareanu,A5053134485,YELLOW,orcid_org_not_unique,False,cached_ok,1998,https://openalex.org/W2496205912,fetched_ok,1998,https://openalex.org/W2496205912,cached_ok,49,2026-06-12
coskuacay1,Coşku Acay,A5054491689,YELLOW,orcid_agrees,False,cached_ok,2021,https://openalex.org/W3186578350,fetched_ok,2021,https://openalex.org/W3186578350,cached_ok,2,2026-06-12
cristiancadar,Cristian Cadar,A5053355200,YELLOW,orcid_org_not_unique,True,cached_ok,2003,https://openalex.org/W2243801415,fetched_ok,2003,https://openalex.org/W2243801415,cached_ok,34,2026-06-12
cyrusomar,Cyrus Omar,A5001010367,GREEN,orcid_agrees,True,cached_ok,2008,https://openalex.org/W2124928220,fetched_ok,2008,https://openalex.org/W2124928220,cached_ok,12,2026-06-12
cedricfournet,Cédric Fournet,A5108519702,GREEN,orcid_agrees,True,cached_ok,1996,https://openalex.org/W2050942832,fetched_ok,1996,https://openalex.org/W2050942832,cached_ok,57,2026-06-12
catalinhritcu,Cătălin Hriţcu,A5106466226,YELLOW,orcid_org_not_unique,False,cached_ok,2007,https://openalex.org/W2148122081,fetched_ok,2007,https://openalex.org/W2148122081,cached_ok,22,2026-06-12
daanleijen,Daan Leijen,A5086447301,YELLOW,orcid_org_not_unique,False,cached_ok,1998,https://openalex.org/W1517653696,fetched_ok,1998,https://openalex.org/W1517653696,cached_ok,27,2026-06-12
damianomazza,Damiano Mazza,A5088134720,YELLOW,no_openalex_orcid_to_compare,False,cached_ok,2005,https://openalex.org/W1501810120,fetched_ok,2005,https://openalex.org/W1501810120,cached_ok,13,2026-06-12
damienpous,Damien Pous,A5084356882,YELLOW,orcid_agrees,False,cached_ok,2002,https://openalex.org/W1137326927,fetched_ok,2002,https://openalex.org/W1137326927,cached_ok,19,2026-06-12
damienzufferey,Damien Zufferey,A5011927030,YELLOW,orcid_agrees,False,cached_ok,2008,https://openalex.org/W2588580175,fetched_ok,2008,https://openalex.org/W2588580175,cached_ok,24,2026-06-12
dangrossman,Dan Grossman,A5103045316,YELLOW,no_openalex_orcid_to_compare,False,cached_ok,1970,https://openalex.org/W1573781156,fetched_ok,1970,https://openalex.org/W1573781156,cached_ok,40,2026-06-12
danelahman,Danel Ahman,A5050436525,YELLOW,orcid_agrees,False,cached_ok,2012,https://openalex.org/W2189393827,fetched_ok,2012,https://openalex.org/W2189393827,cached_ok,9,2026-06-12
danfengzhang,Danfeng Zhang,A5100722775,YELLOW,orcid_org_not_unique,False,cached_ok,2001,https://openalex.org/W1988689099,fetched_ok,2002,https://openalex.org/W2362520659,cached_ok,21,2026-06-12
danielgratzer,Daniel Gratzer,A5056800630,GREEN,orcid_agrees,True,cached_ok,2018,https://openalex.org/W3159749858,fetched_ok,2018,https://openalex.org/W3159749858,cached_ok,8,2026-06-12
danielperelman1,Daniel Perelman,A5043907771,YELLOW,orcid_agrees,False,cached_ok,2012,https://openalex.org/W3004597885,fetched_ok,2012,https://openalex.org/W3004597885,cached_ok,7,2026-06-12
danlicata,Daniel R. Licata,A5009198759,YELLOW,orcid_agrees,False,cached_ok,2004,https://openalex.org/W2097535018,fetched_ok,2004,https://openalex.org/W2097535018,cached_ok,21,2026-06-12
danielapetrisan,Daniela Petrisan,A5087070796,YELLOW,no_openalex_orcid_to_compare,False,cached_ok,2008,https://openalex.org/W1965466569,fetched_ok,2008,https://openalex.org/W1965466569,cached_ok,10,2026-06-12
dariuszbiernacki,Dariusz Biernacki,A5083683038,GREEN,orcid_agrees,True,cached_ok,1985,https://openalex.org/W2993779689,fetched_ok,1985,https://openalex.org/W2993779689,cached_ok,21,2026-06-12
darkomarinov,Darko Marinov,A5081289583,GREEN,orcid_agrees,True,cached_ok,1999,https://openalex.org/W1984926933,fetched_ok,1999,https://openalex.org/W1984926933,cached_ok,54,2026-06-12
davidbroman,David Broman,A5073873489,YELLOW,orcid_org_not_unique,True,cached_ok,2001,https://openalex.org/W2470878730,fetched_ok,2001,https://openalex.org/W2470878730,cached_ok,27,2026-06-12
daviddarais,David Darais,A5019557654,YELLOW,orcid_agrees,False,cached_ok,2010,https://openalex.org/W2151886136,fetched_ok,2010,https://openalex.org/W2151886136,cached_ok,9,2026-06-12
davidfbacon,David F. Bacon,A5033485201,YELLOW,no_openalex_orcid_to_compare,False,cached_ok,1963,https://openalex.org/W4240826493,fetched_ok,1963,https://openalex.org/W4240826493,cached_ok,38,2026-06-12
davidgrove,David Grove,A5006981734,YELLOW,orcid_org_not_unique,False,cached_ok,1994,https://openalex.org/W2162026864,fetched_ok,1994,https://openalex.org/W2162026864,cached_ok,34,2026-06-12
davidiaugust,David I. August,A5008319090,YELLOW,orcid_agrees,False,cached_ok,1995,https://openalex.org/W2137081678,fetched_ok,1995,https://openalex.org/W2137081678,cached_ok,45,2026-06-12
davidpearce,David J. Pearce,A5008538442,YELLOW,orcid_org_not_unique,True,cached_ok,1979,https://openalex.org/W1990731428,fetched_ok,1979,https://openalex.org/W1990731428,cached_ok,31,2026-06-12
davidmonniaux,David Monniaux,A5067069157,YELLOW,orcid_agrees,False,cached_ok,1999,https://openalex.org/W2722911145,fetched_ok,1999,https://openalex.org/W2722911145,cached_ok,27,2026-06-12
davidpichardie,David Pichardie,A5046752375,GREEN,orcid_agrees,True,cached_ok,2001,https://openalex.org/W2066621462,fetched_ok,2001,https://openalex.org/W2066621462,cached_ok,23,2026-06-12
davidchristiansen,David Thrane Christiansen,A5088271411,YELLOW,orcid_org_not_unique,False,cached_ok,2016,https://openalex.org/W2507856242,fetched_ok,2016,https://openalex.org/W2507856242,cached_ok,3,2026-06-12
davidvanhorn,David Van Horn,A5091183810,YELLOW,orcid_org_not_unique,False,cached_ok,1976,https://openalex.org/W315357501,fetched_ok,2004,https://openalex.org/W2008510986,cached_ok,20,2026-06-12
davideancona,Davide Ancona,A5036812254,GREEN,orcid_agrees,True,cached_ok,1996,https://openalex.org/W1516097089,fetched_ok,1996,https://openalex.org/W1516097089,cached_ok,24,2026-06-12
davidesangiorgi,Davide Sangiorgi,A5077030456,YELLOW,orcid_org_not_unique,False,cached_ok,1989,https://openalex.org/W3161358707,fetched_ok,1989,https://openalex.org/W3161358707,cached_ok,47,2026-06-12
deepakgarg,Deepak Garg,A5026719321,YELLOW,orcid_org_not_unique,False,cached_ok,1991,https://openalex.org/W2031692548,fetched_ok,2005,https://openalex.org/W1486686561,cached_ok,27,2026-06-12
deianstefan,Deian Stefan,A5082723061,YELLOW,orcid_agrees,False,cached_ok,2007,https://openalex.org/W1993682862,fetched_ok,2007,https://openalex.org/W1993682862,cached_ok,25,2026-06-12
deliakesner,Delia Kesner,A5077330939,GREEN,orcid_agrees,True,cached_ok,1953,https://openalex.org/W2896645764,fetched_ok,1991,https://openalex.org/W1881066931,cached_ok,21,2026-06-12
delphinedemange,Delphine Demange,A5002005076,GREEN,orcid_agrees,True,cached_ok,2009,https://openalex.org/W2124428224,fetched_ok,2009,https://openalex.org/W2124428224,cached_ok,11,2026-06-12
denismerigoux,Denis Merigoux,A5037387730,GREEN,orcid_agrees,True,cached_ok,2016,https://openalex.org/W4300621045,fetched_ok,2016,https://openalex.org/W4300621045,cached_ok,4,2026-06-12
denysshabalin,Denys Shabalin,A5049622724,YELLOW,no_openalex_orcid_to_compare,False,cached_ok,1998,https://openalex.org/W2092015342,fetched_ok,1998,https://openalex.org/W2092015342,cached_ok,6,2026-06-12
derekdreyer,Derek Dreyer,A5050585539,YELLOW,orcid_org_not_unique,False,cached_ok,1931,https://openalex.org/W437571642,fetched_ok,1973,https://openalex.org/W2586598652,cached_ok,40,2026-06-12
dexterkozen,Dexter Kozen,A5053923311,YELLOW,orcid_org_not_unique,False,cached_ok,1976,https://openalex.org/W2026191634,fetched_ok,1977,https://openalex.org/W1515132238,cached_ok,51,2026-06-12
dimitriosvytiniotis,Dimitrios Vytiniotis,A5029108294,YELLOW,no_openalex_orcid_to_compare,False,cached_ok,2004,https://openalex.org/W96100988,fetched_ok,2004,https://openalex.org/W96100988,cached_ok,25,2026-06-12
dimitrismitropoulos,Dimitris Mitropoulos,A5021658848,YELLOW,orcid_org_not_unique,True,cached_ok,1985,https://openalex.org/W2439023612,fetched_ok,2002,https://openalex.org/W2080279027,cached_ok,19,2026-06-12
diomidisspinellis,Diomidis Spinellis,A5021948425,GREEN,orcid_agrees,True,cached_ok,1990,https://openalex.org/W2099582719,fetched_ok,1990,https://openalex.org/W2099582719,cached_ok,49,2026-06-12
dominicorchard,Dominic Orchard,A5064585229,YELLOW,orcid_agrees,False,cached_ok,2008,https://openalex.org/W2049154817,fetched_ok,2008,https://openalex.org/W2049154817,cached_ok,14,2026-06-12
dominiquedevriese,Dominique Devriese,A5011654888,YELLOW,orcid_agrees,False,cached_ok,2010,https://openalex.org/W2008332764,fetched_ok,2010,https://openalex.org/W2008332764,cached_ok,20,2026-06-12
dorrabenkhalifa,Dorra Ben Khalifa,A5030371965,GREEN,orcid_agrees,True,cached_ok,2019,https://openalex.org/W3034706139,fetched_ok,2019,https://openalex.org/W3034706139,cached_ok,5,2026-06-12
douglea,Doug Lea,A5110731343,GREEN,orcid_agrees,True,cached_ok,1988,https://openalex.org/W152025176,fetched_ok,1988,https://openalex.org/W152025176,cached_ok,19,2026-06-12
drewzagieboylo1,Drew Zagieboylo,A5013955474,GREEN,orcid_agrees,True,cached_ok,2017,https://openalex.org/W2606381474,fetched_ok,2017,https://openalex.org/W2606381474,cached_ok,3,2026-06-12
dylanmcdermott1,Dylan McDermott,A5047709110,YELLOW,orcid_org_not_unique,True,cached_ok,2017,https://openalex.org/W2737555728,fetched_ok,2017,https://openalex.org/W2737555728,cached_ok,6,2026-06-12
earlbarr,Earl T. Barr,A5076587279,YELLOW,orcid_org_not_unique,False,cached_ok,2000,https://openalex.org/W4250087810,fetched_ok,2000,https://openalex.org/W4250087810,cached_ok,31,2026-06-12
edwinbrady,Edwin Brady,A5042121684,YELLOW,orcid_agrees,False,cached_ok,2004,https://openalex.org/W1522049235,fetched_ok,2004,https://openalex.org/W1522049235,cached_ok,14,2026-06-12
eelcovisser,Eelco Visser,A5072923235,YELLOW,orcid_org_not_unique,False,cached_ok,1980,https://openalex.org/W1964884246,fetched_ok,1995,https://openalex.org/W2562280224,cached_ok,43,2026-06-12
eijirosumii,Eijiro Sumii,A5048931630,YELLOW,no_openalex_orcid_to_compare,False,cached_ok,1998,https://openalex.org/W1993430979,fetched_ok,1998,https://openalex.org/W1993430979,cached_ok,17,2026-06-12
ekaterinakomendantskaya,Ekaterina Komendantskaya,A5026643182,GREEN,orcid_agrees,True,cached_ok,2005,https://openalex.org/W2147142112,fetched_ok,2005,https://openalex.org/W2147142112,cached_ok,16,2026-06-12
elenazucca,Elena Zucca,A5046299910,YELLOW,orcid_org_not_unique,True,cached_ok,1981,https://openalex.org/W1495562059,fetched_ok,1981,https://openalex.org/W1495562059,cached_ok,18,2026-06-12
elisagonzalezboix,Elisa Gonzalez Boix,A5058914635,GREEN,orcid_agrees,True,cached_ok,2006,https://openalex.org/W3129224732,fetched_ok,2006,https://openalex.org/W3129224732,cached_ok,14,2026-06-12
emanueledosualdo,Emanuele D'Osualdo,A5013899049,GREEN,orcid_agrees,True,cached_ok,2012,https://openalex.org/W1965139623,fetched_ok,2012,https://openalex.org/W1965139623,cached_ok,6,2026-06-12
emilyfirst1,Emily First,A5102852428,YELLOW,orcid_org_not_unique,True,cached_ok,2020,https://openalex.org/W3211317866,fetched_ok,2020,https://openalex.org/W3211317866,cached_ok,5,2026-06-12
eminatorlak,Emina Torlak,A5088791029,YELLOW,orcid_agrees,False,cached_ok,2004,https://openalex.org/W2218500332,fetched_ok,2004,https://openalex.org/W2218500332,cached_ok,28,2026-06-12
emmasoderberg,Emma Söderberg,A5001336269,YELLOW,orcid_org_not_unique,True,cached_ok,2006,https://openalex.org/W649798379,fetched_ok,2009,https://openalex.org/W2401502064,cached_ok,9,2026-06-12
emmatosch,Emma Tosch,A5089697725,GREEN,orcid_agrees,True,cached_ok,2011,https://openalex.org/W2221756957,fetched_ok,2011,https://openalex.org/W2221756957,cached_ok,6,2026-06-12
eranyahav,Eran Yahav,A5061044883,GREEN,orcid_agrees,True,cached_ok,1996,https://openalex.org/W1642062776,fetched_ok,1996,https://openalex.org/W1642062776,cached_ok,47,2026-06-12
erezpetrank,Erez Petrank,A5073517584,YELLOW,orcid_agrees,False,cached_ok,1990,https://openalex.org/W2076095675,fetched_ok,1990,https://openalex.org/W2076095675,cached_ok,36,2026-06-12
ericatkinson1,Eric Atkinson,A5040756298,YELLOW,orcid_org_not_unique,True,cached_ok,1948,https://openalex.org/W2147416340,fetched_ok,1948,https://openalex.org/W2147416340,cached_ok,5,2026-06-12
ericeide,Eric Eide,A5002123078,YELLOW,orcid_org_not_unique,True,cached_ok,1995,https://openalex.org/W4253811735,fetched_ok,1995,https://openalex.org/W4253811735,cached_ok,20,2026-06-12
erickoskinen,Eric Koskinen,A5024796518,YELLOW,orcid_agrees,False,cached_ok,2007,https://openalex.org/W2181810513,fetched_ok,2007,https://openalex.org/W2181810513,cached_ok,19,2026-06-12
ericschkufza,Eric Schkufza,A5077176328,YELLOW,no_openalex_orcid_to_compare,False,cached_ok,2007,https://openalex.org/W36039321,fetched_ok,2007,https://openalex.org/W36039321,cached_ok,19,2026-06-12
ericvanwyk,Eric Van Wyk,A5030370686,YELLOW,orcid_agrees,False,cached_ok,1995,https://openalex.org/W2019097218,fetched_ok,1995,https://openalex.org/W2019097218,cached_ok,14,2026-06-12
erikaabraham,Erika Abraham,A5068015318,YELLOW,orcid_org_not_unique,True,cached_ok,1960,https://openalex.org/W2077564666,fetched_ok,1960,https://openalex.org/W2077564666,cached_ok,28,2026-06-12
eunsukkang,Eunsuk Kang,A5044511705,YELLOW,orcid_org_not_unique,True,cached_ok,2005,https://openalex.org/W1967972148,fetched_ok,2005,https://openalex.org/W1967972148,cached_ok,20,2026-06-12
evadarulova,Eva Darulova,A5053069388,YELLOW,orcid_agrees,False,cached_ok,2010,https://openalex.org/W2149372141,fetched_ok,2010,https://openalex.org/W2149372141,cached_ok,12,2026-06-12
evagraversen,Eva Graversen,A5051763696,GREEN,orcid_agrees,True,cached_ok,2016,https://openalex.org/W2472132162,fetched_ok,2016,https://openalex.org/W2472132162,cached_ok,5,2026-06-12
evelyncontejean,Evelyne Contejean,A5014621785,YELLOW,orcid_org_not_unique,True,cached_ok,1992,https://openalex.org/W190540262,fetched_ok,1993,https://openalex.org/W1803054864,cached_ok,17,2026-06-12
ezgicicek,Ezgi Çiçek,A5058419137,YELLOW,orcid_org_not_unique,False,cached_ok,2015,https://openalex.org/W2119859640,fetched_ok,2015,https://openalex.org/W2119859640,cached_ok,5,2026-06-12
fabianmuehlboeck,Fabian Muehlboeck,A5001324851,GREEN,orcid_agrees,True,cached_ok,2013,https://openalex.org/W2285589971,fetched_ok,2013,https://openalex.org/W2285589971,cached_ok,5,2026-06-12
fabriziomontesi,Fabrizio Montesi,A5000566520,YELLOW,orcid_org_not_unique,False,cached_ok,2007,https://openalex.org/W2166546087,fetched_ok,2007,https://openalex.org/W2166546087,cached_ok,27,2026-06-12
fanlong,Fan Long,A5080879279,YELLOW,orcid_org_not_unique,False,cached_ok,2011,https://openalex.org/W2348968430,fetched_ok,2011,https://openalex.org/W2348968430,cached_ok,22,2026-06-12
farzanehderakhshan,Farzaneh Derakhshan,A5037521041,YELLOW,orcid_org_not_unique,True,cached_ok,2014,https://openalex.org/W2084466352,fetched_ok,2014,https://openalex.org/W2084466352,cached_ok,3,2026-06-12
feihe,Fei He,A5042735025,YELLOW,orcid_org_not_unique,True,cached_ok,2001,https://openalex.org/W2002597716,fetched_ok,2001,https://openalex.org/W2002597716,cached_ok,16,2026-06-12
felixstutz,Felix Stutz,A5057084737,GREEN,orcid_agrees,True,cached_ok,2016,https://openalex.org/W2512054480,fetched_ok,2016,https://openalex.org/W2512054480,cached_ok,5,2026-06-12
ferassaad,Feras A. Saad,A5009835778,YELLOW,orcid_org_not_unique,False,cached_ok,2016,https://openalex.org/W2551925796,fetched_ok,2016,https://openalex.org/W2551925796,cached_ok,7,2026-06-12
filipniksic,Filip Niksic,A5072101985,YELLOW,orcid_org_not_unique,False,cached_ok,2013,https://openalex.org/W1566704763,fetched_ok,2013,https://openalex.org/W1566704763,cached_ok,9,2026-06-12
filipsieczkowski,Filip Sieczkowski,A5047754900,GREEN,orcid_agrees,True,cached_ok,2011,https://openalex.org/W189788732,fetched_ok,2011,https://openalex.org/W189788732,cached_ok,12,2026-06-12
filippobonchi,Filippo Bonchi,A5004609161,YELLOW,orcid_agrees,False,cached_ok,2006,https://openalex.org/W2139706745,fetched_ok,2006,https://openalex.org/W2139706745,cached_ok,25,2026-06-12
francescodagnino1,Francesco Dagnino,A5046176286,GREEN,orcid_agrees,True,cached_ok,2016,https://openalex.org/W2466219926,fetched_ok,2016,https://openalex.org/W2466219926,cached_ok,7,2026-06-12
francescogavazzo,Francesco Gavazzo,A5081771854,GREEN,orcid_agrees,True,cached_ok,2017,https://openalex.org/W2608295324,fetched_ok,2017,https://openalex.org/W2608295324,cached_ok,9,2026-06-12
francescologozzo,Francesco Logozzo,A5058389738,YELLOW,orcid_org_not_unique,False,cached_ok,2003,https://openalex.org/W4252721819,fetched_ok,2003,https://openalex.org/W4252721819,cached_ok,23,2026-06-12
francescoranzato,Francesco Ranzato,A5000629161,YELLOW,orcid_agrees,False,cached_ok,1994,https://openalex.org/W139508572,fetched_ok,1994,https://openalex.org/W139508572,cached_ok,22,2026-06-12
francescozappanardelli,Francesco Zappa Nardelli,A5032148955,YELLOW,orcid_org_not_unique,False,cached_ok,2001,https://openalex.org/W1588509359,fetched_ok,2001,https://openalex.org/W1588509359,cached_ok,25,2026-06-12
frankpfenning,Frank Pfenning,A5021476649,YELLOW,orcid_org_not_unique,False,cached_ok,1984,https://openalex.org/W1884463932,fetched_ok,1984,https://openalex.org/W1884463932,cached_ok,54,2026-06-12
frankpiessens,Frank Piessens,A5008329832,YELLOW,orcid_agrees,False,cached_ok,1992,https://openalex.org/W2523339295,fetched_ok,1992,https://openalex.org/W2523339295,cached_ok,54,2026-06-12
franktip,Frank Tip,A5087594876,YELLOW,orcid_agrees,False,cached_ok,1992,https://openalex.org/W1532372555,fetched_ok,1992,https://openalex.org/W1532372555,cached_ok,44,2026-06-12
franzfranchetti,Franz Franchetti,A5062806943,YELLOW,orcid_agrees,False,cached_ok,2002,https://openalex.org/W2140080674,fetched_ok,2002,https://openalex.org/W2140080674,cached_ok,32,2026-06-12
francoisgauthier,François Gauthier,A5107243299,YELLOW,orcid_org_not_unique,True,cached_ok,1978,https://openalex.org/W3008719364,fetched_ok,1978,https://openalex.org/W3008719364,cached_ok,10,2026-06-12
francoispottier,François Pottier,A5060426941,GREEN,orcid_agrees,True,cached_ok,1830,https://openalex.org/W626409028,fetched_ok,1971,https://openalex.org/W2033278850,cached_ok,30,2026-06-12
fraserbrown,Fraser Brown,A5003256269,YELLOW,orcid_org_not_unique,True,cached_ok,1962,https://openalex.org/W1970847134,fetched_ok,1962,https://openalex.org/W1970847134,cached_ok,13,2026-06-12
fredrikkjolstad,Fredrik Kjolstad,A5041886781,YELLOW,orcid_agrees,False,cached_ok,2010,https://openalex.org/W1979112459,fetched_ok,2010,https://openalex.org/W1979112459,cached_ok,19,2026-06-12
freekverbeek,Freek Verbeek,A5067135306,GREEN,orcid_agrees,True,cached_ok,2009,https://openalex.org/W2135431334,fetched_ok,2009,https://openalex.org/W2135431334,cached_ok,11,2026-06-12
friedrichsteimann,Friedrich Steimann,A5004979548,YELLOW,orcid_org_not_unique,True,cached_ok,1994,https://openalex.org/W171279207,fetched_ok,1994,https://openalex.org/W171279207,cached_ok,26,2026-06-12
fritzhenglein,Fritz Henglein,A5045204080,YELLOW,orcid_agrees,False,cached_ok,1985,https://openalex.org/W1486267176,fetched_ok,1985,https://openalex.org/W1486267176,cached_ok,24,2026-06-12
gabrieldosreis,Gabriel Dos Reis,A5112412433,YELLOW,orcid_org_not_unique,True,cached_ok,1998,https://openalex.org/W2739106182,fetched_ok,1998,https://openalex.org/W2739106182,cached_ok,13,2026-06-12
gabrielradanne,Gabriel Radanne,A5062416594,GREEN,orcid_agrees,True,cached_ok,2013,https://openalex.org/W2134879104,fetched_ok,2013,https://openalex.org/W2134879104,cached_ok,7,2026-06-12
gabrielrodriguez,Gabriel Rodríguez,A5026273204,YELLOW,orcid_org_not_unique,True,cached_ok,1994,https://openalex.org/W2264491554,fetched_ok,1994,https://openalex.org/W2264491554,cached_ok,13,2026-06-12
gabrielscherer,Gabriel Scherer,A5047042180,YELLOW,orcid_agrees,False,cached_ok,2010,https://openalex.org/W780246991,fetched_ok,2010,https://openalex.org/W780246991,cached_ok,8,2026-06-12
gabrielekeller,Gabriele Keller,A5089112216,YELLOW,orcid_org_not_unique,True,cached_ok,1996,https://openalex.org/W2102892852,fetched_ok,1996,https://openalex.org/W2102892852,cached_ok,23,2026-06-12
gabrielevanoni,Gabriele Vanoni,A5041239393,GREEN,orcid_agrees,True,cached_ok,2018,https://openalex.org/W4394665159,fetched_ok,2018,https://openalex.org/W4394665159,cached_ok,4,2026-06-12
gagandeepsingh,Gagandeep Singh,A5100760604,YELLOW,orcid_org_not_unique,False,cached_ok,1991,https://openalex.org/W1506739839,fetched_ok,1991,https://openalex.org/W1506739839,cached_ok,22,2026-06-12
gavinbierman,Gavin Bierman,A5077695892,YELLOW,orcid_org_not_unique,False,cached_ok,1992,https://openalex.org/W135301368,fetched_ok,1992,https://openalex.org/W135301368,cached_ok,29,2026-06-12
geoffreymainland,Geoffrey Mainland,A5091390132,GREEN,orcid_agrees,True,cached_ok,2004,https://openalex.org/W1568630508,fetched_ok,2004,https://openalex.org/W1568630508,cached_ok,16,2026-06-12
georgzetzsche,Georg Zetzsche,A5083429244,GREEN,orcid_agrees,True,cached_ok,2008,https://openalex.org/W1489534506,fetched_ok,2008,https://openalex.org/W1489534506,cached_ok,14,2026-06-12
germanvidal,German Vidal,A5051613376,GREEN,orcid_agrees,True,cached_ok,1977,https://openalex.org/W1572611168,fetched_ok,1977,https://openalex.org/W1572611168,cached_ok,21,2026-06-12
gerwinklein,Gerwin Klein,A5056561099,GREEN,orcid_agrees,True,cached_ok,1946,https://openalex.org/W1963825947,fetched_ok,1946,https://openalex.org/W1963825947,cached_ok,29,2026-06-12
gillesbarthe,Gilles Barthe,A5075577852,YELLOW,orcid_org_not_unique,False,cached_ok,1995,https://openalex.org/W1593905803,fetched_ok,1995,https://openalex.org/W1593905803,cached_ok,49,2026-06-12
giuseppecastagna,Giuseppe Castagna,A5084702945,GREEN,orcid_agrees,True,cached_ok,1992,https://openalex.org/W105783025,fetched_ok,1992,https://openalex.org/W105783025,cached_ok,35,2026-06-12
gorelhedin,Gorel Hedin,A5075313890,GREEN,orcid_agrees,True,cached_ok,1910,https://openalex.org/W99152553,fetched_ok,1910,https://openalex.org/W99152553,cached_ok,23,2026-06-12
gowthamkaki,Gowtham Kaki,A5046506172,YELLOW,orcid_agrees,False,cached_ok,2014,https://openalex.org/W2108471047,fetched_ok,2014,https://openalex.org/W2108471047,cached_ok,6,2026-06-12
grahamhutton,Graham Hutton,A5069634739,YELLOW,orcid_org_not_unique,True,cached_ok,1935,https://openalex.org/W2034372247,fetched_ok,1946,https://openalex.org/W2169959938,cached_ok,19,2026-06-12
gregorrichards,Gregor Richards,A5045622709,YELLOW,no_openalex_orcid_to_compare,False,cached_ok,2009,https://openalex.org/W2164032016,fetched_ok,2009,https://openalex.org/W2164032016,cached_ok,14,2026-06-12
gregorymalecha1,Gregory Malecha,A5076825131,GREEN,orcid_agrees,True,cached_ok,2008,https://openalex.org/W2105231259,fetched_ok,2008,https://openalex.org/W2105231259,cached_ok,13,2026-06-12
gretayorsh,Greta Yorsh,A5108351946,YELLOW,no_openalex_orcid_to_compare,False,cached_ok,2004,https://openalex.org/W1500085611,fetched_ok,2004,https://openalex.org/W1500085611,cached_ok,15,2026-06-12
grigorerosu,Grigore Roşu,A5053878331,YELLOW,orcid_org_not_unique,True,cached_ok,1994,https://openalex.org/W121536266,fetched_ok,1994,https://openalex.org/W121536266,cached_ok,56,2026-06-12
grigoryfedyukovich,Grigory Fedyukovich,A5027818967,GREEN,orcid_agrees,True,cached_ok,2010,https://openalex.org/W86940317,fetched_ok,2010,https://openalex.org/W86940317,cached_ok,20,2026-06-12
guannanwei,Guannan Wei,A5054308182,YELLOW,orcid_org_not_unique,True,cached_ok,1998,https://openalex.org/W2101833654,fetched_ok,1998,https://openalex.org/W2101833654,cached_ok,22,2026-06-12
guidosalvaneschi,Guido Salvaneschi,A5090555377,GREEN,orcid_agrees,True,cached_ok,2009,https://openalex.org/W2125479251,fetched_ok,2009,https://openalex.org/W2125479251,cached_ok,22,2026-06-12
guilhermeottoni,Guilherme Ottoni,A5070551934,YELLOW,orcid_org_not_unique,False,cached_ok,2001,https://openalex.org/W1554993973,fetched_ok,2001,https://openalex.org/W1554993973,cached_ok,21,2026-06-12
guillaumeallais,Guillaume Allais,A5012442288,GREEN,orcid_agrees,True,cached_ok,2012,https://openalex.org/W1533854855,fetched_ok,2012,https://openalex.org/W1533854855,cached_ok,5,2026-06-12
guillaumebaudart,Guillaume Baudart,A5058638646,YELLOW,orcid_agrees,False,cached_ok,1972,https://openalex.org/W3174038454,fetched_ok,2012,https://openalex.org/W2285391618,cached_ok,6,2026-06-12
guillaumemelquiond,Guillaume Melquiond,A5073473823,YELLOW,orcid_agrees,False,cached_ok,2003,https://openalex.org/W1557906385,fetched_ok,2003,https://openalex.org/W1557906385,cached_ok,22,2026-06-12
gustavopetri,Gustavo Petri,A5088681238,YELLOW,orcid_org_not_unique,True,cached_ok,2006,https://openalex.org/W2242402490,fetched_ok,2006,https://openalex.org/W2242402490,cached_ok,13,2026-06-12
gustavosoares,Gustavo Soares,A5025062647,YELLOW,orcid_org_not_unique,True,cached_ok,2007,https://openalex.org/W2099482909,fetched_ok,2007,https://openalex.org/W2099482909,cached_ok,22,2026-06-12
guygolangueta1,Guy Gueta,A5054069870,YELLOW,no_openalex_orcid_to_compare,False,cached_ok,2011,https://openalex.org/W3145159751,fetched_ok,2011,https://openalex.org/W3145159751,cached_ok,10,2026-06-12
hakjoooh,Hakjoo Oh,A5042036026,GREEN,orcid_agrees,True,cached_ok,2000,https://openalex.org/W1998752721,fetched_ok,2000,https://openalex.org/W1998752721,cached_ok,23,2026-06-12
hanjunkim1,Hanjun Kim,A5100722345,YELLOW,orcid_org_not_unique,True,cached_ok,1998,https://openalex.org/W845420792,fetched_ok,2006,https://openalex.org/W2049923070,cached_ok,16,2026-06-12
hannahgommerstadt,Hannah Gommerstadt,A5007114870,YELLOW,no_openalex_orcid_to_compare,False,cached_ok,2016,https://openalex.org/W2264604278,fetched_ok,2016,https://openalex.org/W2264604278,cached_ok,4,2026-06-12
harrisonjgoldstein,Harrison Goldstein,A5079995663,GREEN,orcid_agrees,True,cached_ok,2017,https://openalex.org/W2756081745,fetched_ok,2017,https://openalex.org/W2756081745,cached_ok,6,2026-06-12
hezhu,He Zhu,A5004145814,YELLOW,orcid_org_not_unique,False,cached_ok,2009,https://openalex.org/W2124231388,fetched_ok,2009,https://openalex.org/W2124231388,cached_ok,16,2026-06-12
heathermiller,Heather Miller,A5021433095,YELLOW,orcid_org_not_unique,True,cached_ok,1881,https://openalex.org/W199571682,fetched_ok,2003,https://openalex.org/W2725053323,cached_ok,18,2026-06-12
henriknilsson,Henrik Nilsson,A5014442955,YELLOW,orcid_org_not_unique,True,cached_ok,1981,https://openalex.org/W3021852874,fetched_ok,1992,https://openalex.org/W1881618609,cached_ok,23,2026-06-12
hidehikomasuhara,Hidehiko Masuhara,A5079977725,GREEN,orcid_agrees,True,cached_ok,1992,https://openalex.org/W7146253871,fetched_ok,1992,https://openalex.org/W7146253871,cached_ok,21,2026-06-12
hilapeleg,Hila Peleg,A5079058381,GREEN,orcid_agrees,True,cached_ok,2013,https://openalex.org/W202924988,fetched_ok,2013,https://openalex.org/W202924988,cached_ok,11,2026-06-12
hiroshiunno,Hiroshi Unno,A5044643168,YELLOW,orcid_org_not_unique,True,cached_ok,1987,https://openalex.org/W4232803409,fetched_ok,1987,https://openalex.org/W4232803409,cached_ok,18,2026-06-12
hoannguyen1,Hoan Nguyen,A5044339946,YELLOW,orcid_org_not_unique,True,cached_ok,1997,https://openalex.org/W4250334543,fetched_ok,1997,https://openalex.org/W2151927681,cached_ok,34,2026-06-12
hongseokyang,Hongseok Yang,A5101612744,YELLOW,orcid_org_not_unique,False,cached_ok,2000,https://openalex.org/W2396734063,fetched_ok,2000,https://openalex.org/W2396734063,cached_ok,43,2026-06-12
hughleather,Hugh Leather,A5053757097,GREEN,orcid_agrees,True,cached_ok,1955,https://openalex.org/W2020823476,fetched_ok,1962,https://openalex.org/W1984681682,cached_ok,22,2026-06-12
hugoherbelin,Hugo Herbelin,A5060487163,YELLOW,orcid_agrees,False,cached_ok,1989,https://openalex.org/W1976182275,fetched_ok,1989,https://openalex.org/W1976182275,cached_ok,21,2026-06-12
huiguan,Hui Guan,A5085489377,YELLOW,orcid_org_not_unique,True,cached_ok,2002,https://openalex.org/W2075707894,fetched_ok,2003,https://openalex.org/W129551883,cached_ok,15,2026-06-12
ichirohasuo,Ichiro Hasuo,A5013382452,YELLOW,orcid_agrees,False,cached_ok,2003,https://openalex.org/W2181518668,fetched_ok,2003,https://openalex.org/W2181518668,cached_ok,23,2026-06-12
ignaciolaguna,Ignacio Laguna,A5033868370,YELLOW,orcid_org_not_unique,True,cached_ok,2007,https://openalex.org/W2133378742,fetched_ok,2007,https://openalex.org/W2133378742,cached_ok,22,2026-06-12
ilyasergey,Ilya Sergey,A5009639508,YELLOW,orcid_agrees,False,cached_ok,2009,https://openalex.org/W2148878240,fetched_ok,2009,https://openalex.org/W2148878240,cached_ok,23,2026-06-12
irenefinocchi,Irene Finocchi,A5044822150,GREEN,orcid_agrees,True,cached_ok,1997,https://openalex.org/W3147229986,fetched_ok,1997,https://openalex.org/W3147229986,cached_ok,24,2026-06-12
ireneyoon,Irene Yoon,A5072259548,YELLOW,orcid_org_not_unique,True,cached_ok,2020,https://openalex.org/W3107445645,fetched_ok,2020,https://openalex.org/W3107445645,cached_ok,4,2026-06-12
isabellamastroeni,Isabella Mastroeni,A5031780173,YELLOW,orcid_org_not_unique,True,cached_ok,1999,https://openalex.org/W2612332161,fetched_ok,2000,https://openalex.org/W2613811049,cached_ok,17,2026-06-12
iulianneamtiu,Iulian Neamtiu,A5012137980,YELLOW,orcid_agrees,False,cached_ok,2004,https://openalex.org/W2126523385,fetched_ok,2004,https://openalex.org/W2126523385,cached_ok,33,2026-06-12
isildillig,Işıl Dillig,A5006424908,YELLOW,orcid_org_not_unique,True,cached_ok,2007,https://openalex.org/W2135794045,fetched_ok,2007,https://openalex.org/W2135794045,cached_ok,40,2026-06-12
jgarrettmorris,J. Garrett Morris,A5067671067,YELLOW,orcid_agrees,False,cached_ok,1987,https://openalex.org/W169490506,fetched_ok,1987,https://openalex.org/W169490506,cached_ok,13,2026-06-12
jacquescarette,Jacques Carette,A5074007281,GREEN,orcid_agrees,True,cached_ok,1974,https://openalex.org/W1513441634,fetched_ok,2003,https://openalex.org/W1509691122,cached_ok,17,2026-06-12
jacquesgarrigue,Jacques Garrigue,A5089640715,YELLOW,orcid_agrees,False,cached_ok,1993,https://openalex.org/W1786340849,fetched_ok,1993,https://openalex.org/W1786340849,cached_ok,14,2026-06-12
jacqueshenrijourdan,Jacques-Henri Jourdan,A5040467057,YELLOW,orcid_agrees,False,cached_ok,2011,https://openalex.org/W2700293889,fetched_ok,2011,https://openalex.org/W2700293889,cached_ok,18,2026-06-12
jadealglave,Jade Alglave,A5020411788,GREEN,orcid_agrees,True,cached_ok,2009,https://openalex.org/W2222801238,fetched_ok,2009,https://openalex.org/W2222801238,cached_ok,24,2026-06-12
jaejinlee,Jaejin Lee,A5100767182,YELLOW,orcid_org_not_unique,True,cached_ok,1996,https://openalex.org/W2131974229,fetched_ok,1996,https://openalex.org/W2131974229,cached_ok,28,2026-06-12
jamesbornholt,James Bornholt,A5055964348,GREEN,orcid_agrees,True,cached_ok,2012,https://openalex.org/W2548574249,fetched_ok,2012,https://openalex.org/W2548574249,cached_ok,20,2026-06-12
jamescheney,James Cheney,A5056138547,YELLOW,orcid_org_not_unique,False,cached_ok,1976,https://openalex.org/W2157205044,fetched_ok,1976,https://openalex.org/W2157205044,cached_ok,41,2026-06-12
jamesmckinna,James McKinna,A5047695892,YELLOW,orcid_agrees,False,cached_ok,1993,https://openalex.org/W1520395147,fetched_ok,1993,https://openalex.org/W1520395147,cached_ok,19,2026-06-12
jamesnoble,James Noble,A5078368556,YELLOW,orcid_org_not_unique,True,cached_ok,1888,https://openalex.org/W4313021695,fetched_ok,1938,https://openalex.org/W2151742253,cached_ok,47,2026-06-12
jamesrwilcox,James R. Wilcox,A5101839396,YELLOW,orcid_agrees,False,cached_ok,1968,https://openalex.org/W2901095110,fetched_ok,1968,https://openalex.org/W2069144381,cached_ok,18,2026-06-12
jamesriely,James Riely,A5089477252,GREEN,orcid_agrees,True,cached_ok,1994,https://openalex.org/W1573884736,fetched_ok,1994,https://openalex.org/W1573884736,cached_ok,23,2026-06-12
janmidtgaard,Jan Midtgaard,A5065278196,GREEN,orcid_agrees,True,cached_ok,2003,https://openalex.org/W168212000,fetched_ok,2003,https://openalex.org/W168212000,cached_ok,14,2026-06-12
janvitek,Jan Vitek,A5084307280,YELLOW,orcid_org_not_unique,False,cached_ok,1975,https://openalex.org/W4379356253,fetched_ok,1981,https://openalex.org/W4289866553,cached_ok,45,2026-06-12
janadunfield,Jana Dunfield,A5007554264,YELLOW,orcid_agrees,False,cached_ok,2003,https://openalex.org/W1510530859,fetched_ok,2003,https://openalex.org/W1510530859,cached_ok,14,2026-06-12
jasonansel,Jason Ansel,A5089997788,GREEN,orcid_agrees,True,cached_ok,2005,https://openalex.org/W2527113028,fetched_ok,2005,https://openalex.org/W2527113028,cached_ok,21,2026-06-12
jasonmars,Jason Mars,A5053236545,GREEN,orcid_agrees,True,cached_ok,1949,https://openalex.org/W2164655124,fetched_ok,1949,https://openalex.org/W2164655124,cached_ok,41,2026-06-12
jayligatti,Jay Ligatti,A5071104685,YELLOW,orcid_org_not_unique,False,cached_ok,2003,https://openalex.org/W4248227670,fetched_ok,2003,https://openalex.org/W4248227670,cached_ok,19,2026-06-12
jaymccarthy,Jay McCarthy,A5015730860,YELLOW,orcid_org_not_unique,False,cached_ok,1976,https://openalex.org/W2186614616,fetched_ok,1976,https://openalex.org/W2186614616,cached_ok,11,2026-06-12
jayplim,Jay P. Lim,A5064410077,YELLOW,orcid_org_not_unique,True,cached_ok,2017,https://openalex.org/W2766473379,fetched_ok,2017,https://openalex.org/W2766473379,cached_ok,7,2026-06-12
jeanpichonpharabod1,Jean Pichon-Pharabod,A5027766872,GREEN,orcid_agrees,True,cached_ok,2015,https://openalex.org/W2403509298,fetched_ok,2015,https://openalex.org/W2403509298,cached_ok,12,2026-06-12
jeanbaptistetristan,Jean-Baptiste Tristan,A5031329578,GREEN,orcid_agrees,True,cached_ok,2006,https://openalex.org/W1842760680,fetched_ok,2006,https://openalex.org/W1842760680,cached_ok,15,2026-06-12
jeanmariemadiot,Jean-Marie Madiot,A5043157937,YELLOW,no_openalex_orcid_to_compare,False,cached_ok,2012,https://openalex.org/W2583695850,fetched_ok,2012,https://openalex.org/W1752042681,cached_ok,5,2026-06-12
jeanphilippebernardy,Jean-Philippe Bernardy,A5070681215,YELLOW,orcid_agrees,False,cached_ok,2003,https://openalex.org/W1535043436,fetched_ok,2003,https://openalex.org/W1535043436,cached_ok,14,2026-06-12
jedidiahmcclurg,Jedidiah McClurg,A5035476830,GREEN,orcid_agrees,True,cached_ok,2012,https://openalex.org/W2501132322,fetched_ok,2012,https://openalex.org/W2501132322,cached_ok,11,2026-06-12
jeehoonkang,Jeehoon Kang,A5078763719,YELLOW,orcid_org_not_unique,False,cached_ok,2012,https://openalex.org/W2189168071,fetched_ok,2012,https://openalex.org/W2189168071,cached_ok,15,2026-06-12
jeevanapriyainala,Jeevana Priya Inala,A5020203532,GREEN,orcid_agrees,True,cached_ok,2015,https://openalex.org/W2952559588,fetched_ok,2015,https://openalex.org/W2952559588,cached_ok,11,2026-06-12
jeffreysfoster,Jeffrey S. Foster,A5038702707,YELLOW,orcid_org_not_unique,True,cached_ok,1933,https://openalex.org/W2003770445,fetched_ok,1997,https://openalex.org/W1545908890,cached_ok,44,2026-06-12
jennifersartor,Jennifer B. Sartor,A5032224428,YELLOW,orcid_org_not_unique,False,cached_ok,2005,https://openalex.org/W2102683450,fetched_ok,2005,https://openalex.org/W2102683450,cached_ok,12,2026-06-12
jenniferpaykin,Jennifer Paykin,A5034557410,YELLOW,no_openalex_orcid_to_compare,False,cached_ok,2011,https://openalex.org/W1987356990,fetched_ok,2011,https://openalex.org/W1987356990,cached_ok,8,2026-06-12
jensdietrich,Jens Dietrich,A5075091948,YELLOW,orcid_org_not_unique,True,cached_ok,1976,https://openalex.org/W1998980646,fetched_ok,2001,https://openalex.org/W4397134432,cached_ok,27,2026-06-12
jenspalsberg,Jens Palsberg,A5011356414,YELLOW,orcid_org_not_unique,True,cached_ok,1989,https://openalex.org/W2160064363,fetched_ok,1989,https://openalex.org/W2160064363,cached_ok,42,2026-06-12
jeremysiek,Jeremy G. Siek,A5033999458,YELLOW,orcid_org_not_unique,True,cached_ok,1998,https://openalex.org/W1595252915,fetched_ok,1998,https://openalex.org/W1595252915,cached_ok,33,2026-06-12
jeremyyallop,Jeremy Yallop,A5020576379,YELLOW,orcid_agrees,False,cached_ok,2005,https://openalex.org/W2156444849,fetched_ok,2005,https://openalex.org/W2156444849,cached_ok,12,2026-06-12
jespercockx,Jesper Cockx,A5065497509,GREEN,orcid_agrees,True,cached_ok,2013,https://openalex.org/W2290026677,fetched_ok,2013,https://openalex.org/W2290026677,cached_ok,8,2026-06-12
jiasishen,Jiasi Shen,A5024117197,YELLOW,orcid_org_not_unique,True,cached_ok,2014,https://openalex.org/W2023774922,fetched_ok,2014,https://openalex.org/W2023774922,cached_ok,9,2026-06-12
jihyeokpark1,Jihyeok Park,A5086668734,YELLOW,orcid_org_not_unique,True,cached_ok,2014,https://openalex.org/W1992859750,fetched_ok,2014,https://openalex.org/W1992859750,cached_ok,8,2026-06-12
jinglingxue,Jingling Xue,A5024664385,GREEN,orcid_agrees,True,cached_ok,1988,https://openalex.org/W2028236977,fetched_ok,1988,https://openalex.org/W2028236977,cached_ok,40,2026-06-12
jingmeihu1,Jingmei Hu,A5070358948,YELLOW,orcid_org_not_unique,True,cached_ok,2017,https://openalex.org/W2571931900,fetched_ok,2017,https://openalex.org/W2571931900,cached_ok,5,2026-06-12
joachimbreitner,Joachim Breitner,A5049741143,YELLOW,orcid_agrees,False,cached_ok,2010,https://openalex.org/W2397234116,fetched_ok,2010,https://openalex.org/W2397234116,cached_ok,10,2026-06-12
joannasantos,Joanna C. S. Santos,A5043541139,GREEN,orcid_agrees,True,cached_ok,2009,https://openalex.org/W6972187,fetched_ok,2009,https://openalex.org/W6972187,cached_ok,13,2026-06-12
johannesborgstrom,Johannes Borgström,A5038036076,GREEN,orcid_agrees,True,cached_ok,1784,https://openalex.org/W4233382909,fetched_ok,2002,https://openalex.org/W1603292481,cached_ok,16,2026-06-12
johnhughes,John Hughes,A5068339489,YELLOW,orcid_org_not_unique,False,cached_ok,1965,https://openalex.org/W2397948435,fetched_ok,1965,https://openalex.org/W2397948435,cached_ok,37,2026-06-12
johnregehr,John Regehr,A5066046345,YELLOW,orcid_org_not_unique,False,cached_ok,1970,https://openalex.org/W1985725798,fetched_ok,1970,https://openalex.org/W1985725798,cached_ok,38,2026-06-12
johnreppy,John Reppy,A5030967328,GREEN,orcid_agrees,True,cached_ok,1987,https://openalex.org/W2032593204,fetched_ok,1987,https://openalex.org/W2032593204,cached_ok,31,2026-06-12
johnsarracino,John Sarracino,A5034346490,GREEN,orcid_agrees,True,cached_ok,1932,https://openalex.org/W2313271966,fetched_ok,1935,https://openalex.org/W2091084865,cached_ok,17,2026-06-12
johnvilk,John Vilk,A5063109055,YELLOW,no_openalex_orcid_to_compare,False,cached_ok,2010,https://openalex.org/W2889971047,fetched_ok,2010,https://openalex.org/W2889971047,cached_ok,5,2026-06-12
johnwickerson,John Wickerson,A5002846450,YELLOW,orcid_agrees,False,cached_ok,1982,https://openalex.org/W650649804,fetched_ok,2010,https://openalex.org/W2111593536,cached_ok,19,2026-06-12
jonathanaldrich,Jonathan Aldrich,A5091372985,GREEN,orcid_agrees,True,cached_ok,1965,https://openalex.org/W4252400688,fetched_ok,1971,https://openalex.org/W1983929181,cached_ok,35,2026-06-12
jonathanbalkind,Jonathan Balkind,A5015529604,GREEN,orcid_agrees,True,cached_ok,2014,https://openalex.org/W2094710396,fetched_ok,2014,https://openalex.org/W2094710396,cached_ok,12,2026-06-12
jonathanbell,Jonathan Bell,A5053080959,YELLOW,orcid_org_not_unique,True,cached_ok,1958,https://openalex.org/W2063737907,fetched_ok,1958,https://openalex.org/W2063737907,cached_ok,22,2026-06-12
jonathanbrachthauser,Jonathan Immanuel Brachthäuser,A5027088540,GREEN,orcid_agrees,True,cached_ok,2014,https://openalex.org/W4237580955,fetched_ok,2014,https://openalex.org/W4237580955,cached_ok,11,2026-06-12
jonathanprotzenko,Jonathan Protzenko,A5055019834,GREEN,orcid_agrees,True,cached_ok,2012,https://openalex.org/W2295403917,fetched_ok,2012,https://openalex.org/W2295403917,cached_ok,17,2026-06-12
jonathansterling,Jonathan Sterling,A5016658166,YELLOW,orcid_agrees,False,cached_ok,2006,https://openalex.org/W1993814885,fetched_ok,2014,https://openalex.org/W4298164195,cached_ok,7,2026-06-12
joonwonchoi,Joonwon Choi,A5003461001,YELLOW,orcid_org_not_unique,False,cached_ok,2012,https://openalex.org/W2189168071,fetched_ok,2012,https://openalex.org/W2189168071,cached_ok,5,2026-06-12
joostpieterkatoen,Joost-Pieter Katoen,A5090819329,YELLOW,orcid_org_not_unique,True,cached_ok,1988,https://openalex.org/W2808051857,fetched_ok,1989,https://openalex.org/W2140319468,cached_ok,59,2026-06-12
jorgeanavas,Jorge A. Navas,A5026684100,YELLOW,orcid_agrees,False,cached_ok,2002,https://openalex.org/W1553917286,fetched_ok,2005,https://openalex.org/W2978935227,cached_ok,20,2026-06-12
jorgeaperez,Jorge A. Pérez,A5034548013,YELLOW,orcid_org_not_unique,False,cached_ok,1999,https://openalex.org/W4238020473,fetched_ok,2005,https://openalex.org/W2150185387,cached_ok,16,2026-06-12
josephdevietti,Joseph Devietti,A5031917049,GREEN,orcid_agrees,True,cached_ok,2008,https://openalex.org/W3142284768,fetched_ok,2008,https://openalex.org/W3142284768,cached_ok,21,2026-06-12
josephtassarotti,Joseph Tassarotti,A5073987903,YELLOW,orcid_agrees,False,cached_ok,2012,https://openalex.org/W2009248821,fetched_ok,2012,https://openalex.org/W2009248821,cached_ok,14,2026-06-12
joshberdine,Josh Berdine,A5061050156,GREEN,orcid_agrees,True,cached_ok,2000,https://openalex.org/W1522124799,fetched_ok,2000,https://openalex.org/W1522124799,cached_ok,21,2026-06-12
joshuagancher,Joshua Gancher,A5043190101,GREEN,orcid_agrees,True,cached_ok,2017,https://openalex.org/W2950386591,fetched_ok,2017,https://openalex.org/W2950386591,cached_ok,5,2026-06-12
joshuasunshine,Joshua Sunshine,A5039972599,GREEN,orcid_agrees,True,cached_ok,2001,https://openalex.org/W3012770219,fetched_ok,2001,https://openalex.org/W3012770219,cached_ok,16,2026-06-12
josiahhester,Josiah Hester,A5026852792,YELLOW,orcid_org_not_unique,True,cached_ok,1800,https://openalex.org/W2808969053,fetched_ok,1800,https://openalex.org/W2808969053,cached_ok,23,2026-06-12
josesantos,José Fragoso Santos,A5061566620,YELLOW,orcid_org_not_unique,True,cached_ok,1986,https://openalex.org/W4247380246,fetched_ok,1986,https://openalex.org/W4247380246,cached_ok,11,2026-06-12
josepedromagalhaes,José Pedro Magalhães,A5100879511,YELLOW,orcid_org_not_unique,False,cached_ok,2007,https://openalex.org/W178460575,fetched_ok,2007,https://openalex.org/W178460575,cached_ok,14,2026-06-12
joxanjaffar,Joxan Jaffar,A5058689103,GREEN,orcid_agrees,True,cached_ok,1981,https://openalex.org/W2034104058,fetched_ok,1981,https://openalex.org/W2034104058,cached_ok,29,2026-06-12
jubitaneja,Jubi Taneja,A5090282403,YELLOW,no_openalex_orcid_to_compare,False,cached_ok,2017,https://openalex.org/W2770644362,fetched_ok,2020,https://openalex.org/W3033254705,cached_ok,2,2026-06-12
julesjacobs,Jules Jacobs,A5066303700,GREEN,orcid_agrees,True,cached_ok,1983,https://openalex.org/W2031554820,fetched_ok,1983,https://openalex.org/W2031554820,cached_ok,7,2026-06-12
julesvillard2,Jules Villard,A5084908329,GREEN,orcid_agrees,True,cached_ok,1904,https://openalex.org/W2771666808,fetched_ok,2008,https://openalex.org/W113287545,cached_ok,11,2026-06-12
juliabelyakova,Julia Belyakova,A5075571308,GREEN,orcid_agrees,True,cached_ok,2015,https://openalex.org/W3035233007,fetched_ok,2015,https://openalex.org/W3035233007,cached_ok,4,2026-06-12
juliandolby,Julian Dolby,A5012855077,YELLOW,orcid_agrees,False,cached_ok,1966,https://openalex.org/W1481604427,fetched_ok,1966,https://openalex.org/W1481604427,cached_ok,35,2026-06-12
julianshun,Julian Shun,A5051583907,YELLOW,orcid_org_not_unique,False,cached_ok,2008,https://openalex.org/W2126460097,fetched_ok,2008,https://openalex.org/W2126460097,cached_ok,33,2026-06-12
julianafranco,Juliana Franco,A5006668787,YELLOW,orcid_org_not_unique,False,cached_ok,2013,https://openalex.org/W2211434071,fetched_ok,2013,https://openalex.org/W2211434071,cached_ok,5,2026-06-12
juneandronick,June Andronick,A5069964343,YELLOW,no_openalex_orcid_to_compare,False,cached_ok,2003,https://openalex.org/W1526757679,fetched_ok,2003,https://openalex.org/W1526757679,cached_ok,18,2026-06-12
jurriaanhage,Jurriaan Hage,A5101615144,YELLOW,orcid_agrees,False,cached_ok,1992,https://openalex.org/W4256036656,fetched_ok,1999,https://openalex.org/W1604212051,cached_ok,20,2026-06-12
justingottschlich,Justin Gottschlich,A5005286439,YELLOW,orcid_agrees,False,cached_ok,2007,https://openalex.org/W2166246073,fetched_ok,2007,https://openalex.org/W2166246073,cached_ok,15,2026-06-12
justinhsu,Justin Hsu,A5033286190,YELLOW,orcid_org_not_unique,False,cached_ok,2013,https://openalex.org/W2518812323,fetched_ok,2013,https://openalex.org/W2518812323,cached_ok,24,2026-06-12
kcsivaramakrishnan,KC Sivaramakrishnan,A5010633349,GREEN,orcid_agrees,True,cached_ok,2001,https://openalex.org/W2317851599,fetched_ok,2001,https://openalex.org/W2317851599,cached_ok,15,2026-06-12
kapilvaswani,Kapil Vaswani,A5011779401,YELLOW,no_openalex_orcid_to_compare,False,cached_ok,2003,https://openalex.org/W2083400053,fetched_ok,2003,https://openalex.org/W2083400053,cached_ok,24,2026-06-12
karimali,Karim Ali,A5038781215,YELLOW,orcid_org_not_unique,True,cached_ok,2009,https://openalex.org/W2127431059,fetched_ok,2009,https://openalex.org/W2127431059,cached_ok,19,2026-06-12
karineevenmendoza,Karine Even-Mendoza,A5068864058,YELLOW,orcid_org_not_unique,True,cached_ok,2013,https://openalex.org/W1990686023,fetched_ok,2013,https://openalex.org/W1990686023,cached_ok,6,2026-06-12
karlcrary,Karl Crary,A5045900536,GREEN,orcid_agrees,True,cached_ok,1974,https://openalex.org/W7134589638,fetched_ok,1974,https://openalex.org/W7134589638,cached_ok,31,2026-06-12
karlpalmskog,Karl Palmskog,A5015320417,YELLOW,no_openalex_orcid_to_compare,False,cached_ok,2007,https://openalex.org/W2110952321,fetched_ok,2007,https://openalex.org/W2110952321,cached_ok,8,2026-06-12
karthikeyanbhargavan,Karthikeyan Bhargavan,A5026297326,GREEN,orcid_agrees,True,cached_ok,1998,https://openalex.org/W1522151482,fetched_ok,1998,https://openalex.org/W1522151482,cached_ok,43,2026-06-12
kartiknagar1,Kartik Nagar,A5046570178,YELLOW,orcid_agrees,False,cached_ok,2012,https://openalex.org/W1996970189,fetched_ok,2012,https://openalex.org/W1996970189,cached_ok,6,2026-06-12
kathrinstark,Kathrin Stark,A5054275908,GREEN,orcid_agrees,True,cached_ok,2016,https://openalex.org/W2490033929,fetched_ok,2016,https://openalex.org/W2490033929,cached_ok,7,2026-06-12
kathrynegray,Kathryn E. Gray,A5064632723,YELLOW,orcid_org_not_unique,False,cached_ok,1993,https://openalex.org/W3161625817,fetched_ok,1999,https://openalex.org/W1519884335,cached_ok,13,2026-06-12
kathrynsmckinley,Kathryn S McKinley,A5087054368,GREEN,orcid_agrees,True,cached_ok,1980,https://openalex.org/W2060526213,fetched_ok,1989,https://openalex.org/W2064407505,cached_ok,60,2026-06-12
katsuhiroueno,Katsuhiro Ueno,A5103178472,YELLOW,orcid_org_not_unique,True,cached_ok,2008,https://openalex.org/W3156873753,fetched_ok,2008,https://openalex.org/W3156873753,cached_ok,5,2026-06-12
kazutakamatsuda,Kazutaka Matsuda,A5004575068,GREEN,orcid_agrees,True,cached_ok,1971,https://openalex.org/W77004582,fetched_ok,1971,https://openalex.org/W77004582,cached_ok,15,2026-06-12
kenjimaillard,Kenji Maillard,A5083750560,GREEN,orcid_agrees,True,cached_ok,2015,https://openalex.org/W2115785609,fetched_ok,2015,https://openalex.org/W2115785609,cached_ok,9,2026-06-12
kennethlmcmillan,Kenneth L. McMillan,A5047507250,YELLOW,orcid_org_not_unique,True,cached_ok,1989,https://openalex.org/W2000210358,fetched_ok,1989,https://openalex.org/W2000210358,cached_ok,56,2026-06-12
keshahietala,Kesha Hietala,A5002449883,YELLOW,orcid_agrees,False,cached_ok,2015,https://openalex.org/W754526191,fetched_ok,2015,https://openalex.org/W754526191,cached_ok,7,2026-06-12
kevinellis,Kevin Ellis,A5009201646,YELLOW,orcid_org_not_unique,True,cached_ok,2003,https://openalex.org/W2510495576,fetched_ok,2014,https://openalex.org/W2402035130,cached_ok,20,2026-06-12
kihongheo,Kihong Heo,A5071661688,GREEN,orcid_agrees,True,cached_ok,2012,https://openalex.org/W3045575840,fetched_ok,2012,https://openalex.org/W3045575840,cached_ok,18,2026-06-12
kirangopinathan1,Kiran Gopinathan,A5037850706,YELLOW,orcid_org_not_unique,True,cached_ok,2018,https://openalex.org/W2795255949,fetched_ok,2018,https://openalex.org/W2795255949,cached_ok,5,2026-06-12
kirshanthansundararajah,Kirshanthan Sundararajah,A5028997869,GREEN,orcid_agrees,True,cached_ok,2016,https://openalex.org/W2415322220,fetched_ok,2016,https://openalex.org/W2415322220,cached_ok,7,2026-06-12
klausostermann,Klaus Ostermann,A5049077225,GREEN,orcid_agrees,True,cached_ok,1981,https://openalex.org/W2419149802,fetched_ok,2000,https://openalex.org/W30912609,cached_ok,31,2026-06-12
koenclaessen,Koen Claessen,A5058771102,YELLOW,orcid_agrees,False,cached_ok,1997,https://openalex.org/W119450863,fetched_ok,1997,https://openalex.org/W119450863,cached_ok,33,2026-06-12
koheisuenaga,Kohei Suenaga,A5064121410,GREEN,orcid_agrees,True,cached_ok,1994,https://openalex.org/W2408328206,fetched_ok,2004,https://openalex.org/W1569696031,cached_ok,12,2026-06-12
kokomuroya,Koko Muroya,A5076471067,GREEN,orcid_agrees,True,cached_ok,2014,https://openalex.org/W2023801367,fetched_ok,2014,https://openalex.org/W2023801367,cached_ok,6,2026-06-12
konstantinosmamouras1,Konstantinos Mamouras,A5052392314,YELLOW,orcid_agrees,False,cached_ok,2007,https://openalex.org/W205762634,fetched_ok,2007,https://openalex.org/W205762634,cached_ok,14,2026-06-12
kostasferles,Kostas Ferles,A5022616286,GREEN,orcid_agrees,True,cached_ok,2017,https://openalex.org/W2623757933,fetched_ok,2017,https://openalex.org/W2623757933,cached_ok,7,2026-06-12
koushiksen,Koushik Sen,A5101569699,YELLOW,orcid_org_not_unique,False,cached_ok,2003,https://openalex.org/W1552533796,fetched_ok,2003,https://openalex.org/W1552533796,cached_ok,65,2026-06-12
kristinasojakova,Kristina Sojakova,A5084186768,GREEN,orcid_agrees,True,cached_ok,2009,https://openalex.org/W1622567641,fetched_ok,2009,https://openalex.org/W1622567641,cached_ok,6,2026-06-12
kwangkeunyi,Kwangkeun Yi,A5101789148,GREEN,orcid_agrees,True,cached_ok,1993,https://openalex.org/W1557457950,fetched_ok,1993,https://openalex.org/W1557457950,cached_ok,24,2026-06-12
larsbirkedal,Lars Birkedal,A5055959064,YELLOW,orcid_agrees,False,cached_ok,1993,https://openalex.org/W2147395854,fetched_ok,1993,https://openalex.org/W2147395854,cached_ok,43,2026-06-12
laurabocchi,Laura Bocchi,A5087949298,GREEN,orcid_agrees,True,cached_ok,2003,https://openalex.org/W1587877137,fetched_ok,2003,https://openalex.org/W1587877137,cached_ok,19,2026-06-12
laurakovacs,Laura Kovacs,A5071158512,YELLOW,orcid_org_not_unique,False,cached_ok,2004,https://openalex.org/W1923291441,fetched_ok,2004,https://openalex.org/W1923291441,cached_ok,21,2026-06-12
lauramcastro,Laura M. Castro,A5058853148,YELLOW,orcid_org_not_unique,True,cached_ok,2003,https://openalex.org/W2594778440,fetched_ok,2003,https://openalex.org/W2594778440,cached_ok,8,2026-06-12
lauregonnord,Laure Gonnord,A5059186408,GREEN,orcid_agrees,True,cached_ok,2006,https://openalex.org/W2689701569,fetched_ok,2006,https://openalex.org/W2689701569,cached_ok,13,2026-06-12
laurenpick,Lauren Pick,A5026041828,GREEN,orcid_agrees,True,cached_ok,2018,https://openalex.org/W2884840976,fetched_ok,2018,https://openalex.org/W2884840976,cached_ok,4,2026-06-12
laurencetratt,Laurence Tratt,A5005368647,YELLOW,orcid_agrees,False,cached_ok,2002,https://openalex.org/W1559806172,fetched_ok,2002,https://openalex.org/W1559806172,cached_ok,22,2026-06-12
lennartaugustsson,Lennart Augustsson,A5030072776,GREEN,orcid_agrees,True,cached_ok,1984,https://openalex.org/W2115847338,fetched_ok,1984,https://openalex.org/W2115847338,cached_ok,13,2026-06-12
lennartberinger,Lennart Beringer,A5075091834,GREEN,orcid_agrees,True,cached_ok,2001,https://openalex.org/W1592568842,fetched_ok,2001,https://openalex.org/W1592568842,cached_ok,20,2026-06-12
leowhite,Leo White,A5034258018,YELLOW,orcid_org_not_unique,False,cached_ok,1907,https://openalex.org/W47116293,fetched_ok,1978,https://openalex.org/W958498288,cached_ok,7,2026-06-12
leonidryzhyk,Leonid Ryzhyk,A5001598240,YELLOW,no_openalex_orcid_to_compare,False,cached_ok,2007,https://openalex.org/W108081636,fetched_ok,2007,https://openalex.org/W108081636,cached_ok,17,2026-06-12
leonidaslampropoulos,Leonidas Lampropoulos,A5075217645,YELLOW,orcid_agrees,False,cached_ok,2012,https://openalex.org/W2015180219,fetched_ok,2012,https://openalex.org/W2015180219,cached_ok,10,2026-06-12
liamoconnor,Liam O'Connor,A5091677658,YELLOW,orcid_org_not_unique,True,cached_ok,2002,https://openalex.org/W2801382406,fetched_ok,2013,https://openalex.org/W1998669042,cached_ok,8,2026-06-12
liminjia,Limin Jia,A5087946116,YELLOW,orcid_org_not_unique,False,cached_ok,1993,https://openalex.org/W2083163213,fetched_ok,1993,https://openalex.org/W2083163213,cached_ok,29,2026-06-12
lindseykuper,Lindsey Kuper,A5065115190,GREEN,orcid_agrees,True,cached_ok,2012,https://openalex.org/W2167115605,fetched_ok,2012,https://openalex.org/W2167115605,cached_ok,9,2026-06-12
lionelparreaux,Lionel Parreaux,A5002106868,GREEN,orcid_agrees,True,cached_ok,2016,https://openalex.org/W2340838390,fetched_ok,2016,https://openalex.org/W2340838390,cached_ok,9,2026-06-12
liyili1,Liyi Li,A5100767880,YELLOW,orcid_org_not_unique,True,cached_ok,2013,https://openalex.org/W2378064449,fetched_ok,2013,https://openalex.org/W2378064449,cached_ok,6,2026-06-12
lorisdantoni,Loris D'Antoni,A5089920000,YELLOW,orcid_org_not_unique,False,cached_ok,2008,https://openalex.org/W1516360493,fetched_ok,2008,https://openalex.org/W1516360493,cached_ok,25,2026-06-12
louisnoelpouchet,Louis-Noël Pouchet,A5040769038,GREEN,orcid_agrees,True,cached_ok,2005,https://openalex.org/W1526043770,fetched_ok,2005,https://openalex.org/W1526043770,cached_ok,31,2026-06-12
lucmaranget,Luc Maranget,A5002264496,GREEN,orcid_agrees,True,cached_ok,1991,https://openalex.org/W2027836624,fetched_ok,1991,https://openalex.org/W2027836624,cached_ok,24,2026-06-12
luispina,Luís Pina,A5060601788,YELLOW,orcid_org_not_unique,True,cached_ok,2012,https://openalex.org/W3146980876,fetched_ok,2012,https://openalex.org/W3146980876,cached_ok,9,2026-06-12
madanmusuvathi,Madan Musuvathi,A5011198874,YELLOW,orcid_org_not_unique,False,cached_ok,2005,https://openalex.org/W1494677957,fetched_ok,2005,https://openalex.org/W1494677957,cached_ok,10,2026-06-12
maemilano,Mae Milano,A5053205507,GREEN,orcid_agrees,True,cached_ok,2010,https://openalex.org/W3026875349,fetched_ok,2010,https://openalex.org/W3026875349,cached_ok,8,2026-06-12
magnusmadsen,Magnus Madsen,A5034330109,GREEN,orcid_agrees,True,cached_ok,2011,https://openalex.org/W1965995882,fetched_ok,2011,https://openalex.org/W1965995882,cached_ok,15,2026-06-12
magnusomyreen,Magnus O. Myreen,A5001651911,GREEN,orcid_agrees,True,cached_ok,2005,https://openalex.org/W2124233822,fetched_ok,2005,https://openalex.org/W2124233822,cached_ok,24,2026-06-12
makotohamana,Makoto Hamana,A5081721784,GREEN,orcid_agrees,True,cached_ok,1997,https://openalex.org/W1487727784,fetched_ok,1997,https://openalex.org/W1487727784,cached_ok,11,2026-06-12
malavikasamak,Malavika Samak,A5062670070,YELLOW,no_openalex_orcid_to_compare,False,cached_ok,2014,https://openalex.org/W2105525573,fetched_ok,2014,https://openalex.org/W2105525573,cached_ok,9,2026-06-12
malgorzatabiernacka,Malgorzata Biernacka,A5084400751,GREEN,orcid_agrees,True,cached_ok,1971,https://openalex.org/W12101694,fetched_ok,1973,https://openalex.org/W2146636,cached_ok,11,2026-06-12
manasthakur,Manas Thakur,A5037950146,YELLOW,orcid_org_not_unique,True,cached_ok,2019,https://openalex.org/W2912827714,fetched_ok,2019,https://openalex.org/W2912827714,cached_ok,5,2026-06-12
manasijmukherjee,Manasij Mukherjee,A5017201533,GREEN,orcid_agrees,True,cached_ok,2020,https://openalex.org/W3109233608,fetched_ok,2020,https://openalex.org/W3109233608,cached_ok,2,2026-06-12
mandanavaziri,Mandana Vaziri,A5014301891,GREEN,orcid_agrees,True,cached_ok,2000,https://openalex.org/W1504594060,fetched_ok,2000,https://openalex.org/W1504594060,cached_ok,16,2026-06-12
manoskapritsos,Manos Kapritsos,A5083609711,GREEN,orcid_agrees,True,cached_ok,2007,https://openalex.org/W1437332584,fetched_ok,2007,https://openalex.org/W1437332584,cached_ok,13,2026-06-12
manusridharan,Manu Sridharan,A5038828346,YELLOW,orcid_agrees,False,cached_ok,1978,https://openalex.org/W97836857,fetched_ok,1978,https://openalex.org/W97836857,cached_ok,33,2026-06-12
manuelrigger,Manuel Rigger,A5066738024,YELLOW,orcid_org_not_unique,False,cached_ok,2013,https://openalex.org/W2094789240,fetched_ok,2013,https://openalex.org/W2094789240,cached_ok,13,2026-06-12
marcbrockschmidt,Marc Brockschmidt,A5040207663,YELLOW,no_openalex_orcid_to_compare,False,cached_ok,2010,https://openalex.org/W2124765047,fetched_ok,2010,https://openalex.org/W2124765047,cached_ok,31,2026-06-12
marcogaboardi,Marco Gaboardi,A5021948795,YELLOW,orcid_agrees,False,cached_ok,2006,https://openalex.org/W2991614424,fetched_ok,2006,https://openalex.org/W2991614424,cached_ok,13,2026-06-12
marcopatrignani,Marco Patrignani,A5023276491,GREEN,orcid_agrees,True,cached_ok,2011,https://openalex.org/W2611155002,fetched_ok,2011,https://openalex.org/W2611155002,cached_ok,16,2026-06-12
marcopistoia,Marco Pistoia,A5066501364,YELLOW,orcid_org_not_unique,True,cached_ok,1990,https://openalex.org/W2980929669,fetched_ok,1990,https://openalex.org/W2980929669,cached_ok,35,2026-06-12
marcovassena,Marco Vassena,A5065850135,YELLOW,orcid_agrees,False,cached_ok,2015,https://openalex.org/W1758176575,fetched_ok,2015,https://openalex.org/W1758176575,cached_ok,8,2026-06-12
marcosviera,Marcos Viera,A5026040673,GREEN,orcid_agrees,True,cached_ok,2005,https://openalex.org/W1595173369,fetched_ok,2005,https://openalex.org/W1595173369,cached_ok,7,2026-06-12
margusveanes,Margus Veanes,A5060114046,GREEN,orcid_agrees,True,cached_ok,1993,https://openalex.org/W2472514686,fetched_ok,1993,https://openalex.org/W2472514686,cached_ok,30,2026-06-12
mariachristakis,Maria Christakis,A5064181052,GREEN,orcid_agrees,True,cached_ok,2006,https://openalex.org/W1974186671,fetched_ok,2010,https://openalex.org/W1908231796,cached_ok,19,2026-06-12
mariannarapoport,Marianna Rapoport,A5027027438,YELLOW,orcid_org_not_unique,False,cached_ok,1999,https://openalex.org/W3162234908,fetched_ok,1999,https://openalex.org/W3162234908,cached_ok,4,2026-06-12
maribelfernandez,Maribel Fernandez,A5072769917,YELLOW,orcid_org_not_unique,True,cached_ok,1977,https://openalex.org/W4232806567,fetched_ok,1977,https://openalex.org/W4232806567,cached_ok,23,2026-06-12
mariekehuisman,Marieke Huisman,A5045181048,YELLOW,orcid_agrees,False,cached_ok,1998,https://openalex.org/W2131700069,fetched_ok,1998,https://openalex.org/W2131700069,cached_ok,28,2026-06-12
markbatty,Mark Batty,A5043076240,YELLOW,orcid_org_not_unique,True,cached_ok,1969,https://openalex.org/W587153305,fetched_ok,1969,https://openalex.org/W587153305,cached_ok,21,2026-06-12
marksantolucito,Mark Santolucito,A5031902968,GREEN,orcid_agrees,True,cached_ok,2012,https://openalex.org/W2139851638,fetched_ok,2012,https://openalex.org/W2139851638,cached_ok,9,2026-06-12
markuspuschel,Markus Püschel,A5076407181,GREEN,orcid_agrees,True,cached_ok,1997,https://openalex.org/W1995901403,fetched_ok,1997,https://openalex.org/W1995901403,cached_ok,45,2026-06-12
martinelsman,Martin Elsman,A5081028559,GREEN,orcid_agrees,True,cached_ok,1998,https://openalex.org/W1520200536,fetched_ok,1998,https://openalex.org/W1520200536,cached_ok,14,2026-06-12
martinhirzel,Martin Hirzel,A5079080602,GREEN,orcid_agrees,True,cached_ok,1970,https://openalex.org/W2333794924,fetched_ok,1970,https://openalex.org/W2333794924,cached_ok,29,2026-06-12
martinmaas,Martin Maas,A5013891231,YELLOW,orcid_org_not_unique,True,cached_ok,2001,https://openalex.org/W4235581324,fetched_ok,2001,https://openalex.org/W4253566461,cached_ok,13,2026-06-12
martinvechev,Martin Vechev,A5069901599,GREEN,orcid_agrees,True,cached_ok,2003,https://openalex.org/W162965177,fetched_ok,2003,https://openalex.org/W162965177,cached_ok,54,2026-06-12
maryhall,Mary Hall,A5030152493,YELLOW,orcid_org_not_unique,True,cached_ok,1947,https://openalex.org/W2987812276,fetched_ok,1947,https://openalex.org/W2987812276,cached_ok,41,2026-06-12
maryshe,Mary Sheeran,A5037308838,GREEN,orcid_agrees,True,cached_ok,1984,https://openalex.org/W2003131643,fetched_ok,1984,https://openalex.org/W2003131643,cached_ok,22,2026-06-12
maryammehridehnavi,Maryam Mehri Dehnavi,A5003682451,YELLOW,orcid_agrees,False,cached_ok,2009,https://openalex.org/W2137942529,fetched_ok,2009,https://openalex.org/W2137942529,cached_ok,15,2026-06-12
matijapretnar,Matija Pretnar,A5078127242,YELLOW,orcid_agrees,False,cached_ok,2008,https://openalex.org/W2170114248,fetched_ok,2008,https://openalex.org/W2170114248,cached_ok,11,2026-06-12
matteocimini,Matteo Cimini,A5074262851,YELLOW,orcid_org_not_unique,False,cached_ok,2010,https://openalex.org/W2808035121,fetched_ok,2010,https://openalex.org/W2808035121,cached_ok,11,2026-06-12
matteomaffei,Matteo Maffei,A5059351004,YELLOW,orcid_agrees,False,cached_ok,1973,https://openalex.org/W2059645528,fetched_ok,1973,https://openalex.org/W2059645528,cached_ok,26,2026-06-12
matthewflatt,Matthew Flatt,A5033713909,GREEN,orcid_agrees,True,cached_ok,1993,https://openalex.org/W2049521441,fetched_ok,1993,https://openalex.org/W2049521441,cached_ok,39,2026-06-12
matthewfluet,Matthew Fluet,A5029478793,YELLOW,orcid_agrees,False,cached_ok,1999,https://openalex.org/W1538377304,fetched_ok,1999,https://openalex.org/W1538377304,cached_ok,21,2026-06-12
matthewhague,Matthew Hague,A5083664380,YELLOW,orcid_org_not_unique,False,cached_ok,2004,https://openalex.org/W127117227,fetched_ok,2004,https://openalex.org/W127117227,cached_ok,16,2026-06-12
matthewmight,Matthew Might,A5086121459,YELLOW,orcid_org_not_unique,False,cached_ok,2006,https://openalex.org/W79488981,fetched_ok,2006,https://openalex.org/W79488981,cached_ok,37,2026-06-12
matthiashauswirth,Matthias Hauswirth,A5078770676,GREEN,orcid_agrees,True,cached_ok,2002,https://openalex.org/W4243300753,fetched_ok,2002,https://openalex.org/W4243300753,cached_ok,23,2026-06-12
matthiasheizmann,Matthias Heizmann,A5077581460,GREEN,orcid_agrees,True,cached_ok,2009,https://openalex.org/W1979828579,fetched_ok,2009,https://openalex.org/W1979828579,cached_ok,20,2026-06-12
matthieusozeau,Matthieu Sozeau,A5065124885,YELLOW,orcid_agrees,False,cached_ok,2007,https://openalex.org/W1496429054,fetched_ok,2007,https://openalex.org/W1496429054,cached_ok,17,2026-06-12
matthijsvakar,Matthijs Vákár,A5031234153,YELLOW,orcid_org_not_unique,False,cached_ok,2014,https://openalex.org/W1845932220,fetched_ok,2014,https://openalex.org/W1845932220,cached_ok,9,2026-06-12
matiastoro,Matías Toro,A5073103554,GREEN,orcid_agrees,True,cached_ok,2015,https://openalex.org/W3129123897,fetched_ok,2015,https://openalex.org/W3129123897,cached_ok,7,2026-06-12
maxnew,Max S. New,A5050680882,YELLOW,orcid_agrees,False,cached_ok,2016,https://openalex.org/W2408675243,fetched_ok,2016,https://openalex.org/W2408675243,cached_ok,10,2026-06-12
maxschaefer,Max Schaefer,A5080291195,YELLOW,orcid_org_not_unique,True,cached_ok,2010,https://openalex.org/W1807471648,fetched_ok,2010,https://openalex.org/W1807471648,cached_ok,4,2026-06-12
maxwillsey,Max Willsey,A5048760480,YELLOW,orcid_agrees,False,cached_ok,2017,https://openalex.org/W2573182298,fetched_ok,2017,https://openalex.org/W2573182298,cached_ok,10,2026-06-12
mayurnaik,Mayur Naik,A5075879790,YELLOW,orcid_org_not_unique,False,cached_ok,1999,https://openalex.org/W2026770373,fetched_ok,1999,https://openalex.org/W2026770373,cached_ok,36,2026-06-12
michaelcarbin,Michael Carbin,A5091194125,YELLOW,orcid_agrees,False,cached_ok,2005,https://openalex.org/W1671718115,fetched_ok,2005,https://openalex.org/W1671718115,cached_ok,33,2026-06-12
michaelcoblenz,Michael Coblenz,A5044646652,GREEN,orcid_agrees,True,cached_ok,2002,https://openalex.org/W2728394795,fetched_ok,2002,https://openalex.org/W2095667476,cached_ok,12,2026-06-12
michaelbond,Michael D. Bond,A5044161672,YELLOW,orcid_agrees,False,cached_ok,1964,https://openalex.org/W2593348254,fetched_ok,1984,https://openalex.org/W2075942323,cached_ok,33,2026-06-12
michaelemmi,Michael Emmi,A5061209906,GREEN,orcid_agrees,True,cached_ok,2006,https://openalex.org/W2465812225,fetched_ok,2006,https://openalex.org/W2465812225,cached_ok,23,2026-06-12
michaelgreenberg,Michael Greenberg,A5075185353,YELLOW,orcid_org_not_unique,True,cached_ok,1938,https://openalex.org/W641278713,fetched_ok,1949,https://openalex.org/W2325093714,cached_ok,51,2026-06-12
michaelpradel,Michael Pradel,A5013438083,YELLOW,orcid_org_not_unique,True,cached_ok,2007,https://openalex.org/W2184076113,fetched_ok,2007,https://openalex.org/W2184076113,cached_ok,42,2026-06-12
michaelsammler,Michael Sammler,A5060508628,GREEN,orcid_agrees,True,cached_ok,2018,https://openalex.org/W2965694432,fetched_ok,2018,https://openalex.org/W2965694432,cached_ok,9,2026-06-12
michaelsperber,Michael Sperber,A5070201963,GREEN,orcid_agrees,True,cached_ok,1969,https://openalex.org/W1990284817,fetched_ok,1995,https://openalex.org/W2090641022,cached_ok,13,2026-06-12
michaelmarcozzi1,Michaël Marcozzi,A5032640551,GREEN,orcid_agrees,True,cached_ok,2007,https://openalex.org/W2058053147,fetched_ok,2011,https://openalex.org/W2135596864,cached_ok,9,2026-06-12
michelsteuwer,Michel Steuwer,A5016319844,YELLOW,orcid_org_not_unique,True,cached_ok,2011,https://openalex.org/W2107096626,fetched_ok,2011,https://openalex.org/W2107096626,cached_ok,18,2026-06-12
michelechiari,Michele Chiari,A5090191859,GREEN,orcid_agrees,True,cached_ok,1985,https://openalex.org/W2735284507,fetched_ok,2016,https://openalex.org/W2544687863,cached_ok,8,2026-06-12
michelepagani,Michele Pagani,A5014578218,YELLOW,orcid_org_not_unique,False,cached_ok,1986,https://openalex.org/W3160531388,fetched_ok,2006,https://openalex.org/W1590371658,cached_ok,21,2026-06-12
michellemillsstrout,Michelle Mills Strout,A5022191670,YELLOW,orcid_org_not_unique,False,cached_ok,1998,https://openalex.org/W2137332808,fetched_ok,1998,https://openalex.org/W2137332808,cached_ok,26,2026-06-12
mihaibudiu,Mihai Budiu,A5089558228,YELLOW,no_openalex_orcid_to_compare,False,cached_ok,1999,https://openalex.org/W2136179493,fetched_ok,1999,https://openalex.org/W2136179493,cached_ok,32,2026-06-12
mikedodds,Mike Dodds,A5085860278,GREEN,orcid_agrees,True,cached_ok,1924,https://openalex.org/W2807929814,fetched_ok,1924,https://openalex.org/W2807929814,cached_ok,14,2026-06-12
mikerainey,Mike Rainey,A5009476343,YELLOW,orcid_org_not_unique,False,cached_ok,2007,https://openalex.org/W3036099007,fetched_ok,2007,https://openalex.org/W3036099007,cached_ok,15,2026-06-12
miladallapreda,Mila Dalla Preda,A5005632682,GREEN,orcid_agrees,True,cached_ok,2004,https://openalex.org/W1503809727,fetched_ok,2004,https://openalex.org/W1503809727,cached_ok,21,2026-06-12
milijanasurbatovich1,Milijana Surbatovich,A5021370119,YELLOW,orcid_agrees,False,cached_ok,2017,https://openalex.org/W2605367183,fetched_ok,2017,https://openalex.org/W2605367183,cached_ok,5,2026-06-12
milindkulkarni,Milind Kulkarni,A5075916086,YELLOW,orcid_org_not_unique,True,cached_ok,1994,https://openalex.org/W2068138182,fetched_ok,2005,https://openalex.org/W2466646528,cached_ok,28,2026-06-12
milosgligoric,Milos Gligoric,A5063052820,GREEN,orcid_agrees,True,cached_ok,1974,https://openalex.org/W2413184425,fetched_ok,2008,https://openalex.org/W1535443236,cached_ok,27,2026-06-12
mingshengying,Mingsheng Ying,A5023088481,YELLOW,orcid_agrees,False,cached_ok,1987,https://openalex.org/W2086255879,fetched_ok,1987,https://openalex.org/W2913689958,cached_ok,47,2026-06-12
minseokjeon,Minseok Jeon,A5046062654,YELLOW,orcid_org_not_unique,True,cached_ok,2017,https://openalex.org/W2761799536,fetched_ok,2017,https://openalex.org/W2761799536,cached_ok,6,2026-06-12
miramezini,Mira Mezini,A5078067853,YELLOW,orcid_agrees,False,cached_ok,1994,https://openalex.org/W954453739,fetched_ok,1994,https://openalex.org/W954453739,cached_ok,44,2026-06-12
mircotribastone,Mirco Tribastone,A5037431084,GREEN,orcid_agrees,True,cached_ok,2005,https://openalex.org/W2124157044,fetched_ok,2005,https://openalex.org/W2124157044,cached_ok,29,2026-06-12
mitchellwand,Mitchell Wand,A5109074035,YELLOW,no_openalex_orcid_to_compare,False,cached_ok,1971,https://openalex.org/W1577074364,fetched_ok,1971,https://openalex.org/W1577074364,cached_ok,33,2026-06-12
mohamedfaouziatig,Mohamed Faouzi Atig,A5047278328,GREEN,orcid_agrees,True,cached_ok,2008,https://openalex.org/W1590145945,fetched_ok,2008,https://openalex.org/W1590145945,cached_ok,25,2026-06-12
mohsenlesani,Mohsen Lesani,A5088825348,YELLOW,orcid_org_not_unique,True,cached_ok,2006,https://openalex.org/W1451197817,fetched_ok,2006,https://openalex.org/W1451197817,cached_ok,14,2026-06-12
moolysagiv,Mooly Sagiv,A5002512849,YELLOW,orcid_org_not_unique,False,cached_ok,1978,https://openalex.org/W2003388221,fetched_ok,1982,https://openalex.org/W2397538792,cached_ok,54,2026-06-12
mukundraghotaman,Mukund Raghothaman,A5024988696,YELLOW,orcid_agrees,False,cached_ok,2013,https://openalex.org/W1876483187,fetched_ok,2013,https://openalex.org/W1876483187,cached_ok,16,2026-06-12
muralikrishnaramanathan,Murali Krishna Ramanathan,A5107242862,GREEN,orcid_agrees,True,cached_ok,2006,https://openalex.org/W2117510436,fetched_ok,2006,https://openalex.org/W2117510436,cached_ok,9,2026-06-12
nameng,Na Meng,A5070152860,YELLOW,orcid_org_not_unique,True,cached_ok,2005,https://openalex.org/W2350476008,fetched_ok,2006,https://openalex.org/W2119424447,cached_ok,22,2026-06-12
nadaamin,Nada Amin,A5054275386,YELLOW,orcid_org_not_unique,True,cached_ok,2003,https://openalex.org/W2038816868,fetched_ok,2003,https://openalex.org/W2038816868,cached_ok,17,2026-06-12
nadiapolikarpova,Nadia Polikarpova,A5090671359,GREEN,orcid_agrees,True,cached_ok,1995,https://openalex.org/W2021870254,fetched_ok,1995,https://openalex.org/W2021870254,cached_ok,19,2026-06-12
natefoster,Nate Foster,A5013378091,YELLOW,orcid_org_not_unique,False,cached_ok,2004,https://openalex.org/W2131143544,fetched_ok,2004,https://openalex.org/W2131143544,cached_ok,38,2026-06-12
nathanchong,Nathan Chong,A5073793617,YELLOW,orcid_org_not_unique,False,cached_ok,2004,https://openalex.org/W137363220,fetched_ok,2004,https://openalex.org/W137363220,cached_ok,14,2026-06-12
neelakantankrishnaswami,Neel Krishnaswami,A5085047206,GREEN,orcid_agrees,True,cached_ok,2005,https://openalex.org/W2140979550,fetched_ok,2005,https://openalex.org/W2140979550,cached_ok,9,2026-06-12
nevillegrech,Neville Grech,A5068595267,YELLOW,orcid_agrees,False,cached_ok,2010,https://openalex.org/W2153358162,fetched_ok,2010,https://openalex.org/W2153358162,cached_ok,13,2026-06-12
niccoloveltri,Niccolò Veltri,A5012979981,GREEN,orcid_agrees,True,cached_ok,2015,https://openalex.org/W2255188432,fetched_ok,2015,https://openalex.org/W2255188432,cached_ok,8,2026-06-12
nickbenton1,Nick Benton,A5023252122,YELLOW,orcid_org_not_unique,False,cached_ok,1992,https://openalex.org/W135301368,fetched_ok,1992,https://openalex.org/W135301368,cached_ok,32,2026-06-12
nickgiannarakis,Nick Giannarakis,A5055675515,YELLOW,orcid_org_not_unique,False,cached_ok,2015,https://openalex.org/W2610782608,fetched_ok,2015,https://openalex.org/W2610782608,cached_ok,7,2026-06-12
nicolastabareau,Nicolas Tabareau,A5033499088,YELLOW,orcid_agrees,False,cached_ok,2004,https://openalex.org/W1544012959,fetched_ok,2004,https://openalex.org/W1544012959,cached_ok,21,2026-06-12
nicolaswu,Nicolas Wu,A5072641397,YELLOW,orcid_agrees,False,cached_ok,2009,https://openalex.org/W2254320454,fetched_ok,2009,https://openalex.org/W2254320454,cached_ok,14,2026-06-12
nikivazou,Niki Vazou,A5078144924,YELLOW,orcid_agrees,False,cached_ok,2011,https://openalex.org/W1505525685,fetched_ok,2011,https://openalex.org/W1505525685,cached_ok,14,2026-06-12
nikitakoval,Nikita Koval,A5047006729,YELLOW,orcid_org_not_unique,True,cached_ok,2017,https://openalex.org/W2580360200,fetched_ok,2017,https://openalex.org/W2580360200,cached_ok,5,2026-06-12
nikostzevelekos,Nikos Tzevelekos,A5041266426,GREEN,orcid_agrees,True,cached_ok,2006,https://openalex.org/W2058375937,fetched_ok,2006,https://openalex.org/W2058375937,cached_ok,12,2026-06-12
nilsandersdanielsson,Nils Anders Danielsson,A5016464590,YELLOW,orcid_org_not_unique,False,cached_ok,2002,https://openalex.org/W2181995353,fetched_ok,2002,https://openalex.org/W2181995353,cached_ok,16,2026-06-12
ninanarodytska,Nina Narodytska,A5034897040,GREEN,orcid_agrees,True,cached_ok,2007,https://openalex.org/W4236295603,fetched_ok,2007,https://openalex.org/W4236295603,cached_ok,26,2026-06-12
ningluo1,Ning Luo,A5061101152,YELLOW,orcid_org_not_unique,True,cached_ok,1991,https://openalex.org/W2015984702,fetched_ok,1991,https://openalex.org/W2015984702,cached_ok,15,2026-06-12
ningningxie,Ningning Xie,A5008249278,YELLOW,orcid_org_not_unique,False,cached_ok,2011,https://openalex.org/W2995078431,fetched_ok,2011,https://openalex.org/W2995078431,cached_ok,9,2026-06-12
noamrinetzky,Noam Rinetzky,A5082349206,GREEN,orcid_agrees,True,cached_ok,2001,https://openalex.org/W1483359125,fetched_ok,2001,https://openalex.org/W1483359125,cached_ok,19,2026-06-12
noamzeilberger,Noam Zeilberger,A5008964203,GREEN,orcid_agrees,True,cached_ok,2007,https://openalex.org/W2916832392,fetched_ok,2007,https://openalex.org/W2916832392,cached_ok,10,2026-06-12
nobukoyoshida,Nobuko Yoshida,A5054171989,YELLOW,orcid_org_not_unique,False,cached_ok,1984,https://openalex.org/W2039195936,fetched_ok,1984,https://openalex.org/W2039195936,cached_ok,57,2026-06-12
normandanner,Norman Danner,A5056512208,YELLOW,orcid_agrees,False,cached_ok,1996,https://openalex.org/W1893640151,fetched_ok,1996,https://openalex.org/W1893640151,cached_ok,10,2026-06-12
nunoplopes,Nuno P. Lopes,A5088560717,YELLOW,orcid_org_not_unique,True,cached_ok,1989,https://openalex.org/W3010911746,fetched_ok,1989,https://openalex.org/W3010911746,cached_ok,18,2026-06-12
odedpadon,Oded Padon,A5064997169,YELLOW,orcid_agrees,False,cached_ok,2014,https://openalex.org/W2030814077,fetched_ok,2014,https://openalex.org/W2030814077,cached_ok,16,2026-06-12
ohadkammar,Ohad Kammar,A5058873268,YELLOW,orcid_org_not_unique,False,cached_ok,2011,https://openalex.org/W2148570690,fetched_ok,2011,https://openalex.org/W2148570690,cached_ok,13,2026-06-12
oliverbracevac,Oliver Bračevac,A5019063975,GREEN,orcid_agrees,True,cached_ok,2013,https://openalex.org/W2233804322,fetched_ok,2013,https://openalex.org/W2233804322,cached_ok,8,2026-06-12
ondrejlhotak,Ondřej Lhoták,A5039616179,YELLOW,orcid_agrees,False,cached_ok,1999,https://openalex.org/W3045425252,fetched_ok,1999,https://openalex.org/W3045425252,cached_ok,33,2026-06-12
onurmutlu1,Onur Mutlu,A5050695684,YELLOW,orcid_org_not_unique,True,cached_ok,1999,https://openalex.org/W3214744023,fetched_ok,2003,https://openalex.org/W2123608497,cached_ok,113,2026-06-12
orilahav,Ori Lahav,A5102734862,YELLOW,orcid_org_not_unique,False,cached_ok,2009,https://openalex.org/W124470575,fetched_ok,2009,https://openalex.org/W124470575,cached_ok,23,2026-06-12
orneladardha,Ornela Dardha,A5050784078,YELLOW,orcid_agrees,False,cached_ok,2012,https://openalex.org/W2128280268,fetched_ok,2012,https://openalex.org/W2128280268,cached_ok,11,2026-06-12
osbertbastani,Osbert Bastani,A5029243071,GREEN,orcid_agrees,True,cached_ok,2011,https://openalex.org/W4237431628,fetched_ok,2011,https://openalex.org/W4298101973,cached_ok,27,2026-06-12
owenarden,Owen Arden,A5062865397,YELLOW,no_openalex_orcid_to_compare,False,cached_ok,2012,https://openalex.org/W2133448626,fetched_ok,2012,https://openalex.org/W2133448626,cached_ok,12,2026-06-12
owolabilegunsen,Owolabi Legunsen,A5070516536,GREEN,orcid_agrees,True,cached_ok,2012,https://openalex.org/W2092977044,fetched_ok,2012,https://openalex.org/W2092977044,cached_ok,17,2026-06-12
pamelazave,Pamela Zave,A5086291871,GREEN,orcid_agrees,True,cached_ok,1978,https://openalex.org/W302378287,fetched_ok,1978,https://openalex.org/W302378287,cached_ok,31,2026-06-12
paroshazizabdulla,Parosh Aziz Abdulla,A5002478680,GREEN,orcid_agrees,True,cached_ok,1990,https://openalex.org/W1530892282,fetched_ok,1990,https://openalex.org/W1530892282,cached_ok,42,2026-06-12
pascalweisenburger,Pascal Weisenburger,A5008442460,YELLOW,orcid_org_not_unique,True,cached_ok,2013,https://openalex.org/W2280843202,fetched_ok,2013,https://openalex.org/W2280843202,cached_ok,8,2026-06-12
patricegodefroid,Patrice Godefroid,A5069392259,YELLOW,orcid_org_not_unique,False,cached_ok,1991,https://openalex.org/W4249906489,fetched_ok,1991,https://openalex.org/W4249906489,cached_ok,60,2026-06-12
patriciapatriciajohann,Patricia Johann,A5044007936,GREEN,orcid_agrees,True,cached_ok,1990,https://openalex.org/W2137707846,fetched_ok,1990,https://openalex.org/W2137707846,cached_ok,16,2026-06-12
patrickbahr,Patrick Bahr,A5015853763,GREEN,orcid_agrees,True,cached_ok,2010,https://openalex.org/W2108750304,fetched_ok,2010,https://openalex.org/W2108750304,cached_ok,9,2026-06-12
patrickeugster,Patrick Eugster,A5024420075,YELLOW,orcid_org_not_unique,True,cached_ok,1969,https://openalex.org/W2165142423,fetched_ok,1999,https://openalex.org/W1607646876,cached_ok,34,2026-06-12
patricklam,Patrick Lam,A5016375266,YELLOW,orcid_org_not_unique,False,cached_ok,1969,https://openalex.org/W2325182780,fetched_ok,1969,https://openalex.org/W2325182780,cached_ok,22,2026-06-12
patrikjansson,Patrik Jansson,A5032737176,YELLOW,orcid_org_not_unique,True,cached_ok,1994,https://openalex.org/W2068380631,fetched_ok,1995,https://openalex.org/W2169684009,cached_ok,18,2026-06-12
pauldownen,Paul Downen,A5020454182,GREEN,orcid_agrees,True,cached_ok,2012,https://openalex.org/W1865679690,fetched_ok,2012,https://openalex.org/W1865679690,cached_ok,8,2026-06-12
paulgazzillo,Paul Gazzillo,A5016175378,YELLOW,orcid_org_not_unique,True,cached_ok,2012,https://openalex.org/W4231140081,fetched_ok,2012,https://openalex.org/W4231140081,cached_ok,12,2026-06-12
pavelchuprikov,Pavel Chuprikov,A5033247681,GREEN,orcid_agrees,True,cached_ok,2008,https://openalex.org/W59111423,fetched_ok,2008,https://openalex.org/W59111423,cached_ok,7,2026-06-12
pavelpanchekha,Pavel Panchekha,A5022031348,YELLOW,orcid_agrees,False,cached_ok,2013,https://openalex.org/W2911616692,fetched_ok,2013,https://openalex.org/W2911616692,cached_ok,15,2026-06-12
pavolbielik,Pavol Bielik,A5090644266,YELLOW,no_openalex_orcid_to_compare,False,cached_ok,2012,https://openalex.org/W2405421058,fetched_ok,2012,https://openalex.org/W2405421058,cached_ok,15,2026-06-12
pavolcerny,Pavol Cerny,A5072396662,YELLOW,no_openalex_orcid_to_compare,False,cached_ok,1969,https://openalex.org/W2229542101,fetched_ok,1969,https://openalex.org/W2229542101,cached_ok,21,2026-06-12
peisenyao,Peisen Yao,A5045907091,YELLOW,orcid_org_not_unique,True,cached_ok,2020,https://openalex.org/W3015384571,fetched_ok,2020,https://openalex.org/W3015384571,cached_ok,10,2026-06-12
petartsankov,Petar Tsankov,A5073801126,YELLOW,no_openalex_orcid_to_compare,False,cached_ok,2011,https://openalex.org/W1856894786,fetched_ok,2011,https://openalex.org/W1856894786,cached_ok,19,2026-06-12
peteralvaro,Peter Alvaro,A5065602825,GREEN,orcid_agrees,True,cached_ok,2007,https://openalex.org/W1507972017,fetched_ok,2007,https://openalex.org/W1507972017,cached_ok,18,2026-06-12
peterhawkins,Peter Hawkins,A5111910004,YELLOW,orcid_org_not_unique,False,cached_ok,1971,https://openalex.org/W2171498497,fetched_ok,1976,https://openalex.org/W2030344535,cached_ok,29,2026-06-12
peterohmann1,Peter Ohmann,A5080785784,GREEN,orcid_agrees,True,cached_ok,2010,https://openalex.org/W1196660558,fetched_ok,2010,https://openalex.org/W1196660558,cached_ok,5,2026-06-12
peterselinger,Peter Selinger,A5015712724,YELLOW,orcid_org_not_unique,False,cached_ok,1976,https://openalex.org/W2395058794,fetched_ok,1994,https://openalex.org/W2189341489,cached_ok,25,2026-06-12
petersewell,Peter Sewell,A5083405043,YELLOW,orcid_org_not_unique,True,cached_ok,1970,https://openalex.org/W2324643531,fetched_ok,1970,https://openalex.org/W2324643531,cached_ok,47,2026-06-12
peterthiemann,Peter Thiemann,A5000384936,YELLOW,orcid_agrees,False,cached_ok,1990,https://openalex.org/W129672988,fetched_ok,1990,https://openalex.org/W129672988,cached_ok,26,2026-06-12
petermichaelosera,Peter-Michael Osera,A5020115127,GREEN,orcid_agrees,True,cached_ok,2012,https://openalex.org/W2293786458,fetched_ok,2012,https://openalex.org/W2293786458,cached_ok,8,2026-06-12
philipwadler,Philip Wadler,A5018878077,YELLOW,orcid_org_not_unique,False,cached_ok,1975,https://openalex.org/W2062567257,fetched_ok,1975,https://openalex.org/W2062567257,cached_ok,60,2026-06-12
philippghaselwarter,Philipp G. Haselwarter,A5012595992,GREEN,orcid_agrees,True,cached_ok,2014,https://openalex.org/W2290335711,fetched_ok,2014,https://openalex.org/W2290335711,cached_ok,6,2026-06-12
philipphaller,Philipp Haller,A5044900918,YELLOW,orcid_org_not_unique,False,cached_ok,2006,https://openalex.org/W1938483076,fetched_ok,2006,https://openalex.org/W1938483076,cached_ok,16,2026-06-12
philippagardner,Philippa Gardner,A5047951273,YELLOW,orcid_org_not_unique,False,cached_ok,1991,https://openalex.org/W1531044637,fetched_ok,1991,https://openalex.org/W1531044637,cached_ok,27,2026-06-12
phitchayamangpophothilimthana,Phitchaya Mangpo Phothilimthana,A5046321852,GREEN,orcid_agrees,True,cached_ok,2013,https://openalex.org/W2403922543,fetched_ok,2013,https://openalex.org/W2403922543,cached_ok,14,2026-06-12
pierreclairambault,Pierre Clairambault,A5008333115,YELLOW,orcid_agrees,False,cached_ok,1963,https://openalex.org/W2410156902,fetched_ok,1985,https://openalex.org/W1972170115,cached_ok,15,2026-06-12
pierregeneves,Pierre Geneves,A5007570521,GREEN,orcid_agrees,True,cached_ok,2004,https://openalex.org/W207633616,fetched_ok,2004,https://openalex.org/W207633616,cached_ok,16,2026-06-12
pierremariepedrot,Pierre-Marie Pédrot,A5067464824,YELLOW,orcid_agrees,False,cached_ok,2013,https://openalex.org/W2726160011,fetched_ok,2013,https://openalex.org/W2726160011,cached_ok,9,2026-06-12
pierreyvesstrub,Pierre-Yves Strub,A5033447950,YELLOW,orcid_org_not_unique,False,cached_ok,2001,https://openalex.org/W3151469628,fetched_ok,2001,https://openalex.org/W3151469628,cached_ok,29,2026-06-12
pietroferrara1,Pietro Ferrara,A5070919681,YELLOW,orcid_org_not_unique,False,cached_ok,1993,https://openalex.org/W72478285,fetched_ok,1993,https://openalex.org/W72478285,cached_ok,18,2026-06-12
pinjiahe,Pinjia He,A5101941950,GREEN,orcid_agrees,True,cached_ok,2014,https://openalex.org/W2042690527,fetched_ok,2014,https://openalex.org/W2042690527,cached_ok,26,2026-06-12
qirunzhang,Qirun Zhang,A5078231842,YELLOW,orcid_org_not_unique,False,cached_ok,2010,https://openalex.org/W2014097364,fetched_ok,2010,https://openalex.org/W2014097364,cached_ok,15,2026-06-12
quentinstievenart,Quentin Stiévenart,A5061688363,GREEN,orcid_agrees,True,cached_ok,2015,https://openalex.org/W3130436431,fetched_ok,2015,https://openalex.org/W3130436431,cached_ok,8,2026-06-12
rachitnigam,Rachit Nigam,A5078421643,YELLOW,orcid_org_not_unique,True,cached_ok,2017,https://openalex.org/W2621195269,fetched_ok,2017,https://openalex.org/W2621195269,cached_ok,4,2026-06-12
radhajagadeesan,Radha Jagadeesan,A5108192878,YELLOW,no_openalex_orcid_to_compare,False,cached_ok,1991,https://openalex.org/W2037452045,fetched_ok,1991,https://openalex.org/W2037452045,cached_ok,33,2026-06-12
radugrigore,Radu Grigore,A5049957994,YELLOW,orcid_org_not_unique,True,cached_ok,2001,https://openalex.org/W2030060658,fetched_ok,2005,https://openalex.org/W2253016316,cached_ok,13,2026-06-12
raghuprabhakar,Raghu Prabhakar,A5111746097,YELLOW,no_openalex_orcid_to_compare,False,cached_ok,2012,https://openalex.org/W2050684782,fetched_ok,2012,https://openalex.org/W2050684782,cached_ok,16,2026-06-12
ragnarmogk,Ragnar Mogk,A5035682481,YELLOW,no_openalex_orcid_to_compare,False,cached_ok,2014,https://openalex.org/W1982590499,fetched_ok,2014,https://openalex.org/W1982590499,cached_ok,6,2026-06-12
rahulgopinath,Rahul Gopinath,A5050311714,GREEN,orcid_agrees,True,cached_ok,1983,https://openalex.org/W2767867152,fetched_ok,1983,https://openalex.org/W2767867152,cached_ok,20,2026-06-12
rajivgupta,Rajiv Gupta,A5100699251,YELLOW,orcid_org_not_unique,True,cached_ok,1974,https://openalex.org/W2082213120,fetched_ok,1974,https://openalex.org/W2082213120,cached_ok,60,2026-06-12
ralfhinze,Ralf Hinze,A5063247380,GREEN,orcid_agrees,True,cached_ok,1989,https://openalex.org/W1847272451,fetched_ok,1992,https://openalex.org/W1009563969,cached_ok,32,2026-06-12
ralfjung,Ralf Jung,A5025527323,YELLOW,orcid_agrees,False,cached_ok,1996,https://openalex.org/W2485092572,fetched_ok,1996,https://openalex.org/W2485092572,cached_ok,20,2026-06-12
ranjitjhala,Ranjit Jhala,A5002412544,YELLOW,orcid_agrees,False,cached_ok,2001,https://openalex.org/W1551707370,fetched_ok,2001,https://openalex.org/W1551707370,cached_ok,52,2026-06-12
rastislavbodik,Rastislav Bodík,A5085160432,YELLOW,orcid_org_not_unique,False,cached_ok,1996,https://openalex.org/W1551504809,fetched_ok,1996,https://openalex.org/W1551504809,cached_ok,49,2026-06-12
ravichugh,Ravi Chugh,A5004759757,YELLOW,orcid_agrees,False,cached_ok,2008,https://openalex.org/W4236814447,fetched_ok,2008,https://openalex.org/W4236814447,cached_ok,15,2026-06-12
retoachermann,Reto Achermann,A5072557888,GREEN,orcid_agrees,True,cached_ok,2014,https://openalex.org/W2305341919,fetched_ok,2014,https://openalex.org/W2305341919,cached_ok,10,2026-06-12
rezwanakarim,Rezwana Karim,A5081413019,YELLOW,orcid_org_not_unique,False,cached_ok,2008,https://openalex.org/W2065246894,fetched_ok,2008,https://openalex.org/W2065246894,cached_ok,9,2026-06-12
richardeisenberg,Richard A. Eisenberg,A5082913747,YELLOW,orcid_org_not_unique,False,cached_ok,1977,https://openalex.org/W4239703024,fetched_ok,1977,https://openalex.org/W4239703024,cached_ok,15,2026-06-12
rishabhsingh,Rishabh Singh,A5045091456,YELLOW,orcid_org_not_unique,True,cached_ok,2009,https://openalex.org/W1874310605,fetched_ok,2009,https://openalex.org/W1874310605,cached_ok,36,2026-06-12
rishiyurnikhil,Rishiyur Nikhil,A5104054932,YELLOW,orcid_org_not_unique,False,cached_ok,1981,https://openalex.org/W2115183492,fetched_ok,1981,https://openalex.org/W2115183492,cached_ok,18,2026-06-12
robbertkrebbers,Robbert Krebbers,A5029418370,YELLOW,orcid_agrees,False,cached_ok,1997,https://openalex.org/W2001484275,fetched_ok,2009,https://openalex.org/W3148357842,cached_ok,25,2026-06-12
robertatkey,Robert Atkey,A5036444096,GREEN,orcid_agrees,True,cached_ok,2004,https://openalex.org/W1547949352,fetched_ok,2004,https://openalex.org/W1547949352,cached_ok,15,2026-06-12
robbyfindler,Robert Bruce Findler,A5081388086,YELLOW,orcid_agrees,False,cached_ok,1995,https://openalex.org/W2060743759,fetched_ok,1995,https://openalex.org/W2060743759,cached_ok,40,2026-06-12
robertharper1,Robert Harper,A5028720578,YELLOW,orcid_org_not_unique,False,cached_ok,1904,https://openalex.org/W4238395477,fetched_ok,1904,https://openalex.org/W4238395477,cached_ok,46,2026-06-12
roberthirschfeld,Robert Hirschfeld,A5079160871,YELLOW,orcid_org_not_unique,True,cached_ok,1963,https://openalex.org/W4386079403,fetched_ok,1965,https://openalex.org/W2129295507,cached_ok,25,2026-06-12
robertagori1,Roberta Gori,A5090195630,GREEN,orcid_agrees,True,cached_ok,1996,https://openalex.org/W1598566063,fetched_ok,1996,https://openalex.org/W1598566063,cached_ok,16,2026-06-12
robertogiacobazzi,Roberto Giacobazzi,A5052881133,YELLOW,orcid_agrees,False,cached_ok,1990,https://openalex.org/W150234918,fetched_ok,1990,https://openalex.org/W150234918,cached_ok,29,2026-06-12
rodolphelepigre,Rodolphe Lepigre,A5068441844,GREEN,orcid_agrees,True,cached_ok,2016,https://openalex.org/W2336116580,fetched_ok,2016,https://openalex.org/W2336116580,cached_ok,6,2026-06-12
rohanbavishi,Rohan Bavishi,A5053047136,GREEN,orcid_agrees,True,cached_ok,2016,https://openalex.org/W3016319866,fetched_ok,2016,https://openalex.org/W3016319866,cached_ok,6,2026-06-12
rohanpadhye,Rohan Padhye,A5077787726,YELLOW,orcid_agrees,False,cached_ok,2013,https://openalex.org/W2952579460,fetched_ok,2013,https://openalex.org/W2952579460,cached_ok,16,2026-06-12
romainrobbes,Romain Robbes,A5031712876,GREEN,orcid_agrees,True,cached_ok,2004,https://openalex.org/W2400034329,fetched_ok,2004,https://openalex.org/W2400034329,cached_ok,37,2026-06-12
ronaldgarcia,Ronald Garcia,A5051937731,YELLOW,orcid_org_not_unique,False,cached_ok,1980,https://openalex.org/W3014339572,fetched_ok,1980,https://openalex.org/W3014339572,cached_ok,17,2026-06-12
ronghuigu,Ronghui Gu,A5000031216,YELLOW,orcid_org_not_unique,False,cached_ok,2014,https://openalex.org/W2095770127,fetched_ok,2014,https://openalex.org/W2095770127,cached_ok,16,2026-06-12
roopshasamanta,Roopsha Samanta,A5050507709,GREEN,orcid_agrees,True,cached_ok,2004,https://openalex.org/W1484004535,fetched_ok,2004,https://openalex.org/W1484004535,cached_ok,11,2026-06-12
rosstate,Ross Tate,A5001655224,GREEN,orcid_agrees,True,cached_ok,1992,https://openalex.org/W1614889264,fetched_ok,1992,https://openalex.org/W1614889264,cached_ok,13,2026-06-12
rubenmartins,Ruben Martins,A5101995804,YELLOW,orcid_org_not_unique,False,cached_ok,1983,https://openalex.org/W3123489880,fetched_ok,1983,https://openalex.org/W3123489880,cached_ok,24,2026-06-12
rupakmajumdar,Rupak Majumdar,A5081010207,YELLOW,orcid_agrees,False,cached_ok,1996,https://openalex.org/W1521638899,fetched_ok,1996,https://openalex.org/W1521638899,cached_ok,60,2026-06-12
ruzicapiskac,Ruzica Piskac,A5045794652,YELLOW,orcid_org_not_unique,True,cached_ok,2001,https://openalex.org/W2806505321,fetched_ok,2001,https://openalex.org/W2806505321,cached_ok,23,2026-06-12
ryanbeckett1,Ryan Beckett,A5075133765,YELLOW,orcid_org_not_unique,True,cached_ok,1982,https://openalex.org/W2093062391,fetched_ok,2004,https://openalex.org/W2991443979,cached_ok,16,2026-06-12
ryosukesato,Ryosuke Sato,A5040489279,YELLOW,orcid_org_not_unique,True,cached_ok,1955,https://openalex.org/W2605760999,fetched_ok,1955,https://openalex.org/W2605760999,cached_ok,23,2026-06-12
saeedmaleki,Saeed Maleki,A5077514991,YELLOW,orcid_org_not_unique,True,cached_ok,2011,https://openalex.org/W2726104679,fetched_ok,2011,https://openalex.org/W2726104679,cached_ok,14,2026-06-12
samguyer,Sam Guyer,A5004167701,YELLOW,orcid_org_not_unique,False,cached_ok,1911,https://openalex.org/W634728355,fetched_ok,1999,https://openalex.org/W2112569315,cached_ok,22,2026-06-12
samlindley,Sam Lindley,A5061903791,YELLOW,orcid_agrees,False,cached_ok,1992,https://openalex.org/W2273801355,fetched_ok,2005,https://openalex.org/W2134692477,cached_ok,28,2026-06-12
samstaton,Sam Staton,A5068183682,YELLOW,orcid_agrees,False,cached_ok,2004,https://openalex.org/W2083397001,fetched_ok,2004,https://openalex.org/W2083397001,cached_ok,20,2026-06-12
samtobinhochstadt,Sam Tobin-Hochstadt,A5043677781,YELLOW,orcid_agrees,False,cached_ok,2005,https://openalex.org/W2134988307,fetched_ok,2005,https://openalex.org/W2134988307,cached_ok,24,2026-06-12
samwestrick,Sam Westrick,A5052738437,YELLOW,orcid_agrees,False,cached_ok,2017,https://openalex.org/W2737220067,fetched_ok,2017,https://openalex.org/W2737220067,cached_ok,6,2026-06-12
samanamarasinghe,Saman Amarasinghe,A5046791216,YELLOW,orcid_org_not_unique,False,cached_ok,1993,https://openalex.org/W1993084860,fetched_ok,1993,https://openalex.org/W1993084860,cached_ok,63,2026-06-12
samuelgruetter,Samuel Gruetter,A5028002789,GREEN,orcid_agrees,True,cached_ok,2017,https://openalex.org/W4298154898,fetched_ok,2017,https://openalex.org/W4298154898,cached_ok,6,2026-06-12
sandeepdasgupta,Sandeep Dasgupta,A5016183413,YELLOW,no_openalex_orcid_to_compare,False,cached_ok,1987,https://openalex.org/W1573900469,fetched_ok,1987,https://openalex.org/W1573900469,cached_ok,3,2026-06-12
sandrineblazy,Sandrine Blazy,A5017440499,YELLOW,orcid_agrees,False,cached_ok,1992,https://openalex.org/W3206349229,fetched_ok,1992,https://openalex.org/W2921141576,cached_ok,18,2026-06-12
santiagozanellabeguelin,Santiago Zanella-Béguelin,A5088954009,GREEN,orcid_agrees,True,cached_ok,2006,https://openalex.org/W1489868610,fetched_ok,2006,https://openalex.org/W1489868610,cached_ok,26,2026-06-12
santoshnagarakatte,Santosh Nagarakatte,A5011881274,GREEN,orcid_agrees,True,cached_ok,1976,https://openalex.org/W2951141131,fetched_ok,2007,https://openalex.org/W2522423424,cached_ok,25,2026-06-12
santoshpande1,Santosh Pande,A5061235810,YELLOW,orcid_org_not_unique,True,cached_ok,1990,https://openalex.org/W38737138,fetched_ok,1990,https://openalex.org/W38737138,cached_ok,22,2026-06-12
saraachour,Sara Achour,A5060778165,YELLOW,orcid_org_not_unique,True,cached_ok,2014,https://openalex.org/W2134874624,fetched_ok,2014,https://openalex.org/W2134874624,cached_ok,8,2026-06-12
sarahnadi,Sarah Nadi,A5054083284,YELLOW,orcid_org_not_unique,True,cached_ok,2008,https://openalex.org/W2161197152,fetched_ok,2008,https://openalex.org/W2161197152,cached_ok,24,2026-06-12
sasamisailovic,Sasa Misailovic,A5057462458,GREEN,orcid_agrees,True,cached_ok,2007,https://openalex.org/W2095850105,fetched_ok,2007,https://openalex.org/W2095850105,cached_ok,30,2026-06-12
saswatpadhi,Saswat Padhi,A5091401512,YELLOW,orcid_agrees,False,cached_ok,2016,https://openalex.org/W2416392025,fetched_ok,2016,https://openalex.org/W2416392025,cached_ok,7,2026-06-12
satishnarayanasamy,Satish Narayanasamy,A5075649670,GREEN,orcid_agrees,True,cached_ok,2003,https://openalex.org/W2147191452,fetched_ok,2003,https://openalex.org/W2147191452,cached_ok,38,2026-06-12
saumyadebray,Saumya Debray,A5108542327,YELLOW,no_openalex_orcid_to_compare,False,cached_ok,1984,https://openalex.org/W80285323,fetched_ok,1984,https://openalex.org/W80285323,cached_ok,35,2026-06-12
sauravmuralidharan,Saurav Muralidharan,A5033185286,GREEN,orcid_agrees,True,cached_ok,2009,https://openalex.org/W2109103604,fetched_ok,2009,https://openalex.org/W2109103604,cached_ok,6,2026-06-12
scottowens,Scott Owens,A5049346665,YELLOW,orcid_org_not_unique,False,cached_ok,1987,https://openalex.org/W4240840431,fetched_ok,1990,https://openalex.org/W4234466657,cached_ok,28,2026-06-12
seanmoss,Sean Moss,A5033995077,YELLOW,orcid_org_not_unique,True,cached_ok,2017,https://openalex.org/W4300698199,fetched_ok,2017,https://openalex.org/W4300698199,cached_ok,5,2026-06-12
seantreichler,Sean Treichler,A5005774998,GREEN,orcid_agrees,True,cached_ok,2011,https://openalex.org/W1981793060,fetched_ok,2011,https://openalex.org/W1981793060,cached_ok,16,2026-06-12
sebastianburckhardt,Sebastian Burckhardt,A5045088961,YELLOW,no_openalex_orcid_to_compare,False,cached_ok,2005,https://openalex.org/W2136021272,fetched_ok,2005,https://openalex.org/W2136021272,cached_ok,30,2026-06-12
sebastianerdweg,Sebastian Erdweg,A5059992246,YELLOW,orcid_agrees,False,cached_ok,2011,https://openalex.org/W1495324919,fetched_ok,2011,https://openalex.org/W1495324919,cached_ok,21,2026-06-12
sebastianhack,Sebastian Hack,A5018809145,YELLOW,orcid_agrees,False,cached_ok,2005,https://openalex.org/W2158120297,fetched_ok,2005,https://openalex.org/W2158120297,cached_ok,22,2026-06-12
senchen,Sen Chen,A5100658276,YELLOW,orcid_org_not_unique,False,cached_ok,2004,https://openalex.org/W2387572198,fetched_ok,2005,https://openalex.org/W2349389983,cached_ok,31,2026-06-12
shacharitzhaky,Shachar Itzhaky,A5010920313,YELLOW,orcid_org_not_unique,True,cached_ok,2010,https://openalex.org/W2108784678,fetched_ok,2010,https://openalex.org/W2108784678,cached_ok,15,2026-06-12
shanlu,Shan Lu,A5061448314,YELLOW,orcid_org_not_unique,True,cached_ok,2004,https://openalex.org/W1567790484,fetched_ok,2004,https://openalex.org/W1567790484,cached_ok,45,2026-06-12
shanemcintosh,Shane McIntosh,A5043053174,YELLOW,orcid_org_not_unique,True,cached_ok,1911,https://openalex.org/W4390003620,fetched_ok,2002,https://openalex.org/W2131093341,cached_ok,38,2026-06-12
sharadmalik,Sharad Malik,A5085975362,YELLOW,orcid_agrees,False,cached_ok,1987,https://openalex.org/W2954807807,fetched_ok,1987,https://openalex.org/W2954807807,cached_ok,66,2026-06-12
shazqadeer,Shaz Qadeer,A5072464909,YELLOW,no_openalex_orcid_to_compare,False,cached_ok,1996,https://openalex.org/W4251184992,fetched_ok,1996,https://openalex.org/W4251184992,cached_ok,50,2026-06-12
shigeruchiba,Shigeru Chiba,A5026542200,YELLOW,orcid_org_not_unique,True,cached_ok,1991,https://openalex.org/W3009799653,fetched_ok,1991,https://openalex.org/W1440064918,cached_ok,25,2026-06-12
shinchengmu,Shin-Cheng Mu,A5002724938,GREEN,orcid_agrees,True,cached_ok,1999,https://openalex.org/W1726062507,fetched_ok,1999,https://openalex.org/W1726062507,cached_ok,11,2026-06-12
shinyakatsumata,Shin-ya Katsumata,A5041431787,GREEN,orcid_agrees,True,cached_ok,2001,https://openalex.org/W1517583815,fetched_ok,2001,https://openalex.org/W1517583815,cached_ok,15,2026-06-12
shoaibkamil,Shoaib Kamil,A5039453861,YELLOW,orcid_org_not_unique,False,cached_ok,2002,https://openalex.org/W4256588782,fetched_ok,2002,https://openalex.org/W4256588782,cached_ok,31,2026-06-12
shriramkrishnamurthi,Shriram Krishnamurthi,A5024394821,YELLOW,orcid_agrees,False,cached_ok,1994,https://openalex.org/W2032134838,fetched_ok,1994,https://openalex.org/W2032134838,cached_ok,51,2026-06-12
shumochu,Shumo Chu,A5102141433,YELLOW,no_openalex_orcid_to_compare,False,cached_ok,2002,https://openalex.org/W1885820415,fetched_ok,2002,https://openalex.org/W1885820415,cached_ok,15,2026-06-12
shuvendulahiri,Shuvendu K. Lahiri,A5041084431,YELLOW,orcid_org_not_unique,False,cached_ok,1999,https://openalex.org/W1973492137,fetched_ok,1999,https://openalex.org/W1973492137,cached_ok,37,2026-06-12
simonjgay,Simon J. Gay,A5069757996,YELLOW,orcid_org_not_unique,False,cached_ok,1993,https://openalex.org/W2496828713,fetched_ok,1993,https://openalex.org/W2496828713,cached_ok,26,2026-06-12
someshjha,Somesh Jha,A5088826068,YELLOW,orcid_org_not_unique,True,cached_ok,1984,https://openalex.org/W2050208143,fetched_ok,1989,https://openalex.org/W4210765948,cached_ok,70,2026-06-12
soniamarin,Sonia Marin,A5002636759,YELLOW,orcid_org_not_unique,True,cached_ok,1995,https://openalex.org/W2009515254,fetched_ok,2003,https://openalex.org/W2105575604,cached_ok,65,2026-06-12
sooyoungcha1,Sooyoung Cha,A5054815114,YELLOW,orcid_org_not_unique,True,cached_ok,2015,https://openalex.org/W2395754248,fetched_ok,2015,https://openalex.org/W2395754248,cached_ok,8,2026-06-12
sophiadrossopoulou,Sophia Drossopoulou,A5026471462,YELLOW,orcid_agrees,False,cached_ok,1980,https://openalex.org/W2020940935,fetched_ok,1980,https://openalex.org/W2020940935,cached_ok,30,2026-06-12
soravbansal1,Sorav Bansal,A5101727565,GREEN,orcid_agrees,True,cached_ok,2000,https://openalex.org/W2586729191,fetched_ok,2000,https://openalex.org/W2586729191,cached_ok,16,2026-06-12
sorinlerner,Sorin Lerner,A5043665959,GREEN,orcid_agrees,True,cached_ok,1972,https://openalex.org/W52074196,fetched_ok,2001,https://openalex.org/W3017695291,cached_ok,31,2026-06-12
sotirisapostolakis,Sotiris Apostolakis,A5042788966,GREEN,orcid_agrees,True,cached_ok,2016,https://openalex.org/W2510454942,fetched_ok,2016,https://openalex.org/W2510454942,cached_ok,5,2026-06-12
sreepathipai,Sreepathi Pai,A5006053754,GREEN,orcid_agrees,True,cached_ok,1972,https://openalex.org/W3097239287,fetched_ok,1972,https://openalex.org/W3097239287,cached_ok,16,2026-06-12
stefanbrunthaler,Stefan Brunthaler,A5058365944,GREEN,orcid_agrees,True,cached_ok,2006,https://openalex.org/W5842125,fetched_ok,2006,https://openalex.org/W5842125,cached_ok,18,2026-06-12
stefankmuller,Stefan K. Muller,A5009393339,GREEN,orcid_agrees,True,cached_ok,2012,https://openalex.org/W2181943735,fetched_ok,2012,https://openalex.org/W2181943735,cached_ok,5,2026-06-12
stefanmarr,Stefan Marr,A5015543736,GREEN,orcid_agrees,True,cached_ok,2000,https://openalex.org/W1966779114,fetched_ok,2006,https://openalex.org/W155641633,cached_ok,13,2026-06-12
stefanmonnier,Stefan Monnier,A5049966337,GREEN,orcid_agrees,True,cached_ok,1997,https://openalex.org/W1965427507,fetched_ok,1997,https://openalex.org/W1965427507,cached_ok,10,2026-06-12
stephaniebalzer,Stephanie Balzer,A5083850156,GREEN,orcid_agrees,True,cached_ok,2005,https://openalex.org/W2188686136,fetched_ok,2005,https://openalex.org/W2188686136,cached_ok,11,2026-06-12
stephanieweirich,Stephanie Weirich,A5049220962,YELLOW,orcid_agrees,False,cached_ok,1996,https://openalex.org/W136527485,fetched_ok,1996,https://openalex.org/W136527485,cached_ok,33,2026-06-12
stephenchang,Stephen Chang,A5044510881,YELLOW,orcid_org_not_unique,False,cached_ok,1988,https://openalex.org/W4237272328,fetched_ok,1988,https://openalex.org/W4237272328,cached_ok,7,2026-06-12
stephenchong,Stephen Chong,A5046383149,YELLOW,orcid_org_not_unique,False,cached_ok,2003,https://openalex.org/W4238420531,fetched_ok,2003,https://openalex.org/W4238420531,cached_ok,27,2026-06-12
stephendolan,Stephen Dolan,A5093657661,YELLOW,orcid_org_not_unique,False,cached_ok,2023,https://openalex.org/W4388685546,fetched_ok,2023,https://openalex.org/W4388685546,cached_ok,3,2026-06-12
stephenkell,Stephen Kell,A5006974433,GREEN,orcid_agrees,True,cached_ok,2005,https://openalex.org/W12684215,fetched_ok,2005,https://openalex.org/W12684215,cached_ok,11,2026-06-12
stephenfreund,Stephen N. Freund,A5110858761,YELLOW,orcid_org_not_unique,True,cached_ok,1996,https://openalex.org/W4214626771,fetched_ok,1996,https://openalex.org/W4214626771,cached_ok,28,2026-06-12
stevezdancewic,Steve Zdancewic,A5041830534,YELLOW,orcid_agrees,False,cached_ok,1999,https://openalex.org/W127506714,fetched_ok,1999,https://openalex.org/W127506714,cached_ok,46,2026-06-12
stevenholtzen,Steven Holtzen,A5066166509,GREEN,orcid_agrees,True,cached_ok,2015,https://openalex.org/W2902955360,fetched_ok,2015,https://openalex.org/W2902955360,cached_ok,7,2026-06-12
stevenramsay,Steven Ramsay,A5035196790,GREEN,orcid_agrees,True,cached_ok,1989,https://openalex.org/W1987395308,fetched_ok,2010,https://openalex.org/W993607903,cached_ok,11,2026-06-12
sugumanbansal1,Suguman Bansal,A5063106552,GREEN,orcid_agrees,True,cached_ok,2015,https://openalex.org/W2549236527,fetched_ok,2015,https://openalex.org/W2549236527,cached_ok,8,2026-06-12
sukyoungryu,Sukyoung Ryu,A5087492388,YELLOW,orcid_org_not_unique,True,cached_ok,1996,https://openalex.org/W2790023080,fetched_ok,1996,https://openalex.org/W2790023080,cached_ok,21,2026-06-12
sureshjagannathan,Suresh Jagannathan,A5034957233,YELLOW,orcid_agrees,False,cached_ok,1984,https://openalex.org/W2041587496,fetched_ok,1987,https://openalex.org/W1997532030,cached_ok,36,2026-06-12
susmitjha1,Susmit Jha,A5035902535,GREEN,orcid_agrees,True,cached_ok,2006,https://openalex.org/W2171824781,fetched_ok,2006,https://openalex.org/W2171824781,cached_ok,24,2026-06-12
susmitsarkar,Susmit Sarkar,A5073254249,GREEN,orcid_agrees,True,cached_ok,2003,https://openalex.org/W1511303081,fetched_ok,2003,https://openalex.org/W1511303081,cached_ok,27,2026-06-12
swaratchaudhuri,Swarat Chaudhuri,A5057341982,YELLOW,orcid_org_not_unique,True,cached_ok,2003,https://openalex.org/W2097437469,fetched_ok,2003,https://openalex.org/W2097437469,cached_ok,33,2026-06-12
swarnendubiswas,Swarnendu Biswas,A5089244894,YELLOW,orcid_org_not_unique,True,cached_ok,2006,https://openalex.org/W2152422509,fetched_ok,2009,https://openalex.org/W2005378936,cached_ok,12,2026-06-12
sylvanclebsch,Sylvan Clebsch,A5059345262,GREEN,orcid_agrees,True,cached_ok,2013,https://openalex.org/W2141577348,fetched_ok,2013,https://openalex.org/W2141577348,cached_ok,11,2026-06-12
sylvieputot,Sylvie Putot,A5042626840,YELLOW,orcid_agrees,False,cached_ok,2001,https://openalex.org/W393839936,fetched_ok,2002,https://openalex.org/W1531068736,cached_ok,22,2026-06-12
sebastienbardin,Sébastien Bardin,A5018746962,GREEN,orcid_agrees,True,cached_ok,2003,https://openalex.org/W1997268799,fetched_ok,2003,https://openalex.org/W1997268799,cached_ok,23,2026-06-12
tachioterauchi,Tachio Terauchi,A5031661604,YELLOW,orcid_agrees,False,cached_ok,1999,https://openalex.org/W2787026453,fetched_ok,1999,https://openalex.org/W2787026453,cached_ok,20,2026-06-12
tahinaramananandro,Tahina Ramananandro,A5083160984,GREEN,orcid_agrees,True,cached_ok,2007,https://openalex.org/W2999340199,fetched_ok,2007,https://openalex.org/W2999340199,cached_ok,17,2026-06-12
takeshitsukada,Takeshi Tsukada,A5090766554,GREEN,orcid_agrees,True,cached_ok,1964,https://openalex.org/W2415359608,fetched_ok,1988,https://openalex.org/W425340625,cached_ok,19,2026-06-12
taliaringer,Talia Ringer,A5078343798,YELLOW,orcid_agrees,False,cached_ok,2016,https://openalex.org/W2533895917,fetched_ok,2016,https://openalex.org/W2533895917,cached_ok,9,2026-06-12
tamararezk,Tamara Rezk,A5087729716,GREEN,orcid_agrees,True,cached_ok,2001,https://openalex.org/W346124913,fetched_ok,2002,https://openalex.org/W2202777290,cached_ok,23,2026-06-12
tamasszabo1,Tamás Szabó,A5010111965,YELLOW,orcid_org_not_unique,True,cached_ok,1979,https://openalex.org/W2077603064,fetched_ok,1998,https://openalex.org/W2501151261,cached_ok,15,2026-06-12
tarosekiyama,Taro Sekiyama,A5018002187,GREEN,orcid_agrees,True,cached_ok,2010,https://openalex.org/W2567639264,fetched_ok,2010,https://openalex.org/W2567639264,cached_ok,10,2026-06-12
tatianashpeisman,Tatiana Shpeisman,A5076969648,GREEN,orcid_agrees,True,cached_ok,1995,https://openalex.org/W1491410022,fetched_ok,1995,https://openalex.org/W1491410022,cached_ok,26,2026-06-12
tejchajed,Tej Chajed,A5010436566,GREEN,orcid_agrees,True,cached_ok,2013,https://openalex.org/W2561528914,fetched_ok,2013,https://openalex.org/W2561528914,cached_ok,11,2026-06-12
thanhvunguyen,ThanhVu Nguyen,A5069411288,YELLOW,orcid_agrees,False,cached_ok,1989,https://openalex.org/W1997296270,fetched_ok,1989,https://openalex.org/W1997296270,cached_ok,18,2026-06-12
thodorissotiropoulos,Thodoris Sotiropoulos,A5090354733,YELLOW,orcid_agrees,False,cached_ok,2019,https://openalex.org/W2910217074,fetched_ok,2019,https://openalex.org/W2910217074,cached_ok,7,2026-06-12
thomasball,Thomas Ball,A5114248503,YELLOW,orcid_org_not_unique,False,cached_ok,1968,https://openalex.org/W2341148032,fetched_ok,1990,https://openalex.org/W1529878801,cached_ok,55,2026-06-12
thomasbourgeat2,Thomas Bourgeat,A5031573662,YELLOW,orcid_org_not_unique,True,cached_ok,2014,https://openalex.org/W2949258097,fetched_ok,2014,https://openalex.org/W2949258097,cached_ok,13,2026-06-12
thomaskoehler,Thomas Koehler,A5101638400,YELLOW,orcid_org_not_unique,True,cached_ok,1972,https://openalex.org/W3212036003,fetched_ok,1972,https://openalex.org/W3212036003,cached_ok,7,2026-06-12
thomasreps,Thomas Reps,A5066155126,YELLOW,orcid_agrees,False,cached_ok,1981,https://openalex.org/W2029863076,fetched_ok,1981,https://openalex.org/W2029863076,cached_ok,71,2026-06-12
thomasshull,Thomas Shull,A5090891852,YELLOW,orcid_org_not_unique,False,cached_ok,2014,https://openalex.org/W2057510141,fetched_ok,2014,https://openalex.org/W2057510141,cached_ok,8,2026-06-12
thomaswahl,Thomas Wahl,A5002008766,YELLOW,orcid_org_not_unique,True,cached_ok,1969,https://openalex.org/W3159622286,fetched_ok,1970,https://openalex.org/W3161569412,cached_ok,58,2026-06-12
thomaswies,Thomas Wies,A5003819403,GREEN,orcid_agrees,True,cached_ok,2005,https://openalex.org/W2915057152,fetched_ok,2005,https://openalex.org/W2915057152,cached_ok,23,2026-06-12
thorstenaltenkirch,Thorsten Altenkirch,A5056420469,YELLOW,orcid_org_not_unique,True,cached_ok,1993,https://openalex.org/W54625895,fetched_ok,1993,https://openalex.org/W54625895,cached_ok,29,2026-06-12
theowinterhalter,Théo Winterhalter,A5066566147,GREEN,orcid_agrees,True,cached_ok,2015,https://openalex.org/W3194080018,fetched_ok,2015,https://openalex.org/W3194080018,cached_ok,9,2026-06-12
tiagocogumbreiro,Tiago Cogumbreiro,A5080492532,GREEN,orcid_agrees,True,cached_ok,2008,https://openalex.org/W1493571569,fetched_ok,2008,https://openalex.org/W1493571569,cached_ok,7,2026-06-12
tiarkrompf,Tiark Rompf,A5003153354,GREEN,orcid_agrees,True,cached_ok,2009,https://openalex.org/W2119406811,fetched_ok,2009,https://openalex.org/W2119406811,cached_ok,32,2026-06-12
timharris,Tim Harris,A5018504427,YELLOW,orcid_org_not_unique,True,cached_ok,1839,https://openalex.org/W4390067682,fetched_ok,1986,https://openalex.org/W1995831384,cached_ok,55,2026-06-12
timongehr,Timon Gehr,A5045044745,YELLOW,orcid_agrees,False,cached_ok,2015,https://openalex.org/W1268528572,fetched_ok,2015,https://openalex.org/W1268528572,cached_ok,15,2026-06-12
tobiasgrosser,Tobias Grosser,A5055618037,YELLOW,orcid_agrees,False,cached_ok,2009,https://openalex.org/W2546688558,fetched_ok,2009,https://openalex.org/W2546688558,cached_ok,22,2026-06-12
tobiaswrigstad,Tobias Wrigstad,A5053132997,YELLOW,orcid_agrees,False,cached_ok,2002,https://openalex.org/W1548454511,fetched_ok,2002,https://openalex.org/W1548454511,cached_ok,19,2026-06-12
tobymurray,Toby Murray,A5043210393,YELLOW,orcid_org_not_unique,True,cached_ok,2007,https://openalex.org/W1743073767,fetched_ok,2007,https://openalex.org/W1743073767,cached_ok,19,2026-06-12
toddmillstein,Todd Millstein,A5014067492,YELLOW,orcid_agrees,False,cached_ok,1997,https://openalex.org/W1569757069,fetched_ok,1997,https://openalex.org/W1569757069,cached_ok,44,2026-06-12
toddmytkowicz,Todd Mytkowicz,A5013212213,YELLOW,no_openalex_orcid_to_compare,False,cached_ok,2005,https://openalex.org/W2111037996,fetched_ok,2005,https://openalex.org/W2111037996,cached_ok,24,2026-06-12
tomvancutsem,Tom Van Cutsem,A5083977662,YELLOW,orcid_org_not_unique,True,cached_ok,2004,https://openalex.org/W3129281550,fetched_ok,2004,https://openalex.org/W3129281550,cached_ok,16,2026-06-12
tomofumiyuki,Tomofumi Yuki,A5001146686,GREEN,orcid_agrees,True,cached_ok,2007,https://openalex.org/W2977609639,fetched_ok,2007,https://openalex.org/W2977609639,cached_ok,10,2026-06-12
tomokinakamaru,Tomoki Nakamaru,A5083973204,GREEN,orcid_agrees,True,cached_ok,2016,https://openalex.org/W2517118915,fetched_ok,2016,https://openalex.org/W2517118915,cached_ok,5,2026-06-12
tongpingliu1,Tongping Liu,A5038870570,YELLOW,orcid_org_not_unique,False,cached_ok,2008,https://openalex.org/W1555299929,fetched_ok,2008,https://openalex.org/W1555299929,cached_ok,14,2026-06-12
tylersorensen,Tyler Sorensen,A5052590511,YELLOW,orcid_org_not_unique,False,cached_ok,1994,https://openalex.org/W2505248219,fetched_ok,1994,https://openalex.org/W2505248219,cached_ok,11,2026-06-12
udaybondhugula,Uday Bondhugula,A5025342111,GREEN,orcid_agrees,True,cached_ok,2005,https://openalex.org/W2111580991,fetched_ok,2005,https://openalex.org/W2111580991,cached_ok,29,2026-06-12
ugodallago,Ugo Dal Lago,A5084450516,YELLOW,orcid_org_not_unique,False,cached_ok,1998,https://openalex.org/W2972386794,fetched_ok,2001,https://openalex.org/W2111695282,cached_ok,26,2026-06-12
ulfnorell,Ulf Norell,A5017689034,YELLOW,no_openalex_orcid_to_compare,False,cached_ok,2003,https://openalex.org/W2516023812,fetched_ok,2003,https://openalex.org/W2516023812,cached_ok,12,2026-06-12
umangmathur,Umang Mathur,A5016958234,YELLOW,orcid_org_not_unique,False,cached_ok,1969,https://openalex.org/W2104982855,fetched_ok,1981,https://openalex.org/W2464346223,cached_ok,21,2026-06-12
umutacar,Umut A. Acar,A5015051107,YELLOW,orcid_agrees,False,cached_ok,2000,https://openalex.org/W1968020161,fetched_ok,2000,https://openalex.org/W1968020161,cached_ok,30,2026-06-12
vkrishnanandivada,V Krishna Nandivada,A5022804082,GREEN,orcid_agrees,True,cached_ok,2003,https://openalex.org/W4253563554,fetched_ok,2003,https://openalex.org/W4253563554,cached_ok,11,2026-06-12
vascotvasconcelos,Vasco T. Vasconcelos,A5016342119,YELLOW,orcid_agrees,False,cached_ok,1992,https://openalex.org/W1500698072,fetched_ok,1992,https://openalex.org/W1500698072,cached_ok,28,2026-06-12
veselinraychev,Veselin Raychev,A5051227985,YELLOW,orcid_org_not_unique,False,cached_ok,2010,https://openalex.org/W1489358540,fetched_ok,2010,https://openalex.org/W1489358540,cached_ok,24,2026-06-12
vijayganesh,Vijay Ganesh,A5052292970,YELLOW,orcid_org_not_unique,False,cached_ok,1997,https://openalex.org/W2522629331,fetched_ok,1999,https://openalex.org/W2010074783,cached_ok,44,2026-06-12
vijaynagarajan,Vijay Nagarajan,A5056071760,YELLOW,orcid_org_not_unique,True,cached_ok,1991,https://openalex.org/W2113857227,fetched_ok,1991,https://openalex.org/W2113857227,cached_ok,23,2026-06-12
vijayaraghavanmurali,Vijayaraghavan Murali,A5051545971,GREEN,orcid_agrees,True,cached_ok,1983,https://openalex.org/W2094904004,fetched_ok,1983,https://openalex.org/W2094904004,cached_ok,13,2026-06-12
vikashmansinghka,Vikash K. Mansinghka,A5068340465,YELLOW,orcid_org_not_unique,False,cached_ok,2005,https://openalex.org/W2125781450,fetched_ok,2005,https://openalex.org/W2125781450,cached_ok,22,2026-06-12
viktorkuncak,Viktor Kunčak,A5008699657,YELLOW,orcid_agrees,False,cached_ok,1993,https://openalex.org/W1499146275,fetched_ok,1993,https://openalex.org/W1499146275,cached_ok,36,2026-06-12
viktorvafeiadis,Viktor Vafeiadis,A5023359178,YELLOW,orcid_agrees,False,cached_ok,2005,https://openalex.org/W2124753887,fetched_ok,2005,https://openalex.org/W2124753887,cached_ok,41,2026-06-12
vineethkashyap,Vineeth Kashyap,A5103145520,GREEN,orcid_agrees,True,cached_ok,2011,https://openalex.org/W2106573617,fetched_ok,2011,https://openalex.org/W2106573617,cached_ok,10,2026-06-12
vinodgrover,Vinod Grover,A5077691647,YELLOW,no_openalex_orcid_to_compare,False,cached_ok,1985,https://openalex.org/W291780481,fetched_ok,1985,https://openalex.org/W291780481,cached_ok,17,2026-06-12
viveksarkar,Vivek Sarkar,A5043513001,YELLOW,orcid_org_not_unique,True,cached_ok,1984,https://openalex.org/W164226845,fetched_ok,1984,https://openalex.org/W164226845,cached_ok,55,2026-06-12
vivianabono,Viviana Bono,A5075230989,GREEN,orcid_agrees,True,cached_ok,1995,https://openalex.org/W2143479391,fetched_ok,1995,https://openalex.org/W2143479391,cached_ok,18,2026-06-12
vladimirzamdzhiev,Vladimir Zamdzhiev,A5047314189,YELLOW,orcid_agrees,False,cached_ok,2012,https://openalex.org/W2188262947,fetched_ok,2012,https://openalex.org/W2188262947,cached_ok,6,2026-06-12
walterbinder,Walter Binder,A5074152163,YELLOW,orcid_org_not_unique,True,cached_ok,1987,https://openalex.org/W575221578,fetched_ok,2001,https://openalex.org/W194663307,cached_ok,30,2026-06-12
weile,Wei Le,A5074426991,YELLOW,orcid_org_not_unique,True,cached_ok,2005,https://openalex.org/W2110836109,fetched_ok,2005,https://openalex.org/W2110836109,cached_ok,17,2026-06-12
weihangwang,Weihang Wang,A5072088517,YELLOW,orcid_org_not_unique,True,cached_ok,2009,https://openalex.org/W2140998644,fetched_ok,2009,https://openalex.org/W2140998644,cached_ok,18,2026-06-12
wernerdietl,Werner Dietl,A5073449487,YELLOW,orcid_agrees,False,cached_ok,2001,https://openalex.org/W2585406841,fetched_ok,2001,https://openalex.org/W2585406841,cached_ok,17,2026-06-12
willcrichton,Will Crichton,A5043562884,GREEN,orcid_agrees,True,cached_ok,1941,https://openalex.org/W3025644814,fetched_ok,1950,https://openalex.org/W2032233535,cached_ok,7,2026-06-12
willemvisser,Willem Visser,A5088454541,YELLOW,orcid_org_not_unique,True,cached_ok,1990,https://openalex.org/W1541525519,fetched_ok,1996,https://openalex.org/W2572515293,cached_ok,45,2026-06-12
williamebyrd,William E. Byrd,A5005980154,YELLOW,orcid_org_not_unique,True,cached_ok,1923,https://openalex.org/W2795409506,fetched_ok,1923,https://openalex.org/W2795409506,cached_ok,34,2026-06-12
williamjbowman,William J. Bowman,A5049942420,YELLOW,orcid_agrees,False,cached_ok,1973,https://openalex.org/W2237186873,fetched_ok,1973,https://openalex.org/W2237186873,cached_ok,8,2026-06-12
williammansky,William Mansky,A5013427753,GREEN,orcid_agrees,True,cached_ok,2010,https://openalex.org/W2099017529,fetched_ok,2010,https://openalex.org/W2099017529,cached_ok,10,2026-06-12
willowahrens,Willow Ahrens,A5060063626,YELLOW,orcid_agrees,False,cached_ok,2015,https://openalex.org/W2556862623,fetched_ok,2015,https://openalex.org/W2556862623,cached_ok,6,2026-06-12
wolfgangdemeuter,Wolfgang De Meuter,A5090657641,GREEN,orcid_agrees,True,cached_ok,1970,https://openalex.org/W157125673,fetched_ok,1970,https://openalex.org/W157125673,cached_ok,25,2026-06-12
woosuklee,Woosuk Lee,A5076120088,YELLOW,orcid_org_not_unique,True,cached_ok,1981,https://openalex.org/W4233294962,fetched_ok,2005,https://openalex.org/W1559615508,cached_ok,16,2026-06-12
wouterswierstra,Wouter Swierstra,A5019085361,GREEN,orcid_agrees,True,cached_ok,2007,https://openalex.org/W2189323991,fetched_ok,2007,https://openalex.org/W2189323991,cached_ok,12,2026-06-12
xavierleroy,Xavier Leroy,A5058330133,YELLOW,orcid_org_not_unique,False,cached_ok,1981,https://openalex.org/W2437454489,fetched_ok,1985,https://openalex.org/W1989867767,cached_ok,65,2026-06-12
xavierrival,Xavier Rival,A5037983866,GREEN,orcid_agrees,True,cached_ok,2001,https://openalex.org/W1575717859,fetched_ok,2001,https://openalex.org/W1575717859,cached_ok,26,2026-06-12
xiaodiwu,Xiaodi Wu,A5044901410,YELLOW,orcid_org_not_unique,False,cached_ok,2007,https://openalex.org/W2949491834,fetched_ok,2008,https://openalex.org/W2123018512,cached_ok,21,2026-06-12
xiaokangqiu,Xiaokang Qiu,A5041566154,YELLOW,orcid_org_not_unique,True,cached_ok,2006,https://openalex.org/W85584459,fetched_ok,2006,https://openalex.org/W85584459,cached_ok,20,2026-06-12
xiaoningdu,Xiaoning Du,A5102717874,YELLOW,orcid_org_not_unique,True,cached_ok,1999,https://openalex.org/W2731592620,fetched_ok,1999,https://openalex.org/W2731592620,cached_ok,15,2026-06-12
xipengshen,Xipeng Shen,A5100624451,YELLOW,orcid_org_not_unique,True,cached_ok,2001,https://openalex.org/W1808804861,fetched_ok,2001,https://openalex.org/W1808804861,cached_ok,36,2026-06-12
xujiesi,Xujie Si,A5059074509,GREEN,orcid_agrees,True,cached_ok,2014,https://openalex.org/W2038173986,fetched_ok,2014,https://openalex.org/W2038173986,cached_ok,12,2026-06-12
xulongtang,Xulong Tang,A5087859795,YELLOW,orcid_org_not_unique,True,cached_ok,2011,https://openalex.org/W2389058937,fetched_ok,2011,https://openalex.org/W2389058937,cached_ok,18,2026-06-12
yahuisong1,Yahui Song,A5055216402,YELLOW,orcid_org_not_unique,True,cached_ok,2020,https://openalex.org/W3117726060,fetched_ok,2020,https://openalex.org/W3117726060,cached_ok,4,2026-06-12
yakirvizel,Yakir Vizel,A5024975162,GREEN,orcid_agrees,True,cached_ok,2007,https://openalex.org/W2154822190,fetched_ok,2007,https://openalex.org/W2154822190,cached_ok,14,2026-06-12
yanivdavid,Yaniv David,A5023589581,YELLOW,no_openalex_orcid_to_compare,False,cached_ok,2014,https://openalex.org/W2112725702,fetched_ok,2014,https://openalex.org/W2112725702,cached_ok,11,2026-06-12
yanjuchen,Yanju Chen,A5101573237,YELLOW,orcid_org_not_unique,True,cached_ok,2011,https://openalex.org/W2376163256,fetched_ok,2011,https://openalex.org/W2376163256,cached_ok,10,2026-06-12
yannherklotz,Yann Herklotz,A5085695502,GREEN,orcid_agrees,True,cached_ok,2019,https://openalex.org/W4393675886,fetched_ok,2019,https://openalex.org/W4393675886,cached_ok,3,2026-06-12
yannregisgianas,Yann Régis-Gianas,A5007052309,GREEN,orcid_agrees,True,cached_ok,2003,https://openalex.org/W2911306735,fetched_ok,2003,https://openalex.org/W2911306735,cached_ok,12,2026-06-12
yannickforster,Yannick Forster,A5080496189,YELLOW,orcid_org_not_unique,True,cached_ok,2016,https://openalex.org/W4298298520,fetched_ok,2016,https://openalex.org/W4298298520,cached_ok,12,2026-06-12
yannickzakowski1,Yannick Zakowski,A5041784780,YELLOW,orcid_agrees,False,cached_ok,2013,https://openalex.org/W1573026360,fetched_ok,2013,https://openalex.org/W1573026360,cached_ok,6,2026-06-12
yannissmaragdakis,Yannis Smaragdakis,A5043949214,YELLOW,orcid_agrees,False,cached_ok,1996,https://openalex.org/W2103777476,fetched_ok,1996,https://openalex.org/W2103777476,cached_ok,45,2026-06-12
yaoli,Yao Li,A5100411211,YELLOW,orcid_org_not_unique,True,cached_ok,1986,https://openalex.org/W4256465912,fetched_ok,1986,https://openalex.org/W4256465912,cached_ok,12,2026-06-12
yatinmanerkar,Yatin Manerkar,A5027050350,GREEN,orcid_agrees,True,cached_ok,2015,https://openalex.org/W2234646418,fetched_ok,2015,https://openalex.org/W2234646418,cached_ok,8,2026-06-12
yingfeixiong,Yingfei Xiong,A5100712724,YELLOW,orcid_org_not_unique,False,cached_ok,2006,https://openalex.org/W3158787061,fetched_ok,2006,https://openalex.org/W3158787061,cached_ok,43,2026-06-12
yizhouzhang,Yizhou Zhang,A5100643391,YELLOW,orcid_org_not_unique,True,cached_ok,2008,https://openalex.org/W2389171744,fetched_ok,2008,https://openalex.org/W2389171744,cached_ok,11,2026-06-12
youyoucong,Youyou Cong,A5079543555,GREEN,orcid_agrees,True,cached_ok,2017,https://openalex.org/W2779172326,fetched_ok,2017,https://openalex.org/W2779172326,cached_ok,6,2026-06-12
yudavidliu,Yu David Liu,A5068471814,GREEN,orcid_agrees,True,cached_ok,2004,https://openalex.org/W105552912,fetched_ok,2004,https://openalex.org/W105552912,cached_ok,19,2026-06-12
yufeiding,Yufei Ding,A5048052285,YELLOW,orcid_org_not_unique,True,cached_ok,2013,https://openalex.org/W2146812954,fetched_ok,2013,https://openalex.org/W2146812954,cached_ok,29,2026-06-12
yukiyoshikameyama,Yukiyoshi Kameyama,A5052312242,GREEN,orcid_agrees,True,cached_ok,1961,https://openalex.org/W2401816360,fetched_ok,1993,https://openalex.org/W2177976505,cached_ok,15,2026-06-12
yuleisui,Yulei Sui,A5053058502,YELLOW,orcid_org_not_unique,False,cached_ok,2009,https://openalex.org/W2365533886,fetched_ok,2009,https://openalex.org/W2365533886,cached_ok,32,2026-06-12
yunhuizheng,Yunhui Zheng,A5039824895,YELLOW,orcid_org_not_unique,True,cached_ok,1992,https://openalex.org/W1756593860,fetched_ok,1992,https://openalex.org/W1756593860,cached_ok,24,2026-06-12
zacharykincaid,Zachary Kincaid,A5041698482,YELLOW,orcid_org_not_unique,True,cached_ok,2008,https://openalex.org/W1884273887,fetched_ok,2008,https://openalex.org/W1884273887,cached_ok,20,2026-06-12
zacharytatlock,Zachary Tatlock,A5042187082,YELLOW,orcid_agrees,False,cached_ok,2008,https://openalex.org/W2163551975,fetched_ok,2008,https://openalex.org/W2163551975,cached_ok,27,2026-06-12
zenaariola,Zena M. Ariola,A5064696313,GREEN,orcid_agrees,True,cached_ok,1989,https://openalex.org/W2079034794,fetched_ok,1989,https://openalex.org/W2079034794,cached_ok,20,2026-06-12
zhongshao,Zhong Shao,A5070627140,YELLOW,orcid_org_not_unique,False,cached_ok,1992,https://openalex.org/W1966975259,fetched_ok,1992,https://openalex.org/W1966975259,cached_ok,39,2026-06-12
zhoulaifu,Zhoulai Fu,A5089294104,GREEN,orcid_agrees,True,cached_ok,2013,https://openalex.org/W333258116,fetched_ok,2013,https://openalex.org/W333258116,cached_ok,9,2026-06-12
zoeparaskevopoulou,Zoe Paraskevopoulou,A5011183925,GREEN,orcid_agrees,True,cached_ok,2013,https://openalex.org/W2635437981,fetched_ok,2013,https://openalex.org/W2635437981,cached_ok,10,2026-06-12
zvonimirrakamaric,Zvonimir Rakamaric,A5021217615,GREEN,orcid_agrees,True,cached_ok,2002,https://openalex.org/W2887908591,fetched_ok,2002,https://openalex.org/W2887908591,cached_ok,26,2026-06-12
etanter,Éric Tanter,A5074606459,YELLOW,orcid_agrees,False,cached_ok,2001,https://openalex.org/W1531578956,fetched_ok,2001,https://openalex.org/W1531578956,cached_ok,30,2026-06-12
