plot_order,cell_id,researcher_id,name,selected_conference,plot_conference,pc_year,selected_event_label,event_time,year,source_group,source_conference,is_related_source_conference,served_on_source_pc_this_year,citation_count,total_citations,source_share_pct,citing_work_id,citing_title,citing_authors,citing_doi,referenced_work_id,cited_work_title,cited_work_doi,ref_author_name,ref_author_id,ref_orcid,cited_publication_year,cited_work_age_years,citation_key_type,citation_key_value,author_position,is_self_citation,has_citing_author_on_cited_work,citing_author_overlap_ids,citing_author_overlap_names,matched_reference_author_rows,edge_counted_in_panel
1,0,clementpitclaudel,Clément Pit-Claudel,PLDI,PLDI,2024,PLDI 2024,-2,2022,ICFP,ICFP,False,0,1.0,17.0,5.88235294117647,W4293813326,‘do’ unchained: embracing local imperativity in a purely functional language (functional pearl),Sebastian Ullrich; Leonardo de Moura,https://doi.org/10.1145/3547640,W3106543884,,,Clément Pit-Claudel,A5018186543,0000-0002-1900-3901,2020.0,2.0,openalex_author_id,A5018186543,first,False,False,,,1.0,1
1,2,clementpitclaudel,Clément Pit-Claudel,PLDI,PLDI,2024,PLDI 2024,-2,2022,OOPSLA,OOPSLA2,False,0,3.0,17.0,17.647058823529413,W4307884541,Specification-guided component-based synthesis from effectful libraries,Ashish Mishra; Suresh Jagannathan,https://doi.org/10.1145/3563310,W1976978933,,,Clément Pit-Claudel,A5018186543,0000-0002-1900-3901,2014.0,8.0,openalex_author_id,A5018186543,middle,False,False,,,1.0,1
1,2,clementpitclaudel,Clément Pit-Claudel,PLDI,PLDI,2024,PLDI 2024,-2,2022,OOPSLA,OOPSLA2,False,0,3.0,17.0,17.647058823529413,W4307884541,Specification-guided component-based synthesis from effectful libraries,Ashish Mishra; Suresh Jagannathan,https://doi.org/10.1145/3563310,W2966873892,,,Clément Pit-Claudel,A5018186543,0000-0002-1900-3901,2019.0,3.0,openalex_author_id,A5018186543,middle,False,False,,,1.0,1
1,2,clementpitclaudel,Clément Pit-Claudel,PLDI,PLDI,2024,PLDI 2024,-2,2022,OOPSLA,OOPSLA2,False,0,3.0,17.0,17.647058823529413,W4307886768,Synthesis-powered optimization of smart contracts via data type refactoring,Yanju Chen; Yuepeng Wang; Maruth Goyal; James Dong; Yu Feng; Işıl Dillig,https://doi.org/10.1145/3563308,W1976978933,,,Clément Pit-Claudel,A5018186543,0000-0002-1900-3901,2014.0,8.0,openalex_author_id,A5018186543,middle,False,False,,,1.0,1
1,3,clementpitclaudel,Clément Pit-Claudel,PLDI,PLDI,2024,PLDI 2024,-2,2022,PLDI,PLDI,True,1,6.0,17.0,35.294117647058826,W4281683690,Hardening attack surfaces with formally proven binary format parsers,Nikhil Swamy; Tahina Ramananandro; Aseem Rastogi; Irina Spiridonova; Haobin Ni; Dmitry Malloy; Juan Vazquez; Michael T. Tang; Omar D. Cardona; Arti Gupta,https://doi.org/10.1145/3519939.3523708,W2966873892,,,Clément Pit-Claudel,A5018186543,0000-0002-1900-3901,2019.0,3.0,openalex_author_id,A5018186543,middle,False,False,,,1.0,1
1,3,clementpitclaudel,Clément Pit-Claudel,PLDI,PLDI,2024,PLDI 2024,-2,2022,PLDI,PLDI,True,1,6.0,17.0,35.294117647058826,W4282016927,Leapfrog: certified equivalence for protocol parsers,Ryan Doenges; Tobias Kappé; John Sarracino; Nate Foster; Greg Morrisett,https://doi.org/10.1145/3519939.3523715,W2966873892,,,Clément Pit-Claudel,A5018186543,0000-0002-1900-3901,2019.0,3.0,openalex_author_id,A5018186543,middle,False,False,,,1.0,1
1,3,clementpitclaudel,Clément Pit-Claudel,PLDI,PLDI,2024,PLDI 2024,-2,2022,PLDI,PLDI,True,1,6.0,17.0,35.294117647058826,W4281703854,PDL: a high-level hardware design language for pipelined processors,Drew Zagieboylo; Charles Sherk; Gookwon Edward Suh; Andrew C. Myers,https://doi.org/10.1145/3519939.3523455,W3033189783,,,Clément Pit-Claudel,A5018186543,0000-0002-1900-3901,2020.0,2.0,openalex_author_id,A5018186543,middle,False,False,,,1.0,1
1,3,clementpitclaudel,Clément Pit-Claudel,PLDI,PLDI,2024,PLDI 2024,-2,2022,PLDI,PLDI,True,1,6.0,17.0,35.294117647058826,W4281843089,Relational compilation for performance-critical applications: extensible proof-producing translation of functional models into low-level code,Clément Pit-Claudel; Jade Philipoom; Dustin Jamner; Andres Erbsen; Adam Chlipala,https://doi.org/10.1145/3519939.3523706,W1976978933,,,Clément Pit-Claudel,A5018186543,0000-0002-1900-3901,2014.0,8.0,openalex_author_id,A5018186543,middle,True,True,A5018186543; A5078100439,Adam Chlipala; Benjamin Delaware; Clément Pit-Claudel; Jason Gross,1.0,1
1,3,clementpitclaudel,Clément Pit-Claudel,PLDI,PLDI,2024,PLDI 2024,-2,2022,PLDI,PLDI,True,1,6.0,17.0,35.294117647058826,W4281843089,Relational compilation for performance-critical applications: extensible proof-producing translation of functional models into low-level code,Clément Pit-Claudel; Jade Philipoom; Dustin Jamner; Andres Erbsen; Adam Chlipala,https://doi.org/10.1145/3519939.3523706,W2839528116,,,Clément Pit-Claudel,A5018186543,0000-0002-1900-3901,2019.0,3.0,openalex_author_id,A5018186543,middle,True,True,A5018186543,Aseem Rastogi; Chris Hawblitzel; Clément Pit-Claudel; Cătălin Hriţcu; Danel Ahman; Guido Martínez; Jonathan Protzenko; Monal Narasimhamurthy; Nick Giannarakis; Nikhil Swamy; Tahina Ramananandro; Victor Dumitrescu; Zoe Paraskevopoulou,1.0,1
1,3,clementpitclaudel,Clément Pit-Claudel,PLDI,PLDI,2024,PLDI 2024,-2,2022,PLDI,PLDI,True,1,6.0,17.0,35.294117647058826,W4281843089,Relational compilation for performance-critical applications: extensible proof-producing translation of functional models into low-level code,Clément Pit-Claudel; Jade Philipoom; Dustin Jamner; Andres Erbsen; Adam Chlipala,https://doi.org/10.1145/3519939.3523706,W3037570434,,,Clément Pit-Claudel,A5018186543,0000-0002-1900-3901,2020.0,2.0,openalex_author_id,A5018186543,first,True,True,A5018186543; A5078100439,Adam Chlipala; Benjamin Delaware; Clément Pit-Claudel; Jason Gross; Peng Wang,1.0,1
1,1,clementpitclaudel,Clément Pit-Claudel,PLDI,PLDI,2024,PLDI 2024,-2,2022,POPL,POPL,False,0,7.0,17.0,41.17647058823529,W4205535283,Certifying derivation of state machines from coroutines,Mirai Ikebuchi; Andres Erbsen; Adam Chlipala,https://doi.org/10.1145/3498685,W1976978933,,,Clément Pit-Claudel,A5018186543,0000-0002-1900-3901,2014.0,8.0,openalex_author_id,A5018186543,middle,False,True,A5078100439,Adam Chlipala; Benjamin Delaware; Clément Pit-Claudel; Jason Gross,1.0,1
1,1,clementpitclaudel,Clément Pit-Claudel,PLDI,PLDI,2024,PLDI 2024,-2,2022,POPL,POPL,False,0,7.0,17.0,41.17647058823529,W4205535283,Certifying derivation of state machines from coroutines,Mirai Ikebuchi; Andres Erbsen; Adam Chlipala,https://doi.org/10.1145/3498685,W2966873892,,,Clément Pit-Claudel,A5018186543,0000-0002-1900-3901,2019.0,3.0,openalex_author_id,A5018186543,middle,False,True,A5078100439,Adam Chlipala; Benjamin Delaware; Clément Pit-Claudel; Qianchuan Ye; Sorawit Suriyakarn,1.0,1
1,1,clementpitclaudel,Clément Pit-Claudel,PLDI,PLDI,2024,PLDI 2024,-2,2022,POPL,POPL,False,0,7.0,17.0,41.17647058823529,W4205535283,Certifying derivation of state machines from coroutines,Mirai Ikebuchi; Andres Erbsen; Adam Chlipala,https://doi.org/10.1145/3498685,W3037570434,,,Clément Pit-Claudel,A5018186543,0000-0002-1900-3901,2020.0,2.0,openalex_author_id,A5018186543,first,False,True,A5078100439,Adam Chlipala; Benjamin Delaware; Clément Pit-Claudel; Jason Gross; Peng Wang,1.0,1
1,1,clementpitclaudel,Clément Pit-Claudel,PLDI,PLDI,2024,PLDI 2024,-2,2022,POPL,POPL,False,0,7.0,17.0,41.17647058823529,W4205804329,Dependently-typed data plane programming,Matthias Eichholz; Eric Hayden Campbell; Matthias Krebs; Nate Foster; Mira Mezini,https://doi.org/10.1145/3498701,W2966873892,,,Clément Pit-Claudel,A5018186543,0000-0002-1900-3901,2019.0,3.0,openalex_author_id,A5018186543,middle,False,False,,,1.0,1
1,1,clementpitclaudel,Clément Pit-Claudel,PLDI,PLDI,2024,PLDI 2024,-2,2022,POPL,POPL,False,0,7.0,17.0,41.17647058823529,W4205614912,Verified tensor-program optimization via high-level scheduling rewrites,Amanda Liu; Gilbert Bernstein; Adam Chlipala; Jonathan Ragan‐Kelley,https://doi.org/10.1145/3498717,W1976978933,,,Clément Pit-Claudel,A5018186543,0000-0002-1900-3901,2014.0,8.0,openalex_author_id,A5018186543,middle,False,True,A5078100439,Adam Chlipala; Benjamin Delaware; Clément Pit-Claudel; Jason Gross,1.0,1
1,1,clementpitclaudel,Clément Pit-Claudel,PLDI,PLDI,2024,PLDI 2024,-2,2022,POPL,POPL,False,0,7.0,17.0,41.17647058823529,W4205614912,Verified tensor-program optimization via high-level scheduling rewrites,Amanda Liu; Gilbert Bernstein; Adam Chlipala; Jonathan Ragan‐Kelley,https://doi.org/10.1145/3498717,W2966873892,,,Clément Pit-Claudel,A5018186543,0000-0002-1900-3901,2019.0,3.0,openalex_author_id,A5018186543,middle,False,True,A5078100439,Adam Chlipala; Benjamin Delaware; Clément Pit-Claudel; Qianchuan Ye; Sorawit Suriyakarn,1.0,1
1,1,clementpitclaudel,Clément Pit-Claudel,PLDI,PLDI,2024,PLDI 2024,-2,2022,POPL,POPL,False,0,7.0,17.0,41.17647058823529,W4205614912,Verified tensor-program optimization via high-level scheduling rewrites,Amanda Liu; Gilbert Bernstein; Adam Chlipala; Jonathan Ragan‐Kelley,https://doi.org/10.1145/3498717,W3037570434,,,Clément Pit-Claudel,A5018186543,0000-0002-1900-3901,2020.0,2.0,openalex_author_id,A5018186543,first,False,True,A5078100439,Adam Chlipala; Benjamin Delaware; Clément Pit-Claudel; Jason Gross; Peng Wang,1.0,1
1,4,clementpitclaudel,Clément Pit-Claudel,PLDI,PLDI,2024,PLDI 2024,-1,2023,ICFP,ICFP,False,0,3.0,12.0,25.0,W4386317219,"Modularity, Code Specialization, and Zero-Cost Abstractions for Program Verification",Son Ho; Aymeric Fromherz; Jonathan Protzenko,https://doi.org/10.1145/3607844,W2839528116,,,Clément Pit-Claudel,A5018186543,0000-0002-1900-3901,2019.0,4.0,openalex_author_id,A5018186543,middle,False,True,A5055019834,Aseem Rastogi; Chris Hawblitzel; Clément Pit-Claudel; Cătălin Hriţcu; Danel Ahman; Guido Martínez; Jonathan Protzenko; Monal Narasimhamurthy; Nick Giannarakis; Nikhil Swamy; Tahina Ramananandro; Victor Dumitrescu; Zoe Paraskevopoulou,1.0,1
1,4,clementpitclaudel,Clément Pit-Claudel,PLDI,PLDI,2024,PLDI 2024,-1,2023,ICFP,ICFP,False,0,3.0,12.0,25.0,W4386317219,"Modularity, Code Specialization, and Zero-Cost Abstractions for Program Verification",Son Ho; Aymeric Fromherz; Jonathan Protzenko,https://doi.org/10.1145/3607844,W3037570434,,,Clément Pit-Claudel,A5018186543,0000-0002-1900-3901,2020.0,3.0,openalex_author_id,A5018186543,first,False,False,,,1.0,1
1,4,clementpitclaudel,Clément Pit-Claudel,PLDI,PLDI,2024,PLDI 2024,-1,2023,ICFP,ICFP,False,0,3.0,12.0,25.0,W4386317219,"Modularity, Code Specialization, and Zero-Cost Abstractions for Program Verification",Son Ho; Aymeric Fromherz; Jonathan Protzenko,https://doi.org/10.1145/3607844,W4281843089,,,Clément Pit-Claudel,A5018186543,0000-0002-1900-3901,2022.0,1.0,openalex_author_id,A5018186543,first,False,False,,,1.0,1
1,6,clementpitclaudel,Clément Pit-Claudel,PLDI,PLDI,2024,PLDI 2024,-1,2023,OOPSLA,OOPSLA2,False,0,2.0,12.0,16.666666666666664,W4387667038,Complete First-Order Reasoning for Properties of Functional Programs,Adithya Murali; Lucas Peña; Ranjit Jhala; P. Madhusudan,https://doi.org/10.1145/3622835,W2491721896,,,Clément Pit-Claudel,A5018186543,0000-0002-1900-3901,2016.0,7.0,openalex_author_id,A5018186543,last,False,False,,,1.0,1
1,6,clementpitclaudel,Clément Pit-Claudel,PLDI,PLDI,2024,PLDI 2024,-1,2023,OOPSLA,OOPSLA2,False,0,2.0,12.0,16.666666666666664,W4387674103,Melocoton: A Program Logic for Verified Interoperability Between OCaml and C,Armaël Guéneau; Johannes Hostert; Simon Spies; Michael Sammler; Lars Birkedal; Derek Dreyer,https://doi.org/10.1145/3622823,W3037570434,,,Clément Pit-Claudel,A5018186543,0000-0002-1900-3901,2020.0,3.0,openalex_author_id,A5018186543,first,False,False,,,1.0,1
1,7,clementpitclaudel,Clément Pit-Claudel,PLDI,PLDI,2024,PLDI 2024,-1,2023,PLDI,PLDI,True,0,3.0,12.0,25.0,W4379536454,Cakes That Bake Cakes: Dynamic Computation in CakeML,Thomas Sewell; Magnus O. Myreen; Yong Kiam Tan; Ramana Kumar; Alexander Mihajlovic; Oskar Abrahamsson; Scott Owens,https://doi.org/10.1145/3591266,W2839528116,,,Clément Pit-Claudel,A5018186543,0000-0002-1900-3901,2019.0,4.0,openalex_author_id,A5018186543,middle,False,False,,,1.0,1
1,7,clementpitclaudel,Clément Pit-Claudel,PLDI,PLDI,2024,PLDI 2024,-1,2023,PLDI,PLDI,True,0,3.0,12.0,25.0,W4379536176,Flux: Liquid Types for Rust,Nico Lehmann; Adam T. Geller; Niki Vazou; Ranjit Jhala,https://doi.org/10.1145/3591283,W2491721896,,,Clément Pit-Claudel,A5018186543,0000-0002-1900-3901,2016.0,7.0,openalex_author_id,A5018186543,last,False,False,,,1.0,1
1,7,clementpitclaudel,Clément Pit-Claudel,PLDI,PLDI,2024,PLDI 2024,-1,2023,PLDI,PLDI,True,0,3.0,12.0,25.0,W4366850868,Modular Hardware Design with Timeline Types,Rachit Nigam; Pedro H. Azevedo de Amorim; Adrian Sampson,https://doi.org/10.1145/3591234,W3033189783,,,Clément Pit-Claudel,A5018186543,0000-0002-1900-3901,2020.0,3.0,openalex_author_id,A5018186543,middle,False,False,,,1.0,1
1,5,clementpitclaudel,Clément Pit-Claudel,PLDI,PLDI,2024,PLDI 2024,-1,2023,POPL,POPL,False,1,4.0,12.0,33.33333333333333,W4315606552,Dargent: A Silver Bullet for Verified Data Layout Refinement,Zilin Chen; Ambroise Lafont; Liam O’Connor; Gabriele Keller; Craig McLaughlin; Vincent Jackson; Christine Rizkallah,https://doi.org/10.1145/3571240,W2966873892,,,Clément Pit-Claudel,A5018186543,0000-0002-1900-3901,2019.0,4.0,openalex_author_id,A5018186543,middle,False,False,,,1.0,1
1,5,clementpitclaudel,Clément Pit-Claudel,PLDI,PLDI,2024,PLDI 2024,-1,2023,POPL,POPL,False,1,4.0,12.0,33.33333333333333,W4315630763,DimSum: A Decentralized Approach to Multi-language Semantics and Verification,Michael Sammler; Simon Spies; Youngju Song; Emanuele D’Osualdo; Robbert Krebbers; Deepak Garg; Derek Dreyer,https://doi.org/10.1145/3571220,W3037570434,,,Clément Pit-Claudel,A5018186543,0000-0002-1900-3901,2020.0,3.0,openalex_author_id,A5018186543,first,False,False,,,1.0,1
1,5,clementpitclaudel,Clément Pit-Claudel,PLDI,PLDI,2024,PLDI 2024,-1,2023,POPL,POPL,False,1,4.0,12.0,33.33333333333333,W4310884974,Formally Verified Native Code Generation in an Effectful JIT: Turning the CompCert Backend into a Formally Verified JIT Compiler,Aurèle Barrière; Sandrine Blazy; David Pichardie,https://doi.org/10.1145/3571202,W3037570434,,,Clément Pit-Claudel,A5018186543,0000-0002-1900-3901,2020.0,3.0,openalex_author_id,A5018186543,first,False,False,,,1.0,1
1,5,clementpitclaudel,Clément Pit-Claudel,PLDI,PLDI,2024,PLDI 2024,-1,2023,POPL,POPL,False,1,4.0,12.0,33.33333333333333,W4310557242,Top-Down Synthesis for Library Learning,Matthew L. Bowers; Theo Olausson; Lionel Wong; Gabriel Grand; Joshua B. Tenenbaum; Kevin Ellis; Armando Solar-Lezama,https://doi.org/10.1145/3571234,W2620747331,,,Clément Pit-Claudel,A5018186543,0000-0002-1900-3901,2017.0,6.0,openalex_author_id,A5018186543,middle,False,False,,,1.0,1
1,8,clementpitclaudel,Clément Pit-Claudel,PLDI,PLDI,2024,PLDI 2024,0,2024,ICFP,ICFP,False,1,1.0,20.0,5.0,W4401597262,A Coq Mechanization of JavaScript Regular Expression Semantics,Noé De Santo; Aurèle Barrière; Clément Pit-Claudel,https://doi.org/10.1145/3674666,W4399851420,,,Clément Pit-Claudel,A5018186543,0000-0002-1900-3901,2024.0,0.0,openalex_author_id,A5018186543,last,True,True,A5018186543; A5041214466,Aurèle Barrière; Clément Pit-Claudel,1.0,1
1,10,clementpitclaudel,Clément Pit-Claudel,PLDI,PLDI,2024,PLDI 2024,0,2024,OOPSLA,OOPSLA2,False,0,2.0,20.0,10.0,W4403205104,"StarMalloc: Verifying a Modern, Hardened Memory Allocator",Antonin Reitz; Aymeric Fromherz; Jonathan Protzenko,https://doi.org/10.1145/3689773,W2839528116,,,Clément Pit-Claudel,A5018186543,0000-0002-1900-3901,2019.0,5.0,openalex_author_id,A5018186543,middle,False,True,A5055019834,Aseem Rastogi; Chris Hawblitzel; Clément Pit-Claudel; Cătălin Hriţcu; Danel Ahman; Guido Martínez; Jonathan Protzenko; Monal Narasimhamurthy; Nick Giannarakis; Nikhil Swamy; Tahina Ramananandro; Victor Dumitrescu; Zoe Paraskevopoulou,1.0,1
1,10,clementpitclaudel,Clément Pit-Claudel,PLDI,PLDI,2024,PLDI 2024,0,2024,OOPSLA,OOPSLA1,False,0,2.0,20.0,10.0,W4396214235,VeriEQL: Bounded Equivalence Verification for Complex SQL Queries with Integrity Constraints,Yang He; P. Zhao; Xinyu Wang; Yuepeng Wang,https://doi.org/10.1145/3649849,W1976978933,,,Clément Pit-Claudel,A5018186543,0000-0002-1900-3901,2014.0,10.0,openalex_author_id,A5018186543,middle,False,False,,,1.0,1
1,11,clementpitclaudel,Clément Pit-Claudel,PLDI,PLDI,2024,PLDI 2024,0,2024,PLDI,PLDI,True,1,13.0,20.0,65.0,W4399850917,A Verified Compiler for a Functional Tensor Language,Amanda Liu; Gilbert Bernstein; Adam Chlipala; Jonathan Ragan‐Kelley,https://doi.org/10.1145/3656390,W1976978933,,,Clément Pit-Claudel,A5018186543,0000-0002-1900-3901,2014.0,10.0,openalex_author_id,A5018186543,middle,False,True,A5078100439,Adam Chlipala; Benjamin Delaware; Clément Pit-Claudel; Jason Gross,1.0,1
1,11,clementpitclaudel,Clément Pit-Claudel,PLDI,PLDI,2024,PLDI 2024,0,2024,PLDI,PLDI,True,1,13.0,20.0,65.0,W4399850917,A Verified Compiler for a Functional Tensor Language,Amanda Liu; Gilbert Bernstein; Adam Chlipala; Jonathan Ragan‐Kelley,https://doi.org/10.1145/3656390,W3037570434,,,Clément Pit-Claudel,A5018186543,0000-0002-1900-3901,2020.0,4.0,openalex_author_id,A5018186543,first,False,True,A5078100439,Adam Chlipala; Benjamin Delaware; Clément Pit-Claudel; Jason Gross; Peng Wang,1.0,1
1,11,clementpitclaudel,Clément Pit-Claudel,PLDI,PLDI,2024,PLDI 2024,0,2024,PLDI,PLDI,True,1,13.0,20.0,65.0,W4399850917,A Verified Compiler for a Functional Tensor Language,Amanda Liu; Gilbert Bernstein; Adam Chlipala; Jonathan Ragan‐Kelley,https://doi.org/10.1145/3656390,W4281843089,,,Clément Pit-Claudel,A5018186543,0000-0002-1900-3901,2022.0,2.0,openalex_author_id,A5018186543,first,False,True,A5078100439,Adam Chlipala; Andres Erbsen; Clément Pit-Claudel; Dustin Jamner; Jade Philipoom,1.0,1
1,11,clementpitclaudel,Clément Pit-Claudel,PLDI,PLDI,2024,PLDI 2024,0,2024,PLDI,PLDI,True,1,13.0,20.0,65.0,W4399872376,Daedalus: Safer Document Parsing,Iavor S. Diatchki; Mike Dodds; Harrison Goldstein; Bill Harris; David A. Holland; Benoît Razet; Cole Schlesinger; Simon Winwood,https://doi.org/10.1145/3656410,W2966873892,,,Clément Pit-Claudel,A5018186543,0000-0002-1900-3901,2019.0,5.0,openalex_author_id,A5018186543,middle,False,False,,,1.0,1
1,11,clementpitclaudel,Clément Pit-Claudel,PLDI,PLDI,2024,PLDI 2024,0,2024,PLDI,PLDI,True,1,13.0,20.0,65.0,W4399851201,Foundational Integration Verification of a Cryptographic Server,Andres Erbsen; Jade Philipoom; Dustin Jamner; Ashley Lin; Samuel Gruetter; Clément Pit-Claudel; Adam Chlipala,https://doi.org/10.1145/3656446,W3037570434,,,Clément Pit-Claudel,A5018186543,0000-0002-1900-3901,2020.0,4.0,openalex_author_id,A5018186543,first,True,True,A5018186543; A5078100439,Adam Chlipala; Benjamin Delaware; Clément Pit-Claudel; Jason Gross; Peng Wang,1.0,1
1,11,clementpitclaudel,Clément Pit-Claudel,PLDI,PLDI,2024,PLDI 2024,0,2024,PLDI,PLDI,True,1,13.0,20.0,65.0,W4399851201,Foundational Integration Verification of a Cryptographic Server,Andres Erbsen; Jade Philipoom; Dustin Jamner; Ashley Lin; Samuel Gruetter; Clément Pit-Claudel; Adam Chlipala,https://doi.org/10.1145/3656446,W4281843089,,,Clément Pit-Claudel,A5018186543,0000-0002-1900-3901,2022.0,2.0,openalex_author_id,A5018186543,first,True,True,A5001020063; A5018186543; A5078100439; A5082766906; A5088839380,Adam Chlipala; Andres Erbsen; Clément Pit-Claudel; Dustin Jamner; Jade Philipoom,1.0,1
1,11,clementpitclaudel,Clément Pit-Claudel,PLDI,PLDI,2024,PLDI 2024,0,2024,PLDI,PLDI,True,1,13.0,20.0,65.0,W4394653559,IsoPredict: Dynamic Predictive Analysis for Detecting Unserializable Behaviors in Weakly Isolated Data Store Applications,Chujun Geng; Spyros Blanas; Michael D. Bond; Yang Wang,https://doi.org/10.1145/3656391,W2491721896,,,Clément Pit-Claudel,A5018186543,0000-0002-1900-3901,2016.0,8.0,openalex_author_id,A5018186543,last,False,False,,,1.0,1
1,11,clementpitclaudel,Clément Pit-Claudel,PLDI,PLDI,2024,PLDI 2024,0,2024,PLDI,PLDI,True,1,13.0,20.0,65.0,W4399851161,Live Verification in an Interactive Proof Assistant,Samuel Gruetter; Viktor Fukala; Adam Chlipala,https://doi.org/10.1145/3656439,W1976978933,,,Clément Pit-Claudel,A5018186543,0000-0002-1900-3901,2014.0,10.0,openalex_author_id,A5018186543,middle,False,True,A5078100439,Adam Chlipala; Benjamin Delaware; Clément Pit-Claudel; Jason Gross,1.0,1
1,11,clementpitclaudel,Clément Pit-Claudel,PLDI,PLDI,2024,PLDI 2024,0,2024,PLDI,PLDI,True,1,13.0,20.0,65.0,W4399851161,Live Verification in an Interactive Proof Assistant,Samuel Gruetter; Viktor Fukala; Adam Chlipala,https://doi.org/10.1145/3656439,W4281843089,,,Clément Pit-Claudel,A5018186543,0000-0002-1900-3901,2022.0,2.0,openalex_author_id,A5018186543,first,False,True,A5078100439,Adam Chlipala; Andres Erbsen; Clément Pit-Claudel; Dustin Jamner; Jade Philipoom,1.0,1
1,11,clementpitclaudel,Clément Pit-Claudel,PLDI,PLDI,2024,PLDI 2024,0,2024,PLDI,PLDI,True,1,13.0,20.0,65.0,W4399850843,Modular Hardware Design of Pipelined Circuits with Hazards,Minseong Jang; J. G. Rhee; Woojin Lee; Shuangshuang Zhao; Jeehoon Kang,https://doi.org/10.1145/3656378,W3033189783,,,Clément Pit-Claudel,A5018186543,0000-0002-1900-3901,2020.0,4.0,openalex_author_id,A5018186543,middle,False,False,,,1.0,1
1,11,clementpitclaudel,Clément Pit-Claudel,PLDI,PLDI,2024,PLDI 2024,0,2024,PLDI,PLDI,True,1,13.0,20.0,65.0,W4399872417,The Functional Essence of Imperative Binary Search Trees,Anton Lorenzen; Daan Leijen; Wouter Swierstra; Sam Lindley,https://doi.org/10.1145/3656398,W4281843089,,,Clément Pit-Claudel,A5018186543,0000-0002-1900-3901,2022.0,2.0,openalex_author_id,A5018186543,first,False,False,,,1.0,1
1,11,clementpitclaudel,Clément Pit-Claudel,PLDI,PLDI,2024,PLDI 2024,0,2024,PLDI,PLDI,True,1,13.0,20.0,65.0,W4389524964,Verified Extraction from Coq to OCaml,Yannick Forster; Matthieu Sozeau; Nicolas Tabareau,https://doi.org/10.1145/3656379,W4281843089,,,Clément Pit-Claudel,A5018186543,0000-0002-1900-3901,2022.0,2.0,openalex_author_id,A5018186543,first,False,False,,,1.0,1
1,11,clementpitclaudel,Clément Pit-Claudel,PLDI,PLDI,2024,PLDI 2024,0,2024,PLDI,PLDI,True,1,13.0,20.0,65.0,W4399251764,Wavefront Threading Enables Effective High-Level Synthesis,Blake Pelton; Adam Sapek; Ken Eguro; Daniel Lo; Alessandro Forin; Matt Humphrey; Jin-wen Xi; D. J. Cox; Rajas H. Karandikar; Johannes de Fine Licht; Evgeny Babin; Adrian M. Caulfield; Doug Burger,https://doi.org/10.1145/3656420,W3033189783,,,Clément Pit-Claudel,A5018186543,0000-0002-1900-3901,2020.0,4.0,openalex_author_id,A5018186543,middle,False,False,,,1.0,1
1,9,clementpitclaudel,Clément Pit-Claudel,PLDI,PLDI,2024,PLDI 2024,0,2024,POPL,POPL,False,0,4.0,20.0,20.0,W4390604711,Mechanizing Refinement Types,Michael H. Borkowski; Niki Vazou; Ranjit Jhala,https://doi.org/10.1145/3632912,W2839528116,,,Clément Pit-Claudel,A5018186543,0000-0002-1900-3901,2019.0,5.0,openalex_author_id,A5018186543,middle,False,False,,,1.0,1
1,9,clementpitclaudel,Clément Pit-Claudel,PLDI,PLDI,2024,PLDI 2024,0,2024,POPL,POPL,False,0,4.0,20.0,20.0,W4323076498,Securing Verified IO Programs Against Unverified Code in F*,Cezar-Constantin Andrici; Ştefan Ciobâcă; Cătălin Hriţcu; Guido Martínez; Exequiel Rivas; Éric Tanter; Théo Winterhalter,https://doi.org/10.1145/3632916,W2839528116,,,Clément Pit-Claudel,A5018186543,0000-0002-1900-3901,2019.0,5.0,openalex_author_id,A5018186543,middle,False,True,A5106466226; A5108010549,Aseem Rastogi; Chris Hawblitzel; Clément Pit-Claudel; Cătălin Hriţcu; Danel Ahman; Guido Martínez; Jonathan Protzenko; Monal Narasimhamurthy; Nick Giannarakis; Nikhil Swamy; Tahina Ramananandro; Victor Dumitrescu; Zoe Paraskevopoulou,1.0,1
1,9,clementpitclaudel,Clément Pit-Claudel,PLDI,PLDI,2024,PLDI 2024,0,2024,POPL,POPL,False,0,4.0,20.0,20.0,W4390605451,Semantic Code Refactoring for Abstract Data Types,Shankara Pailoor; Yuepeng Wang; Işıl Dillig,https://doi.org/10.1145/3632870,W1976978933,,,Clément Pit-Claudel,A5018186543,0000-0002-1900-3901,2014.0,10.0,openalex_author_id,A5018186543,middle,False,False,,,1.0,1
1,9,clementpitclaudel,Clément Pit-Claudel,PLDI,PLDI,2024,PLDI 2024,0,2024,POPL,POPL,False,0,4.0,20.0,20.0,W4390603519,VST-A: A Foundationally Sound Annotation Verifier,Litao Zhou; Jianxing Qin; Qinshi Wang; Andrew W. Appel; Qinxiang Cao,https://doi.org/10.1145/3632911,W2839528116,,,Clément Pit-Claudel,A5018186543,0000-0002-1900-3901,2019.0,5.0,openalex_author_id,A5018186543,middle,False,False,,,1.0,1
1,12,clementpitclaudel,Clément Pit-Claudel,PLDI,PLDI,2024,PLDI 2024,1,2025,ICFP,ICFP,False,0,1.0,20.0,5.0,W4412989132,Frex: Dependently Typed Algebraic Simplification,Guillaume Allais; Edwin Brady; Nathan Corbyn; Ohad Kammar; Jeremy Yallop,https://doi.org/10.1145/3747506,W2839528116,,,Clément Pit-Claudel,A5018186543,0000-0002-1900-3901,2019.0,6.0,openalex_author_id,A5018186543,middle,False,False,,,1.0,1
1,14,clementpitclaudel,Clément Pit-Claudel,PLDI,PLDI,2024,PLDI 2024,1,2025,OOPSLA,OOPSLA1,False,1,9.0,20.0,45.0,W4405730105,A Mechanized Semantics for Dataflow Circuits,Tony Law; Delphine Demange; Sandrine Blazy,https://doi.org/10.1145/3720432,W3033189783,,,Clément Pit-Claudel,A5018186543,0000-0002-1900-3901,2020.0,5.0,openalex_author_id,A5018186543,middle,False,False,,,1.0,1
1,14,clementpitclaudel,Clément Pit-Claudel,PLDI,PLDI,2024,PLDI 2024,1,2025,OOPSLA,OOPSLA2,False,1,9.0,20.0,45.0,W4414977271,Certified Decision Procedures for Width-Independent Bitvector Predicates,Siddharth Bhat; Léo Stefanesco; Chris Hughes; Tobias Grosser,https://doi.org/10.1145/3763148,W3033189783,,,Clément Pit-Claudel,A5018186543,0000-0002-1900-3901,2020.0,5.0,openalex_author_id,A5018186543,middle,False,False,,,1.0,1
1,14,clementpitclaudel,Clément Pit-Claudel,PLDI,PLDI,2024,PLDI 2024,1,2025,OOPSLA,OOPSLA1,False,1,9.0,20.0,45.0,W4409311790,Efficient Algorithms for the Uniform Tokenization Problem,Wu Angela Li; Konstantinos Mamouras,https://doi.org/10.1145/3720498,W4399851420,,,Clément Pit-Claudel,A5018186543,0000-0002-1900-3901,2024.0,1.0,openalex_author_id,A5018186543,last,False,False,,,1.0,1
1,14,clementpitclaudel,Clément Pit-Claudel,PLDI,PLDI,2024,PLDI 2024,1,2025,OOPSLA,OOPSLA2,False,1,9.0,20.0,45.0,W4414988704,Incremental Certified Programming,Tomás Díaz; Kenji Maillard; Nicolas Tabareau; Éric Tanter,https://doi.org/10.1145/3763068,W1976978933,,,Clément Pit-Claudel,A5018186543,0000-0002-1900-3901,2014.0,11.0,openalex_author_id,A5018186543,middle,False,False,,,1.0,1
1,14,clementpitclaudel,Clément Pit-Claudel,PLDI,PLDI,2024,PLDI 2024,1,2025,OOPSLA,OOPSLA2,False,1,9.0,20.0,45.0,W4414988704,Incremental Certified Programming,Tomás Díaz; Kenji Maillard; Nicolas Tabareau; Éric Tanter,https://doi.org/10.1145/3763068,W4391376921,,,Clément Pit-Claudel,A5018186543,0000-0002-1900-3901,2024.0,1.0,openalex_author_id,A5018186543,last,False,False,,,1.0,1
1,14,clementpitclaudel,Clément Pit-Claudel,PLDI,PLDI,2024,PLDI 2024,1,2025,OOPSLA,OOPSLA2,False,1,9.0,20.0,45.0,W4414988634,Interactive Bitvector Reasoning using Verified Bit-Blasting,Henrik Böving; Siddharth Bhat; Luisa Cicolini; Alex Keizer; Léon Frenot; Abdalrhman Mohamed; Léo Stefanesco; Harun Khan; Joshua Clune; Clark Barrett; Tobias Grosser,https://doi.org/10.1145/3763167,W3033189783,,,Clément Pit-Claudel,A5018186543,0000-0002-1900-3901,2020.0,5.0,openalex_author_id,A5018186543,middle,False,False,,,1.0,1
1,14,clementpitclaudel,Clément Pit-Claudel,PLDI,PLDI,2024,PLDI 2024,1,2025,OOPSLA,OOPSLA2,False,1,9.0,20.0,45.0,W4414977244,On the Impact of Formal Verification on Software Development,Eric Mugnier; Yuanyuan Zhou; Ranjit Jhala; Michael Coblenz,https://doi.org/10.1145/3763181,W4411552270,,,Clément Pit-Claudel,A5018186543,0000-0002-1900-3901,2025.0,0.0,openalex_author_id,A5018186543,middle,False,False,,,1.0,1
1,14,clementpitclaudel,Clément Pit-Claudel,PLDI,PLDI,2024,PLDI 2024,1,2025,OOPSLA,OOPSLA1,False,1,9.0,20.0,45.0,W4409310647,QED in Context: An Observation Study of Proof Assistant Users,Jessica Shi; Cassia Torczon; Harrison Goldstein; Benjamin C. Pierce; Andrew Head,https://doi.org/10.1145/3720426,W3106543884,,,Clément Pit-Claudel,A5018186543,0000-0002-1900-3901,2020.0,5.0,openalex_author_id,A5018186543,first,False,False,,,1.0,1
1,14,clementpitclaudel,Clément Pit-Claudel,PLDI,PLDI,2024,PLDI 2024,1,2025,OOPSLA,OOPSLA2,False,1,9.0,20.0,45.0,W4414977289,We’ve Got You Covered: Type-Guided Repair of Incomplete Input Generators,Patrick LaFontaine; Z. Zhou; Ashish Mishra; Suresh Jagannathan; Benjamin Delaware,https://doi.org/10.1145/3763158,W1976978933,,,Clément Pit-Claudel,A5018186543,0000-0002-1900-3901,2014.0,11.0,openalex_author_id,A5018186543,middle,False,True,A5073767542,Adam Chlipala; Benjamin Delaware; Clément Pit-Claudel; Jason Gross,1.0,1
1,15,clementpitclaudel,Clément Pit-Claudel,PLDI,PLDI,2024,PLDI 2024,1,2025,PLDI,PLDI,True,0,5.0,20.0,25.0,W4411260236,A Concurrent Approach to String Transformation Synthesis,Yuantian Ding; Xiaokang Qiu,https://doi.org/10.1145/3729336,W1976978933,,,Clément Pit-Claudel,A5018186543,0000-0002-1900-3901,2014.0,11.0,openalex_author_id,A5018186543,middle,False,False,,,1.0,1
1,15,clementpitclaudel,Clément Pit-Claudel,PLDI,PLDI,2024,PLDI 2024,1,2025,PLDI,PLDI,True,0,5.0,20.0,25.0,W4411260250,Certified Compilers à la Carte,Oghenevwogaga Ebresafe; Ian Zhao; Ende Jin; Arthur Bright; Charles Jian; Yizhou Zhang,https://doi.org/10.1145/3729261,W4281843089,,,Clément Pit-Claudel,A5018186543,0000-0002-1900-3901,2022.0,3.0,openalex_author_id,A5018186543,first,False,False,,,1.0,1
1,15,clementpitclaudel,Clément Pit-Claudel,PLDI,PLDI,2024,PLDI 2024,1,2025,PLDI,PLDI,True,0,5.0,20.0,25.0,W4411267083,Efficient Formal Verification of Quantum Error Correcting Programs,Qifan Huang; Li Zhou; Wang Fang; Mengyu Zhao; Mingsheng Ying,https://doi.org/10.1145/3729293,W2839528116,,,Clément Pit-Claudel,A5018186543,0000-0002-1900-3901,2019.0,6.0,openalex_author_id,A5018186543,middle,False,False,,,1.0,1
1,15,clementpitclaudel,Clément Pit-Claudel,PLDI,PLDI,2024,PLDI 2024,1,2025,PLDI,PLDI,True,0,5.0,20.0,25.0,W4411267937,Graphiti: Bridging Graph and Relational Database Queries,Yang He; Ruijie Fang; Işıl Dillig; Yuepeng Wang,https://doi.org/10.1145/3729319,W1976978933,,,Clément Pit-Claudel,A5018186543,0000-0002-1900-3901,2014.0,11.0,openalex_author_id,A5018186543,middle,False,False,,,1.0,1
1,15,clementpitclaudel,Clément Pit-Claudel,PLDI,PLDI,2024,PLDI 2024,1,2025,PLDI,PLDI,True,0,5.0,20.0,25.0,W4411267918,"Smooth, Integrated Proofs of Cryptographic Constant Time for Nondeterministic Programs and Compilers",Owen Conoly; Andres Erbsen; Adam Chlipala,https://doi.org/10.1145/3729318,W4399851201,,,Clément Pit-Claudel,A5018186543,0000-0002-1900-3901,2024.0,1.0,openalex_author_id,A5018186543,middle,False,True,A5078100439; A5082766906,Adam Chlipala; Andres Erbsen; Ashley Lin; Clément Pit-Claudel; Dustin Jamner; Jade Philipoom; Samuel Gruetter,1.0,1
1,13,clementpitclaudel,Clément Pit-Claudel,PLDI,PLDI,2024,PLDI 2024,1,2025,POPL,POPL,False,1,5.0,20.0,25.0,W4406221650,Automated Program Refinement: Guide and Verify Code Large Language Model with Refinement Calculus,Yufan Cai; Zhé Hóu; David Sanán; Xiaokun Luan; Yun Lin; Jun Sun; Jin Song Dong,https://doi.org/10.1145/3704905,W1976978933,,,Clément Pit-Claudel,A5018186543,0000-0002-1900-3901,2014.0,11.0,openalex_author_id,A5018186543,middle,False,False,,,1.0,1
1,13,clementpitclaudel,Clément Pit-Claudel,PLDI,PLDI,2024,PLDI 2024,1,2025,POPL,POPL,False,1,5.0,20.0,25.0,W4404307065,Axe ’Em: Eliminating Spurious States with Induction Axioms,Neta Elad; Sharon Shoham,https://doi.org/10.1145/3704853,W4391376921,,,Clément Pit-Claudel,A5018186543,0000-0002-1900-3901,2024.0,1.0,openalex_author_id,A5018186543,last,False,False,,,1.0,1
1,13,clementpitclaudel,Clément Pit-Claudel,PLDI,PLDI,2024,PLDI 2024,1,2025,POPL,POPL,False,1,5.0,20.0,25.0,W4406235147,"RE#: High Performance Derivative-Based Regex Matching with Intersection, Complement, and Restricted Lookarounds",Ian Erik Varatalu; Margus Veanes; Juhan-Peep Ernits,https://doi.org/10.1145/3704837,W4399851420,,,Clément Pit-Claudel,A5018186543,0000-0002-1900-3901,2024.0,1.0,openalex_author_id,A5018186543,last,False,False,,,1.0,1
1,13,clementpitclaudel,Clément Pit-Claudel,PLDI,PLDI,2024,PLDI 2024,1,2025,POPL,POPL,False,1,5.0,20.0,25.0,W4406221679,TensorRight: Automated Verification of Tensor Graph Rewrites,Jai Arora; Sirui Lu; Devansh Jain; Tianfan Xu; Farzin Houshmand; Phitchaya Mangpo Phothilimthana; Mohsen Lesani; Praveen Narayanan; Karthik Murthy; Rastislav Bodík; Amit Sabne; Charith Mendis,https://doi.org/10.1145/3704865,W1976978933,,,Clément Pit-Claudel,A5018186543,0000-0002-1900-3901,2014.0,11.0,openalex_author_id,A5018186543,middle,False,False,,,1.0,1
1,13,clementpitclaudel,Clément Pit-Claudel,PLDI,PLDI,2024,PLDI 2024,1,2025,POPL,POPL,False,1,5.0,20.0,25.0,W4406234930,Unifying Compositional Verification and Certified Compilation with a Three-Dimensional Refinement Algebra,Yu Zhang; Jérémie Koenig; Zhong Shao; Yuting Wang,https://doi.org/10.1145/3704900,W4399851201,,,Clément Pit-Claudel,A5018186543,0000-0002-1900-3901,2024.0,1.0,openalex_author_id,A5018186543,middle,False,False,,,1.0,1
2,20,clementpitclaudel,Clément Pit-Claudel,OOPSLA_COMBINED,OOPSLA combined,2025,OOPSLA 2025,-2,2023,ICFP,ICFP,False,0,3.0,12.0,25.0,W4386317219,"Modularity, Code Specialization, and Zero-Cost Abstractions for Program Verification",Son Ho; Aymeric Fromherz; Jonathan Protzenko,https://doi.org/10.1145/3607844,W2839528116,,,Clément Pit-Claudel,A5018186543,0000-0002-1900-3901,2019.0,4.0,openalex_author_id,A5018186543,middle,False,True,A5055019834,Aseem Rastogi; Chris Hawblitzel; Clément Pit-Claudel; Cătălin Hriţcu; Danel Ahman; Guido Martínez; Jonathan Protzenko; Monal Narasimhamurthy; Nick Giannarakis; Nikhil Swamy; Tahina Ramananandro; Victor Dumitrescu; Zoe Paraskevopoulou,1.0,1
2,20,clementpitclaudel,Clément Pit-Claudel,OOPSLA_COMBINED,OOPSLA combined,2025,OOPSLA 2025,-2,2023,ICFP,ICFP,False,0,3.0,12.0,25.0,W4386317219,"Modularity, Code Specialization, and Zero-Cost Abstractions for Program Verification",Son Ho; Aymeric Fromherz; Jonathan Protzenko,https://doi.org/10.1145/3607844,W3037570434,,,Clément Pit-Claudel,A5018186543,0000-0002-1900-3901,2020.0,3.0,openalex_author_id,A5018186543,first,False,False,,,1.0,1
2,20,clementpitclaudel,Clément Pit-Claudel,OOPSLA_COMBINED,OOPSLA combined,2025,OOPSLA 2025,-2,2023,ICFP,ICFP,False,0,3.0,12.0,25.0,W4386317219,"Modularity, Code Specialization, and Zero-Cost Abstractions for Program Verification",Son Ho; Aymeric Fromherz; Jonathan Protzenko,https://doi.org/10.1145/3607844,W4281843089,,,Clément Pit-Claudel,A5018186543,0000-0002-1900-3901,2022.0,1.0,openalex_author_id,A5018186543,first,False,False,,,1.0,1
2,22,clementpitclaudel,Clément Pit-Claudel,OOPSLA_COMBINED,OOPSLA combined,2025,OOPSLA 2025,-2,2023,OOPSLA,OOPSLA2,False,0,2.0,12.0,16.666666666666664,W4387667038,Complete First-Order Reasoning for Properties of Functional Programs,Adithya Murali; Lucas Peña; Ranjit Jhala; P. Madhusudan,https://doi.org/10.1145/3622835,W2491721896,,,Clément Pit-Claudel,A5018186543,0000-0002-1900-3901,2016.0,7.0,openalex_author_id,A5018186543,last,False,False,,,1.0,1
2,22,clementpitclaudel,Clément Pit-Claudel,OOPSLA_COMBINED,OOPSLA combined,2025,OOPSLA 2025,-2,2023,OOPSLA,OOPSLA2,False,0,2.0,12.0,16.666666666666664,W4387674103,Melocoton: A Program Logic for Verified Interoperability Between OCaml and C,Armaël Guéneau; Johannes Hostert; Simon Spies; Michael Sammler; Lars Birkedal; Derek Dreyer,https://doi.org/10.1145/3622823,W3037570434,,,Clément Pit-Claudel,A5018186543,0000-0002-1900-3901,2020.0,3.0,openalex_author_id,A5018186543,first,False,False,,,1.0,1
2,23,clementpitclaudel,Clément Pit-Claudel,OOPSLA_COMBINED,OOPSLA combined,2025,OOPSLA 2025,-2,2023,PLDI,PLDI,False,0,3.0,12.0,25.0,W4379536454,Cakes That Bake Cakes: Dynamic Computation in CakeML,Thomas Sewell; Magnus O. Myreen; Yong Kiam Tan; Ramana Kumar; Alexander Mihajlovic; Oskar Abrahamsson; Scott Owens,https://doi.org/10.1145/3591266,W2839528116,,,Clément Pit-Claudel,A5018186543,0000-0002-1900-3901,2019.0,4.0,openalex_author_id,A5018186543,middle,False,False,,,1.0,1
2,23,clementpitclaudel,Clément Pit-Claudel,OOPSLA_COMBINED,OOPSLA combined,2025,OOPSLA 2025,-2,2023,PLDI,PLDI,False,0,3.0,12.0,25.0,W4379536176,Flux: Liquid Types for Rust,Nico Lehmann; Adam T. Geller; Niki Vazou; Ranjit Jhala,https://doi.org/10.1145/3591283,W2491721896,,,Clément Pit-Claudel,A5018186543,0000-0002-1900-3901,2016.0,7.0,openalex_author_id,A5018186543,last,False,False,,,1.0,1
2,23,clementpitclaudel,Clément Pit-Claudel,OOPSLA_COMBINED,OOPSLA combined,2025,OOPSLA 2025,-2,2023,PLDI,PLDI,False,0,3.0,12.0,25.0,W4366850868,Modular Hardware Design with Timeline Types,Rachit Nigam; Pedro H. Azevedo de Amorim; Adrian Sampson,https://doi.org/10.1145/3591234,W3033189783,,,Clément Pit-Claudel,A5018186543,0000-0002-1900-3901,2020.0,3.0,openalex_author_id,A5018186543,middle,False,False,,,1.0,1
2,21,clementpitclaudel,Clément Pit-Claudel,OOPSLA_COMBINED,OOPSLA combined,2025,OOPSLA 2025,-2,2023,POPL,POPL,False,1,4.0,12.0,33.33333333333333,W4315606552,Dargent: A Silver Bullet for Verified Data Layout Refinement,Zilin Chen; Ambroise Lafont; Liam O’Connor; Gabriele Keller; Craig McLaughlin; Vincent Jackson; Christine Rizkallah,https://doi.org/10.1145/3571240,W2966873892,,,Clément Pit-Claudel,A5018186543,0000-0002-1900-3901,2019.0,4.0,openalex_author_id,A5018186543,middle,False,False,,,1.0,1
2,21,clementpitclaudel,Clément Pit-Claudel,OOPSLA_COMBINED,OOPSLA combined,2025,OOPSLA 2025,-2,2023,POPL,POPL,False,1,4.0,12.0,33.33333333333333,W4315630763,DimSum: A Decentralized Approach to Multi-language Semantics and Verification,Michael Sammler; Simon Spies; Youngju Song; Emanuele D’Osualdo; Robbert Krebbers; Deepak Garg; Derek Dreyer,https://doi.org/10.1145/3571220,W3037570434,,,Clément Pit-Claudel,A5018186543,0000-0002-1900-3901,2020.0,3.0,openalex_author_id,A5018186543,first,False,False,,,1.0,1
2,21,clementpitclaudel,Clément Pit-Claudel,OOPSLA_COMBINED,OOPSLA combined,2025,OOPSLA 2025,-2,2023,POPL,POPL,False,1,4.0,12.0,33.33333333333333,W4310884974,Formally Verified Native Code Generation in an Effectful JIT: Turning the CompCert Backend into a Formally Verified JIT Compiler,Aurèle Barrière; Sandrine Blazy; David Pichardie,https://doi.org/10.1145/3571202,W3037570434,,,Clément Pit-Claudel,A5018186543,0000-0002-1900-3901,2020.0,3.0,openalex_author_id,A5018186543,first,False,False,,,1.0,1
2,21,clementpitclaudel,Clément Pit-Claudel,OOPSLA_COMBINED,OOPSLA combined,2025,OOPSLA 2025,-2,2023,POPL,POPL,False,1,4.0,12.0,33.33333333333333,W4310557242,Top-Down Synthesis for Library Learning,Matthew L. Bowers; Theo Olausson; Lionel Wong; Gabriel Grand; Joshua B. Tenenbaum; Kevin Ellis; Armando Solar-Lezama,https://doi.org/10.1145/3571234,W2620747331,,,Clément Pit-Claudel,A5018186543,0000-0002-1900-3901,2017.0,6.0,openalex_author_id,A5018186543,middle,False,False,,,1.0,1
2,24,clementpitclaudel,Clément Pit-Claudel,OOPSLA_COMBINED,OOPSLA combined,2025,OOPSLA 2025,-1,2024,ICFP,ICFP,False,1,1.0,20.0,5.0,W4401597262,A Coq Mechanization of JavaScript Regular Expression Semantics,Noé De Santo; Aurèle Barrière; Clément Pit-Claudel,https://doi.org/10.1145/3674666,W4399851420,,,Clément Pit-Claudel,A5018186543,0000-0002-1900-3901,2024.0,0.0,openalex_author_id,A5018186543,last,True,True,A5018186543; A5041214466,Aurèle Barrière; Clément Pit-Claudel,1.0,1
2,26,clementpitclaudel,Clément Pit-Claudel,OOPSLA_COMBINED,OOPSLA combined,2025,OOPSLA 2025,-1,2024,OOPSLA,OOPSLA2,False,0,2.0,20.0,10.0,W4403205104,"StarMalloc: Verifying a Modern, Hardened Memory Allocator",Antonin Reitz; Aymeric Fromherz; Jonathan Protzenko,https://doi.org/10.1145/3689773,W2839528116,,,Clément Pit-Claudel,A5018186543,0000-0002-1900-3901,2019.0,5.0,openalex_author_id,A5018186543,middle,False,True,A5055019834,Aseem Rastogi; Chris Hawblitzel; Clément Pit-Claudel; Cătălin Hriţcu; Danel Ahman; Guido Martínez; Jonathan Protzenko; Monal Narasimhamurthy; Nick Giannarakis; Nikhil Swamy; Tahina Ramananandro; Victor Dumitrescu; Zoe Paraskevopoulou,1.0,1
2,26,clementpitclaudel,Clément Pit-Claudel,OOPSLA_COMBINED,OOPSLA combined,2025,OOPSLA 2025,-1,2024,OOPSLA,OOPSLA1,False,0,2.0,20.0,10.0,W4396214235,VeriEQL: Bounded Equivalence Verification for Complex SQL Queries with Integrity Constraints,Yang He; P. Zhao; Xinyu Wang; Yuepeng Wang,https://doi.org/10.1145/3649849,W1976978933,,,Clément Pit-Claudel,A5018186543,0000-0002-1900-3901,2014.0,10.0,openalex_author_id,A5018186543,middle,False,False,,,1.0,1
2,27,clementpitclaudel,Clément Pit-Claudel,OOPSLA_COMBINED,OOPSLA combined,2025,OOPSLA 2025,-1,2024,PLDI,PLDI,False,1,13.0,20.0,65.0,W4399850917,A Verified Compiler for a Functional Tensor Language,Amanda Liu; Gilbert Bernstein; Adam Chlipala; Jonathan Ragan‐Kelley,https://doi.org/10.1145/3656390,W1976978933,,,Clément Pit-Claudel,A5018186543,0000-0002-1900-3901,2014.0,10.0,openalex_author_id,A5018186543,middle,False,True,A5078100439,Adam Chlipala; Benjamin Delaware; Clément Pit-Claudel; Jason Gross,1.0,1
2,27,clementpitclaudel,Clément Pit-Claudel,OOPSLA_COMBINED,OOPSLA combined,2025,OOPSLA 2025,-1,2024,PLDI,PLDI,False,1,13.0,20.0,65.0,W4399850917,A Verified Compiler for a Functional Tensor Language,Amanda Liu; Gilbert Bernstein; Adam Chlipala; Jonathan Ragan‐Kelley,https://doi.org/10.1145/3656390,W3037570434,,,Clément Pit-Claudel,A5018186543,0000-0002-1900-3901,2020.0,4.0,openalex_author_id,A5018186543,first,False,True,A5078100439,Adam Chlipala; Benjamin Delaware; Clément Pit-Claudel; Jason Gross; Peng Wang,1.0,1
2,27,clementpitclaudel,Clément Pit-Claudel,OOPSLA_COMBINED,OOPSLA combined,2025,OOPSLA 2025,-1,2024,PLDI,PLDI,False,1,13.0,20.0,65.0,W4399850917,A Verified Compiler for a Functional Tensor Language,Amanda Liu; Gilbert Bernstein; Adam Chlipala; Jonathan Ragan‐Kelley,https://doi.org/10.1145/3656390,W4281843089,,,Clément Pit-Claudel,A5018186543,0000-0002-1900-3901,2022.0,2.0,openalex_author_id,A5018186543,first,False,True,A5078100439,Adam Chlipala; Andres Erbsen; Clément Pit-Claudel; Dustin Jamner; Jade Philipoom,1.0,1
2,27,clementpitclaudel,Clément Pit-Claudel,OOPSLA_COMBINED,OOPSLA combined,2025,OOPSLA 2025,-1,2024,PLDI,PLDI,False,1,13.0,20.0,65.0,W4399872376,Daedalus: Safer Document Parsing,Iavor S. Diatchki; Mike Dodds; Harrison Goldstein; Bill Harris; David A. Holland; Benoît Razet; Cole Schlesinger; Simon Winwood,https://doi.org/10.1145/3656410,W2966873892,,,Clément Pit-Claudel,A5018186543,0000-0002-1900-3901,2019.0,5.0,openalex_author_id,A5018186543,middle,False,False,,,1.0,1
2,27,clementpitclaudel,Clément Pit-Claudel,OOPSLA_COMBINED,OOPSLA combined,2025,OOPSLA 2025,-1,2024,PLDI,PLDI,False,1,13.0,20.0,65.0,W4399851201,Foundational Integration Verification of a Cryptographic Server,Andres Erbsen; Jade Philipoom; Dustin Jamner; Ashley Lin; Samuel Gruetter; Clément Pit-Claudel; Adam Chlipala,https://doi.org/10.1145/3656446,W3037570434,,,Clément Pit-Claudel,A5018186543,0000-0002-1900-3901,2020.0,4.0,openalex_author_id,A5018186543,first,True,True,A5018186543; A5078100439,Adam Chlipala; Benjamin Delaware; Clément Pit-Claudel; Jason Gross; Peng Wang,1.0,1
2,27,clementpitclaudel,Clément Pit-Claudel,OOPSLA_COMBINED,OOPSLA combined,2025,OOPSLA 2025,-1,2024,PLDI,PLDI,False,1,13.0,20.0,65.0,W4399851201,Foundational Integration Verification of a Cryptographic Server,Andres Erbsen; Jade Philipoom; Dustin Jamner; Ashley Lin; Samuel Gruetter; Clément Pit-Claudel; Adam Chlipala,https://doi.org/10.1145/3656446,W4281843089,,,Clément Pit-Claudel,A5018186543,0000-0002-1900-3901,2022.0,2.0,openalex_author_id,A5018186543,first,True,True,A5001020063; A5018186543; A5078100439; A5082766906; A5088839380,Adam Chlipala; Andres Erbsen; Clément Pit-Claudel; Dustin Jamner; Jade Philipoom,1.0,1
2,27,clementpitclaudel,Clément Pit-Claudel,OOPSLA_COMBINED,OOPSLA combined,2025,OOPSLA 2025,-1,2024,PLDI,PLDI,False,1,13.0,20.0,65.0,W4394653559,IsoPredict: Dynamic Predictive Analysis for Detecting Unserializable Behaviors in Weakly Isolated Data Store Applications,Chujun Geng; Spyros Blanas; Michael D. Bond; Yang Wang,https://doi.org/10.1145/3656391,W2491721896,,,Clément Pit-Claudel,A5018186543,0000-0002-1900-3901,2016.0,8.0,openalex_author_id,A5018186543,last,False,False,,,1.0,1
2,27,clementpitclaudel,Clément Pit-Claudel,OOPSLA_COMBINED,OOPSLA combined,2025,OOPSLA 2025,-1,2024,PLDI,PLDI,False,1,13.0,20.0,65.0,W4399851161,Live Verification in an Interactive Proof Assistant,Samuel Gruetter; Viktor Fukala; Adam Chlipala,https://doi.org/10.1145/3656439,W1976978933,,,Clément Pit-Claudel,A5018186543,0000-0002-1900-3901,2014.0,10.0,openalex_author_id,A5018186543,middle,False,True,A5078100439,Adam Chlipala; Benjamin Delaware; Clément Pit-Claudel; Jason Gross,1.0,1
2,27,clementpitclaudel,Clément Pit-Claudel,OOPSLA_COMBINED,OOPSLA combined,2025,OOPSLA 2025,-1,2024,PLDI,PLDI,False,1,13.0,20.0,65.0,W4399851161,Live Verification in an Interactive Proof Assistant,Samuel Gruetter; Viktor Fukala; Adam Chlipala,https://doi.org/10.1145/3656439,W4281843089,,,Clément Pit-Claudel,A5018186543,0000-0002-1900-3901,2022.0,2.0,openalex_author_id,A5018186543,first,False,True,A5078100439,Adam Chlipala; Andres Erbsen; Clément Pit-Claudel; Dustin Jamner; Jade Philipoom,1.0,1
2,27,clementpitclaudel,Clément Pit-Claudel,OOPSLA_COMBINED,OOPSLA combined,2025,OOPSLA 2025,-1,2024,PLDI,PLDI,False,1,13.0,20.0,65.0,W4399850843,Modular Hardware Design of Pipelined Circuits with Hazards,Minseong Jang; J. G. Rhee; Woojin Lee; Shuangshuang Zhao; Jeehoon Kang,https://doi.org/10.1145/3656378,W3033189783,,,Clément Pit-Claudel,A5018186543,0000-0002-1900-3901,2020.0,4.0,openalex_author_id,A5018186543,middle,False,False,,,1.0,1
2,27,clementpitclaudel,Clément Pit-Claudel,OOPSLA_COMBINED,OOPSLA combined,2025,OOPSLA 2025,-1,2024,PLDI,PLDI,False,1,13.0,20.0,65.0,W4399872417,The Functional Essence of Imperative Binary Search Trees,Anton Lorenzen; Daan Leijen; Wouter Swierstra; Sam Lindley,https://doi.org/10.1145/3656398,W4281843089,,,Clément Pit-Claudel,A5018186543,0000-0002-1900-3901,2022.0,2.0,openalex_author_id,A5018186543,first,False,False,,,1.0,1
2,27,clementpitclaudel,Clément Pit-Claudel,OOPSLA_COMBINED,OOPSLA combined,2025,OOPSLA 2025,-1,2024,PLDI,PLDI,False,1,13.0,20.0,65.0,W4389524964,Verified Extraction from Coq to OCaml,Yannick Forster; Matthieu Sozeau; Nicolas Tabareau,https://doi.org/10.1145/3656379,W4281843089,,,Clément Pit-Claudel,A5018186543,0000-0002-1900-3901,2022.0,2.0,openalex_author_id,A5018186543,first,False,False,,,1.0,1
2,27,clementpitclaudel,Clément Pit-Claudel,OOPSLA_COMBINED,OOPSLA combined,2025,OOPSLA 2025,-1,2024,PLDI,PLDI,False,1,13.0,20.0,65.0,W4399251764,Wavefront Threading Enables Effective High-Level Synthesis,Blake Pelton; Adam Sapek; Ken Eguro; Daniel Lo; Alessandro Forin; Matt Humphrey; Jin-wen Xi; D. J. Cox; Rajas H. Karandikar; Johannes de Fine Licht; Evgeny Babin; Adrian M. Caulfield; Doug Burger,https://doi.org/10.1145/3656420,W3033189783,,,Clément Pit-Claudel,A5018186543,0000-0002-1900-3901,2020.0,4.0,openalex_author_id,A5018186543,middle,False,False,,,1.0,1
2,25,clementpitclaudel,Clément Pit-Claudel,OOPSLA_COMBINED,OOPSLA combined,2025,OOPSLA 2025,-1,2024,POPL,POPL,False,0,4.0,20.0,20.0,W4390604711,Mechanizing Refinement Types,Michael H. Borkowski; Niki Vazou; Ranjit Jhala,https://doi.org/10.1145/3632912,W2839528116,,,Clément Pit-Claudel,A5018186543,0000-0002-1900-3901,2019.0,5.0,openalex_author_id,A5018186543,middle,False,False,,,1.0,1
2,25,clementpitclaudel,Clément Pit-Claudel,OOPSLA_COMBINED,OOPSLA combined,2025,OOPSLA 2025,-1,2024,POPL,POPL,False,0,4.0,20.0,20.0,W4323076498,Securing Verified IO Programs Against Unverified Code in F*,Cezar-Constantin Andrici; Ştefan Ciobâcă; Cătălin Hriţcu; Guido Martínez; Exequiel Rivas; Éric Tanter; Théo Winterhalter,https://doi.org/10.1145/3632916,W2839528116,,,Clément Pit-Claudel,A5018186543,0000-0002-1900-3901,2019.0,5.0,openalex_author_id,A5018186543,middle,False,True,A5106466226; A5108010549,Aseem Rastogi; Chris Hawblitzel; Clément Pit-Claudel; Cătălin Hriţcu; Danel Ahman; Guido Martínez; Jonathan Protzenko; Monal Narasimhamurthy; Nick Giannarakis; Nikhil Swamy; Tahina Ramananandro; Victor Dumitrescu; Zoe Paraskevopoulou,1.0,1
2,25,clementpitclaudel,Clément Pit-Claudel,OOPSLA_COMBINED,OOPSLA combined,2025,OOPSLA 2025,-1,2024,POPL,POPL,False,0,4.0,20.0,20.0,W4390605451,Semantic Code Refactoring for Abstract Data Types,Shankara Pailoor; Yuepeng Wang; Işıl Dillig,https://doi.org/10.1145/3632870,W1976978933,,,Clément Pit-Claudel,A5018186543,0000-0002-1900-3901,2014.0,10.0,openalex_author_id,A5018186543,middle,False,False,,,1.0,1
2,25,clementpitclaudel,Clément Pit-Claudel,OOPSLA_COMBINED,OOPSLA combined,2025,OOPSLA 2025,-1,2024,POPL,POPL,False,0,4.0,20.0,20.0,W4390603519,VST-A: A Foundationally Sound Annotation Verifier,Litao Zhou; Jianxing Qin; Qinshi Wang; Andrew W. Appel; Qinxiang Cao,https://doi.org/10.1145/3632911,W2839528116,,,Clément Pit-Claudel,A5018186543,0000-0002-1900-3901,2019.0,5.0,openalex_author_id,A5018186543,middle,False,False,,,1.0,1
2,28,clementpitclaudel,Clément Pit-Claudel,OOPSLA_COMBINED,OOPSLA combined,2025,OOPSLA 2025,0,2025,ICFP,ICFP,False,0,1.0,20.0,5.0,W4412989132,Frex: Dependently Typed Algebraic Simplification,Guillaume Allais; Edwin Brady; Nathan Corbyn; Ohad Kammar; Jeremy Yallop,https://doi.org/10.1145/3747506,W2839528116,,,Clément Pit-Claudel,A5018186543,0000-0002-1900-3901,2019.0,6.0,openalex_author_id,A5018186543,middle,False,False,,,1.0,1
2,30,clementpitclaudel,Clément Pit-Claudel,OOPSLA_COMBINED,OOPSLA combined,2025,OOPSLA 2025,0,2025,OOPSLA,OOPSLA1,False,1,9.0,20.0,45.0,W4405730105,A Mechanized Semantics for Dataflow Circuits,Tony Law; Delphine Demange; Sandrine Blazy,https://doi.org/10.1145/3720432,W3033189783,,,Clément Pit-Claudel,A5018186543,0000-0002-1900-3901,2020.0,5.0,openalex_author_id,A5018186543,middle,False,False,,,1.0,1
2,30,clementpitclaudel,Clément Pit-Claudel,OOPSLA_COMBINED,OOPSLA combined,2025,OOPSLA 2025,0,2025,OOPSLA,OOPSLA2,False,1,9.0,20.0,45.0,W4414977271,Certified Decision Procedures for Width-Independent Bitvector Predicates,Siddharth Bhat; Léo Stefanesco; Chris Hughes; Tobias Grosser,https://doi.org/10.1145/3763148,W3033189783,,,Clément Pit-Claudel,A5018186543,0000-0002-1900-3901,2020.0,5.0,openalex_author_id,A5018186543,middle,False,False,,,1.0,1
2,30,clementpitclaudel,Clément Pit-Claudel,OOPSLA_COMBINED,OOPSLA combined,2025,OOPSLA 2025,0,2025,OOPSLA,OOPSLA1,False,1,9.0,20.0,45.0,W4409311790,Efficient Algorithms for the Uniform Tokenization Problem,Wu Angela Li; Konstantinos Mamouras,https://doi.org/10.1145/3720498,W4399851420,,,Clément Pit-Claudel,A5018186543,0000-0002-1900-3901,2024.0,1.0,openalex_author_id,A5018186543,last,False,False,,,1.0,1
2,30,clementpitclaudel,Clément Pit-Claudel,OOPSLA_COMBINED,OOPSLA combined,2025,OOPSLA 2025,0,2025,OOPSLA,OOPSLA2,False,1,9.0,20.0,45.0,W4414988704,Incremental Certified Programming,Tomás Díaz; Kenji Maillard; Nicolas Tabareau; Éric Tanter,https://doi.org/10.1145/3763068,W1976978933,,,Clément Pit-Claudel,A5018186543,0000-0002-1900-3901,2014.0,11.0,openalex_author_id,A5018186543,middle,False,False,,,1.0,1
2,30,clementpitclaudel,Clément Pit-Claudel,OOPSLA_COMBINED,OOPSLA combined,2025,OOPSLA 2025,0,2025,OOPSLA,OOPSLA2,False,1,9.0,20.0,45.0,W4414988704,Incremental Certified Programming,Tomás Díaz; Kenji Maillard; Nicolas Tabareau; Éric Tanter,https://doi.org/10.1145/3763068,W4391376921,,,Clément Pit-Claudel,A5018186543,0000-0002-1900-3901,2024.0,1.0,openalex_author_id,A5018186543,last,False,False,,,1.0,1
2,30,clementpitclaudel,Clément Pit-Claudel,OOPSLA_COMBINED,OOPSLA combined,2025,OOPSLA 2025,0,2025,OOPSLA,OOPSLA2,False,1,9.0,20.0,45.0,W4414988634,Interactive Bitvector Reasoning using Verified Bit-Blasting,Henrik Böving; Siddharth Bhat; Luisa Cicolini; Alex Keizer; Léon Frenot; Abdalrhman Mohamed; Léo Stefanesco; Harun Khan; Joshua Clune; Clark Barrett; Tobias Grosser,https://doi.org/10.1145/3763167,W3033189783,,,Clément Pit-Claudel,A5018186543,0000-0002-1900-3901,2020.0,5.0,openalex_author_id,A5018186543,middle,False,False,,,1.0,1
2,30,clementpitclaudel,Clément Pit-Claudel,OOPSLA_COMBINED,OOPSLA combined,2025,OOPSLA 2025,0,2025,OOPSLA,OOPSLA2,False,1,9.0,20.0,45.0,W4414977244,On the Impact of Formal Verification on Software Development,Eric Mugnier; Yuanyuan Zhou; Ranjit Jhala; Michael Coblenz,https://doi.org/10.1145/3763181,W4411552270,,,Clément Pit-Claudel,A5018186543,0000-0002-1900-3901,2025.0,0.0,openalex_author_id,A5018186543,middle,False,False,,,1.0,1
2,30,clementpitclaudel,Clément Pit-Claudel,OOPSLA_COMBINED,OOPSLA combined,2025,OOPSLA 2025,0,2025,OOPSLA,OOPSLA1,False,1,9.0,20.0,45.0,W4409310647,QED in Context: An Observation Study of Proof Assistant Users,Jessica Shi; Cassia Torczon; Harrison Goldstein; Benjamin C. Pierce; Andrew Head,https://doi.org/10.1145/3720426,W3106543884,,,Clément Pit-Claudel,A5018186543,0000-0002-1900-3901,2020.0,5.0,openalex_author_id,A5018186543,first,False,False,,,1.0,1
2,30,clementpitclaudel,Clément Pit-Claudel,OOPSLA_COMBINED,OOPSLA combined,2025,OOPSLA 2025,0,2025,OOPSLA,OOPSLA2,False,1,9.0,20.0,45.0,W4414977289,We’ve Got You Covered: Type-Guided Repair of Incomplete Input Generators,Patrick LaFontaine; Z. Zhou; Ashish Mishra; Suresh Jagannathan; Benjamin Delaware,https://doi.org/10.1145/3763158,W1976978933,,,Clément Pit-Claudel,A5018186543,0000-0002-1900-3901,2014.0,11.0,openalex_author_id,A5018186543,middle,False,True,A5073767542,Adam Chlipala; Benjamin Delaware; Clément Pit-Claudel; Jason Gross,1.0,1
2,31,clementpitclaudel,Clément Pit-Claudel,OOPSLA_COMBINED,OOPSLA combined,2025,OOPSLA 2025,0,2025,PLDI,PLDI,False,0,5.0,20.0,25.0,W4411260236,A Concurrent Approach to String Transformation Synthesis,Yuantian Ding; Xiaokang Qiu,https://doi.org/10.1145/3729336,W1976978933,,,Clément Pit-Claudel,A5018186543,0000-0002-1900-3901,2014.0,11.0,openalex_author_id,A5018186543,middle,False,False,,,1.0,1
2,31,clementpitclaudel,Clément Pit-Claudel,OOPSLA_COMBINED,OOPSLA combined,2025,OOPSLA 2025,0,2025,PLDI,PLDI,False,0,5.0,20.0,25.0,W4411260250,Certified Compilers à la Carte,Oghenevwogaga Ebresafe; Ian Zhao; Ende Jin; Arthur Bright; Charles Jian; Yizhou Zhang,https://doi.org/10.1145/3729261,W4281843089,,,Clément Pit-Claudel,A5018186543,0000-0002-1900-3901,2022.0,3.0,openalex_author_id,A5018186543,first,False,False,,,1.0,1
2,31,clementpitclaudel,Clément Pit-Claudel,OOPSLA_COMBINED,OOPSLA combined,2025,OOPSLA 2025,0,2025,PLDI,PLDI,False,0,5.0,20.0,25.0,W4411267083,Efficient Formal Verification of Quantum Error Correcting Programs,Qifan Huang; Li Zhou; Wang Fang; Mengyu Zhao; Mingsheng Ying,https://doi.org/10.1145/3729293,W2839528116,,,Clément Pit-Claudel,A5018186543,0000-0002-1900-3901,2019.0,6.0,openalex_author_id,A5018186543,middle,False,False,,,1.0,1
2,31,clementpitclaudel,Clément Pit-Claudel,OOPSLA_COMBINED,OOPSLA combined,2025,OOPSLA 2025,0,2025,PLDI,PLDI,False,0,5.0,20.0,25.0,W4411267937,Graphiti: Bridging Graph and Relational Database Queries,Yang He; Ruijie Fang; Işıl Dillig; Yuepeng Wang,https://doi.org/10.1145/3729319,W1976978933,,,Clément Pit-Claudel,A5018186543,0000-0002-1900-3901,2014.0,11.0,openalex_author_id,A5018186543,middle,False,False,,,1.0,1
2,31,clementpitclaudel,Clément Pit-Claudel,OOPSLA_COMBINED,OOPSLA combined,2025,OOPSLA 2025,0,2025,PLDI,PLDI,False,0,5.0,20.0,25.0,W4411267918,"Smooth, Integrated Proofs of Cryptographic Constant Time for Nondeterministic Programs and Compilers",Owen Conoly; Andres Erbsen; Adam Chlipala,https://doi.org/10.1145/3729318,W4399851201,,,Clément Pit-Claudel,A5018186543,0000-0002-1900-3901,2024.0,1.0,openalex_author_id,A5018186543,middle,False,True,A5078100439; A5082766906,Adam Chlipala; Andres Erbsen; Ashley Lin; Clément Pit-Claudel; Dustin Jamner; Jade Philipoom; Samuel Gruetter,1.0,1
2,29,clementpitclaudel,Clément Pit-Claudel,OOPSLA_COMBINED,OOPSLA combined,2025,OOPSLA 2025,0,2025,POPL,POPL,False,1,5.0,20.0,25.0,W4406221650,Automated Program Refinement: Guide and Verify Code Large Language Model with Refinement Calculus,Yufan Cai; Zhé Hóu; David Sanán; Xiaokun Luan; Yun Lin; Jun Sun; Jin Song Dong,https://doi.org/10.1145/3704905,W1976978933,,,Clément Pit-Claudel,A5018186543,0000-0002-1900-3901,2014.0,11.0,openalex_author_id,A5018186543,middle,False,False,,,1.0,1
2,29,clementpitclaudel,Clément Pit-Claudel,OOPSLA_COMBINED,OOPSLA combined,2025,OOPSLA 2025,0,2025,POPL,POPL,False,1,5.0,20.0,25.0,W4404307065,Axe ’Em: Eliminating Spurious States with Induction Axioms,Neta Elad; Sharon Shoham,https://doi.org/10.1145/3704853,W4391376921,,,Clément Pit-Claudel,A5018186543,0000-0002-1900-3901,2024.0,1.0,openalex_author_id,A5018186543,last,False,False,,,1.0,1
2,29,clementpitclaudel,Clément Pit-Claudel,OOPSLA_COMBINED,OOPSLA combined,2025,OOPSLA 2025,0,2025,POPL,POPL,False,1,5.0,20.0,25.0,W4406235147,"RE#: High Performance Derivative-Based Regex Matching with Intersection, Complement, and Restricted Lookarounds",Ian Erik Varatalu; Margus Veanes; Juhan-Peep Ernits,https://doi.org/10.1145/3704837,W4399851420,,,Clément Pit-Claudel,A5018186543,0000-0002-1900-3901,2024.0,1.0,openalex_author_id,A5018186543,last,False,False,,,1.0,1
2,29,clementpitclaudel,Clément Pit-Claudel,OOPSLA_COMBINED,OOPSLA combined,2025,OOPSLA 2025,0,2025,POPL,POPL,False,1,5.0,20.0,25.0,W4406221679,TensorRight: Automated Verification of Tensor Graph Rewrites,Jai Arora; Sirui Lu; Devansh Jain; Tianfan Xu; Farzin Houshmand; Phitchaya Mangpo Phothilimthana; Mohsen Lesani; Praveen Narayanan; Karthik Murthy; Rastislav Bodík; Amit Sabne; Charith Mendis,https://doi.org/10.1145/3704865,W1976978933,,,Clément Pit-Claudel,A5018186543,0000-0002-1900-3901,2014.0,11.0,openalex_author_id,A5018186543,middle,False,False,,,1.0,1
2,29,clementpitclaudel,Clément Pit-Claudel,OOPSLA_COMBINED,OOPSLA combined,2025,OOPSLA 2025,0,2025,POPL,POPL,False,1,5.0,20.0,25.0,W4406234930,Unifying Compositional Verification and Certified Compilation with a Three-Dimensional Refinement Algebra,Yu Zhang; Jérémie Koenig; Zhong Shao; Yuting Wang,https://doi.org/10.1145/3704900,W4399851201,,,Clément Pit-Claudel,A5018186543,0000-0002-1900-3901,2024.0,1.0,openalex_author_id,A5018186543,middle,False,False,,,1.0,1
3,40,viktorkuncak,Viktor Kunčak,OOPSLA,OOPSLA,2020,OOPSLA 2020,-2,2018,ICFP,ICFP,False,0,1.0,30.0,3.3333333333333335,W2885066046,Synthesizing quotient lenses,Solomon Maina; Anders Miltner; Kathleen Fisher; Benjamin C. Pierce; David Walker; Steve Zdancewic,https://doi.org/10.1145/3236775,W2157976942,,,Viktor Kunčak,A5008699657,0000-0001-7044-9522,2013.0,5.0,openalex_author_id,A5008699657,middle,False,False,,,1.0,1
3,42,viktorkuncak,Viktor Kunčak,OOPSLA,OOPSLA,2020,OOPSLA 2020,-2,2018,OOPSLA,OOPSLA,True,0,5.0,30.0,16.666666666666664,W2898319337,Automatic diagnosis and correction of logical errors for functional programming assignments,Junho Lee; Dowon Song; Sunbeom So; Hakjoo Oh,https://doi.org/10.1145/3276528,W2091385303,,,Viktor Kunčak,A5008699657,0000-0001-7044-9522,2013.0,5.0,openalex_author_id,A5008699657,middle,False,False,,,1.0,1
3,42,viktorkuncak,Viktor Kunčak,OOPSLA,OOPSLA,2020,OOPSLA 2020,-2,2018,OOPSLA,OOPSLA,True,0,5.0,30.0,16.666666666666664,W2898319337,Automatic diagnosis and correction of logical errors for functional programming assignments,Junho Lee; Dowon Song; Sunbeom So; Hakjoo Oh,https://doi.org/10.1145/3276528,W3013861782,,,Viktor Kunčak,A5008699657,0000-0001-7044-9522,2013.0,5.0,openalex_author_id,A5008699657,middle,False,False,,,1.0,1
3,42,viktorkuncak,Viktor Kunčak,OOPSLA,OOPSLA,2020,OOPSLA 2020,-2,2018,OOPSLA,OOPSLA,True,0,5.0,30.0,16.666666666666664,W2898319337,Automatic diagnosis and correction of logical errors for functional programming assignments,Junho Lee; Dowon Song; Sunbeom So; Hakjoo Oh,https://doi.org/10.1145/3276528,W989845945,,,Viktor Kunčak,A5008699657,0000-0001-7044-9522,2015.0,3.0,openalex_author_id,A5008699657,last,False,False,,,1.0,1
3,42,viktorkuncak,Viktor Kunčak,OOPSLA,OOPSLA,2020,OOPSLA 2020,-2,2018,OOPSLA,OOPSLA,True,0,5.0,30.0,16.666666666666664,W2890873226,Bidirectional evaluation with direct manipulation,Mikaël Mayer; Viktor Kunčak; Ravi Chugh,https://doi.org/10.1145/3276497,W2890873226,,,Viktor Kunčak,A5008699657,0000-0001-7044-9522,2018.0,0.0,openalex_author_id,A5008699657,middle,True,True,A5004759757; A5008699657; A5020869737,Mikaël Mayer; Ravi Chugh; Viktor Kunčak,1.0,1
3,42,viktorkuncak,Viktor Kunčak,OOPSLA,OOPSLA,2020,OOPSLA 2020,-2,2018,OOPSLA,OOPSLA,True,0,5.0,30.0,16.666666666666664,W2890639568,Relational program synthesis,Yuepeng Wang; Xinyu Wang; Işıl Dillig,https://doi.org/10.1145/3276525,W2091385303,,,Viktor Kunčak,A5008699657,0000-0001-7044-9522,2013.0,5.0,openalex_author_id,A5008699657,middle,False,False,,,1.0,1
3,43,viktorkuncak,Viktor Kunčak,OOPSLA,OOPSLA,2020,OOPSLA 2020,-2,2018,PLDI,PLDI,False,0,5.0,30.0,16.666666666666664,W2798628553,Accelerating search-based program synthesis using learned probabilistic models,Woosuk Lee; Kihong Heo; Rajeev Alur; Mayur Naik,https://doi.org/10.1145/3192366.3192410,W1912569824,,,Viktor Kunčak,A5008699657,0000-0001-7044-9522,2015.0,3.0,openalex_author_id,A5008699657,middle,False,False,,,1.0,1
3,43,viktorkuncak,Viktor Kunčak,OOPSLA,OOPSLA,2020,OOPSLA 2020,-2,2018,PLDI,PLDI,False,0,5.0,30.0,16.666666666666664,W2768683713,Bounded expectations: resource analysis for probabilistic programs,Van Chan Ngo; Quentin Carbonneaux; Jan Hoffmann,https://doi.org/10.1145/3192366.3192394,W2565399133,,,Viktor Kunčak,A5008699657,0000-0001-7044-9522,2016.0,2.0,openalex_author_id,A5008699657,last,False,False,,,1.0,1
3,43,viktorkuncak,Viktor Kunčak,OOPSLA,OOPSLA,2020,OOPSLA 2020,-2,2018,PLDI,PLDI,False,0,5.0,30.0,16.666666666666664,W2798954527,Finding root causes of floating point error,Alex Sanchez-Stern; Pavel Panchekha; Sorin Lerner; Zachary Tatlock,https://doi.org/10.1145/3192366.3192411,W2103953062,,,Viktor Kunčak,A5008699657,0000-0001-7044-9522,2014.0,4.0,openalex_author_id,A5008699657,last,False,False,,,1.0,1
3,43,viktorkuncak,Viktor Kunčak,OOPSLA,OOPSLA,2020,OOPSLA 2020,-2,2018,PLDI,PLDI,False,0,5.0,30.0,16.666666666666664,W2799052418,PMAF: an algebraic framework for static analysis of probabilistic programs,Di Wang; Jan Hoffmann; Thomas Reps,https://doi.org/10.1145/3192366.3192408,W2103953062,,,Viktor Kunčak,A5008699657,0000-0001-7044-9522,2014.0,4.0,openalex_author_id,A5008699657,last,False,False,,,1.0,1
3,43,viktorkuncak,Viktor Kunčak,OOPSLA,OOPSLA,2020,OOPSLA 2020,-2,2018,PLDI,PLDI,False,0,5.0,30.0,16.666666666666664,W2964240296,Program synthesis using conflict-driven learning,Yu Feng; Ruben Martins; Osbert Bastani; Işıl Dillig,https://doi.org/10.1145/3192366.3192382,W2157976942,,,Viktor Kunčak,A5008699657,0000-0001-7044-9522,2013.0,5.0,openalex_author_id,A5008699657,middle,False,False,,,1.0,1
3,41,viktorkuncak,Viktor Kunčak,OOPSLA,OOPSLA,2020,OOPSLA 2020,-2,2018,POPL,POPL,False,0,19.0,30.0,63.33333333333333,W2741572329,Bonsai: synthesis-based reasoning for type systems,Kartik Chandra; Rastislav Bodík,https://doi.org/10.1145/3158150,W2115261880,,,Viktor Kunčak,A5008699657,0000-0001-7044-9522,2012.0,6.0,openalex_author_id,A5008699657,middle,False,False,,,1.0,1
3,41,viktorkuncak,Viktor Kunčak,OOPSLA,OOPSLA,2020,OOPSLA 2020,-2,2018,POPL,POPL,False,0,19.0,30.0,63.33333333333333,W2741572329,Bonsai: synthesis-based reasoning for type systems,Kartik Chandra; Rastislav Bodík,https://doi.org/10.1145/3158150,W4243882797,,,Viktor Kunčak,A5008699657,0000-0001-7044-9522,2012.0,6.0,openalex_author_id,A5008699657,middle,False,False,,,1.0,1
3,41,viktorkuncak,Viktor Kunčak,OOPSLA,OOPSLA,2020,OOPSLA 2020,-2,2018,POPL,POPL,False,0,19.0,30.0,63.33333333333333,W2777169505,Foundations for natural proofs and quantifier instantiation,Christof Löding; P. Madhusudan; Lucas Peña,https://doi.org/10.1145/3158098,W2162315884,,,Viktor Kunčak,A5008699657,0000-0001-7044-9522,2010.0,8.0,openalex_author_id,A5008699657,last,False,False,,,1.0,1
3,41,viktorkuncak,Viktor Kunčak,OOPSLA,OOPSLA,2020,OOPSLA 2020,-2,2018,POPL,POPL,False,0,19.0,30.0,63.33333333333333,W2777305358,Generating good generators for inductive relations,Leonidas Lampropoulos; Zoe Paraskevopoulou; Benjamin C. Pierce,https://doi.org/10.1145/3158133,W1990069336,,,Viktor Kunčak,A5008699657,0000-0001-7044-9522,2015.0,3.0,openalex_author_id,A5008699657,middle,False,False,,,1.0,1
3,41,viktorkuncak,Viktor Kunčak,OOPSLA,OOPSLA,2020,OOPSLA 2020,-2,2018,POPL,POPL,False,0,19.0,30.0,63.33333333333333,W2777305358,Generating good generators for inductive relations,Leonidas Lampropoulos; Zoe Paraskevopoulou; Benjamin C. Pierce,https://doi.org/10.1145/3158133,W2005957051,,,Viktor Kunčak,A5008699657,0000-0001-7044-9522,2014.0,4.0,openalex_author_id,A5008699657,last,False,False,,,1.0,1
3,41,viktorkuncak,Viktor Kunčak,OOPSLA,OOPSLA,2020,OOPSLA 2020,-2,2018,POPL,POPL,False,0,19.0,30.0,63.33333333333333,W2777305358,Generating good generators for inductive relations,Leonidas Lampropoulos; Zoe Paraskevopoulou; Benjamin C. Pierce,https://doi.org/10.1145/3158133,W2118155805,,,Viktor Kunčak,A5008699657,0000-0001-7044-9522,2010.0,8.0,openalex_author_id,A5008699657,middle,False,False,,,1.0,1
3,41,viktorkuncak,Viktor Kunčak,OOPSLA,OOPSLA,2020,OOPSLA 2020,-2,2018,POPL,POPL,False,0,19.0,30.0,63.33333333333333,W2776364995,Monadic refinements for relational cost analysis,Ivan Radiček; Gilles Barthe; Marco Gaboardi; Deepak Garg; Florian Zuleger,https://doi.org/10.1145/3158124,W2565399133,,,Viktor Kunčak,A5008699657,0000-0001-7044-9522,2016.0,2.0,openalex_author_id,A5008699657,last,False,False,,,1.0,1
3,41,viktorkuncak,Viktor Kunčak,OOPSLA,OOPSLA,2020,OOPSLA 2020,-2,2018,POPL,POPL,False,0,19.0,30.0,63.33333333333333,W2772436979,On automatically proving the correctness of math.h implementations,Wonyeol Lee; Rahul Sharma; Alex Aiken,https://doi.org/10.1145/3158135,W2103953062,,,Viktor Kunčak,A5008699657,0000-0001-7044-9522,2014.0,4.0,openalex_author_id,A5008699657,last,False,False,,,1.0,1
3,41,viktorkuncak,Viktor Kunčak,OOPSLA,OOPSLA,2020,OOPSLA 2020,-2,2018,POPL,POPL,False,0,19.0,30.0,63.33333333333333,W2772436979,On automatically proving the correctness of math.h implementations,Wonyeol Lee; Rahul Sharma; Alex Aiken,https://doi.org/10.1145/3158135,W3107039920,,,Viktor Kunčak,A5008699657,0000-0001-7044-9522,2014.0,4.0,openalex_author_id,A5008699657,last,False,False,,,1.0,1
3,41,viktorkuncak,Viktor Kunčak,OOPSLA,OOPSLA,2020,OOPSLA 2020,-2,2018,POPL,POPL,False,0,19.0,30.0,63.33333333333333,W2765742677,Program synthesis using abstraction refinement,Xinyu Wang; Işıl Dillig; Rishabh Singh,https://doi.org/10.1145/3158151,W1949522686,,,Viktor Kunčak,A5008699657,0000-0001-7044-9522,2014.0,4.0,openalex_author_id,A5008699657,last,False,False,,,1.0,1
3,41,viktorkuncak,Viktor Kunčak,OOPSLA,OOPSLA,2020,OOPSLA 2020,-2,2018,POPL,POPL,False,0,19.0,30.0,63.33333333333333,W2767258384,Refinement reflection: complete verification with SMT,Niki Vazou; Anish Tondwalkar; Vikraman Choudhury; Ryan G. Scott; Ryan R. Newton; Philip Wadler; Ranjit Jhala,https://doi.org/10.1145/3158141,W100631053,,,Viktor Kunčak,A5008699657,0000-0001-7044-9522,2011.0,7.0,openalex_author_id,A5008699657,last,False,False,,,1.0,1
3,41,viktorkuncak,Viktor Kunčak,OOPSLA,OOPSLA,2020,OOPSLA 2020,-2,2018,POPL,POPL,False,0,19.0,30.0,63.33333333333333,W2767258384,Refinement reflection: complete verification with SMT,Niki Vazou; Anish Tondwalkar; Vikraman Choudhury; Ryan G. Scott; Ryan R. Newton; Philip Wadler; Ranjit Jhala,https://doi.org/10.1145/3158141,W2162315884,,,Viktor Kunčak,A5008699657,0000-0001-7044-9522,2010.0,8.0,openalex_author_id,A5008699657,last,False,False,,,1.0,1
3,41,viktorkuncak,Viktor Kunčak,OOPSLA,OOPSLA,2020,OOPSLA 2020,-2,2018,POPL,POPL,False,0,19.0,30.0,63.33333333333333,W2778034045,Strategy synthesis for linear arithmetic games,Azadeh Farzan; Zachary Kincaid,https://doi.org/10.1145/3158149,W1912569824,,,Viktor Kunčak,A5008699657,0000-0001-7044-9522,2015.0,3.0,openalex_author_id,A5008699657,middle,False,False,,,1.0,1
3,41,viktorkuncak,Viktor Kunčak,OOPSLA,OOPSLA,2020,OOPSLA 2020,-2,2018,POPL,POPL,False,0,19.0,30.0,63.33333333333333,W2778034045,Strategy synthesis for linear arithmetic games,Azadeh Farzan; Zachary Kincaid,https://doi.org/10.1145/3158149,W2105315191,,,Viktor Kunčak,A5008699657,0000-0001-7044-9522,2010.0,8.0,openalex_author_id,A5008699657,first,False,False,,,1.0,1
3,41,viktorkuncak,Viktor Kunčak,OOPSLA,OOPSLA,2020,OOPSLA 2020,-2,2018,POPL,POPL,False,0,19.0,30.0,63.33333333333333,W2777460097,Symbolic types for lenient symbolic execution,Stephen Chang; Alex Knauth; Emina Torlak,https://doi.org/10.1145/3158128,W2091723900,,,Viktor Kunčak,A5008699657,0000-0001-7044-9522,2013.0,5.0,openalex_author_id,A5008699657,middle,False,False,,,1.0,1
3,41,viktorkuncak,Viktor Kunčak,OOPSLA,OOPSLA,2020,OOPSLA 2020,-2,2018,POPL,POPL,False,0,19.0,30.0,63.33333333333333,W2777460097,Symbolic types for lenient symbolic execution,Stephen Chang; Alex Knauth; Emina Torlak,https://doi.org/10.1145/3158128,W2115261880,,,Viktor Kunčak,A5008699657,0000-0001-7044-9522,2012.0,6.0,openalex_author_id,A5008699657,middle,False,False,,,1.0,1
3,41,viktorkuncak,Viktor Kunčak,OOPSLA,OOPSLA,2020,OOPSLA 2020,-2,2018,POPL,POPL,False,0,19.0,30.0,63.33333333333333,W2777460097,Symbolic types for lenient symbolic execution,Stephen Chang; Alex Knauth; Emina Torlak,https://doi.org/10.1145/3158128,W4243882797,,,Viktor Kunčak,A5008699657,0000-0001-7044-9522,2012.0,6.0,openalex_author_id,A5008699657,middle,False,False,,,1.0,1
3,41,viktorkuncak,Viktor Kunčak,OOPSLA,OOPSLA,2020,OOPSLA 2020,-2,2018,POPL,POPL,False,0,19.0,30.0,63.33333333333333,W2764230631,Synthesizing bijective lenses,Anders Miltner; Kathleen Fisher; Benjamin C. Pierce; David Walker; Steve Zdancewic,https://doi.org/10.1145/3158089,W2157976942,,,Viktor Kunčak,A5008699657,0000-0001-7044-9522,2013.0,5.0,openalex_author_id,A5008699657,middle,False,False,,,1.0,1
3,41,viktorkuncak,Viktor Kunčak,OOPSLA,OOPSLA,2020,OOPSLA 2020,-2,2018,POPL,POPL,False,0,19.0,30.0,63.33333333333333,W2754729435,Synthesizing coupling proofs of differential privacy,Aws Albarghouthi; Justin Hsu,https://doi.org/10.1145/3158146,W1544283013,,,Viktor Kunčak,A5008699657,0000-0001-7044-9522,2012.0,6.0,openalex_author_id,A5008699657,middle,False,False,,,1.0,1
3,44,viktorkuncak,Viktor Kunčak,OOPSLA,OOPSLA,2020,OOPSLA 2020,-1,2019,ICFP,ICFP,False,0,2.0,31.0,6.451612903225806,W2966873892,Narcissus: correct-by-construction derivation of decoders and encoders from binary formats,Benjamin Delaware; Sorawit Suriyakarn; Clément Pit-Claudel; Qianchuan Ye; Adam Chlipala,https://doi.org/10.1145/3341686,W2091385303,,,Viktor Kunčak,A5008699657,0000-0001-7044-9522,2013.0,6.0,openalex_author_id,A5008699657,middle,False,False,,,1.0,1
3,44,viktorkuncak,Viktor Kunčak,OOPSLA,OOPSLA,2020,OOPSLA 2020,-1,2019,ICFP,ICFP,False,0,2.0,31.0,6.451612903225806,W2898173416,Synthesizing symmetric lenses,Anders Miltner; Solomon Maina; Kathleen Fisher; Benjamin C. Pierce; David Walker; Steve Zdancewic,https://doi.org/10.1145/3341699,W2157976942,,,Viktor Kunčak,A5008699657,0000-0001-7044-9522,2013.0,6.0,openalex_author_id,A5008699657,middle,False,False,,,1.0,1
3,46,viktorkuncak,Viktor Kunčak,OOPSLA,OOPSLA,2020,OOPSLA 2020,-1,2019,OOPSLA,OOPSLA,True,0,8.0,31.0,25.806451612903224,W2979368354,Automatic and scalable detection of logical errors in functional programming assignments,Dowon Song; Myungho Lee; Hakjoo Oh,https://doi.org/10.1145/3360614,W2091385303,,,Viktor Kunčak,A5008699657,0000-0001-7044-9522,2013.0,6.0,openalex_author_id,A5008699657,middle,False,False,,,1.0,1
3,46,viktorkuncak,Viktor Kunčak,OOPSLA,OOPSLA,2020,OOPSLA 2020,-1,2019,OOPSLA,OOPSLA,True,0,8.0,31.0,25.806451612903224,W2980167976,"Coverage guided, property based testing",Leonidas Lampropoulos; Michael Hicks; Benjamin C. Pierce,https://doi.org/10.1145/3360607,W2118155805,,,Viktor Kunčak,A5008699657,0000-0001-7044-9522,2010.0,9.0,openalex_author_id,A5008699657,middle,False,False,,,1.0,1
3,46,viktorkuncak,Viktor Kunčak,OOPSLA,OOPSLA,2020,OOPSLA 2020,-1,2019,OOPSLA,OOPSLA,True,0,8.0,31.0,25.806451612903224,W2980194351,"Design, implementation, and application of GPU-based Java bytecode interpreters",Ahmet Çelik; Pengyu Nie; Christopher J. Rossbach; Milos Gligoric,https://doi.org/10.1145/3360603,W1990069336,,,Viktor Kunčak,A5008699657,0000-0001-7044-9522,2015.0,4.0,openalex_author_id,A5008699657,middle,False,False,,,1.0,1
3,46,viktorkuncak,Viktor Kunčak,OOPSLA,OOPSLA,2020,OOPSLA 2020,-1,2019,OOPSLA,OOPSLA,True,0,8.0,31.0,25.806451612903224,W2980266434,Program synthesis with algebraic library specifications,Benjamin Mariano; Josh Reese; Siyuan Xu; ThanhVu Nguyen; Xiaokang Qiu; Jeffrey S. Foster; Armando Solar-Lezama,https://doi.org/10.1145/3360558,W100631053,,,Viktor Kunčak,A5008699657,0000-0001-7044-9522,2011.0,8.0,openalex_author_id,A5008699657,last,False,False,,,1.0,1
3,46,viktorkuncak,Viktor Kunčak,OOPSLA,OOPSLA,2020,OOPSLA 2020,-1,2019,OOPSLA,OOPSLA,True,0,8.0,31.0,25.806451612903224,W2927725532,System FR: formalized foundations for the stainless verifier,Jad Hamza; Nicolas Voirol; Viktor Kunčak,https://doi.org/10.1145/3360592,W2118922803,,,Viktor Kunčak,A5008699657,0000-0001-7044-9522,2015.0,4.0,openalex_author_id,A5008699657,last,False,False,,,1.0,1
3,46,viktorkuncak,Viktor Kunčak,OOPSLA,OOPSLA,2020,OOPSLA 2020,-1,2019,OOPSLA,OOPSLA,True,0,8.0,31.0,25.806451612903224,W2927725532,System FR: formalized foundations for the stainless verifier,Jad Hamza; Nicolas Voirol; Viktor Kunčak,https://doi.org/10.1145/3360592,W2126001891,,,Viktor Kunčak,A5008699657,0000-0001-7044-9522,2015.0,4.0,openalex_author_id,A5008699657,last,False,False,,,1.0,1
3,46,viktorkuncak,Viktor Kunčak,OOPSLA,OOPSLA,2020,OOPSLA 2020,-1,2019,OOPSLA,OOPSLA,True,0,8.0,31.0,25.806451612903224,W2971743981,TLA+ model checking made symbolic,Igor Konnov; Jure Kukovec; Thanh-Hai Tran,https://doi.org/10.1145/3360549,W1525684574,,,Viktor Kunčak,A5008699657,0000-0001-7044-9522,2010.0,9.0,openalex_author_id,A5008699657,last,False,False,,,1.0,1
3,46,viktorkuncak,Viktor Kunčak,OOPSLA,OOPSLA,2020,OOPSLA 2020,-1,2019,OOPSLA,OOPSLA,True,0,8.0,31.0,25.806451612903224,W2971743981,TLA+ model checking made symbolic,Igor Konnov; Jure Kukovec; Thanh-Hai Tran,https://doi.org/10.1145/3360549,W2168838065,,,Viktor Kunčak,A5008699657,0000-0001-7044-9522,2005.0,14.0,openalex_author_id,A5008699657,first,False,False,,,1.0,1
3,47,viktorkuncak,Viktor Kunčak,OOPSLA,OOPSLA,2020,OOPSLA 2020,-1,2019,PLDI,PLDI,False,0,11.0,31.0,35.483870967741936,W2902032143,Compiling KB-sized machine learning models to tiny IoT devices,Sridhar Gopinath; Nikhil Pratap Ghanathe; Vivek Seshadri; Rahul Sharma,https://doi.org/10.1145/3314221.3314597,W2038705805,,,Viktor Kunčak,A5008699657,0000-0001-7044-9522,2013.0,6.0,openalex_author_id,A5008699657,middle,False,False,,,1.0,1
3,47,viktorkuncak,Viktor Kunčak,OOPSLA,OOPSLA,2020,OOPSLA 2020,-1,2019,PLDI,PLDI,False,0,11.0,31.0,35.483870967741936,W2902032143,Compiling KB-sized machine learning models to tiny IoT devices,Sridhar Gopinath; Nikhil Pratap Ghanathe; Vivek Seshadri; Rahul Sharma,https://doi.org/10.1145/3314221.3314597,W2103953062,,,Viktor Kunčak,A5008699657,0000-0001-7044-9522,2014.0,5.0,openalex_author_id,A5008699657,last,False,False,,,1.0,1
3,47,viktorkuncak,Viktor Kunčak,OOPSLA,OOPSLA,2020,OOPSLA 2020,-1,2019,PLDI,PLDI,False,0,11.0,31.0,35.483870967741936,W2902032143,Compiling KB-sized machine learning models to tiny IoT devices,Sridhar Gopinath; Nikhil Pratap Ghanathe; Vivek Seshadri; Rahul Sharma,https://doi.org/10.1145/3314221.3314597,W2299696796,,,Viktor Kunčak,A5008699657,0000-0001-7044-9522,2017.0,2.0,openalex_author_id,A5008699657,last,False,False,,,1.0,1
3,47,viktorkuncak,Viktor Kunčak,OOPSLA,OOPSLA,2020,OOPSLA 2020,-1,2019,PLDI,PLDI,False,0,11.0,31.0,35.483870967741936,W2956055894,Effective floating-point analysis via weak-distance minimization,Zhoulai Fu; Zhendong Su,https://doi.org/10.1145/3314221.3314632,W2299696796,,,Viktor Kunčak,A5008699657,0000-0001-7044-9522,2017.0,2.0,openalex_author_id,A5008699657,last,False,False,,,1.0,1
3,47,viktorkuncak,Viktor Kunčak,OOPSLA,OOPSLA,2020,OOPSLA 2020,-1,2019,PLDI,PLDI,False,0,11.0,31.0,35.483870967741936,W2953958793,Lazy counterfactual symbolic execution,William T. Hallahan; Anton Xue; Maxwell Bland; Ranjit Jhala; Ružica Piskač,https://doi.org/10.1145/3314221.3314618,W2115261880,,,Viktor Kunčak,A5008699657,0000-0001-7044-9522,2012.0,7.0,openalex_author_id,A5008699657,middle,False,False,,,1.0,1
3,47,viktorkuncak,Viktor Kunčak,OOPSLA,OOPSLA,2020,OOPSLA 2020,-1,2019,PLDI,PLDI,False,0,11.0,31.0,35.483870967741936,W2953958793,Lazy counterfactual symbolic execution,William T. Hallahan; Anton Xue; Maxwell Bland; Ranjit Jhala; Ružica Piskač,https://doi.org/10.1145/3314221.3314618,W4243882797,,,Viktor Kunčak,A5008699657,0000-0001-7044-9522,2012.0,7.0,openalex_author_id,A5008699657,middle,False,False,,,1.0,1
3,47,viktorkuncak,Viktor Kunčak,OOPSLA,OOPSLA,2020,OOPSLA 2020,-1,2019,PLDI,PLDI,False,0,11.0,31.0,35.483870967741936,W2955030688,Learning stateful preconditions modulo a test generator,Angello Astorga; P. Madhusudan; Shambwaditya Saha; Shiyu Wang; Tao Xie,https://doi.org/10.1145/3314221.3314641,W2589084440,,,Viktor Kunčak,A5008699657,0000-0001-7044-9522,2017.0,2.0,openalex_author_id,A5008699657,middle,False,False,,,1.0,1
3,47,viktorkuncak,Viktor Kunčak,OOPSLA,OOPSLA,2020,OOPSLA 2020,-1,2019,PLDI,PLDI,False,0,11.0,31.0,35.483870967741936,W2937166643,Resource-guided program synthesis,Tristan Knoth; Di Wang; Nadia Polikarpova; Jan Hoffmann,https://doi.org/10.1145/3314221.3314602,W2091385303,,,Viktor Kunčak,A5008699657,0000-0001-7044-9522,2013.0,6.0,openalex_author_id,A5008699657,middle,False,False,,,1.0,1
3,47,viktorkuncak,Viktor Kunčak,OOPSLA,OOPSLA,2020,OOPSLA 2020,-1,2019,PLDI,PLDI,False,0,11.0,31.0,35.483870967741936,W2924130083,SLING: using dynamic analysis to infer program invariants in separation logic,Ton Chanh Le; Guolong Zheng; ThanhVu Nguyen,https://doi.org/10.1145/3314221.3314634,W1561702747,,,Viktor Kunčak,A5008699657,0000-0001-7044-9522,2008.0,11.0,openalex_author_id,A5008699657,middle,False,False,,,1.0,1
3,47,viktorkuncak,Viktor Kunčak,OOPSLA,OOPSLA,2020,OOPSLA 2020,-1,2019,PLDI,PLDI,False,0,11.0,31.0,35.483870967741936,W2954219808,Sparse computation data dependence simplification for efficient compiler-generated inspectors,Mahdi Soltan Mohammadi; Tomofumi Yuki; Kazem Cheshmi; Eddie C. Davis; Mary Hall; Maryam Mehri Dehnavi; Payal Nandy; Catherine Olschanowsky; Anand Venkat; Michelle Mills Strout,https://doi.org/10.1145/3314221.3314646,W2950481720,,,Viktor Kunčak,A5008699657,0000-0001-7044-9522,2015.0,4.0,openalex_author_id,A5008699657,middle,False,False,,,1.0,1
3,47,viktorkuncak,Viktor Kunčak,OOPSLA,OOPSLA,2020,OOPSLA 2020,-1,2019,PLDI,PLDI,False,0,11.0,31.0,35.483870967741936,W2947774097,Synthesis and machine learning for heterogeneous extraction,Arun Iyer; Manohar Jonnalagedda; Suresh Parthasarathy; Arjun Radhakrishna; Sriram K. Rajamani,https://doi.org/10.1145/3314221.3322485,W1912569824,,,Viktor Kunčak,A5008699657,0000-0001-7044-9522,2015.0,4.0,openalex_author_id,A5008699657,middle,False,False,,,1.0,1
3,45,viktorkuncak,Viktor Kunčak,OOPSLA,OOPSLA,2020,OOPSLA 2020,-1,2019,POPL,POPL,False,0,10.0,31.0,32.25806451612903,W2899590559,FrAngel: component-based synthesis with control structures,Kensen Shi; Jacob Steinhardt; Percy Liang,https://doi.org/10.1145/3290386,W1549970146,,,Viktor Kunčak,A5008699657,0000-0001-7044-9522,2011.0,8.0,openalex_author_id,A5008699657,middle,False,False,,,1.0,1
3,45,viktorkuncak,Viktor Kunčak,OOPSLA,OOPSLA,2020,OOPSLA 2020,-1,2019,POPL,POPL,False,0,10.0,31.0,32.25806451612903,W2899590559,FrAngel: component-based synthesis with control structures,Kensen Shi; Jacob Steinhardt; Percy Liang,https://doi.org/10.1145/3290386,W2157976942,,,Viktor Kunčak,A5008699657,0000-0001-7044-9522,2013.0,6.0,openalex_author_id,A5008699657,middle,False,False,,,1.0,1
3,45,viktorkuncak,Viktor Kunčak,OOPSLA,OOPSLA,2020,OOPSLA 2020,-1,2019,POPL,POPL,False,0,10.0,31.0,32.25806451612903,W2900394527,Hamsaz: replication coordination analysis and synthesis,Farzin Houshmand; Mohsen Lesani,https://doi.org/10.1145/3290387,W1607550340,,,Viktor Kunčak,A5008699657,0000-0001-7044-9522,2007.0,12.0,openalex_author_id,A5008699657,first,False,False,,,1.0,1
3,45,viktorkuncak,Viktor Kunčak,OOPSLA,OOPSLA,2020,OOPSLA 2020,-1,2019,POPL,POPL,False,0,10.0,31.0,32.25806451612903,W2899983867,JaVerT 2.0: compositional symbolic execution for JavaScript,José Fragoso Santos; Petar Maksimović; Gabriela Sampaio; Philippa Gardner,https://doi.org/10.1145/3290379,W1561702747,,,Viktor Kunčak,A5008699657,0000-0001-7044-9522,2008.0,11.0,openalex_author_id,A5008699657,middle,False,False,,,1.0,1
3,45,viktorkuncak,Viktor Kunčak,OOPSLA,OOPSLA,2020,OOPSLA 2020,-1,2019,POPL,POPL,False,0,10.0,31.0,32.25806451612903,W2883187296,Structuring the synthesis of heap-manipulating programs,Nadia Polikarpova; Ilya Sergey,https://doi.org/10.1145/3290385,W1566438397,,,Viktor Kunčak,A5008699657,0000-0001-7044-9522,2013.0,6.0,openalex_author_id,A5008699657,middle,False,False,,,1.0,1
3,45,viktorkuncak,Viktor Kunčak,OOPSLA,OOPSLA,2020,OOPSLA 2020,-1,2019,POPL,POPL,False,0,10.0,31.0,32.25806451612903,W2883187296,Structuring the synthesis of heap-manipulating programs,Nadia Polikarpova; Ilya Sergey,https://doi.org/10.1145/3290385,W1912569824,,,Viktor Kunčak,A5008699657,0000-0001-7044-9522,2015.0,4.0,openalex_author_id,A5008699657,middle,False,False,,,1.0,1
3,45,viktorkuncak,Viktor Kunčak,OOPSLA,OOPSLA,2020,OOPSLA 2020,-1,2019,POPL,POPL,False,0,10.0,31.0,32.25806451612903,W2883187296,Structuring the synthesis of heap-manipulating programs,Nadia Polikarpova; Ilya Sergey,https://doi.org/10.1145/3290385,W2091385303,,,Viktor Kunčak,A5008699657,0000-0001-7044-9522,2013.0,6.0,openalex_author_id,A5008699657,middle,False,False,,,1.0,1
3,45,viktorkuncak,Viktor Kunčak,OOPSLA,OOPSLA,2020,OOPSLA 2020,-1,2019,POPL,POPL,False,0,10.0,31.0,32.25806451612903,W2883187296,Structuring the synthesis of heap-manipulating programs,Nadia Polikarpova; Ilya Sergey,https://doi.org/10.1145/3290385,W2105315191,,,Viktor Kunčak,A5008699657,0000-0001-7044-9522,2010.0,9.0,openalex_author_id,A5008699657,first,False,False,,,1.0,1
3,45,viktorkuncak,Viktor Kunčak,OOPSLA,OOPSLA,2020,OOPSLA 2020,-1,2019,POPL,POPL,False,0,10.0,31.0,32.25806451612903,W2899277098,Trace abstraction modulo probability,Calvin Smith; Justin Hsu; Aws Albarghouthi,https://doi.org/10.1145/3290352,W1949522686,,,Viktor Kunčak,A5008699657,0000-0001-7044-9522,2014.0,5.0,openalex_author_id,A5008699657,last,False,False,,,1.0,1
3,45,viktorkuncak,Viktor Kunčak,OOPSLA,OOPSLA,2020,OOPSLA 2020,-1,2019,POPL,POPL,False,0,10.0,31.0,32.25806451612903,W2795143051,code2vec: learning distributed representations of code,Uri Alon; Meital Zilberstein; Omer Levy; Eran Yahav,https://doi.org/10.1145/3290353,W2070473038,,,Viktor Kunčak,A5008699657,0000-0001-7044-9522,2015.0,4.0,openalex_author_id,A5008699657,last,False,False,,,1.0,1
3,48,viktorkuncak,Viktor Kunčak,OOPSLA,OOPSLA,2020,OOPSLA 2020,0,2020,ICFP,ICFP,False,0,8.0,37.0,21.62162162162162,W3039933166,Liquid information flow control,Nadia Polikarpova; Deian Stefan; Jean Yang; Shachar Itzhaky; Travis Hance; Armando Solar-Lezama,https://doi.org/10.1145/3408987,W2091385303,,,Viktor Kunčak,A5008699657,0000-0001-7044-9522,2013.0,7.0,openalex_author_id,A5008699657,middle,False,False,,,1.0,1
3,48,viktorkuncak,Viktor Kunčak,OOPSLA,OOPSLA,2020,OOPSLA 2020,0,2020,ICFP,ICFP,False,0,8.0,37.0,21.62162162162162,W3039933166,Liquid information flow control,Nadia Polikarpova; Deian Stefan; Jean Yang; Shachar Itzhaky; Travis Hance; Armando Solar-Lezama,https://doi.org/10.1145/3408987,W2105315191,,,Viktor Kunčak,A5008699657,0000-0001-7044-9522,2010.0,10.0,openalex_author_id,A5008699657,first,False,False,,,1.0,1
3,48,viktorkuncak,Viktor Kunčak,OOPSLA,OOPSLA,2020,OOPSLA 2020,0,2020,ICFP,ICFP,False,0,8.0,37.0,21.62162162162162,W3039933166,Liquid information flow control,Nadia Polikarpova; Deian Stefan; Jean Yang; Shachar Itzhaky; Travis Hance; Armando Solar-Lezama,https://doi.org/10.1145/3408987,W989845945,,,Viktor Kunčak,A5008699657,0000-0001-7044-9522,2015.0,5.0,openalex_author_id,A5008699657,last,False,False,,,1.0,1
3,48,viktorkuncak,Viktor Kunčak,OOPSLA,OOPSLA,2020,OOPSLA 2020,0,2020,ICFP,ICFP,False,0,8.0,37.0,21.62162162162162,W3038090598,Liquid resource types,Tristan Knoth; Di Wang; Adam Reynolds; Jan Hoffmann; Nadia Polikarpova,https://doi.org/10.1145/3408988,W2589084440,,,Viktor Kunčak,A5008699657,0000-0001-7044-9522,2017.0,3.0,openalex_author_id,A5008699657,middle,False,False,,,1.0,1
3,48,viktorkuncak,Viktor Kunčak,OOPSLA,OOPSLA,2020,OOPSLA 2020,0,2020,ICFP,ICFP,False,0,8.0,37.0,21.62162162162162,W3047508197,Parsing with zippers (functional pearl),Pierce Darragh; Michael D. Adams,https://doi.org/10.1145/3408990,W2989941108,,,Viktor Kunčak,A5008699657,0000-0001-7044-9522,2019.0,1.0,openalex_author_id,A5008699657,last,False,False,,,1.0,1
3,48,viktorkuncak,Viktor Kunčak,OOPSLA,OOPSLA,2020,OOPSLA 2020,0,2020,ICFP,ICFP,False,0,8.0,37.0,21.62162162162162,W3047508197,Parsing with zippers (functional pearl),Pierce Darragh; Michael D. Adams,https://doi.org/10.1145/3408990,W3034054982,,,Viktor Kunčak,A5008699657,0000-0001-7044-9522,2020.0,0.0,openalex_author_id,A5008699657,last,False,False,,,1.0,1
3,48,viktorkuncak,Viktor Kunčak,OOPSLA,OOPSLA,2020,OOPSLA 2020,0,2020,ICFP,ICFP,False,0,8.0,37.0,21.62162162162162,W3046985528,Program sketching with live bidirectional evaluation,Justin Lubin; Nick Collins; Cyrus Omar; Ravi Chugh,https://doi.org/10.1145/3408991,W2890873226,,,Viktor Kunčak,A5008699657,0000-0001-7044-9522,2018.0,2.0,openalex_author_id,A5008699657,middle,False,False,,,1.0,1
3,48,viktorkuncak,Viktor Kunčak,OOPSLA,OOPSLA,2020,OOPSLA 2020,0,2020,ICFP,ICFP,False,0,8.0,37.0,21.62162162162162,W3046985528,Program sketching with live bidirectional evaluation,Justin Lubin; Nick Collins; Cyrus Omar; Ravi Chugh,https://doi.org/10.1145/3408991,W989845945,,,Viktor Kunčak,A5008699657,0000-0001-7044-9522,2015.0,5.0,openalex_author_id,A5008699657,last,False,False,,,1.0,1
3,50,viktorkuncak,Viktor Kunčak,OOPSLA,OOPSLA,2020,OOPSLA 2020,0,2020,OOPSLA,OOPSLA,True,1,20.0,37.0,54.054054054054056,W3109017117,Digging for fold: synthesis-aided API discovery for Haskell,Michael B. James; Zheng Guo; Ziteng Wang; Shivani Doshi; Hila Peleg; Ranjit Jhala; Nadia Polikarpova,https://doi.org/10.1145/3428273,W2157976942,,,Viktor Kunčak,A5008699657,0000-0001-7044-9522,2013.0,7.0,openalex_author_id,A5008699657,middle,False,False,,,1.0,1
3,50,viktorkuncak,Viktor Kunčak,OOPSLA,OOPSLA,2020,OOPSLA 2020,0,2020,OOPSLA,OOPSLA,True,1,20.0,37.0,54.054054054054056,W3109045280,Enabling accuracy-aware Quantum compilers using symbolic resource estimation,Giulia Meuli; Mathias Soeken; Martin Roetteler; Thomas Häner,https://doi.org/10.1145/3428198,W3107039920,,,Viktor Kunčak,A5008699657,0000-0001-7044-9522,2014.0,6.0,openalex_author_id,A5008699657,last,False,False,,,1.0,1
3,50,viktorkuncak,Viktor Kunčak,OOPSLA,OOPSLA,2020,OOPSLA 2020,0,2020,OOPSLA,OOPSLA,True,1,20.0,37.0,54.054054054054056,W3082991350,Feedback-driven semi-supervised synthesis of program transformations,Xiang Gao; Shraddha Barke; Arjun Radhakrishna; Gustavo Soares; Sumit Gulwani; Alan Leung; Nachiappan Nagappan; Ashish Tiwari,https://doi.org/10.1145/3428287,W1912569824,,,Viktor Kunčak,A5008699657,0000-0001-7044-9522,2015.0,5.0,openalex_author_id,A5008699657,middle,False,False,,,1.0,1
3,50,viktorkuncak,Viktor Kunčak,OOPSLA,OOPSLA,2020,OOPSLA 2020,0,2020,OOPSLA,OOPSLA,True,1,20.0,37.0,54.054054054054056,W3082991350,Feedback-driven semi-supervised synthesis of program transformations,Xiang Gao; Shraddha Barke; Arjun Radhakrishna; Gustavo Soares; Sumit Gulwani; Alan Leung; Nachiappan Nagappan; Ashish Tiwari,https://doi.org/10.1145/3428287,W2157976942,,,Viktor Kunčak,A5008699657,0000-0001-7044-9522,2013.0,7.0,openalex_author_id,A5008699657,middle,False,False,,,1.0,1
3,50,viktorkuncak,Viktor Kunčak,OOPSLA,OOPSLA,2020,OOPSLA 2020,0,2020,OOPSLA,OOPSLA,True,1,20.0,37.0,54.054054054054056,W3109650547,Formulog: Datalog for SMT-based static analysis,Aaron Bembenek; Michael Greenberg; Stephen Chong,https://doi.org/10.1145/3428209,W1549774509,,,Viktor Kunčak,A5008699657,0000-0001-7044-9522,2011.0,9.0,openalex_author_id,A5008699657,middle,False,False,,,1.0,1
3,50,viktorkuncak,Viktor Kunčak,OOPSLA,OOPSLA,2020,OOPSLA 2020,0,2020,OOPSLA,OOPSLA,True,1,20.0,37.0,54.054054054054056,W3108916415,Gradual verification of recursive heap data structures,Jenna Wise; Johannes Bader; Cameron Wong; Jonathan Aldrich; Éric Tanter; Joshua Sunshine,https://doi.org/10.1145/3428296,W1561702747,,,Viktor Kunčak,A5008699657,0000-0001-7044-9522,2008.0,12.0,openalex_author_id,A5008699657,middle,False,False,,,1.0,1
3,50,viktorkuncak,Viktor Kunčak,OOPSLA,OOPSLA,2020,OOPSLA 2020,0,2020,OOPSLA,OOPSLA,True,1,20.0,37.0,54.054054054054056,W3110369458,Guiding dynamic programing via structural probability for accelerating programming by example,Ruyi Ji; Yican Sun; Yingfei Xiong; Zhenjiang Hu,https://doi.org/10.1145/3428292,W1912569824,,,Viktor Kunčak,A5008699657,0000-0001-7044-9522,2015.0,5.0,openalex_author_id,A5008699657,middle,False,False,,,1.0,1
3,50,viktorkuncak,Viktor Kunčak,OOPSLA,OOPSLA,2020,OOPSLA 2020,0,2020,OOPSLA,OOPSLA,True,1,20.0,37.0,54.054054054054056,W3110369458,Guiding dynamic programing via structural probability for accelerating programming by example,Ruyi Ji; Yican Sun; Yingfei Xiong; Zhenjiang Hu,https://doi.org/10.1145/3428292,W2589084440,,,Viktor Kunčak,A5008699657,0000-0001-7044-9522,2017.0,3.0,openalex_author_id,A5008699657,middle,False,False,,,1.0,1
3,50,viktorkuncak,Viktor Kunčak,OOPSLA,OOPSLA,2020,OOPSLA 2020,0,2020,OOPSLA,OOPSLA,True,1,20.0,37.0,54.054054054054056,W3092881338,Just-in-time learning for bottom-up enumerative synthesis,Shraddha Barke; Hila Peleg; Nadia Polikarpova,https://doi.org/10.1145/3428295,W2091385303,,,Viktor Kunčak,A5008699657,0000-0001-7044-9522,2013.0,7.0,openalex_author_id,A5008699657,middle,False,False,,,1.0,1
3,50,viktorkuncak,Viktor Kunčak,OOPSLA,OOPSLA,2020,OOPSLA 2020,0,2020,OOPSLA,OOPSLA,True,1,20.0,37.0,54.054054054054056,W3092881338,Just-in-time learning for bottom-up enumerative synthesis,Shraddha Barke; Hila Peleg; Nadia Polikarpova,https://doi.org/10.1145/3428295,W2157976942,,,Viktor Kunčak,A5008699657,0000-0001-7044-9522,2013.0,7.0,openalex_author_id,A5008699657,middle,False,False,,,1.0,1
3,50,viktorkuncak,Viktor Kunčak,OOPSLA,OOPSLA,2020,OOPSLA 2020,0,2020,OOPSLA,OOPSLA,True,1,20.0,37.0,54.054054054054056,W3092881338,Just-in-time learning for bottom-up enumerative synthesis,Shraddha Barke; Hila Peleg; Nadia Polikarpova,https://doi.org/10.1145/3428295,W2735990162,,,Viktor Kunčak,A5008699657,0000-0001-7044-9522,2017.0,3.0,openalex_author_id,A5008699657,last,False,False,,,1.0,1
3,50,viktorkuncak,Viktor Kunčak,OOPSLA,OOPSLA,2020,OOPSLA 2020,0,2020,OOPSLA,OOPSLA,True,1,20.0,37.0,54.054054054054056,W3092881338,Just-in-time learning for bottom-up enumerative synthesis,Shraddha Barke; Hila Peleg; Nadia Polikarpova,https://doi.org/10.1145/3428295,W3013861782,,,Viktor Kunčak,A5008699657,0000-0001-7044-9522,2013.0,7.0,openalex_author_id,A5008699657,middle,False,False,,,1.0,1
3,50,viktorkuncak,Viktor Kunčak,OOPSLA,OOPSLA,2020,OOPSLA 2020,0,2020,OOPSLA,OOPSLA,True,1,20.0,37.0,54.054054054054056,W3093870681,On the unusual effectiveness of type-aware operator mutations for testing SMT solvers,Dominik Winterer; Chengyu Zhang; Zhendong Su,https://doi.org/10.1145/3428261,W1912569824,,,Viktor Kunčak,A5008699657,0000-0001-7044-9522,2015.0,5.0,openalex_author_id,A5008699657,middle,False,False,,,1.0,1
3,50,viktorkuncak,Viktor Kunčak,OOPSLA,OOPSLA,2020,OOPSLA 2020,0,2020,OOPSLA,OOPSLA,True,1,20.0,37.0,54.054054054054056,W3093870681,On the unusual effectiveness of type-aware operator mutations for testing SMT solvers,Dominik Winterer; Chengyu Zhang; Zhendong Su,https://doi.org/10.1145/3428261,W2950481720,,,Viktor Kunčak,A5008699657,0000-0001-7044-9522,2015.0,5.0,openalex_author_id,A5008699657,middle,False,False,,,1.0,1
3,50,viktorkuncak,Viktor Kunčak,OOPSLA,OOPSLA,2020,OOPSLA 2020,0,2020,OOPSLA,OOPSLA,True,1,20.0,37.0,54.054054054054056,W3107416527,Programming with a read-eval-synth loop,Hila Peleg; Roi Gabay; Shachar Itzhaky; Eran Yahav,https://doi.org/10.1145/3428227,W2890873226,,,Viktor Kunčak,A5008699657,0000-0001-7044-9522,2018.0,2.0,openalex_author_id,A5008699657,middle,False,False,,,1.0,1
3,50,viktorkuncak,Viktor Kunčak,OOPSLA,OOPSLA,2020,OOPSLA 2020,0,2020,OOPSLA,OOPSLA,True,1,20.0,37.0,54.054054054054056,W3107416527,Programming with a read-eval-synth loop,Hila Peleg; Roi Gabay; Shachar Itzhaky; Eran Yahav,https://doi.org/10.1145/3428227,W989845945,,,Viktor Kunčak,A5008699657,0000-0001-7044-9522,2015.0,5.0,openalex_author_id,A5008699657,last,False,False,,,1.0,1
3,50,viktorkuncak,Viktor Kunčak,OOPSLA,OOPSLA,2020,OOPSLA 2020,0,2020,OOPSLA,OOPSLA,True,1,20.0,37.0,54.054054054054056,W3107309644,Statically verified refinements for multiparty protocols,Fangyi Zhou; Francisco Ferreira; Raymond Hu; Rumyana Neykova; Nobuko Yoshida,https://doi.org/10.1145/3428216,W2534043998,,,Viktor Kunčak,A5008699657,0000-0001-7044-9522,2016.0,4.0,openalex_author_id,A5008699657,last,False,False,,,1.0,1
3,50,viktorkuncak,Viktor Kunčak,OOPSLA,OOPSLA,2020,OOPSLA 2020,0,2020,OOPSLA,OOPSLA,True,1,20.0,37.0,54.054054054054056,W3110562743,Unifying execution of imperative generators and declarative specifications,Pengyu Nie; Marinela Parovic; Zhiqiang Zang; Sarfraz Khurshid; Aleksandar Milićević; Milos Gligoric,https://doi.org/10.1145/3428285,W149731632,,,Viktor Kunčak,A5008699657,0000-0001-7044-9522,2013.0,7.0,openalex_author_id,A5008699657,first,False,False,,,1.0,1
3,50,viktorkuncak,Viktor Kunčak,OOPSLA,OOPSLA,2020,OOPSLA 2020,0,2020,OOPSLA,OOPSLA,True,1,20.0,37.0,54.054054054054056,W3110562743,Unifying execution of imperative generators and declarative specifications,Pengyu Nie; Marinela Parovic; Zhiqiang Zang; Sarfraz Khurshid; Aleksandar Milićević; Milos Gligoric,https://doi.org/10.1145/3428285,W1990069336,,,Viktor Kunčak,A5008699657,0000-0001-7044-9522,2015.0,5.0,openalex_author_id,A5008699657,middle,False,False,,,1.0,1
3,50,viktorkuncak,Viktor Kunčak,OOPSLA,OOPSLA,2020,OOPSLA 2020,0,2020,OOPSLA,OOPSLA,True,1,20.0,37.0,54.054054054054056,W3110562743,Unifying execution of imperative generators and declarative specifications,Pengyu Nie; Marinela Parovic; Zhiqiang Zang; Sarfraz Khurshid; Aleksandar Milićević; Milos Gligoric,https://doi.org/10.1145/3428285,W2118155805,,,Viktor Kunčak,A5008699657,0000-0001-7044-9522,2010.0,10.0,openalex_author_id,A5008699657,middle,False,True,A5063052820; A5102146282,Darko Marinov; Milos Gligoric; Sarfraz Khurshid; Tihomir Gvero; Viktor Kunčak; Vilas Jagannath,1.0,1
3,51,viktorkuncak,Viktor Kunčak,OOPSLA,OOPSLA,2020,OOPSLA 2020,0,2020,PLDI,PLDI,False,0,7.0,37.0,18.91891891891892,W3013815865,Data-driven inference of representation invariants,Anders Miltner; Saswat Padhi; Todd Millstein; David Walker,https://doi.org/10.1145/3385412.3385967,W100631053,,,Viktor Kunčak,A5008699657,0000-0001-7044-9522,2011.0,9.0,openalex_author_id,A5008699657,last,False,False,,,1.0,1
3,51,viktorkuncak,Viktor Kunčak,OOPSLA,OOPSLA,2020,OOPSLA 2020,0,2020,PLDI,PLDI,False,0,7.0,37.0,18.91891891891892,W3033741081,Debugging and detecting numerical errors in computation with posits,Sangeeta Chowdhary; Jay P. Lim; Santosh Nagarakatte,https://doi.org/10.1145/3385412.3386004,W2103953062,,,Viktor Kunčak,A5008699657,0000-0001-7044-9522,2014.0,6.0,openalex_author_id,A5008699657,last,False,False,,,1.0,1
3,51,viktorkuncak,Viktor Kunčak,OOPSLA,OOPSLA,2020,OOPSLA 2020,0,2020,PLDI,PLDI,False,0,7.0,37.0,18.91891891891892,W3033889389,Multi-modal synthesis of regular expressions,Qiaochu Chen; Xinyu Wang; Xi Ye; Greg Durrett; Işıl Dillig,https://doi.org/10.1145/3385412.3385988,W2070473038,,,Viktor Kunčak,A5008699657,0000-0001-7044-9522,2015.0,5.0,openalex_author_id,A5008699657,last,False,False,,,1.0,1
3,51,viktorkuncak,Viktor Kunčak,OOPSLA,OOPSLA,2020,OOPSLA 2020,0,2020,PLDI,PLDI,False,0,7.0,37.0,18.91891891891892,W3033889389,Multi-modal synthesis of regular expressions,Qiaochu Chen; Xinyu Wang; Xi Ye; Greg Durrett; Işıl Dillig,https://doi.org/10.1145/3385412.3385988,W2157976942,,,Viktor Kunčak,A5008699657,0000-0001-7044-9522,2013.0,7.0,openalex_author_id,A5008699657,middle,False,False,,,1.0,1
3,51,viktorkuncak,Viktor Kunčak,OOPSLA,OOPSLA,2020,OOPSLA 2020,0,2020,PLDI,PLDI,False,0,7.0,37.0,18.91891891891892,W3033481405,Question selection for interactive program synthesis,Ruyi Ji; Jingjing Liang; Yingfei Xiong; Lu Zhang; Zhenjiang Hu,https://doi.org/10.1145/3385412.3386025,W1549970146,,,Viktor Kunčak,A5008699657,0000-0001-7044-9522,2011.0,9.0,openalex_author_id,A5008699657,middle,False,False,,,1.0,1
3,51,viktorkuncak,Viktor Kunčak,OOPSLA,OOPSLA,2020,OOPSLA 2020,0,2020,PLDI,PLDI,False,0,7.0,37.0,18.91891891891892,W3033316151,Reconciling enumerative and deductive program synthesis,Kangjing Huang; Xiaokang Qiu; Peiyuan Shen; Yanjun Wang,https://doi.org/10.1145/3385412.3386027,W1912569824,,,Viktor Kunčak,A5008699657,0000-0001-7044-9522,2015.0,5.0,openalex_author_id,A5008699657,middle,False,False,,,1.0,1
3,51,viktorkuncak,Viktor Kunčak,OOPSLA,OOPSLA,2020,OOPSLA 2020,0,2020,PLDI,PLDI,False,0,7.0,37.0,18.91891891891892,W3033748891,Semantic code search via equational reasoning,Varot Premtoon; James Koppel; Armando Solar-Lezama,https://doi.org/10.1145/3385412.3386001,W2157976942,,,Viktor Kunčak,A5008699657,0000-0001-7044-9522,2013.0,7.0,openalex_author_id,A5008699657,middle,False,False,,,1.0,1
3,49,viktorkuncak,Viktor Kunčak,OOPSLA,OOPSLA,2020,OOPSLA 2020,0,2020,POPL,POPL,False,0,2.0,37.0,5.405405405405405,W2995074506,Liquidate your assets: reasoning about resource usage in liquid Haskell,Martin A. T. Handley; Niki Vazou; Graham Hutton,https://doi.org/10.1145/3371092,W2565399133,,,Viktor Kunčak,A5008699657,0000-0001-7044-9522,2016.0,4.0,openalex_author_id,A5008699657,last,False,False,,,1.0,1
3,49,viktorkuncak,Viktor Kunčak,OOPSLA,OOPSLA,2020,OOPSLA 2020,0,2020,POPL,POPL,False,0,2.0,37.0,5.405405405405405,W2986061690,Program synthesis by type-guided abstraction refinement,Zheng Guo; Michael B. James; David Justo; Jiaxiao Zhou; Ziteng Wang; Ranjit Jhala; Nadia Polikarpova,https://doi.org/10.1145/3371080,W2157976942,,,Viktor Kunčak,A5008699657,0000-0001-7044-9522,2013.0,7.0,openalex_author_id,A5008699657,middle,False,False,,,1.0,1
3,52,viktorkuncak,Viktor Kunčak,OOPSLA,OOPSLA,2020,OOPSLA 2020,1,2021,ICFP,ICFP,False,0,3.0,36.0,8.333333333333332,W3196111424,Certifying the synthesis of heap-manipulating programs,Yasunari Watanabe; Kiran Gopinathan; George Pîrlea; Nadia Polikarpova; Ilya Sergey,https://doi.org/10.1145/3473589,W2091385303,,,Viktor Kunčak,A5008699657,0000-0001-7044-9522,2013.0,8.0,openalex_author_id,A5008699657,middle,False,False,,,1.0,1
3,52,viktorkuncak,Viktor Kunčak,OOPSLA,OOPSLA,2020,OOPSLA 2020,1,2021,ICFP,ICFP,False,0,3.0,36.0,8.333333333333332,W3196111424,Certifying the synthesis of heap-manipulating programs,Yasunari Watanabe; Kiran Gopinathan; George Pîrlea; Nadia Polikarpova; Ilya Sergey,https://doi.org/10.1145/3473589,W3013861782,,,Viktor Kunčak,A5008699657,0000-0001-7044-9522,2013.0,8.0,openalex_author_id,A5008699657,middle,False,False,,,1.0,1
3,52,viktorkuncak,Viktor Kunčak,OOPSLA,OOPSLA,2020,OOPSLA 2020,1,2021,ICFP,ICFP,False,0,3.0,36.0,8.333333333333332,W3139303876,Reasoning about the garden of forking paths,Yao Li; Li-yao Xia; Stephanie Weirich,https://doi.org/10.1145/3473585,W2565399133,,,Viktor Kunčak,A5008699657,0000-0001-7044-9522,2016.0,5.0,openalex_author_id,A5008699657,last,False,False,,,1.0,1
3,54,viktorkuncak,Viktor Kunčak,OOPSLA,OOPSLA,2020,OOPSLA 2020,1,2021,OOPSLA,OOPSLA,True,1,10.0,36.0,27.77777777777778,W3206648851,A derivative-based parser generator for visibly Pushdown grammars,Xiaodong Jia; Ashish Kumar; Gang Tan,https://doi.org/10.1145/3485528,W2989941108,,,Viktor Kunčak,A5008699657,0000-0001-7044-9522,2019.0,2.0,openalex_author_id,A5008699657,last,False,False,,,1.0,1
3,54,viktorkuncak,Viktor Kunčak,OOPSLA,OOPSLA,2020,OOPSLA 2020,1,2021,OOPSLA,OOPSLA,True,1,10.0,36.0,27.77777777777778,W3206648851,A derivative-based parser generator for visibly Pushdown grammars,Xiaodong Jia; Ashish Kumar; Gang Tan,https://doi.org/10.1145/3485528,W3034054982,,,Viktor Kunčak,A5008699657,0000-0001-7044-9522,2020.0,1.0,openalex_author_id,A5008699657,last,False,False,,,1.0,1
3,54,viktorkuncak,Viktor Kunčak,OOPSLA,OOPSLA,2020,OOPSLA 2020,1,2021,OOPSLA,OOPSLA,True,1,10.0,36.0,27.77777777777778,W3206530090,LooPy: interactive program synthesis with control structures,Kasra Ferdowsi; Shraddha Barke; Hila Peleg; Sorin Lerner; Nadia Polikarpova,https://doi.org/10.1145/3485530,W2091385303,,,Viktor Kunčak,A5008699657,0000-0001-7044-9522,2013.0,8.0,openalex_author_id,A5008699657,middle,False,False,,,1.0,1
3,54,viktorkuncak,Viktor Kunčak,OOPSLA,OOPSLA,2020,OOPSLA 2020,1,2021,OOPSLA,OOPSLA,True,1,10.0,36.0,27.77777777777778,W3206530090,LooPy: interactive program synthesis with control structures,Kasra Ferdowsi; Shraddha Barke; Hila Peleg; Sorin Lerner; Nadia Polikarpova,https://doi.org/10.1145/3485530,W2157976942,,,Viktor Kunčak,A5008699657,0000-0001-7044-9522,2013.0,8.0,openalex_author_id,A5008699657,middle,False,False,,,1.0,1
3,54,viktorkuncak,Viktor Kunčak,OOPSLA,OOPSLA,2020,OOPSLA 2020,1,2021,OOPSLA,OOPSLA,True,1,10.0,36.0,27.77777777777778,W3205479231,Program analysis via efficient symbolic abstraction,Peisen Yao; Qingkai Shi; Heqing Huang; Charles Zhang,https://doi.org/10.1145/3485495,W4243882797,,,Viktor Kunčak,A5008699657,0000-0001-7044-9522,2012.0,9.0,openalex_author_id,A5008699657,middle,False,False,,,1.0,1
3,54,viktorkuncak,Viktor Kunčak,OOPSLA,OOPSLA,2020,OOPSLA 2020,1,2021,OOPSLA,OOPSLA,True,1,10.0,36.0,27.77777777777778,W3206776868,Programming and execution models for parallel bounded exhaustive testing,Nader Al Awar; Kush Jain; Christopher J. Rossbach; Milos Gligoric,https://doi.org/10.1145/3485543,W1990069336,,,Viktor Kunčak,A5008699657,0000-0001-7044-9522,2015.0,6.0,openalex_author_id,A5008699657,middle,False,False,,,1.0,1
3,54,viktorkuncak,Viktor Kunčak,OOPSLA,OOPSLA,2020,OOPSLA 2020,1,2021,OOPSLA,OOPSLA,True,1,10.0,36.0,27.77777777777778,W3206776868,Programming and execution models for parallel bounded exhaustive testing,Nader Al Awar; Kush Jain; Christopher J. Rossbach; Milos Gligoric,https://doi.org/10.1145/3485543,W2118155805,,,Viktor Kunčak,A5008699657,0000-0001-7044-9522,2010.0,11.0,openalex_author_id,A5008699657,middle,False,True,A5063052820,Darko Marinov; Milos Gligoric; Sarfraz Khurshid; Tihomir Gvero; Viktor Kunčak; Vilas Jagannath,1.0,1
3,54,viktorkuncak,Viktor Kunčak,OOPSLA,OOPSLA,2020,OOPSLA 2020,1,2021,OOPSLA,OOPSLA,True,1,10.0,36.0,27.77777777777778,W3206776868,Programming and execution models for parallel bounded exhaustive testing,Nader Al Awar; Kush Jain; Christopher J. Rossbach; Milos Gligoric,https://doi.org/10.1145/3485543,W3034246121,,,Viktor Kunčak,A5008699657,0000-0001-7044-9522,2015.0,6.0,openalex_author_id,A5008699657,middle,False,False,,,1.0,1
3,54,viktorkuncak,Viktor Kunčak,OOPSLA,OOPSLA,2020,OOPSLA 2020,1,2021,OOPSLA,OOPSLA,True,1,10.0,36.0,27.77777777777778,W3205508149,Synbit: synthesizing bidirectional programs using unidirectional sketches,Masaomi Yamaguchi; Kazutaka Matsuda; Cristina David; Meng Wang,https://doi.org/10.1145/3485482,W2091385303,,,Viktor Kunčak,A5008699657,0000-0001-7044-9522,2013.0,8.0,openalex_author_id,A5008699657,middle,False,False,,,1.0,1
3,54,viktorkuncak,Viktor Kunčak,OOPSLA,OOPSLA,2020,OOPSLA 2020,1,2021,OOPSLA,OOPSLA,True,1,10.0,36.0,27.77777777777778,W3205423569,Synthesizing contracts correct modulo a test generator,Angello Astorga; Shambwaditya Saha; Ahmad Dinkins; Felicia Wang; P. Madhusudan; Tao Xie,https://doi.org/10.1145/3485481,W2118155805,,,Viktor Kunčak,A5008699657,0000-0001-7044-9522,2010.0,11.0,openalex_author_id,A5008699657,middle,False,False,,,1.0,1
3,55,viktorkuncak,Viktor Kunčak,OOPSLA,OOPSLA,2020,OOPSLA 2020,1,2021,PLDI,PLDI,False,1,18.0,36.0,50.0,W3155663320,Beyond the elementary representations of program invariants over algebraic data types,Yurii Kostyukov; Dmitry Mordvinov; Grigory Fedyukovich,https://doi.org/10.1145/3453483.3454055,W2162315884,,,Viktor Kunčak,A5008699657,0000-0001-7044-9522,2010.0,11.0,openalex_author_id,A5008699657,last,False,False,,,1.0,1
3,55,viktorkuncak,Viktor Kunčak,OOPSLA,OOPSLA,2020,OOPSLA 2020,1,2021,PLDI,PLDI,False,1,18.0,36.0,50.0,W3155663320,Beyond the elementary representations of program invariants over algebraic data types,Yurii Kostyukov; Dmitry Mordvinov; Grigory Fedyukovich,https://doi.org/10.1145/3453483.3454055,W3012238446,,,Viktor Kunčak,A5008699657,0000-0001-7044-9522,2010.0,11.0,openalex_author_id,A5008699657,last,False,False,,,1.0,1
3,55,viktorkuncak,Viktor Kunčak,OOPSLA,OOPSLA,2020,OOPSLA 2020,1,2021,PLDI,PLDI,False,1,18.0,36.0,50.0,W3173889114,CoStar: a verified ALL(*) parser,Sam Lasser; Chris Casinghino; Kathleen Fisher; Cody Roux,https://doi.org/10.1145/3453483.3454053,W2989941108,,,Viktor Kunčak,A5008699657,0000-0001-7044-9522,2019.0,2.0,openalex_author_id,A5008699657,last,False,False,,,1.0,1
3,55,viktorkuncak,Viktor Kunčak,OOPSLA,OOPSLA,2020,OOPSLA 2020,1,2021,PLDI,PLDI,False,1,18.0,36.0,50.0,W3173889114,CoStar: a verified ALL(*) parser,Sam Lasser; Chris Casinghino; Kathleen Fisher; Cody Roux,https://doi.org/10.1145/3453483.3454053,W3034054982,,,Viktor Kunčak,A5008699657,0000-0001-7044-9522,2020.0,1.0,openalex_author_id,A5008699657,last,False,False,,,1.0,1
3,55,viktorkuncak,Viktor Kunčak,OOPSLA,OOPSLA,2020,OOPSLA 2020,1,2021,PLDI,PLDI,False,1,18.0,36.0,50.0,W3173363254,Cyclic program synthesis,Shachar Itzhaky; Hila Peleg; Nadia Polikarpova; Reuben N. S. Rowe; Ilya Sergey,https://doi.org/10.1145/3453483.3454087,W1912569824,,,Viktor Kunčak,A5008699657,0000-0001-7044-9522,2015.0,6.0,openalex_author_id,A5008699657,middle,False,False,,,1.0,1
3,55,viktorkuncak,Viktor Kunčak,OOPSLA,OOPSLA,2020,OOPSLA 2020,1,2021,PLDI,PLDI,False,1,18.0,36.0,50.0,W3173363254,Cyclic program synthesis,Shachar Itzhaky; Hila Peleg; Nadia Polikarpova; Reuben N. S. Rowe; Ilya Sergey,https://doi.org/10.1145/3453483.3454087,W2091385303,,,Viktor Kunčak,A5008699657,0000-0001-7044-9522,2013.0,8.0,openalex_author_id,A5008699657,middle,False,False,,,1.0,1
3,55,viktorkuncak,Viktor Kunčak,OOPSLA,OOPSLA,2020,OOPSLA 2020,1,2021,PLDI,PLDI,False,1,18.0,36.0,50.0,W3173363254,Cyclic program synthesis,Shachar Itzhaky; Hila Peleg; Nadia Polikarpova; Reuben N. S. Rowe; Ilya Sergey,https://doi.org/10.1145/3453483.3454087,W2105315191,,,Viktor Kunčak,A5008699657,0000-0001-7044-9522,2010.0,11.0,openalex_author_id,A5008699657,first,False,False,,,1.0,1
3,55,viktorkuncak,Viktor Kunčak,OOPSLA,OOPSLA,2020,OOPSLA 2020,1,2021,PLDI,PLDI,False,1,18.0,36.0,50.0,W3173363254,Cyclic program synthesis,Shachar Itzhaky; Hila Peleg; Nadia Polikarpova; Reuben N. S. Rowe; Ilya Sergey,https://doi.org/10.1145/3453483.3454087,W2589084440,,,Viktor Kunčak,A5008699657,0000-0001-7044-9522,2017.0,4.0,openalex_author_id,A5008699657,middle,False,False,,,1.0,1
3,55,viktorkuncak,Viktor Kunčak,OOPSLA,OOPSLA,2020,OOPSLA 2020,1,2021,PLDI,PLDI,False,1,18.0,36.0,50.0,W3173363254,Cyclic program synthesis,Shachar Itzhaky; Hila Peleg; Nadia Polikarpova; Reuben N. S. Rowe; Ilya Sergey,https://doi.org/10.1145/3453483.3454087,W3013861782,,,Viktor Kunčak,A5008699657,0000-0001-7044-9522,2013.0,8.0,openalex_author_id,A5008699657,middle,False,False,,,1.0,1
3,55,viktorkuncak,Viktor Kunčak,OOPSLA,OOPSLA,2020,OOPSLA 2020,1,2021,PLDI,PLDI,False,1,18.0,36.0,50.0,W3173363254,Cyclic program synthesis,Shachar Itzhaky; Hila Peleg; Nadia Polikarpova; Reuben N. S. Rowe; Ilya Sergey,https://doi.org/10.1145/3453483.3454087,W3149892921,,,Viktor Kunčak,A5008699657,0000-0001-7044-9522,2010.0,11.0,openalex_author_id,A5008699657,first,False,False,,,1.0,1
3,55,viktorkuncak,Viktor Kunčak,OOPSLA,OOPSLA,2020,OOPSLA 2020,1,2021,PLDI,PLDI,False,1,18.0,36.0,50.0,W3173363254,Cyclic program synthesis,Shachar Itzhaky; Hila Peleg; Nadia Polikarpova; Reuben N. S. Rowe; Ilya Sergey,https://doi.org/10.1145/3453483.3454087,W989845945,,,Viktor Kunčak,A5008699657,0000-0001-7044-9522,2015.0,6.0,openalex_author_id,A5008699657,last,False,False,,,1.0,1
3,55,viktorkuncak,Viktor Kunčak,OOPSLA,OOPSLA,2020,OOPSLA 2020,1,2021,PLDI,PLDI,False,1,18.0,36.0,50.0,W3174531561,Example-guided synthesis of relational queries,Aalok Thakkar; Aaditya Naik; Nathaniel Sands; Rajeev Alur; Mayur Naik; Mukund Raghothaman,https://doi.org/10.1145/3453483.3454098,W1912569824,,,Viktor Kunčak,A5008699657,0000-0001-7044-9522,2015.0,6.0,openalex_author_id,A5008699657,middle,False,False,,,1.0,1
3,55,viktorkuncak,Viktor Kunčak,OOPSLA,OOPSLA,2020,OOPSLA 2020,1,2021,PLDI,PLDI,False,1,18.0,36.0,50.0,W3173556662,Specification synthesis with constrained Horn clauses,Sumanth Prabhu; Grigory Fedyukovich; Kumar Madhukar; Deepak D’Souza,https://doi.org/10.1145/3453483.3454104,W1544283013,,,Viktor Kunčak,A5008699657,0000-0001-7044-9522,2012.0,9.0,openalex_author_id,A5008699657,middle,False,False,,,1.0,1
3,55,viktorkuncak,Viktor Kunčak,OOPSLA,OOPSLA,2020,OOPSLA 2020,1,2021,PLDI,PLDI,False,1,18.0,36.0,50.0,W3176015640,Synthesizing data structure refinements from integrity constraints,Shankara Pailoor; Yuepeng Wang; Xinyu Wang; Işıl Dillig,https://doi.org/10.1145/3453483.3454063,W1506404239,,,Viktor Kunčak,A5008699657,0000-0001-7044-9522,2005.0,16.0,openalex_author_id,A5008699657,middle,False,False,,,1.0,1
3,55,viktorkuncak,Viktor Kunčak,OOPSLA,OOPSLA,2020,OOPSLA 2020,1,2021,PLDI,PLDI,False,1,18.0,36.0,50.0,W3176015640,Synthesizing data structure refinements from integrity constraints,Shankara Pailoor; Yuepeng Wang; Xinyu Wang; Işıl Dillig,https://doi.org/10.1145/3453483.3454063,W1541825597,,,Viktor Kunčak,A5008699657,0000-0001-7044-9522,2005.0,16.0,openalex_author_id,A5008699657,middle,False,False,,,1.0,1
3,55,viktorkuncak,Viktor Kunčak,OOPSLA,OOPSLA,2020,OOPSLA 2020,1,2021,PLDI,PLDI,False,1,18.0,36.0,50.0,W3176015640,Synthesizing data structure refinements from integrity constraints,Shankara Pailoor; Yuepeng Wang; Xinyu Wang; Işıl Dillig,https://doi.org/10.1145/3453483.3454063,W2162315884,,,Viktor Kunčak,A5008699657,0000-0001-7044-9522,2010.0,11.0,openalex_author_id,A5008699657,last,False,False,,,1.0,1
3,55,viktorkuncak,Viktor Kunčak,OOPSLA,OOPSLA,2020,OOPSLA 2020,1,2021,PLDI,PLDI,False,1,18.0,36.0,50.0,W3176015640,Synthesizing data structure refinements from integrity constraints,Shankara Pailoor; Yuepeng Wang; Xinyu Wang; Işıl Dillig,https://doi.org/10.1145/3453483.3454063,W2735990162,,,Viktor Kunčak,A5008699657,0000-0001-7044-9522,2017.0,4.0,openalex_author_id,A5008699657,last,False,False,,,1.0,1
3,55,viktorkuncak,Viktor Kunčak,OOPSLA,OOPSLA,2020,OOPSLA 2020,1,2021,PLDI,PLDI,False,1,18.0,36.0,50.0,W3176015640,Synthesizing data structure refinements from integrity constraints,Shankara Pailoor; Yuepeng Wang; Xinyu Wang; Işıl Dillig,https://doi.org/10.1145/3453483.3454063,W3012238446,,,Viktor Kunčak,A5008699657,0000-0001-7044-9522,2010.0,11.0,openalex_author_id,A5008699657,last,False,False,,,1.0,1
3,53,viktorkuncak,Viktor Kunčak,OOPSLA,OOPSLA,2020,OOPSLA 2020,1,2021,POPL,POPL,False,0,5.0,36.0,13.88888888888889,W3115656330,A unifying type-theory for higher-order (amortized) cost analysis,Vineet Rajani; Marco Gaboardi; Deepak Garg; Jan Hoffmann,https://doi.org/10.1145/3434308,W2565399133,,,Viktor Kunčak,A5008699657,0000-0001-7044-9522,2016.0,5.0,openalex_author_id,A5008699657,last,False,False,,,1.0,1
3,53,viktorkuncak,Viktor Kunčak,OOPSLA,OOPSLA,2020,OOPSLA 2020,1,2021,POPL,POPL,False,0,5.0,36.0,13.88888888888889,W3080260123,Semantics-guided synthesis,Jinwoo Kim; Qinheping Hu; Loris D'Antoni; Thomas Reps,https://doi.org/10.1145/3434311,W1912569824,,,Viktor Kunčak,A5008699657,0000-0001-7044-9522,2015.0,6.0,openalex_author_id,A5008699657,middle,False,False,,,1.0,1
3,53,viktorkuncak,Viktor Kunčak,OOPSLA,OOPSLA,2020,OOPSLA 2020,1,2021,POPL,POPL,False,0,5.0,36.0,13.88888888888889,W3116200388,Verifying correct usage of context-free API protocols,Kostas Ferles; Jon Stephens; Işıl Dillig,https://doi.org/10.1145/3434298,W2026114025,,,Viktor Kunčak,A5008699657,0000-0001-7044-9522,2004.0,17.0,openalex_author_id,A5008699657,middle,False,False,,,1.0,1
3,53,viktorkuncak,Viktor Kunčak,OOPSLA,OOPSLA,2020,OOPSLA 2020,1,2021,POPL,POPL,False,0,5.0,36.0,13.88888888888889,W3116200388,Verifying correct usage of context-free API protocols,Kostas Ferles; Jon Stephens; Işıl Dillig,https://doi.org/10.1145/3434298,W2228938473,,,Viktor Kunčak,A5008699657,0000-0001-7044-9522,2015.0,6.0,openalex_author_id,A5008699657,last,False,False,,,1.0,1
3,53,viktorkuncak,Viktor Kunčak,OOPSLA,OOPSLA,2020,OOPSLA 2020,1,2021,POPL,POPL,False,0,5.0,36.0,13.88888888888889,W3116200388,Verifying correct usage of context-free API protocols,Kostas Ferles; Jon Stephens; Işıl Dillig,https://doi.org/10.1145/3434298,W3109562041,,,Viktor Kunčak,A5008699657,0000-0001-7044-9522,2015.0,6.0,openalex_author_id,A5008699657,last,False,False,,,1.0,1
3,58,viktorkuncak,Viktor Kunčak,OOPSLA,OOPSLA,2020,OOPSLA 2020,2,2022,OOPSLA,OOPSLA2,True,0,6.0,17.0,35.294117647058826,W4307887693,Compilation of dynamic sparse tensor algebra,Stephen Y. Chou; Saman Amarasinghe,https://doi.org/10.1145/3563338,W2091385303,,,Viktor Kunčak,A5008699657,0000-0001-7044-9522,2013.0,9.0,openalex_author_id,A5008699657,middle,False,False,,,1.0,1
3,58,viktorkuncak,Viktor Kunčak,OOPSLA,OOPSLA,2020,OOPSLA 2020,2,2022,OOPSLA,OOPSLA1,True,0,6.0,17.0,35.294117647058826,W4225149718,Complexity-guided container replacement synthesis,Chengpeng Wang; Peisen Yao; Wensheng Tang; Qingkai Shi; Charles Zhang,https://doi.org/10.1145/3527312,W2147650421,,,Viktor Kunčak,A5008699657,0000-0001-7044-9522,2008.0,14.0,openalex_author_id,A5008699657,middle,False,False,,,1.0,1
3,58,viktorkuncak,Viktor Kunčak,OOPSLA,OOPSLA,2020,OOPSLA 2020,2,2022,OOPSLA,OOPSLA2,True,0,6.0,17.0,35.294117647058826,W4307888166,Fast shadow execution for debugging numerical errors using error free transformations,Sangeeta Chowdhary; Santosh Nagarakatte,https://doi.org/10.1145/3563353,W2103953062,,,Viktor Kunčak,A5008699657,0000-0001-7044-9522,2014.0,8.0,openalex_author_id,A5008699657,last,False,False,,,1.0,1
3,58,viktorkuncak,Viktor Kunčak,OOPSLA,OOPSLA,2020,OOPSLA 2020,2,2022,OOPSLA,OOPSLA2,True,0,6.0,17.0,35.294117647058826,W4297415612,Model-guided synthesis of inductive lemmas for FOL with least fixpoints,Adithya Murali; Lucas Peña; Eion Blanchard; Christof Löding; P. Madhusudan,https://doi.org/10.1145/3563354,W2162315884,,,Viktor Kunčak,A5008699657,0000-0001-7044-9522,2010.0,12.0,openalex_author_id,A5008699657,last,False,False,,,1.0,1
3,58,viktorkuncak,Viktor Kunčak,OOPSLA,OOPSLA,2020,OOPSLA 2020,2,2022,OOPSLA,OOPSLA2,True,0,6.0,17.0,35.294117647058826,W4307884541,Specification-guided component-based synthesis from effectful libraries,Ashish Mishra; Suresh Jagannathan,https://doi.org/10.1145/3563310,W2091385303,,,Viktor Kunčak,A5008699657,0000-0001-7044-9522,2013.0,9.0,openalex_author_id,A5008699657,middle,False,False,,,1.0,1
3,58,viktorkuncak,Viktor Kunčak,OOPSLA,OOPSLA,2020,OOPSLA 2020,2,2022,OOPSLA,OOPSLA2,True,0,6.0,17.0,35.294117647058826,W4307887575,Type-directed synthesis of visualizations from natural language queries,Qiaochu Chen; Shankara Pailoor; Celeste Barnaby; Abby Criswell; Chenglong Wang; Greg Durrett; Işıl Dillig,https://doi.org/10.1145/3563307,W2070473038,,,Viktor Kunčak,A5008699657,0000-0001-7044-9522,2015.0,7.0,openalex_author_id,A5008699657,last,False,False,,,1.0,1
3,59,viktorkuncak,Viktor Kunčak,OOPSLA,OOPSLA,2020,OOPSLA 2020,2,2022,PLDI,PLDI,False,0,5.0,17.0,29.411764705882355,W4281705085,Computing correctly with inductive relations,Zoe Paraskevopoulou; Aaron Eline; Leonidas Lampropoulos,https://doi.org/10.1145/3519939.3523707,W2005957051,,,Viktor Kunčak,A5008699657,0000-0001-7044-9522,2014.0,8.0,openalex_author_id,A5008699657,last,False,False,,,1.0,1
3,59,viktorkuncak,Viktor Kunčak,OOPSLA,OOPSLA,2020,OOPSLA 2020,2,2022,PLDI,PLDI,False,0,5.0,17.0,29.411764705882355,W4281705085,Computing correctly with inductive relations,Zoe Paraskevopoulou; Aaron Eline; Leonidas Lampropoulos,https://doi.org/10.1145/3519939.3523707,W2118155805,,,Viktor Kunčak,A5008699657,0000-0001-7044-9522,2010.0,12.0,openalex_author_id,A5008699657,middle,False,False,,,1.0,1
3,59,viktorkuncak,Viktor Kunčak,OOPSLA,OOPSLA,2020,OOPSLA 2020,2,2022,PLDI,PLDI,False,0,5.0,17.0,29.411764705882355,W3216290363,CycleQ: an efficient basis for cyclic equational reasoning,Eddie Jones; C.-H. Luke Ong; Steven Ramsay,https://doi.org/10.1145/3519939.3523731,W100631053,,,Viktor Kunčak,A5008699657,0000-0001-7044-9522,2011.0,11.0,openalex_author_id,A5008699657,last,False,False,,,1.0,1
3,59,viktorkuncak,Viktor Kunčak,OOPSLA,OOPSLA,2020,OOPSLA 2020,2,2022,PLDI,PLDI,False,0,5.0,17.0,29.411764705882355,W4281873108,Recursion synthesis with unrealizability witnesses,Azadeh Farzan; Danya Lette; Victor Nicolet,https://doi.org/10.1145/3519939.3523726,W2091385303,,,Viktor Kunčak,A5008699657,0000-0001-7044-9522,2013.0,9.0,openalex_author_id,A5008699657,middle,False,False,,,1.0,1
3,59,viktorkuncak,Viktor Kunčak,OOPSLA,OOPSLA,2020,OOPSLA 2020,2,2022,PLDI,PLDI,False,0,5.0,17.0,29.411764705882355,W4226087539,Type-directed program synthesis for RESTful APIs,Zheng Guo; David Cao; Davin Tjong; Jean Yang; Cole Schlesinger; Nadia Polikarpova,https://doi.org/10.1145/3519939.3523450,W2157976942,,,Viktor Kunčak,A5008699657,0000-0001-7044-9522,2013.0,9.0,openalex_author_id,A5008699657,middle,False,False,,,1.0,1
3,57,viktorkuncak,Viktor Kunčak,OOPSLA,OOPSLA,2020,OOPSLA 2020,2,2022,POPL,POPL,False,0,6.0,17.0,35.294117647058826,W4206554519,A dual number abstraction for static analysis of Clarke Jacobians,Jacob Laurel; Rem Yang; Gagandeep Singh; Saša Misailovíc,https://doi.org/10.1145/3498718,W2299696796,,,Viktor Kunčak,A5008699657,0000-0001-7044-9522,2017.0,5.0,openalex_author_id,A5008699657,last,False,False,,,1.0,1
3,57,viktorkuncak,Viktor Kunčak,OOPSLA,OOPSLA,2020,OOPSLA 2020,2,2022,POPL,POPL,False,0,6.0,17.0,35.294117647058826,W3177832995,Bottom-up synthesis of recursive functional programs using angelic execution,Anders Miltner; Adrian Trejo Nuñez; Ana Brendel; Swarat Chaudhuri; Işıl Dillig,https://doi.org/10.1145/3498682,W2091385303,,,Viktor Kunčak,A5008699657,0000-0001-7044-9522,2013.0,9.0,openalex_author_id,A5008699657,middle,False,False,,,1.0,1
3,57,viktorkuncak,Viktor Kunčak,OOPSLA,OOPSLA,2020,OOPSLA 2020,2,2022,POPL,POPL,False,0,6.0,17.0,35.294117647058826,W4206247075,Software model-checking as cyclic-proof search,Takeshi Tsukada; Hiroshi Unno,https://doi.org/10.1145/3498725,W100631053,,,Viktor Kunčak,A5008699657,0000-0001-7044-9522,2011.0,11.0,openalex_author_id,A5008699657,last,False,False,,,1.0,1
3,57,viktorkuncak,Viktor Kunčak,OOPSLA,OOPSLA,2020,OOPSLA 2020,2,2022,POPL,POPL,False,0,6.0,17.0,35.294117647058826,W4206247075,Software model-checking as cyclic-proof search,Takeshi Tsukada; Hiroshi Unno,https://doi.org/10.1145/3498725,W2162315884,,,Viktor Kunčak,A5008699657,0000-0001-7044-9522,2010.0,12.0,openalex_author_id,A5008699657,last,False,False,,,1.0,1
3,57,viktorkuncak,Viktor Kunčak,OOPSLA,OOPSLA,2020,OOPSLA 2020,2,2022,POPL,POPL,False,0,6.0,17.0,35.294117647058826,W4206670752,Solving constrained Horn clauses modulo algebraic data types and recursive functions,Hari Govind V K; Sharon Shoham; Arie Gurfinkel,https://doi.org/10.1145/3498722,W100631053,,,Viktor Kunčak,A5008699657,0000-0001-7044-9522,2011.0,11.0,openalex_author_id,A5008699657,last,False,False,,,1.0,1
3,57,viktorkuncak,Viktor Kunčak,OOPSLA,OOPSLA,2020,OOPSLA 2020,2,2022,POPL,POPL,False,0,6.0,17.0,35.294117647058826,W4206670752,Solving constrained Horn clauses modulo algebraic data types and recursive functions,Hari Govind V K; Sharon Shoham; Arie Gurfinkel,https://doi.org/10.1145/3498722,W2162315884,,,Viktor Kunčak,A5008699657,0000-0001-7044-9522,2010.0,12.0,openalex_author_id,A5008699657,last,False,False,,,1.0,1
4,60,viktorkuncak,Viktor Kunčak,PLDI,PLDI,2021,PLDI 2021,-2,2019,ICFP,ICFP,False,0,2.0,31.0,6.451612903225806,W2966873892,Narcissus: correct-by-construction derivation of decoders and encoders from binary formats,Benjamin Delaware; Sorawit Suriyakarn; Clément Pit-Claudel; Qianchuan Ye; Adam Chlipala,https://doi.org/10.1145/3341686,W2091385303,,,Viktor Kunčak,A5008699657,0000-0001-7044-9522,2013.0,6.0,openalex_author_id,A5008699657,middle,False,False,,,1.0,1
4,60,viktorkuncak,Viktor Kunčak,PLDI,PLDI,2021,PLDI 2021,-2,2019,ICFP,ICFP,False,0,2.0,31.0,6.451612903225806,W2898173416,Synthesizing symmetric lenses,Anders Miltner; Solomon Maina; Kathleen Fisher; Benjamin C. Pierce; David Walker; Steve Zdancewic,https://doi.org/10.1145/3341699,W2157976942,,,Viktor Kunčak,A5008699657,0000-0001-7044-9522,2013.0,6.0,openalex_author_id,A5008699657,middle,False,False,,,1.0,1
4,62,viktorkuncak,Viktor Kunčak,PLDI,PLDI,2021,PLDI 2021,-2,2019,OOPSLA,OOPSLA,False,0,8.0,31.0,25.806451612903224,W2979368354,Automatic and scalable detection of logical errors in functional programming assignments,Dowon Song; Myungho Lee; Hakjoo Oh,https://doi.org/10.1145/3360614,W2091385303,,,Viktor Kunčak,A5008699657,0000-0001-7044-9522,2013.0,6.0,openalex_author_id,A5008699657,middle,False,False,,,1.0,1
4,62,viktorkuncak,Viktor Kunčak,PLDI,PLDI,2021,PLDI 2021,-2,2019,OOPSLA,OOPSLA,False,0,8.0,31.0,25.806451612903224,W2980167976,"Coverage guided, property based testing",Leonidas Lampropoulos; Michael Hicks; Benjamin C. Pierce,https://doi.org/10.1145/3360607,W2118155805,,,Viktor Kunčak,A5008699657,0000-0001-7044-9522,2010.0,9.0,openalex_author_id,A5008699657,middle,False,False,,,1.0,1
4,62,viktorkuncak,Viktor Kunčak,PLDI,PLDI,2021,PLDI 2021,-2,2019,OOPSLA,OOPSLA,False,0,8.0,31.0,25.806451612903224,W2980194351,"Design, implementation, and application of GPU-based Java bytecode interpreters",Ahmet Çelik; Pengyu Nie; Christopher J. Rossbach; Milos Gligoric,https://doi.org/10.1145/3360603,W1990069336,,,Viktor Kunčak,A5008699657,0000-0001-7044-9522,2015.0,4.0,openalex_author_id,A5008699657,middle,False,False,,,1.0,1
4,62,viktorkuncak,Viktor Kunčak,PLDI,PLDI,2021,PLDI 2021,-2,2019,OOPSLA,OOPSLA,False,0,8.0,31.0,25.806451612903224,W2980266434,Program synthesis with algebraic library specifications,Benjamin Mariano; Josh Reese; Siyuan Xu; ThanhVu Nguyen; Xiaokang Qiu; Jeffrey S. Foster; Armando Solar-Lezama,https://doi.org/10.1145/3360558,W100631053,,,Viktor Kunčak,A5008699657,0000-0001-7044-9522,2011.0,8.0,openalex_author_id,A5008699657,last,False,False,,,1.0,1
4,62,viktorkuncak,Viktor Kunčak,PLDI,PLDI,2021,PLDI 2021,-2,2019,OOPSLA,OOPSLA,False,0,8.0,31.0,25.806451612903224,W2927725532,System FR: formalized foundations for the stainless verifier,Jad Hamza; Nicolas Voirol; Viktor Kunčak,https://doi.org/10.1145/3360592,W2118922803,,,Viktor Kunčak,A5008699657,0000-0001-7044-9522,2015.0,4.0,openalex_author_id,A5008699657,last,False,False,,,1.0,1
4,62,viktorkuncak,Viktor Kunčak,PLDI,PLDI,2021,PLDI 2021,-2,2019,OOPSLA,OOPSLA,False,0,8.0,31.0,25.806451612903224,W2927725532,System FR: formalized foundations for the stainless verifier,Jad Hamza; Nicolas Voirol; Viktor Kunčak,https://doi.org/10.1145/3360592,W2126001891,,,Viktor Kunčak,A5008699657,0000-0001-7044-9522,2015.0,4.0,openalex_author_id,A5008699657,last,False,False,,,1.0,1
4,62,viktorkuncak,Viktor Kunčak,PLDI,PLDI,2021,PLDI 2021,-2,2019,OOPSLA,OOPSLA,False,0,8.0,31.0,25.806451612903224,W2971743981,TLA+ model checking made symbolic,Igor Konnov; Jure Kukovec; Thanh-Hai Tran,https://doi.org/10.1145/3360549,W1525684574,,,Viktor Kunčak,A5008699657,0000-0001-7044-9522,2010.0,9.0,openalex_author_id,A5008699657,last,False,False,,,1.0,1
4,62,viktorkuncak,Viktor Kunčak,PLDI,PLDI,2021,PLDI 2021,-2,2019,OOPSLA,OOPSLA,False,0,8.0,31.0,25.806451612903224,W2971743981,TLA+ model checking made symbolic,Igor Konnov; Jure Kukovec; Thanh-Hai Tran,https://doi.org/10.1145/3360549,W2168838065,,,Viktor Kunčak,A5008699657,0000-0001-7044-9522,2005.0,14.0,openalex_author_id,A5008699657,first,False,False,,,1.0,1
4,63,viktorkuncak,Viktor Kunčak,PLDI,PLDI,2021,PLDI 2021,-2,2019,PLDI,PLDI,True,0,11.0,31.0,35.483870967741936,W2902032143,Compiling KB-sized machine learning models to tiny IoT devices,Sridhar Gopinath; Nikhil Pratap Ghanathe; Vivek Seshadri; Rahul Sharma,https://doi.org/10.1145/3314221.3314597,W2038705805,,,Viktor Kunčak,A5008699657,0000-0001-7044-9522,2013.0,6.0,openalex_author_id,A5008699657,middle,False,False,,,1.0,1
4,63,viktorkuncak,Viktor Kunčak,PLDI,PLDI,2021,PLDI 2021,-2,2019,PLDI,PLDI,True,0,11.0,31.0,35.483870967741936,W2902032143,Compiling KB-sized machine learning models to tiny IoT devices,Sridhar Gopinath; Nikhil Pratap Ghanathe; Vivek Seshadri; Rahul Sharma,https://doi.org/10.1145/3314221.3314597,W2103953062,,,Viktor Kunčak,A5008699657,0000-0001-7044-9522,2014.0,5.0,openalex_author_id,A5008699657,last,False,False,,,1.0,1
4,63,viktorkuncak,Viktor Kunčak,PLDI,PLDI,2021,PLDI 2021,-2,2019,PLDI,PLDI,True,0,11.0,31.0,35.483870967741936,W2902032143,Compiling KB-sized machine learning models to tiny IoT devices,Sridhar Gopinath; Nikhil Pratap Ghanathe; Vivek Seshadri; Rahul Sharma,https://doi.org/10.1145/3314221.3314597,W2299696796,,,Viktor Kunčak,A5008699657,0000-0001-7044-9522,2017.0,2.0,openalex_author_id,A5008699657,last,False,False,,,1.0,1
4,63,viktorkuncak,Viktor Kunčak,PLDI,PLDI,2021,PLDI 2021,-2,2019,PLDI,PLDI,True,0,11.0,31.0,35.483870967741936,W2956055894,Effective floating-point analysis via weak-distance minimization,Zhoulai Fu; Zhendong Su,https://doi.org/10.1145/3314221.3314632,W2299696796,,,Viktor Kunčak,A5008699657,0000-0001-7044-9522,2017.0,2.0,openalex_author_id,A5008699657,last,False,False,,,1.0,1
4,63,viktorkuncak,Viktor Kunčak,PLDI,PLDI,2021,PLDI 2021,-2,2019,PLDI,PLDI,True,0,11.0,31.0,35.483870967741936,W2953958793,Lazy counterfactual symbolic execution,William T. Hallahan; Anton Xue; Maxwell Bland; Ranjit Jhala; Ružica Piskač,https://doi.org/10.1145/3314221.3314618,W2115261880,,,Viktor Kunčak,A5008699657,0000-0001-7044-9522,2012.0,7.0,openalex_author_id,A5008699657,middle,False,False,,,1.0,1
4,63,viktorkuncak,Viktor Kunčak,PLDI,PLDI,2021,PLDI 2021,-2,2019,PLDI,PLDI,True,0,11.0,31.0,35.483870967741936,W2953958793,Lazy counterfactual symbolic execution,William T. Hallahan; Anton Xue; Maxwell Bland; Ranjit Jhala; Ružica Piskač,https://doi.org/10.1145/3314221.3314618,W4243882797,,,Viktor Kunčak,A5008699657,0000-0001-7044-9522,2012.0,7.0,openalex_author_id,A5008699657,middle,False,False,,,1.0,1
4,63,viktorkuncak,Viktor Kunčak,PLDI,PLDI,2021,PLDI 2021,-2,2019,PLDI,PLDI,True,0,11.0,31.0,35.483870967741936,W2955030688,Learning stateful preconditions modulo a test generator,Angello Astorga; P. Madhusudan; Shambwaditya Saha; Shiyu Wang; Tao Xie,https://doi.org/10.1145/3314221.3314641,W2589084440,,,Viktor Kunčak,A5008699657,0000-0001-7044-9522,2017.0,2.0,openalex_author_id,A5008699657,middle,False,False,,,1.0,1
4,63,viktorkuncak,Viktor Kunčak,PLDI,PLDI,2021,PLDI 2021,-2,2019,PLDI,PLDI,True,0,11.0,31.0,35.483870967741936,W2937166643,Resource-guided program synthesis,Tristan Knoth; Di Wang; Nadia Polikarpova; Jan Hoffmann,https://doi.org/10.1145/3314221.3314602,W2091385303,,,Viktor Kunčak,A5008699657,0000-0001-7044-9522,2013.0,6.0,openalex_author_id,A5008699657,middle,False,False,,,1.0,1
4,63,viktorkuncak,Viktor Kunčak,PLDI,PLDI,2021,PLDI 2021,-2,2019,PLDI,PLDI,True,0,11.0,31.0,35.483870967741936,W2924130083,SLING: using dynamic analysis to infer program invariants in separation logic,Ton Chanh Le; Guolong Zheng; ThanhVu Nguyen,https://doi.org/10.1145/3314221.3314634,W1561702747,,,Viktor Kunčak,A5008699657,0000-0001-7044-9522,2008.0,11.0,openalex_author_id,A5008699657,middle,False,False,,,1.0,1
4,63,viktorkuncak,Viktor Kunčak,PLDI,PLDI,2021,PLDI 2021,-2,2019,PLDI,PLDI,True,0,11.0,31.0,35.483870967741936,W2954219808,Sparse computation data dependence simplification for efficient compiler-generated inspectors,Mahdi Soltan Mohammadi; Tomofumi Yuki; Kazem Cheshmi; Eddie C. Davis; Mary Hall; Maryam Mehri Dehnavi; Payal Nandy; Catherine Olschanowsky; Anand Venkat; Michelle Mills Strout,https://doi.org/10.1145/3314221.3314646,W2950481720,,,Viktor Kunčak,A5008699657,0000-0001-7044-9522,2015.0,4.0,openalex_author_id,A5008699657,middle,False,False,,,1.0,1
4,63,viktorkuncak,Viktor Kunčak,PLDI,PLDI,2021,PLDI 2021,-2,2019,PLDI,PLDI,True,0,11.0,31.0,35.483870967741936,W2947774097,Synthesis and machine learning for heterogeneous extraction,Arun Iyer; Manohar Jonnalagedda; Suresh Parthasarathy; Arjun Radhakrishna; Sriram K. Rajamani,https://doi.org/10.1145/3314221.3322485,W1912569824,,,Viktor Kunčak,A5008699657,0000-0001-7044-9522,2015.0,4.0,openalex_author_id,A5008699657,middle,False,False,,,1.0,1
4,61,viktorkuncak,Viktor Kunčak,PLDI,PLDI,2021,PLDI 2021,-2,2019,POPL,POPL,False,0,10.0,31.0,32.25806451612903,W2899590559,FrAngel: component-based synthesis with control structures,Kensen Shi; Jacob Steinhardt; Percy Liang,https://doi.org/10.1145/3290386,W1549970146,,,Viktor Kunčak,A5008699657,0000-0001-7044-9522,2011.0,8.0,openalex_author_id,A5008699657,middle,False,False,,,1.0,1
4,61,viktorkuncak,Viktor Kunčak,PLDI,PLDI,2021,PLDI 2021,-2,2019,POPL,POPL,False,0,10.0,31.0,32.25806451612903,W2899590559,FrAngel: component-based synthesis with control structures,Kensen Shi; Jacob Steinhardt; Percy Liang,https://doi.org/10.1145/3290386,W2157976942,,,Viktor Kunčak,A5008699657,0000-0001-7044-9522,2013.0,6.0,openalex_author_id,A5008699657,middle,False,False,,,1.0,1
4,61,viktorkuncak,Viktor Kunčak,PLDI,PLDI,2021,PLDI 2021,-2,2019,POPL,POPL,False,0,10.0,31.0,32.25806451612903,W2900394527,Hamsaz: replication coordination analysis and synthesis,Farzin Houshmand; Mohsen Lesani,https://doi.org/10.1145/3290387,W1607550340,,,Viktor Kunčak,A5008699657,0000-0001-7044-9522,2007.0,12.0,openalex_author_id,A5008699657,first,False,False,,,1.0,1
4,61,viktorkuncak,Viktor Kunčak,PLDI,PLDI,2021,PLDI 2021,-2,2019,POPL,POPL,False,0,10.0,31.0,32.25806451612903,W2899983867,JaVerT 2.0: compositional symbolic execution for JavaScript,José Fragoso Santos; Petar Maksimović; Gabriela Sampaio; Philippa Gardner,https://doi.org/10.1145/3290379,W1561702747,,,Viktor Kunčak,A5008699657,0000-0001-7044-9522,2008.0,11.0,openalex_author_id,A5008699657,middle,False,False,,,1.0,1
4,61,viktorkuncak,Viktor Kunčak,PLDI,PLDI,2021,PLDI 2021,-2,2019,POPL,POPL,False,0,10.0,31.0,32.25806451612903,W2883187296,Structuring the synthesis of heap-manipulating programs,Nadia Polikarpova; Ilya Sergey,https://doi.org/10.1145/3290385,W1566438397,,,Viktor Kunčak,A5008699657,0000-0001-7044-9522,2013.0,6.0,openalex_author_id,A5008699657,middle,False,False,,,1.0,1
4,61,viktorkuncak,Viktor Kunčak,PLDI,PLDI,2021,PLDI 2021,-2,2019,POPL,POPL,False,0,10.0,31.0,32.25806451612903,W2883187296,Structuring the synthesis of heap-manipulating programs,Nadia Polikarpova; Ilya Sergey,https://doi.org/10.1145/3290385,W1912569824,,,Viktor Kunčak,A5008699657,0000-0001-7044-9522,2015.0,4.0,openalex_author_id,A5008699657,middle,False,False,,,1.0,1
4,61,viktorkuncak,Viktor Kunčak,PLDI,PLDI,2021,PLDI 2021,-2,2019,POPL,POPL,False,0,10.0,31.0,32.25806451612903,W2883187296,Structuring the synthesis of heap-manipulating programs,Nadia Polikarpova; Ilya Sergey,https://doi.org/10.1145/3290385,W2091385303,,,Viktor Kunčak,A5008699657,0000-0001-7044-9522,2013.0,6.0,openalex_author_id,A5008699657,middle,False,False,,,1.0,1
4,61,viktorkuncak,Viktor Kunčak,PLDI,PLDI,2021,PLDI 2021,-2,2019,POPL,POPL,False,0,10.0,31.0,32.25806451612903,W2883187296,Structuring the synthesis of heap-manipulating programs,Nadia Polikarpova; Ilya Sergey,https://doi.org/10.1145/3290385,W2105315191,,,Viktor Kunčak,A5008699657,0000-0001-7044-9522,2010.0,9.0,openalex_author_id,A5008699657,first,False,False,,,1.0,1
4,61,viktorkuncak,Viktor Kunčak,PLDI,PLDI,2021,PLDI 2021,-2,2019,POPL,POPL,False,0,10.0,31.0,32.25806451612903,W2899277098,Trace abstraction modulo probability,Calvin Smith; Justin Hsu; Aws Albarghouthi,https://doi.org/10.1145/3290352,W1949522686,,,Viktor Kunčak,A5008699657,0000-0001-7044-9522,2014.0,5.0,openalex_author_id,A5008699657,last,False,False,,,1.0,1
4,61,viktorkuncak,Viktor Kunčak,PLDI,PLDI,2021,PLDI 2021,-2,2019,POPL,POPL,False,0,10.0,31.0,32.25806451612903,W2795143051,code2vec: learning distributed representations of code,Uri Alon; Meital Zilberstein; Omer Levy; Eran Yahav,https://doi.org/10.1145/3290353,W2070473038,,,Viktor Kunčak,A5008699657,0000-0001-7044-9522,2015.0,4.0,openalex_author_id,A5008699657,last,False,False,,,1.0,1
4,64,viktorkuncak,Viktor Kunčak,PLDI,PLDI,2021,PLDI 2021,-1,2020,ICFP,ICFP,False,0,8.0,37.0,21.62162162162162,W3039933166,Liquid information flow control,Nadia Polikarpova; Deian Stefan; Jean Yang; Shachar Itzhaky; Travis Hance; Armando Solar-Lezama,https://doi.org/10.1145/3408987,W2091385303,,,Viktor Kunčak,A5008699657,0000-0001-7044-9522,2013.0,7.0,openalex_author_id,A5008699657,middle,False,False,,,1.0,1
4,64,viktorkuncak,Viktor Kunčak,PLDI,PLDI,2021,PLDI 2021,-1,2020,ICFP,ICFP,False,0,8.0,37.0,21.62162162162162,W3039933166,Liquid information flow control,Nadia Polikarpova; Deian Stefan; Jean Yang; Shachar Itzhaky; Travis Hance; Armando Solar-Lezama,https://doi.org/10.1145/3408987,W2105315191,,,Viktor Kunčak,A5008699657,0000-0001-7044-9522,2010.0,10.0,openalex_author_id,A5008699657,first,False,False,,,1.0,1
4,64,viktorkuncak,Viktor Kunčak,PLDI,PLDI,2021,PLDI 2021,-1,2020,ICFP,ICFP,False,0,8.0,37.0,21.62162162162162,W3039933166,Liquid information flow control,Nadia Polikarpova; Deian Stefan; Jean Yang; Shachar Itzhaky; Travis Hance; Armando Solar-Lezama,https://doi.org/10.1145/3408987,W989845945,,,Viktor Kunčak,A5008699657,0000-0001-7044-9522,2015.0,5.0,openalex_author_id,A5008699657,last,False,False,,,1.0,1
4,64,viktorkuncak,Viktor Kunčak,PLDI,PLDI,2021,PLDI 2021,-1,2020,ICFP,ICFP,False,0,8.0,37.0,21.62162162162162,W3038090598,Liquid resource types,Tristan Knoth; Di Wang; Adam Reynolds; Jan Hoffmann; Nadia Polikarpova,https://doi.org/10.1145/3408988,W2589084440,,,Viktor Kunčak,A5008699657,0000-0001-7044-9522,2017.0,3.0,openalex_author_id,A5008699657,middle,False,False,,,1.0,1
4,64,viktorkuncak,Viktor Kunčak,PLDI,PLDI,2021,PLDI 2021,-1,2020,ICFP,ICFP,False,0,8.0,37.0,21.62162162162162,W3047508197,Parsing with zippers (functional pearl),Pierce Darragh; Michael D. Adams,https://doi.org/10.1145/3408990,W2989941108,,,Viktor Kunčak,A5008699657,0000-0001-7044-9522,2019.0,1.0,openalex_author_id,A5008699657,last,False,False,,,1.0,1
4,64,viktorkuncak,Viktor Kunčak,PLDI,PLDI,2021,PLDI 2021,-1,2020,ICFP,ICFP,False,0,8.0,37.0,21.62162162162162,W3047508197,Parsing with zippers (functional pearl),Pierce Darragh; Michael D. Adams,https://doi.org/10.1145/3408990,W3034054982,,,Viktor Kunčak,A5008699657,0000-0001-7044-9522,2020.0,0.0,openalex_author_id,A5008699657,last,False,False,,,1.0,1
4,64,viktorkuncak,Viktor Kunčak,PLDI,PLDI,2021,PLDI 2021,-1,2020,ICFP,ICFP,False,0,8.0,37.0,21.62162162162162,W3046985528,Program sketching with live bidirectional evaluation,Justin Lubin; Nick Collins; Cyrus Omar; Ravi Chugh,https://doi.org/10.1145/3408991,W2890873226,,,Viktor Kunčak,A5008699657,0000-0001-7044-9522,2018.0,2.0,openalex_author_id,A5008699657,middle,False,False,,,1.0,1
4,64,viktorkuncak,Viktor Kunčak,PLDI,PLDI,2021,PLDI 2021,-1,2020,ICFP,ICFP,False,0,8.0,37.0,21.62162162162162,W3046985528,Program sketching with live bidirectional evaluation,Justin Lubin; Nick Collins; Cyrus Omar; Ravi Chugh,https://doi.org/10.1145/3408991,W989845945,,,Viktor Kunčak,A5008699657,0000-0001-7044-9522,2015.0,5.0,openalex_author_id,A5008699657,last,False,False,,,1.0,1
4,66,viktorkuncak,Viktor Kunčak,PLDI,PLDI,2021,PLDI 2021,-1,2020,OOPSLA,OOPSLA,False,1,20.0,37.0,54.054054054054056,W3109017117,Digging for fold: synthesis-aided API discovery for Haskell,Michael B. James; Zheng Guo; Ziteng Wang; Shivani Doshi; Hila Peleg; Ranjit Jhala; Nadia Polikarpova,https://doi.org/10.1145/3428273,W2157976942,,,Viktor Kunčak,A5008699657,0000-0001-7044-9522,2013.0,7.0,openalex_author_id,A5008699657,middle,False,False,,,1.0,1
4,66,viktorkuncak,Viktor Kunčak,PLDI,PLDI,2021,PLDI 2021,-1,2020,OOPSLA,OOPSLA,False,1,20.0,37.0,54.054054054054056,W3109045280,Enabling accuracy-aware Quantum compilers using symbolic resource estimation,Giulia Meuli; Mathias Soeken; Martin Roetteler; Thomas Häner,https://doi.org/10.1145/3428198,W3107039920,,,Viktor Kunčak,A5008699657,0000-0001-7044-9522,2014.0,6.0,openalex_author_id,A5008699657,last,False,False,,,1.0,1
4,66,viktorkuncak,Viktor Kunčak,PLDI,PLDI,2021,PLDI 2021,-1,2020,OOPSLA,OOPSLA,False,1,20.0,37.0,54.054054054054056,W3082991350,Feedback-driven semi-supervised synthesis of program transformations,Xiang Gao; Shraddha Barke; Arjun Radhakrishna; Gustavo Soares; Sumit Gulwani; Alan Leung; Nachiappan Nagappan; Ashish Tiwari,https://doi.org/10.1145/3428287,W1912569824,,,Viktor Kunčak,A5008699657,0000-0001-7044-9522,2015.0,5.0,openalex_author_id,A5008699657,middle,False,False,,,1.0,1
4,66,viktorkuncak,Viktor Kunčak,PLDI,PLDI,2021,PLDI 2021,-1,2020,OOPSLA,OOPSLA,False,1,20.0,37.0,54.054054054054056,W3082991350,Feedback-driven semi-supervised synthesis of program transformations,Xiang Gao; Shraddha Barke; Arjun Radhakrishna; Gustavo Soares; Sumit Gulwani; Alan Leung; Nachiappan Nagappan; Ashish Tiwari,https://doi.org/10.1145/3428287,W2157976942,,,Viktor Kunčak,A5008699657,0000-0001-7044-9522,2013.0,7.0,openalex_author_id,A5008699657,middle,False,False,,,1.0,1
4,66,viktorkuncak,Viktor Kunčak,PLDI,PLDI,2021,PLDI 2021,-1,2020,OOPSLA,OOPSLA,False,1,20.0,37.0,54.054054054054056,W3109650547,Formulog: Datalog for SMT-based static analysis,Aaron Bembenek; Michael Greenberg; Stephen Chong,https://doi.org/10.1145/3428209,W1549774509,,,Viktor Kunčak,A5008699657,0000-0001-7044-9522,2011.0,9.0,openalex_author_id,A5008699657,middle,False,False,,,1.0,1
4,66,viktorkuncak,Viktor Kunčak,PLDI,PLDI,2021,PLDI 2021,-1,2020,OOPSLA,OOPSLA,False,1,20.0,37.0,54.054054054054056,W3108916415,Gradual verification of recursive heap data structures,Jenna Wise; Johannes Bader; Cameron Wong; Jonathan Aldrich; Éric Tanter; Joshua Sunshine,https://doi.org/10.1145/3428296,W1561702747,,,Viktor Kunčak,A5008699657,0000-0001-7044-9522,2008.0,12.0,openalex_author_id,A5008699657,middle,False,False,,,1.0,1
4,66,viktorkuncak,Viktor Kunčak,PLDI,PLDI,2021,PLDI 2021,-1,2020,OOPSLA,OOPSLA,False,1,20.0,37.0,54.054054054054056,W3110369458,Guiding dynamic programing via structural probability for accelerating programming by example,Ruyi Ji; Yican Sun; Yingfei Xiong; Zhenjiang Hu,https://doi.org/10.1145/3428292,W1912569824,,,Viktor Kunčak,A5008699657,0000-0001-7044-9522,2015.0,5.0,openalex_author_id,A5008699657,middle,False,False,,,1.0,1
4,66,viktorkuncak,Viktor Kunčak,PLDI,PLDI,2021,PLDI 2021,-1,2020,OOPSLA,OOPSLA,False,1,20.0,37.0,54.054054054054056,W3110369458,Guiding dynamic programing via structural probability for accelerating programming by example,Ruyi Ji; Yican Sun; Yingfei Xiong; Zhenjiang Hu,https://doi.org/10.1145/3428292,W2589084440,,,Viktor Kunčak,A5008699657,0000-0001-7044-9522,2017.0,3.0,openalex_author_id,A5008699657,middle,False,False,,,1.0,1
4,66,viktorkuncak,Viktor Kunčak,PLDI,PLDI,2021,PLDI 2021,-1,2020,OOPSLA,OOPSLA,False,1,20.0,37.0,54.054054054054056,W3092881338,Just-in-time learning for bottom-up enumerative synthesis,Shraddha Barke; Hila Peleg; Nadia Polikarpova,https://doi.org/10.1145/3428295,W2091385303,,,Viktor Kunčak,A5008699657,0000-0001-7044-9522,2013.0,7.0,openalex_author_id,A5008699657,middle,False,False,,,1.0,1
4,66,viktorkuncak,Viktor Kunčak,PLDI,PLDI,2021,PLDI 2021,-1,2020,OOPSLA,OOPSLA,False,1,20.0,37.0,54.054054054054056,W3092881338,Just-in-time learning for bottom-up enumerative synthesis,Shraddha Barke; Hila Peleg; Nadia Polikarpova,https://doi.org/10.1145/3428295,W2157976942,,,Viktor Kunčak,A5008699657,0000-0001-7044-9522,2013.0,7.0,openalex_author_id,A5008699657,middle,False,False,,,1.0,1
4,66,viktorkuncak,Viktor Kunčak,PLDI,PLDI,2021,PLDI 2021,-1,2020,OOPSLA,OOPSLA,False,1,20.0,37.0,54.054054054054056,W3092881338,Just-in-time learning for bottom-up enumerative synthesis,Shraddha Barke; Hila Peleg; Nadia Polikarpova,https://doi.org/10.1145/3428295,W2735990162,,,Viktor Kunčak,A5008699657,0000-0001-7044-9522,2017.0,3.0,openalex_author_id,A5008699657,last,False,False,,,1.0,1
4,66,viktorkuncak,Viktor Kunčak,PLDI,PLDI,2021,PLDI 2021,-1,2020,OOPSLA,OOPSLA,False,1,20.0,37.0,54.054054054054056,W3092881338,Just-in-time learning for bottom-up enumerative synthesis,Shraddha Barke; Hila Peleg; Nadia Polikarpova,https://doi.org/10.1145/3428295,W3013861782,,,Viktor Kunčak,A5008699657,0000-0001-7044-9522,2013.0,7.0,openalex_author_id,A5008699657,middle,False,False,,,1.0,1
4,66,viktorkuncak,Viktor Kunčak,PLDI,PLDI,2021,PLDI 2021,-1,2020,OOPSLA,OOPSLA,False,1,20.0,37.0,54.054054054054056,W3093870681,On the unusual effectiveness of type-aware operator mutations for testing SMT solvers,Dominik Winterer; Chengyu Zhang; Zhendong Su,https://doi.org/10.1145/3428261,W1912569824,,,Viktor Kunčak,A5008699657,0000-0001-7044-9522,2015.0,5.0,openalex_author_id,A5008699657,middle,False,False,,,1.0,1
4,66,viktorkuncak,Viktor Kunčak,PLDI,PLDI,2021,PLDI 2021,-1,2020,OOPSLA,OOPSLA,False,1,20.0,37.0,54.054054054054056,W3093870681,On the unusual effectiveness of type-aware operator mutations for testing SMT solvers,Dominik Winterer; Chengyu Zhang; Zhendong Su,https://doi.org/10.1145/3428261,W2950481720,,,Viktor Kunčak,A5008699657,0000-0001-7044-9522,2015.0,5.0,openalex_author_id,A5008699657,middle,False,False,,,1.0,1
4,66,viktorkuncak,Viktor Kunčak,PLDI,PLDI,2021,PLDI 2021,-1,2020,OOPSLA,OOPSLA,False,1,20.0,37.0,54.054054054054056,W3107416527,Programming with a read-eval-synth loop,Hila Peleg; Roi Gabay; Shachar Itzhaky; Eran Yahav,https://doi.org/10.1145/3428227,W2890873226,,,Viktor Kunčak,A5008699657,0000-0001-7044-9522,2018.0,2.0,openalex_author_id,A5008699657,middle,False,False,,,1.0,1
4,66,viktorkuncak,Viktor Kunčak,PLDI,PLDI,2021,PLDI 2021,-1,2020,OOPSLA,OOPSLA,False,1,20.0,37.0,54.054054054054056,W3107416527,Programming with a read-eval-synth loop,Hila Peleg; Roi Gabay; Shachar Itzhaky; Eran Yahav,https://doi.org/10.1145/3428227,W989845945,,,Viktor Kunčak,A5008699657,0000-0001-7044-9522,2015.0,5.0,openalex_author_id,A5008699657,last,False,False,,,1.0,1
4,66,viktorkuncak,Viktor Kunčak,PLDI,PLDI,2021,PLDI 2021,-1,2020,OOPSLA,OOPSLA,False,1,20.0,37.0,54.054054054054056,W3107309644,Statically verified refinements for multiparty protocols,Fangyi Zhou; Francisco Ferreira; Raymond Hu; Rumyana Neykova; Nobuko Yoshida,https://doi.org/10.1145/3428216,W2534043998,,,Viktor Kunčak,A5008699657,0000-0001-7044-9522,2016.0,4.0,openalex_author_id,A5008699657,last,False,False,,,1.0,1
4,66,viktorkuncak,Viktor Kunčak,PLDI,PLDI,2021,PLDI 2021,-1,2020,OOPSLA,OOPSLA,False,1,20.0,37.0,54.054054054054056,W3110562743,Unifying execution of imperative generators and declarative specifications,Pengyu Nie; Marinela Parovic; Zhiqiang Zang; Sarfraz Khurshid; Aleksandar Milićević; Milos Gligoric,https://doi.org/10.1145/3428285,W149731632,,,Viktor Kunčak,A5008699657,0000-0001-7044-9522,2013.0,7.0,openalex_author_id,A5008699657,first,False,False,,,1.0,1
4,66,viktorkuncak,Viktor Kunčak,PLDI,PLDI,2021,PLDI 2021,-1,2020,OOPSLA,OOPSLA,False,1,20.0,37.0,54.054054054054056,W3110562743,Unifying execution of imperative generators and declarative specifications,Pengyu Nie; Marinela Parovic; Zhiqiang Zang; Sarfraz Khurshid; Aleksandar Milićević; Milos Gligoric,https://doi.org/10.1145/3428285,W1990069336,,,Viktor Kunčak,A5008699657,0000-0001-7044-9522,2015.0,5.0,openalex_author_id,A5008699657,middle,False,False,,,1.0,1
4,66,viktorkuncak,Viktor Kunčak,PLDI,PLDI,2021,PLDI 2021,-1,2020,OOPSLA,OOPSLA,False,1,20.0,37.0,54.054054054054056,W3110562743,Unifying execution of imperative generators and declarative specifications,Pengyu Nie; Marinela Parovic; Zhiqiang Zang; Sarfraz Khurshid; Aleksandar Milićević; Milos Gligoric,https://doi.org/10.1145/3428285,W2118155805,,,Viktor Kunčak,A5008699657,0000-0001-7044-9522,2010.0,10.0,openalex_author_id,A5008699657,middle,False,True,A5063052820; A5102146282,Darko Marinov; Milos Gligoric; Sarfraz Khurshid; Tihomir Gvero; Viktor Kunčak; Vilas Jagannath,1.0,1
4,67,viktorkuncak,Viktor Kunčak,PLDI,PLDI,2021,PLDI 2021,-1,2020,PLDI,PLDI,True,0,7.0,37.0,18.91891891891892,W3013815865,Data-driven inference of representation invariants,Anders Miltner; Saswat Padhi; Todd Millstein; David Walker,https://doi.org/10.1145/3385412.3385967,W100631053,,,Viktor Kunčak,A5008699657,0000-0001-7044-9522,2011.0,9.0,openalex_author_id,A5008699657,last,False,False,,,1.0,1
4,67,viktorkuncak,Viktor Kunčak,PLDI,PLDI,2021,PLDI 2021,-1,2020,PLDI,PLDI,True,0,7.0,37.0,18.91891891891892,W3033741081,Debugging and detecting numerical errors in computation with posits,Sangeeta Chowdhary; Jay P. Lim; Santosh Nagarakatte,https://doi.org/10.1145/3385412.3386004,W2103953062,,,Viktor Kunčak,A5008699657,0000-0001-7044-9522,2014.0,6.0,openalex_author_id,A5008699657,last,False,False,,,1.0,1
4,67,viktorkuncak,Viktor Kunčak,PLDI,PLDI,2021,PLDI 2021,-1,2020,PLDI,PLDI,True,0,7.0,37.0,18.91891891891892,W3033889389,Multi-modal synthesis of regular expressions,Qiaochu Chen; Xinyu Wang; Xi Ye; Greg Durrett; Işıl Dillig,https://doi.org/10.1145/3385412.3385988,W2070473038,,,Viktor Kunčak,A5008699657,0000-0001-7044-9522,2015.0,5.0,openalex_author_id,A5008699657,last,False,False,,,1.0,1
4,67,viktorkuncak,Viktor Kunčak,PLDI,PLDI,2021,PLDI 2021,-1,2020,PLDI,PLDI,True,0,7.0,37.0,18.91891891891892,W3033889389,Multi-modal synthesis of regular expressions,Qiaochu Chen; Xinyu Wang; Xi Ye; Greg Durrett; Işıl Dillig,https://doi.org/10.1145/3385412.3385988,W2157976942,,,Viktor Kunčak,A5008699657,0000-0001-7044-9522,2013.0,7.0,openalex_author_id,A5008699657,middle,False,False,,,1.0,1
4,67,viktorkuncak,Viktor Kunčak,PLDI,PLDI,2021,PLDI 2021,-1,2020,PLDI,PLDI,True,0,7.0,37.0,18.91891891891892,W3033481405,Question selection for interactive program synthesis,Ruyi Ji; Jingjing Liang; Yingfei Xiong; Lu Zhang; Zhenjiang Hu,https://doi.org/10.1145/3385412.3386025,W1549970146,,,Viktor Kunčak,A5008699657,0000-0001-7044-9522,2011.0,9.0,openalex_author_id,A5008699657,middle,False,False,,,1.0,1
4,67,viktorkuncak,Viktor Kunčak,PLDI,PLDI,2021,PLDI 2021,-1,2020,PLDI,PLDI,True,0,7.0,37.0,18.91891891891892,W3033316151,Reconciling enumerative and deductive program synthesis,Kangjing Huang; Xiaokang Qiu; Peiyuan Shen; Yanjun Wang,https://doi.org/10.1145/3385412.3386027,W1912569824,,,Viktor Kunčak,A5008699657,0000-0001-7044-9522,2015.0,5.0,openalex_author_id,A5008699657,middle,False,False,,,1.0,1
4,67,viktorkuncak,Viktor Kunčak,PLDI,PLDI,2021,PLDI 2021,-1,2020,PLDI,PLDI,True,0,7.0,37.0,18.91891891891892,W3033748891,Semantic code search via equational reasoning,Varot Premtoon; James Koppel; Armando Solar-Lezama,https://doi.org/10.1145/3385412.3386001,W2157976942,,,Viktor Kunčak,A5008699657,0000-0001-7044-9522,2013.0,7.0,openalex_author_id,A5008699657,middle,False,False,,,1.0,1
4,65,viktorkuncak,Viktor Kunčak,PLDI,PLDI,2021,PLDI 2021,-1,2020,POPL,POPL,False,0,2.0,37.0,5.405405405405405,W2995074506,Liquidate your assets: reasoning about resource usage in liquid Haskell,Martin A. T. Handley; Niki Vazou; Graham Hutton,https://doi.org/10.1145/3371092,W2565399133,,,Viktor Kunčak,A5008699657,0000-0001-7044-9522,2016.0,4.0,openalex_author_id,A5008699657,last,False,False,,,1.0,1
4,65,viktorkuncak,Viktor Kunčak,PLDI,PLDI,2021,PLDI 2021,-1,2020,POPL,POPL,False,0,2.0,37.0,5.405405405405405,W2986061690,Program synthesis by type-guided abstraction refinement,Zheng Guo; Michael B. James; David Justo; Jiaxiao Zhou; Ziteng Wang; Ranjit Jhala; Nadia Polikarpova,https://doi.org/10.1145/3371080,W2157976942,,,Viktor Kunčak,A5008699657,0000-0001-7044-9522,2013.0,7.0,openalex_author_id,A5008699657,middle,False,False,,,1.0,1
4,68,viktorkuncak,Viktor Kunčak,PLDI,PLDI,2021,PLDI 2021,0,2021,ICFP,ICFP,False,0,3.0,36.0,8.333333333333332,W3196111424,Certifying the synthesis of heap-manipulating programs,Yasunari Watanabe; Kiran Gopinathan; George Pîrlea; Nadia Polikarpova; Ilya Sergey,https://doi.org/10.1145/3473589,W2091385303,,,Viktor Kunčak,A5008699657,0000-0001-7044-9522,2013.0,8.0,openalex_author_id,A5008699657,middle,False,False,,,1.0,1
4,68,viktorkuncak,Viktor Kunčak,PLDI,PLDI,2021,PLDI 2021,0,2021,ICFP,ICFP,False,0,3.0,36.0,8.333333333333332,W3196111424,Certifying the synthesis of heap-manipulating programs,Yasunari Watanabe; Kiran Gopinathan; George Pîrlea; Nadia Polikarpova; Ilya Sergey,https://doi.org/10.1145/3473589,W3013861782,,,Viktor Kunčak,A5008699657,0000-0001-7044-9522,2013.0,8.0,openalex_author_id,A5008699657,middle,False,False,,,1.0,1
4,68,viktorkuncak,Viktor Kunčak,PLDI,PLDI,2021,PLDI 2021,0,2021,ICFP,ICFP,False,0,3.0,36.0,8.333333333333332,W3139303876,Reasoning about the garden of forking paths,Yao Li; Li-yao Xia; Stephanie Weirich,https://doi.org/10.1145/3473585,W2565399133,,,Viktor Kunčak,A5008699657,0000-0001-7044-9522,2016.0,5.0,openalex_author_id,A5008699657,last,False,False,,,1.0,1
4,70,viktorkuncak,Viktor Kunčak,PLDI,PLDI,2021,PLDI 2021,0,2021,OOPSLA,OOPSLA,False,1,10.0,36.0,27.77777777777778,W3206648851,A derivative-based parser generator for visibly Pushdown grammars,Xiaodong Jia; Ashish Kumar; Gang Tan,https://doi.org/10.1145/3485528,W2989941108,,,Viktor Kunčak,A5008699657,0000-0001-7044-9522,2019.0,2.0,openalex_author_id,A5008699657,last,False,False,,,1.0,1
4,70,viktorkuncak,Viktor Kunčak,PLDI,PLDI,2021,PLDI 2021,0,2021,OOPSLA,OOPSLA,False,1,10.0,36.0,27.77777777777778,W3206648851,A derivative-based parser generator for visibly Pushdown grammars,Xiaodong Jia; Ashish Kumar; Gang Tan,https://doi.org/10.1145/3485528,W3034054982,,,Viktor Kunčak,A5008699657,0000-0001-7044-9522,2020.0,1.0,openalex_author_id,A5008699657,last,False,False,,,1.0,1
4,70,viktorkuncak,Viktor Kunčak,PLDI,PLDI,2021,PLDI 2021,0,2021,OOPSLA,OOPSLA,False,1,10.0,36.0,27.77777777777778,W3206530090,LooPy: interactive program synthesis with control structures,Kasra Ferdowsi; Shraddha Barke; Hila Peleg; Sorin Lerner; Nadia Polikarpova,https://doi.org/10.1145/3485530,W2091385303,,,Viktor Kunčak,A5008699657,0000-0001-7044-9522,2013.0,8.0,openalex_author_id,A5008699657,middle,False,False,,,1.0,1
4,70,viktorkuncak,Viktor Kunčak,PLDI,PLDI,2021,PLDI 2021,0,2021,OOPSLA,OOPSLA,False,1,10.0,36.0,27.77777777777778,W3206530090,LooPy: interactive program synthesis with control structures,Kasra Ferdowsi; Shraddha Barke; Hila Peleg; Sorin Lerner; Nadia Polikarpova,https://doi.org/10.1145/3485530,W2157976942,,,Viktor Kunčak,A5008699657,0000-0001-7044-9522,2013.0,8.0,openalex_author_id,A5008699657,middle,False,False,,,1.0,1
4,70,viktorkuncak,Viktor Kunčak,PLDI,PLDI,2021,PLDI 2021,0,2021,OOPSLA,OOPSLA,False,1,10.0,36.0,27.77777777777778,W3205479231,Program analysis via efficient symbolic abstraction,Peisen Yao; Qingkai Shi; Heqing Huang; Charles Zhang,https://doi.org/10.1145/3485495,W4243882797,,,Viktor Kunčak,A5008699657,0000-0001-7044-9522,2012.0,9.0,openalex_author_id,A5008699657,middle,False,False,,,1.0,1
4,70,viktorkuncak,Viktor Kunčak,PLDI,PLDI,2021,PLDI 2021,0,2021,OOPSLA,OOPSLA,False,1,10.0,36.0,27.77777777777778,W3206776868,Programming and execution models for parallel bounded exhaustive testing,Nader Al Awar; Kush Jain; Christopher J. Rossbach; Milos Gligoric,https://doi.org/10.1145/3485543,W1990069336,,,Viktor Kunčak,A5008699657,0000-0001-7044-9522,2015.0,6.0,openalex_author_id,A5008699657,middle,False,False,,,1.0,1
4,70,viktorkuncak,Viktor Kunčak,PLDI,PLDI,2021,PLDI 2021,0,2021,OOPSLA,OOPSLA,False,1,10.0,36.0,27.77777777777778,W3206776868,Programming and execution models for parallel bounded exhaustive testing,Nader Al Awar; Kush Jain; Christopher J. Rossbach; Milos Gligoric,https://doi.org/10.1145/3485543,W2118155805,,,Viktor Kunčak,A5008699657,0000-0001-7044-9522,2010.0,11.0,openalex_author_id,A5008699657,middle,False,True,A5063052820,Darko Marinov; Milos Gligoric; Sarfraz Khurshid; Tihomir Gvero; Viktor Kunčak; Vilas Jagannath,1.0,1
4,70,viktorkuncak,Viktor Kunčak,PLDI,PLDI,2021,PLDI 2021,0,2021,OOPSLA,OOPSLA,False,1,10.0,36.0,27.77777777777778,W3206776868,Programming and execution models for parallel bounded exhaustive testing,Nader Al Awar; Kush Jain; Christopher J. Rossbach; Milos Gligoric,https://doi.org/10.1145/3485543,W3034246121,,,Viktor Kunčak,A5008699657,0000-0001-7044-9522,2015.0,6.0,openalex_author_id,A5008699657,middle,False,False,,,1.0,1
4,70,viktorkuncak,Viktor Kunčak,PLDI,PLDI,2021,PLDI 2021,0,2021,OOPSLA,OOPSLA,False,1,10.0,36.0,27.77777777777778,W3205508149,Synbit: synthesizing bidirectional programs using unidirectional sketches,Masaomi Yamaguchi; Kazutaka Matsuda; Cristina David; Meng Wang,https://doi.org/10.1145/3485482,W2091385303,,,Viktor Kunčak,A5008699657,0000-0001-7044-9522,2013.0,8.0,openalex_author_id,A5008699657,middle,False,False,,,1.0,1
4,70,viktorkuncak,Viktor Kunčak,PLDI,PLDI,2021,PLDI 2021,0,2021,OOPSLA,OOPSLA,False,1,10.0,36.0,27.77777777777778,W3205423569,Synthesizing contracts correct modulo a test generator,Angello Astorga; Shambwaditya Saha; Ahmad Dinkins; Felicia Wang; P. Madhusudan; Tao Xie,https://doi.org/10.1145/3485481,W2118155805,,,Viktor Kunčak,A5008699657,0000-0001-7044-9522,2010.0,11.0,openalex_author_id,A5008699657,middle,False,False,,,1.0,1
4,71,viktorkuncak,Viktor Kunčak,PLDI,PLDI,2021,PLDI 2021,0,2021,PLDI,PLDI,True,1,18.0,36.0,50.0,W3155663320,Beyond the elementary representations of program invariants over algebraic data types,Yurii Kostyukov; Dmitry Mordvinov; Grigory Fedyukovich,https://doi.org/10.1145/3453483.3454055,W2162315884,,,Viktor Kunčak,A5008699657,0000-0001-7044-9522,2010.0,11.0,openalex_author_id,A5008699657,last,False,False,,,1.0,1
4,71,viktorkuncak,Viktor Kunčak,PLDI,PLDI,2021,PLDI 2021,0,2021,PLDI,PLDI,True,1,18.0,36.0,50.0,W3155663320,Beyond the elementary representations of program invariants over algebraic data types,Yurii Kostyukov; Dmitry Mordvinov; Grigory Fedyukovich,https://doi.org/10.1145/3453483.3454055,W3012238446,,,Viktor Kunčak,A5008699657,0000-0001-7044-9522,2010.0,11.0,openalex_author_id,A5008699657,last,False,False,,,1.0,1
4,71,viktorkuncak,Viktor Kunčak,PLDI,PLDI,2021,PLDI 2021,0,2021,PLDI,PLDI,True,1,18.0,36.0,50.0,W3173889114,CoStar: a verified ALL(*) parser,Sam Lasser; Chris Casinghino; Kathleen Fisher; Cody Roux,https://doi.org/10.1145/3453483.3454053,W2989941108,,,Viktor Kunčak,A5008699657,0000-0001-7044-9522,2019.0,2.0,openalex_author_id,A5008699657,last,False,False,,,1.0,1
4,71,viktorkuncak,Viktor Kunčak,PLDI,PLDI,2021,PLDI 2021,0,2021,PLDI,PLDI,True,1,18.0,36.0,50.0,W3173889114,CoStar: a verified ALL(*) parser,Sam Lasser; Chris Casinghino; Kathleen Fisher; Cody Roux,https://doi.org/10.1145/3453483.3454053,W3034054982,,,Viktor Kunčak,A5008699657,0000-0001-7044-9522,2020.0,1.0,openalex_author_id,A5008699657,last,False,False,,,1.0,1
4,71,viktorkuncak,Viktor Kunčak,PLDI,PLDI,2021,PLDI 2021,0,2021,PLDI,PLDI,True,1,18.0,36.0,50.0,W3173363254,Cyclic program synthesis,Shachar Itzhaky; Hila Peleg; Nadia Polikarpova; Reuben N. S. Rowe; Ilya Sergey,https://doi.org/10.1145/3453483.3454087,W1912569824,,,Viktor Kunčak,A5008699657,0000-0001-7044-9522,2015.0,6.0,openalex_author_id,A5008699657,middle,False,False,,,1.0,1
4,71,viktorkuncak,Viktor Kunčak,PLDI,PLDI,2021,PLDI 2021,0,2021,PLDI,PLDI,True,1,18.0,36.0,50.0,W3173363254,Cyclic program synthesis,Shachar Itzhaky; Hila Peleg; Nadia Polikarpova; Reuben N. S. Rowe; Ilya Sergey,https://doi.org/10.1145/3453483.3454087,W2091385303,,,Viktor Kunčak,A5008699657,0000-0001-7044-9522,2013.0,8.0,openalex_author_id,A5008699657,middle,False,False,,,1.0,1
4,71,viktorkuncak,Viktor Kunčak,PLDI,PLDI,2021,PLDI 2021,0,2021,PLDI,PLDI,True,1,18.0,36.0,50.0,W3173363254,Cyclic program synthesis,Shachar Itzhaky; Hila Peleg; Nadia Polikarpova; Reuben N. S. Rowe; Ilya Sergey,https://doi.org/10.1145/3453483.3454087,W2105315191,,,Viktor Kunčak,A5008699657,0000-0001-7044-9522,2010.0,11.0,openalex_author_id,A5008699657,first,False,False,,,1.0,1
4,71,viktorkuncak,Viktor Kunčak,PLDI,PLDI,2021,PLDI 2021,0,2021,PLDI,PLDI,True,1,18.0,36.0,50.0,W3173363254,Cyclic program synthesis,Shachar Itzhaky; Hila Peleg; Nadia Polikarpova; Reuben N. S. Rowe; Ilya Sergey,https://doi.org/10.1145/3453483.3454087,W2589084440,,,Viktor Kunčak,A5008699657,0000-0001-7044-9522,2017.0,4.0,openalex_author_id,A5008699657,middle,False,False,,,1.0,1
4,71,viktorkuncak,Viktor Kunčak,PLDI,PLDI,2021,PLDI 2021,0,2021,PLDI,PLDI,True,1,18.0,36.0,50.0,W3173363254,Cyclic program synthesis,Shachar Itzhaky; Hila Peleg; Nadia Polikarpova; Reuben N. S. Rowe; Ilya Sergey,https://doi.org/10.1145/3453483.3454087,W3013861782,,,Viktor Kunčak,A5008699657,0000-0001-7044-9522,2013.0,8.0,openalex_author_id,A5008699657,middle,False,False,,,1.0,1
4,71,viktorkuncak,Viktor Kunčak,PLDI,PLDI,2021,PLDI 2021,0,2021,PLDI,PLDI,True,1,18.0,36.0,50.0,W3173363254,Cyclic program synthesis,Shachar Itzhaky; Hila Peleg; Nadia Polikarpova; Reuben N. S. Rowe; Ilya Sergey,https://doi.org/10.1145/3453483.3454087,W3149892921,,,Viktor Kunčak,A5008699657,0000-0001-7044-9522,2010.0,11.0,openalex_author_id,A5008699657,first,False,False,,,1.0,1
4,71,viktorkuncak,Viktor Kunčak,PLDI,PLDI,2021,PLDI 2021,0,2021,PLDI,PLDI,True,1,18.0,36.0,50.0,W3173363254,Cyclic program synthesis,Shachar Itzhaky; Hila Peleg; Nadia Polikarpova; Reuben N. S. Rowe; Ilya Sergey,https://doi.org/10.1145/3453483.3454087,W989845945,,,Viktor Kunčak,A5008699657,0000-0001-7044-9522,2015.0,6.0,openalex_author_id,A5008699657,last,False,False,,,1.0,1
4,71,viktorkuncak,Viktor Kunčak,PLDI,PLDI,2021,PLDI 2021,0,2021,PLDI,PLDI,True,1,18.0,36.0,50.0,W3174531561,Example-guided synthesis of relational queries,Aalok Thakkar; Aaditya Naik; Nathaniel Sands; Rajeev Alur; Mayur Naik; Mukund Raghothaman,https://doi.org/10.1145/3453483.3454098,W1912569824,,,Viktor Kunčak,A5008699657,0000-0001-7044-9522,2015.0,6.0,openalex_author_id,A5008699657,middle,False,False,,,1.0,1
4,71,viktorkuncak,Viktor Kunčak,PLDI,PLDI,2021,PLDI 2021,0,2021,PLDI,PLDI,True,1,18.0,36.0,50.0,W3173556662,Specification synthesis with constrained Horn clauses,Sumanth Prabhu; Grigory Fedyukovich; Kumar Madhukar; Deepak D’Souza,https://doi.org/10.1145/3453483.3454104,W1544283013,,,Viktor Kunčak,A5008699657,0000-0001-7044-9522,2012.0,9.0,openalex_author_id,A5008699657,middle,False,False,,,1.0,1
4,71,viktorkuncak,Viktor Kunčak,PLDI,PLDI,2021,PLDI 2021,0,2021,PLDI,PLDI,True,1,18.0,36.0,50.0,W3176015640,Synthesizing data structure refinements from integrity constraints,Shankara Pailoor; Yuepeng Wang; Xinyu Wang; Işıl Dillig,https://doi.org/10.1145/3453483.3454063,W1506404239,,,Viktor Kunčak,A5008699657,0000-0001-7044-9522,2005.0,16.0,openalex_author_id,A5008699657,middle,False,False,,,1.0,1
4,71,viktorkuncak,Viktor Kunčak,PLDI,PLDI,2021,PLDI 2021,0,2021,PLDI,PLDI,True,1,18.0,36.0,50.0,W3176015640,Synthesizing data structure refinements from integrity constraints,Shankara Pailoor; Yuepeng Wang; Xinyu Wang; Işıl Dillig,https://doi.org/10.1145/3453483.3454063,W1541825597,,,Viktor Kunčak,A5008699657,0000-0001-7044-9522,2005.0,16.0,openalex_author_id,A5008699657,middle,False,False,,,1.0,1
4,71,viktorkuncak,Viktor Kunčak,PLDI,PLDI,2021,PLDI 2021,0,2021,PLDI,PLDI,True,1,18.0,36.0,50.0,W3176015640,Synthesizing data structure refinements from integrity constraints,Shankara Pailoor; Yuepeng Wang; Xinyu Wang; Işıl Dillig,https://doi.org/10.1145/3453483.3454063,W2162315884,,,Viktor Kunčak,A5008699657,0000-0001-7044-9522,2010.0,11.0,openalex_author_id,A5008699657,last,False,False,,,1.0,1
4,71,viktorkuncak,Viktor Kunčak,PLDI,PLDI,2021,PLDI 2021,0,2021,PLDI,PLDI,True,1,18.0,36.0,50.0,W3176015640,Synthesizing data structure refinements from integrity constraints,Shankara Pailoor; Yuepeng Wang; Xinyu Wang; Işıl Dillig,https://doi.org/10.1145/3453483.3454063,W2735990162,,,Viktor Kunčak,A5008699657,0000-0001-7044-9522,2017.0,4.0,openalex_author_id,A5008699657,last,False,False,,,1.0,1
4,71,viktorkuncak,Viktor Kunčak,PLDI,PLDI,2021,PLDI 2021,0,2021,PLDI,PLDI,True,1,18.0,36.0,50.0,W3176015640,Synthesizing data structure refinements from integrity constraints,Shankara Pailoor; Yuepeng Wang; Xinyu Wang; Işıl Dillig,https://doi.org/10.1145/3453483.3454063,W3012238446,,,Viktor Kunčak,A5008699657,0000-0001-7044-9522,2010.0,11.0,openalex_author_id,A5008699657,last,False,False,,,1.0,1
4,69,viktorkuncak,Viktor Kunčak,PLDI,PLDI,2021,PLDI 2021,0,2021,POPL,POPL,False,0,5.0,36.0,13.88888888888889,W3115656330,A unifying type-theory for higher-order (amortized) cost analysis,Vineet Rajani; Marco Gaboardi; Deepak Garg; Jan Hoffmann,https://doi.org/10.1145/3434308,W2565399133,,,Viktor Kunčak,A5008699657,0000-0001-7044-9522,2016.0,5.0,openalex_author_id,A5008699657,last,False,False,,,1.0,1
4,69,viktorkuncak,Viktor Kunčak,PLDI,PLDI,2021,PLDI 2021,0,2021,POPL,POPL,False,0,5.0,36.0,13.88888888888889,W3080260123,Semantics-guided synthesis,Jinwoo Kim; Qinheping Hu; Loris D'Antoni; Thomas Reps,https://doi.org/10.1145/3434311,W1912569824,,,Viktor Kunčak,A5008699657,0000-0001-7044-9522,2015.0,6.0,openalex_author_id,A5008699657,middle,False,False,,,1.0,1
4,69,viktorkuncak,Viktor Kunčak,PLDI,PLDI,2021,PLDI 2021,0,2021,POPL,POPL,False,0,5.0,36.0,13.88888888888889,W3116200388,Verifying correct usage of context-free API protocols,Kostas Ferles; Jon Stephens; Işıl Dillig,https://doi.org/10.1145/3434298,W2026114025,,,Viktor Kunčak,A5008699657,0000-0001-7044-9522,2004.0,17.0,openalex_author_id,A5008699657,middle,False,False,,,1.0,1
4,69,viktorkuncak,Viktor Kunčak,PLDI,PLDI,2021,PLDI 2021,0,2021,POPL,POPL,False,0,5.0,36.0,13.88888888888889,W3116200388,Verifying correct usage of context-free API protocols,Kostas Ferles; Jon Stephens; Işıl Dillig,https://doi.org/10.1145/3434298,W2228938473,,,Viktor Kunčak,A5008699657,0000-0001-7044-9522,2015.0,6.0,openalex_author_id,A5008699657,last,False,False,,,1.0,1
4,69,viktorkuncak,Viktor Kunčak,PLDI,PLDI,2021,PLDI 2021,0,2021,POPL,POPL,False,0,5.0,36.0,13.88888888888889,W3116200388,Verifying correct usage of context-free API protocols,Kostas Ferles; Jon Stephens; Işıl Dillig,https://doi.org/10.1145/3434298,W3109562041,,,Viktor Kunčak,A5008699657,0000-0001-7044-9522,2015.0,6.0,openalex_author_id,A5008699657,last,False,False,,,1.0,1
4,74,viktorkuncak,Viktor Kunčak,PLDI,PLDI,2021,PLDI 2021,1,2022,OOPSLA,OOPSLA2,False,0,6.0,17.0,35.294117647058826,W4307887693,Compilation of dynamic sparse tensor algebra,Stephen Y. Chou; Saman Amarasinghe,https://doi.org/10.1145/3563338,W2091385303,,,Viktor Kunčak,A5008699657,0000-0001-7044-9522,2013.0,9.0,openalex_author_id,A5008699657,middle,False,False,,,1.0,1
4,74,viktorkuncak,Viktor Kunčak,PLDI,PLDI,2021,PLDI 2021,1,2022,OOPSLA,OOPSLA1,False,0,6.0,17.0,35.294117647058826,W4225149718,Complexity-guided container replacement synthesis,Chengpeng Wang; Peisen Yao; Wensheng Tang; Qingkai Shi; Charles Zhang,https://doi.org/10.1145/3527312,W2147650421,,,Viktor Kunčak,A5008699657,0000-0001-7044-9522,2008.0,14.0,openalex_author_id,A5008699657,middle,False,False,,,1.0,1
4,74,viktorkuncak,Viktor Kunčak,PLDI,PLDI,2021,PLDI 2021,1,2022,OOPSLA,OOPSLA2,False,0,6.0,17.0,35.294117647058826,W4307888166,Fast shadow execution for debugging numerical errors using error free transformations,Sangeeta Chowdhary; Santosh Nagarakatte,https://doi.org/10.1145/3563353,W2103953062,,,Viktor Kunčak,A5008699657,0000-0001-7044-9522,2014.0,8.0,openalex_author_id,A5008699657,last,False,False,,,1.0,1
4,74,viktorkuncak,Viktor Kunčak,PLDI,PLDI,2021,PLDI 2021,1,2022,OOPSLA,OOPSLA2,False,0,6.0,17.0,35.294117647058826,W4297415612,Model-guided synthesis of inductive lemmas for FOL with least fixpoints,Adithya Murali; Lucas Peña; Eion Blanchard; Christof Löding; P. Madhusudan,https://doi.org/10.1145/3563354,W2162315884,,,Viktor Kunčak,A5008699657,0000-0001-7044-9522,2010.0,12.0,openalex_author_id,A5008699657,last,False,False,,,1.0,1
4,74,viktorkuncak,Viktor Kunčak,PLDI,PLDI,2021,PLDI 2021,1,2022,OOPSLA,OOPSLA2,False,0,6.0,17.0,35.294117647058826,W4307884541,Specification-guided component-based synthesis from effectful libraries,Ashish Mishra; Suresh Jagannathan,https://doi.org/10.1145/3563310,W2091385303,,,Viktor Kunčak,A5008699657,0000-0001-7044-9522,2013.0,9.0,openalex_author_id,A5008699657,middle,False,False,,,1.0,1
4,74,viktorkuncak,Viktor Kunčak,PLDI,PLDI,2021,PLDI 2021,1,2022,OOPSLA,OOPSLA2,False,0,6.0,17.0,35.294117647058826,W4307887575,Type-directed synthesis of visualizations from natural language queries,Qiaochu Chen; Shankara Pailoor; Celeste Barnaby; Abby Criswell; Chenglong Wang; Greg Durrett; Işıl Dillig,https://doi.org/10.1145/3563307,W2070473038,,,Viktor Kunčak,A5008699657,0000-0001-7044-9522,2015.0,7.0,openalex_author_id,A5008699657,last,False,False,,,1.0,1
4,75,viktorkuncak,Viktor Kunčak,PLDI,PLDI,2021,PLDI 2021,1,2022,PLDI,PLDI,True,0,5.0,17.0,29.411764705882355,W4281705085,Computing correctly with inductive relations,Zoe Paraskevopoulou; Aaron Eline; Leonidas Lampropoulos,https://doi.org/10.1145/3519939.3523707,W2005957051,,,Viktor Kunčak,A5008699657,0000-0001-7044-9522,2014.0,8.0,openalex_author_id,A5008699657,last,False,False,,,1.0,1
4,75,viktorkuncak,Viktor Kunčak,PLDI,PLDI,2021,PLDI 2021,1,2022,PLDI,PLDI,True,0,5.0,17.0,29.411764705882355,W4281705085,Computing correctly with inductive relations,Zoe Paraskevopoulou; Aaron Eline; Leonidas Lampropoulos,https://doi.org/10.1145/3519939.3523707,W2118155805,,,Viktor Kunčak,A5008699657,0000-0001-7044-9522,2010.0,12.0,openalex_author_id,A5008699657,middle,False,False,,,1.0,1
4,75,viktorkuncak,Viktor Kunčak,PLDI,PLDI,2021,PLDI 2021,1,2022,PLDI,PLDI,True,0,5.0,17.0,29.411764705882355,W3216290363,CycleQ: an efficient basis for cyclic equational reasoning,Eddie Jones; C.-H. Luke Ong; Steven Ramsay,https://doi.org/10.1145/3519939.3523731,W100631053,,,Viktor Kunčak,A5008699657,0000-0001-7044-9522,2011.0,11.0,openalex_author_id,A5008699657,last,False,False,,,1.0,1
4,75,viktorkuncak,Viktor Kunčak,PLDI,PLDI,2021,PLDI 2021,1,2022,PLDI,PLDI,True,0,5.0,17.0,29.411764705882355,W4281873108,Recursion synthesis with unrealizability witnesses,Azadeh Farzan; Danya Lette; Victor Nicolet,https://doi.org/10.1145/3519939.3523726,W2091385303,,,Viktor Kunčak,A5008699657,0000-0001-7044-9522,2013.0,9.0,openalex_author_id,A5008699657,middle,False,False,,,1.0,1
4,75,viktorkuncak,Viktor Kunčak,PLDI,PLDI,2021,PLDI 2021,1,2022,PLDI,PLDI,True,0,5.0,17.0,29.411764705882355,W4226087539,Type-directed program synthesis for RESTful APIs,Zheng Guo; David Cao; Davin Tjong; Jean Yang; Cole Schlesinger; Nadia Polikarpova,https://doi.org/10.1145/3519939.3523450,W2157976942,,,Viktor Kunčak,A5008699657,0000-0001-7044-9522,2013.0,9.0,openalex_author_id,A5008699657,middle,False,False,,,1.0,1
4,73,viktorkuncak,Viktor Kunčak,PLDI,PLDI,2021,PLDI 2021,1,2022,POPL,POPL,False,0,6.0,17.0,35.294117647058826,W4206554519,A dual number abstraction for static analysis of Clarke Jacobians,Jacob Laurel; Rem Yang; Gagandeep Singh; Saša Misailovíc,https://doi.org/10.1145/3498718,W2299696796,,,Viktor Kunčak,A5008699657,0000-0001-7044-9522,2017.0,5.0,openalex_author_id,A5008699657,last,False,False,,,1.0,1
4,73,viktorkuncak,Viktor Kunčak,PLDI,PLDI,2021,PLDI 2021,1,2022,POPL,POPL,False,0,6.0,17.0,35.294117647058826,W3177832995,Bottom-up synthesis of recursive functional programs using angelic execution,Anders Miltner; Adrian Trejo Nuñez; Ana Brendel; Swarat Chaudhuri; Işıl Dillig,https://doi.org/10.1145/3498682,W2091385303,,,Viktor Kunčak,A5008699657,0000-0001-7044-9522,2013.0,9.0,openalex_author_id,A5008699657,middle,False,False,,,1.0,1
4,73,viktorkuncak,Viktor Kunčak,PLDI,PLDI,2021,PLDI 2021,1,2022,POPL,POPL,False,0,6.0,17.0,35.294117647058826,W4206247075,Software model-checking as cyclic-proof search,Takeshi Tsukada; Hiroshi Unno,https://doi.org/10.1145/3498725,W100631053,,,Viktor Kunčak,A5008699657,0000-0001-7044-9522,2011.0,11.0,openalex_author_id,A5008699657,last,False,False,,,1.0,1
4,73,viktorkuncak,Viktor Kunčak,PLDI,PLDI,2021,PLDI 2021,1,2022,POPL,POPL,False,0,6.0,17.0,35.294117647058826,W4206247075,Software model-checking as cyclic-proof search,Takeshi Tsukada; Hiroshi Unno,https://doi.org/10.1145/3498725,W2162315884,,,Viktor Kunčak,A5008699657,0000-0001-7044-9522,2010.0,12.0,openalex_author_id,A5008699657,last,False,False,,,1.0,1
4,73,viktorkuncak,Viktor Kunčak,PLDI,PLDI,2021,PLDI 2021,1,2022,POPL,POPL,False,0,6.0,17.0,35.294117647058826,W4206670752,Solving constrained Horn clauses modulo algebraic data types and recursive functions,Hari Govind V K; Sharon Shoham; Arie Gurfinkel,https://doi.org/10.1145/3498722,W100631053,,,Viktor Kunčak,A5008699657,0000-0001-7044-9522,2011.0,11.0,openalex_author_id,A5008699657,last,False,False,,,1.0,1
4,73,viktorkuncak,Viktor Kunčak,PLDI,PLDI,2021,PLDI 2021,1,2022,POPL,POPL,False,0,6.0,17.0,35.294117647058826,W4206670752,Solving constrained Horn clauses modulo algebraic data types and recursive functions,Hari Govind V K; Sharon Shoham; Arie Gurfinkel,https://doi.org/10.1145/3498722,W2162315884,,,Viktor Kunčak,A5008699657,0000-0001-7044-9522,2010.0,12.0,openalex_author_id,A5008699657,last,False,False,,,1.0,1
4,76,viktorkuncak,Viktor Kunčak,PLDI,PLDI,2021,PLDI 2021,2,2023,ICFP,ICFP,False,0,2.0,24.0,8.333333333333332,W4386317049,Etna: An Evaluation Platform for Property-Based Testing (Experience Report),Jessica Shi; A. Keleş; Harrison Goldstein; Benjamin C. Pierce; Leonidas Lampropoulos,https://doi.org/10.1145/3607860,W1990069336,,,Viktor Kunčak,A5008699657,0000-0001-7044-9522,2015.0,8.0,openalex_author_id,A5008699657,middle,False,False,,,1.0,1
4,76,viktorkuncak,Viktor Kunčak,PLDI,PLDI,2021,PLDI 2021,2,2023,ICFP,ICFP,False,0,2.0,24.0,8.333333333333332,W4386317049,Etna: An Evaluation Platform for Property-Based Testing (Experience Report),Jessica Shi; A. Keleş; Harrison Goldstein; Benjamin C. Pierce; Leonidas Lampropoulos,https://doi.org/10.1145/3607860,W2005957051,,,Viktor Kunčak,A5008699657,0000-0001-7044-9522,2014.0,9.0,openalex_author_id,A5008699657,last,False,False,,,1.0,1
4,78,viktorkuncak,Viktor Kunčak,PLDI,PLDI,2021,PLDI 2021,2,2023,OOPSLA,OOPSLA1,False,0,11.0,24.0,45.83333333333333,W4362659518,Algebro-geometric Algorithms for Template-Based Synthesis of Polynomial Programs,Amir Kafshdar Goharshady; S. Hitarth; Fatemeh Mohammadi; Harshit J. Motwani,https://doi.org/10.1145/3586052,W1912569824,,,Viktor Kunčak,A5008699657,0000-0001-7044-9522,2015.0,8.0,openalex_author_id,A5008699657,middle,False,False,,,1.0,1
4,78,viktorkuncak,Viktor Kunčak,PLDI,PLDI,2021,PLDI 2021,2,2023,OOPSLA,OOPSLA2,False,0,11.0,24.0,45.83333333333333,W4387666993,Automated Ambiguity Detection in Layout-Sensitive Grammars,Jiangyi Liu; Fengmin Zhu; Fei He,https://doi.org/10.1145/3622838,W2228938473,,,Viktor Kunčak,A5008699657,0000-0001-7044-9522,2015.0,8.0,openalex_author_id,A5008699657,last,False,False,,,1.0,1
4,78,viktorkuncak,Viktor Kunčak,PLDI,PLDI,2021,PLDI 2021,2,2023,OOPSLA,OOPSLA1,False,0,11.0,24.0,45.83333333333333,W4362676644,Bidirectional Object-Oriented Programming: Towards Programmatic and Direct Manipulation of Objects,Xing Zhang; Guanchen Guo; Xiao He; Zhenjiang Hu,https://doi.org/10.1145/3586035,W2890873226,,,Viktor Kunčak,A5008699657,0000-0001-7044-9522,2018.0,5.0,openalex_author_id,A5008699657,middle,False,False,,,1.0,1
4,78,viktorkuncak,Viktor Kunčak,PLDI,PLDI,2021,PLDI 2021,2,2023,OOPSLA,OOPSLA2,False,0,11.0,24.0,45.83333333333333,W4387667038,Complete First-Order Reasoning for Properties of Functional Programs,Adithya Murali; Lucas Peña; Ranjit Jhala; P. Madhusudan,https://doi.org/10.1145/3622835,W2091723900,,,Viktor Kunčak,A5008699657,0000-0001-7044-9522,2013.0,10.0,openalex_author_id,A5008699657,middle,False,False,,,1.0,1
4,78,viktorkuncak,Viktor Kunčak,PLDI,PLDI,2021,PLDI 2021,2,2023,OOPSLA,OOPSLA2,False,0,11.0,24.0,45.83333333333333,W4387667038,Complete First-Order Reasoning for Properties of Functional Programs,Adithya Murali; Lucas Peña; Ranjit Jhala; P. Madhusudan,https://doi.org/10.1145/3622835,W2162315884,,,Viktor Kunčak,A5008699657,0000-0001-7044-9522,2010.0,13.0,openalex_author_id,A5008699657,last,False,False,,,1.0,1
4,78,viktorkuncak,Viktor Kunčak,PLDI,PLDI,2021,PLDI 2021,2,2023,OOPSLA,OOPSLA1,False,0,11.0,24.0,45.83333333333333,W4324106965,Fluent APIs in Functional Languages,Ori Roth; Yossi Gil,https://doi.org/10.1145/3586057,W2295622790,,,Viktor Kunčak,A5008699657,0000-0001-7044-9522,2002.0,21.0,openalex_author_id,A5008699657,first,False,False,,,1.0,1
4,78,viktorkuncak,Viktor Kunčak,PLDI,PLDI,2021,PLDI 2021,2,2023,OOPSLA,OOPSLA1,False,0,11.0,24.0,45.83333333333333,W4362677137,Improving Oracle-Guided Inductive Synthesis by Efficient Question Selection,Ruyi Ji; Chaozhe Kong; Yingfei Xiong; Zhenjiang Hu,https://doi.org/10.1145/3586055,W1549970146,,,Viktor Kunčak,A5008699657,0000-0001-7044-9522,2011.0,12.0,openalex_author_id,A5008699657,middle,False,False,,,1.0,1
4,78,viktorkuncak,Viktor Kunčak,PLDI,PLDI,2021,PLDI 2021,2,2023,OOPSLA,OOPSLA2,False,0,11.0,24.0,45.83333333333333,W4387674062,Message Chains for Distributed System Verification,Federico Mora; Ankush Desai; Elizabeth Polgreen; Sanjit A. Seshia,https://doi.org/10.1145/3622876,W100631053,,,Viktor Kunčak,A5008699657,0000-0001-7044-9522,2011.0,12.0,openalex_author_id,A5008699657,last,False,False,,,1.0,1
4,78,viktorkuncak,Viktor Kunčak,PLDI,PLDI,2021,PLDI 2021,2,2023,OOPSLA,OOPSLA2,False,0,11.0,24.0,45.83333333333333,W4387674150,Synthesizing Efficient Memoization Algorithms,Yican Sun; Xiaosong Peng; Yingfei Xiong,https://doi.org/10.1145/3622800,W2091385303,,,Viktor Kunčak,A5008699657,0000-0001-7044-9522,2013.0,10.0,openalex_author_id,A5008699657,middle,False,False,,,1.0,1
4,78,viktorkuncak,Viktor Kunčak,PLDI,PLDI,2021,PLDI 2021,2,2023,OOPSLA,OOPSLA2,False,0,11.0,24.0,45.83333333333333,W4386977432,Turaco: Complexity-Guided Data Sampling for Training Neural Surrogates of Programs,Alex Renda; Yi Ding; Michael Carbin,https://doi.org/10.1145/3622856,W2103953062,,,Viktor Kunčak,A5008699657,0000-0001-7044-9522,2014.0,9.0,openalex_author_id,A5008699657,last,False,False,,,1.0,1
4,78,viktorkuncak,Viktor Kunčak,PLDI,PLDI,2021,PLDI 2021,2,2023,OOPSLA,OOPSLA1,False,0,11.0,24.0,45.83333333333333,W4324296543,Verification-Preserving Inlining in Automatic Separation Logic Verifiers,Thibault Dardinier; G. Parthasarathy; Péter Müller,https://doi.org/10.1145/3586054,W1561702747,,,Viktor Kunčak,A5008699657,0000-0001-7044-9522,2008.0,15.0,openalex_author_id,A5008699657,middle,False,False,,,1.0,1
4,79,viktorkuncak,Viktor Kunčak,PLDI,PLDI,2021,PLDI 2021,2,2023,PLDI,PLDI,True,1,7.0,24.0,29.166666666666668,W4367176064,Absynthe: Abstract Interpretation-Guided Synthesis,Sankha Narayan Guria; Jeffrey S. Foster; David Van Horn,https://doi.org/10.1145/3591285,W1912569824,,,Viktor Kunčak,A5008699657,0000-0001-7044-9522,2015.0,8.0,openalex_author_id,A5008699657,middle,False,False,,,1.0,1
4,79,viktorkuncak,Viktor Kunčak,PLDI,PLDI,2021,PLDI 2021,2,2023,PLDI,PLDI,True,1,7.0,24.0,29.166666666666668,W4379537202,Leveraging Rust Types for Program Synthesis,Jonáš Fiala; Shachar Itzhaky; Péter Müller; Nadia Polikarpova; Ilya Sergey,https://doi.org/10.1145/3591278,W2091385303,,,Viktor Kunčak,A5008699657,0000-0001-7044-9522,2013.0,10.0,openalex_author_id,A5008699657,middle,False,False,,,1.0,1
4,79,viktorkuncak,Viktor Kunčak,PLDI,PLDI,2021,PLDI 2021,2,2023,PLDI,PLDI,True,1,7.0,24.0,29.166666666666668,W4379534296,Proving and Disproving Equivalence of Functional Programming Assignments,Dragana Milovančević; Viktor Kunčak,https://doi.org/10.1145/3591258,W100631053,,,Viktor Kunčak,A5008699657,0000-0001-7044-9522,2011.0,12.0,openalex_author_id,A5008699657,last,True,True,A5008699657,Ali Sinan Köksal; Philippe Suter; Viktor Kunčak,1.0,1
4,79,viktorkuncak,Viktor Kunčak,PLDI,PLDI,2021,PLDI 2021,2,2023,PLDI,PLDI,True,1,7.0,24.0,29.166666666666668,W4379534296,Proving and Disproving Equivalence of Functional Programming Assignments,Dragana Milovančević; Viktor Kunčak,https://doi.org/10.1145/3591258,W2126001891,,,Viktor Kunčak,A5008699657,0000-0001-7044-9522,2015.0,8.0,openalex_author_id,A5008699657,last,True,True,A5008699657,Etienne Kneuss; Nicolas Voirol; Viktor Kunčak,1.0,1
4,79,viktorkuncak,Viktor Kunčak,PLDI,PLDI,2021,PLDI 2021,2,2023,PLDI,PLDI,True,1,7.0,24.0,29.166666666666668,W4379534296,Proving and Disproving Equivalence of Functional Programming Assignments,Dragana Milovančević; Viktor Kunčak,https://doi.org/10.1145/3591258,W2228968538,,,Viktor Kunčak,A5008699657,0000-0001-7044-9522,2012.0,11.0,openalex_author_id,A5008699657,last,True,True,A5008699657,Milena Vujošević Janičić; Viktor Kunčak,1.0,1
4,79,viktorkuncak,Viktor Kunčak,PLDI,PLDI,2021,PLDI 2021,2,2023,PLDI,PLDI,True,1,7.0,24.0,29.166666666666668,W4379512371,Trace-Guided Inductive Synthesis of Recursive Functional Programs,Yongwei Yuan; Arjun Radhakrishna; Roopsha Samanta,https://doi.org/10.1145/3591255,W2091385303,,,Viktor Kunčak,A5008699657,0000-0001-7044-9522,2013.0,10.0,openalex_author_id,A5008699657,middle,False,False,,,1.0,1
4,79,viktorkuncak,Viktor Kunčak,PLDI,PLDI,2021,PLDI 2021,2,2023,PLDI,PLDI,True,1,7.0,24.0,29.166666666666668,W4379512371,Trace-Guided Inductive Synthesis of Recursive Functional Programs,Yongwei Yuan; Arjun Radhakrishna; Roopsha Samanta,https://doi.org/10.1145/3591255,W2105315191,,,Viktor Kunčak,A5008699657,0000-0001-7044-9522,2010.0,13.0,openalex_author_id,A5008699657,first,False,False,,,1.0,1
4,77,viktorkuncak,Viktor Kunčak,PLDI,PLDI,2021,PLDI 2021,2,2023,POPL,POPL,False,0,4.0,24.0,16.666666666666664,W4315630654,Context-Bounded Verification of Context-Free Specifications,Pascal Baumann; Moses Ganardi; Rupak Majumdar; Ramanathan S. Thinniyam; Georg Zetzsche,https://doi.org/10.1145/3571266,W2228938473,,,Viktor Kunčak,A5008699657,0000-0001-7044-9522,2015.0,8.0,openalex_author_id,A5008699657,last,False,False,,,1.0,1
4,77,viktorkuncak,Viktor Kunčak,PLDI,PLDI,2021,PLDI 2021,2,2023,POPL,POPL,False,0,4.0,24.0,16.666666666666664,W4315631888,Grisette: Symbolic Compilation as a Functional Programming Library,Sirui Lu; Rastislav Bodík,https://doi.org/10.1145/3571209,W4243882797,,,Viktor Kunčak,A5008699657,0000-0001-7044-9522,2012.0,11.0,openalex_author_id,A5008699657,middle,False,False,,,1.0,1
4,77,viktorkuncak,Viktor Kunčak,PLDI,PLDI,2021,PLDI 2021,2,2023,POPL,POPL,False,0,4.0,24.0,16.666666666666664,W4315606149,Inductive Synthesis of Structurally Recursive Functional Programs from Non-recursive Expressions,Woosuk Lee; Hangyeol Cho,https://doi.org/10.1145/3571263,W2091385303,,,Viktor Kunčak,A5008699657,0000-0001-7044-9522,2013.0,10.0,openalex_author_id,A5008699657,middle,False,False,,,1.0,1
4,77,viktorkuncak,Viktor Kunčak,PLDI,PLDI,2021,PLDI 2021,2,2023,POPL,POPL,False,0,4.0,24.0,16.666666666666664,W4309133681,Unrealizability Logic,Jinwoo Kim; Loris D’Antoni; Thomas Reps,https://doi.org/10.1145/3571216,W1912569824,,,Viktor Kunčak,A5008699657,0000-0001-7044-9522,2015.0,8.0,openalex_author_id,A5008699657,middle,False,False,,,1.0,1
5,80,peterthiemann,Peter Thiemann,ICFP,ICFP,2023,ICFP 2023,-2,2021,ICFP,ICFP,True,0,3.0,14.0,21.428571428571427,W3194625640,Newly-single and loving it: improving higher-order must-alias analysis with heap fragments,Kimball Germane; Jay McCarthy,https://doi.org/10.1145/3473601,W2083878525,,,Peter Thiemann,A5000384936,0000-0002-9000-1239,1998.0,23.0,openalex_author_id,A5000384936,middle,False,False,,,1.0,1
5,80,peterthiemann,Peter Thiemann,ICFP,ICFP,2023,ICFP 2023,-2,2021,ICFP,ICFP,True,0,3.0,14.0,21.428571428571427,W3195007140,Of JavaScript AOT compilation performance,Manuel Serrano,https://doi.org/10.1145/3473575,W202191487,,,Peter Thiemann,A5000384936,0000-0002-9000-1239,2009.0,12.0,openalex_author_id,A5000384936,last,False,False,,,1.0,1
5,80,peterthiemann,Peter Thiemann,ICFP,ICFP,2023,ICFP 2023,-2,2021,ICFP,ICFP,True,0,3.0,14.0,21.428571428571427,W3193336447,Symbolic and automatic differentiation of languages,Conal Elliott,https://doi.org/10.1145/3473583,W2032131014,,,Peter Thiemann,A5000384936,0000-0002-9000-1239,2001.0,20.0,openalex_author_id,A5000384936,last,False,False,,,1.0,1
5,82,peterthiemann,Peter Thiemann,ICFP,ICFP,2023,ICFP 2023,-2,2021,OOPSLA,OOPSLA,False,0,3.0,14.0,21.428571428571427,W3205900459,Gradually structured data,Stefan Malewski; Michael Greenberg; Éric Tanter,https://doi.org/10.1145/3485503,W2736821074,,,Peter Thiemann,A5000384936,0000-0002-9000-1239,2017.0,4.0,openalex_author_id,A5000384936,middle,False,False,,,1.0,1
5,82,peterthiemann,Peter Thiemann,ICFP,ICFP,2023,ICFP 2023,-2,2021,OOPSLA,OOPSLA,False,0,3.0,14.0,21.428571428571427,W3206910914,Label dependent lambda calculus and gradual typing,Weili Fu; Fabian Krause; Peter Thiemann,https://doi.org/10.1145/3485485,W2088295995,,,Peter Thiemann,A5000384936,0000-0002-9000-1239,2015.0,6.0,openalex_author_id,A5000384936,middle,True,True,A5000384936,Jeremy G. Siek; Peter Thiemann; Philip Wadler,1.0,1
5,82,peterthiemann,Peter Thiemann,ICFP,ICFP,2023,ICFP 2023,-2,2021,OOPSLA,OOPSLA,False,0,3.0,14.0,21.428571428571427,W3206910914,Label dependent lambda calculus and gradual typing,Weili Fu; Fabian Krause; Peter Thiemann,https://doi.org/10.1145/3485485,W2736821074,,,Peter Thiemann,A5000384936,0000-0002-9000-1239,2017.0,4.0,openalex_author_id,A5000384936,middle,True,True,A5000384936,Atsushi Igarashi; Peter Thiemann; Philip Wadler; Vasco T. Vasconcelos,1.0,1
5,83,peterthiemann,Peter Thiemann,ICFP,ICFP,2023,ICFP 2023,-2,2021,PLDI,PLDI,False,0,5.0,14.0,35.714285714285715,W3171599899,Sound probabilistic inference via guide types,Di Wang; Jan Hoffmann; Thomas Reps,https://doi.org/10.1145/3453483.3454077,W1883975342,,,Peter Thiemann,A5000384936,0000-0002-9000-1239,2010.0,11.0,openalex_author_id,A5000384936,last,False,False,,,1.0,1
5,83,peterthiemann,Peter Thiemann,ICFP,ICFP,2023,ICFP 2023,-2,2021,PLDI,PLDI,False,0,5.0,14.0,35.714285714285715,W3171599899,Sound probabilistic inference via guide types,Di Wang; Jan Hoffmann; Thomas Reps,https://doi.org/10.1145/3453483.3454077,W2508649175,,,Peter Thiemann,A5000384936,0000-0002-9000-1239,2016.0,5.0,openalex_author_id,A5000384936,first,False,False,,,1.0,1
5,83,peterthiemann,Peter Thiemann,ICFP,ICFP,2023,ICFP 2023,-2,2021,PLDI,PLDI,False,0,5.0,14.0,35.714285714285715,W3171599899,Sound probabilistic inference via guide types,Di Wang; Jan Hoffmann; Thomas Reps,https://doi.org/10.1145/3453483.3454077,W2911795893,,,Peter Thiemann,A5000384936,0000-0002-9000-1239,2011.0,10.0,openalex_author_id,A5000384936,last,False,False,,,1.0,1
5,83,peterthiemann,Peter Thiemann,ICFP,ICFP,2023,ICFP 2023,-2,2021,PLDI,PLDI,False,0,5.0,14.0,35.714285714285715,W3048452377,Symbolic Boolean derivatives for efficiently solving extended regular expression constraints,Caleb Stanford; Margus Veanes; Nikolaj Bjørner,https://doi.org/10.1145/3453483.3454066,W41571726,,,Peter Thiemann,A5000384936,0000-0002-9000-1239,2014.0,7.0,openalex_author_id,A5000384936,last,False,False,,,1.0,1
5,83,peterthiemann,Peter Thiemann,ICFP,ICFP,2023,ICFP 2023,-2,2021,PLDI,PLDI,False,0,5.0,14.0,35.714285714285715,W3175560211,Zooid: a DSL for certified multiparty computation: from mechanised metatheory to certified multiparty processes,David Castro; Francisco Ferreira; Lorenzo Gheri; Nobuko Yoshida,https://doi.org/10.1145/3453483.3454041,W3014307583,,,Peter Thiemann,A5000384936,0000-0002-9000-1239,2020.0,1.0,openalex_author_id,A5000384936,middle,False,False,,,1.0,1
5,81,peterthiemann,Peter Thiemann,ICFP,ICFP,2023,ICFP 2023,-2,2021,POPL,POPL,False,0,3.0,14.0,21.428571428571427,W3101540591,Data flow refinement type inference,Zvonimir Pavlinovic; Yusen Su; Thomas Wies,https://doi.org/10.1145/3434300,W202191487,,,Peter Thiemann,A5000384936,0000-0002-9000-1239,2009.0,12.0,openalex_author_id,A5000384936,last,False,False,,,1.0,1
5,81,peterthiemann,Peter Thiemann,ICFP,ICFP,2023,ICFP 2023,-2,2021,POPL,POPL,False,0,3.0,14.0,21.428571428571427,W3117011873,Fully abstract from static to gradual,Koen Jacobs; Amin Timany; Dominique Devriese,https://doi.org/10.1145/3434288,W2950679151,,,Peter Thiemann,A5000384936,0000-0002-9000-1239,2019.0,2.0,openalex_author_id,A5000384936,middle,False,False,,,1.0,1
5,81,peterthiemann,Peter Thiemann,ICFP,ICFP,2023,ICFP 2023,-2,2021,POPL,POPL,False,0,3.0,14.0,21.428571428571427,W3114212704,Mechanized logical relations for termination-insensitive noninterference,Simon Oddershede Gregersen; Johan Bay; Amin Timany; Lars Birkedal,https://doi.org/10.1145/3434291,W2051748913,,,Peter Thiemann,A5000384936,0000-0002-9000-1239,2013.0,8.0,openalex_author_id,A5000384936,last,False,False,,,1.0,1
5,84,peterthiemann,Peter Thiemann,ICFP,ICFP,2023,ICFP 2023,-1,2022,ICFP,ICFP,True,0,2.0,13.0,15.384615384615383,W4293812868,Multiparty GV: functional multiparty session types with certified deadlock freedom,Jules Jacobs; Stephanie Balzer; Robbert Krebbers,https://doi.org/10.1145/3547638,W3014307583,,,Peter Thiemann,A5000384936,0000-0002-9000-1239,2020.0,2.0,openalex_author_id,A5000384936,middle,False,False,,,1.0,1
5,84,peterthiemann,Peter Thiemann,ICFP,ICFP,2023,ICFP 2023,-1,2022,ICFP,ICFP,True,0,2.0,13.0,15.384615384615383,W4293812983,Propositional equality for gradual dependently typed programming,Joseph Eremondi; Ronald Garcia; Éric Tanter,https://doi.org/10.1145/3547627,W2088295995,,,Peter Thiemann,A5000384936,0000-0002-9000-1239,2015.0,7.0,openalex_author_id,A5000384936,middle,False,False,,,1.0,1
5,86,peterthiemann,Peter Thiemann,ICFP,ICFP,2023,ICFP 2023,-1,2022,OOPSLA,OOPSLA2,False,0,6.0,13.0,46.15384615384615,W4307731903,"Highly illogical, Kirk: spotting type mismatches in the large despite broken contracts, unsound types, and too many linters",Joshua Hoeflich; Robert Bruce Findler; Manuel Serrano,https://doi.org/10.1145/3563305,W202191487,,,Peter Thiemann,A5000384936,0000-0002-9000-1239,2009.0,13.0,openalex_author_id,A5000384936,last,False,False,,,1.0,1
5,86,peterthiemann,Peter Thiemann,ICFP,ICFP,2023,ICFP 2023,-1,2022,OOPSLA,OOPSLA2,False,0,6.0,13.0,46.15384615384615,W4307731903,"Highly illogical, Kirk: spotting type mismatches in the large despite broken contracts, unsound types, and too many linters",Joshua Hoeflich; Robert Bruce Findler; Manuel Serrano,https://doi.org/10.1145/3563305,W3118163484,,,Peter Thiemann,A5000384936,0000-0002-9000-1239,2015.0,7.0,openalex_author_id,A5000384936,last,False,False,,,1.0,1
5,86,peterthiemann,Peter Thiemann,ICFP,ICFP,2023,ICFP 2023,-1,2022,OOPSLA,OOPSLA2,False,0,6.0,13.0,46.15384615384615,W4307887886,Monadic and comonadic aspects of dependency analysis,Pritam Choudhury,https://doi.org/10.1145/3563335,W2022518532,,,Peter Thiemann,A5000384936,0000-0002-9000-1239,2003.0,19.0,openalex_author_id,A5000384936,last,False,False,,,1.0,1
5,86,peterthiemann,Peter Thiemann,ICFP,ICFP,2023,ICFP 2023,-1,2022,OOPSLA,OOPSLA2,False,0,6.0,13.0,46.15384615384615,W3207101484,Solo: a lightweight static analysis for differential privacy,Chiké Abuah; David Darais; Joseph P. Near,https://doi.org/10.1145/3563313,W2022518532,,,Peter Thiemann,A5000384936,0000-0002-9000-1239,2003.0,19.0,openalex_author_id,A5000384936,last,False,False,,,1.0,1
5,86,peterthiemann,Peter Thiemann,ICFP,ICFP,2023,ICFP 2023,-1,2022,OOPSLA,OOPSLA2,False,0,6.0,13.0,46.15384615384615,W4307884541,Specification-guided component-based synthesis from effectful libraries,Ashish Mishra; Suresh Jagannathan,https://doi.org/10.1145/3563310,W2022518532,,,Peter Thiemann,A5000384936,0000-0002-9000-1239,2003.0,19.0,openalex_author_id,A5000384936,last,False,False,,,1.0,1
5,86,peterthiemann,Peter Thiemann,ICFP,ICFP,2023,ICFP 2023,-1,2022,OOPSLA,OOPSLA2,False,0,6.0,13.0,46.15384615384615,W4307731812,This is the moment for probabilistic loops,Marcel Moosbrugger; Miroslav Stankovič; Ezio Bartocci; Laura Kovács,https://doi.org/10.1145/3563341,W2490124688,,,Peter Thiemann,A5000384936,0000-0002-9000-1239,2016.0,6.0,openalex_author_id,A5000384936,first,False,False,,,1.0,1
5,87,peterthiemann,Peter Thiemann,ICFP,ICFP,2023,ICFP 2023,-1,2022,PLDI,PLDI,False,0,3.0,13.0,23.076923076923077,W4281615790,Deep and shallow types for gradual languages,Ben Greenman,https://doi.org/10.1145/3519939.3523430,W2044710350,,,Peter Thiemann,A5000384936,0000-0002-9000-1239,2015.0,7.0,openalex_author_id,A5000384936,last,False,False,,,1.0,1
5,87,peterthiemann,Peter Thiemann,ICFP,ICFP,2023,ICFP 2023,-1,2022,PLDI,PLDI,False,0,3.0,13.0,23.076923076923077,W4281615790,Deep and shallow types for gradual languages,Ben Greenman,https://doi.org/10.1145/3519939.3523430,W2088295995,,,Peter Thiemann,A5000384936,0000-0002-9000-1239,2015.0,7.0,openalex_author_id,A5000384936,middle,False,False,,,1.0,1
5,87,peterthiemann,Peter Thiemann,ICFP,ICFP,2023,ICFP 2023,-1,2022,PLDI,PLDI,False,0,3.0,13.0,23.076923076923077,W4281615790,Deep and shallow types for gradual languages,Ben Greenman,https://doi.org/10.1145/3519939.3523430,W3205670054,,,Peter Thiemann,A5000384936,0000-0002-9000-1239,2021.0,1.0,openalex_author_id,A5000384936,middle,False,False,,,1.0,1
5,85,peterthiemann,Peter Thiemann,ICFP,ICFP,2023,ICFP 2023,-1,2022,POPL,POPL,False,0,2.0,13.0,15.384615384615383,W4205402745,Connectivity graphs: a method for proving deadlock freedom based on separation logic,Jules Jacobs; Stephanie Balzer; Robbert Krebbers,https://doi.org/10.1145/3498662,W2736821074,,,Peter Thiemann,A5000384936,0000-0002-9000-1239,2017.0,5.0,openalex_author_id,A5000384936,middle,False,False,,,1.0,1
5,85,peterthiemann,Peter Thiemann,ICFP,ICFP,2023,ICFP 2023,-1,2022,POPL,POPL,False,0,2.0,13.0,15.384615384615383,W4205402745,Connectivity graphs: a method for proving deadlock freedom based on separation logic,Jules Jacobs; Stephanie Balzer; Robbert Krebbers,https://doi.org/10.1145/3498662,W3014307583,,,Peter Thiemann,A5000384936,0000-0002-9000-1239,2020.0,2.0,openalex_author_id,A5000384936,middle,False,False,,,1.0,1
5,88,peterthiemann,Peter Thiemann,ICFP,ICFP,2023,ICFP 2023,0,2023,ICFP,ICFP,True,1,8.0,21.0,38.095238095238095,W4386317121,Combinator-Based Fixpoint Algorithms for Big-Step Abstract Interpreters,Sven Keidel; Sebastian Erdweg; Tobias Hombücher,https://doi.org/10.1145/3607863,W202191487,,,Peter Thiemann,A5000384936,0000-0002-9000-1239,2009.0,14.0,openalex_author_id,A5000384936,last,False,False,,,1.0,1
5,88,peterthiemann,Peter Thiemann,ICFP,ICFP,2023,ICFP 2023,0,2023,ICFP,ICFP,True,1,8.0,21.0,38.095238095238095,W4386317005,Dependent Session Protocols in Separation Logic from First Principles (Functional Pearl),Jules Jacobs; Jonas Kastberg Hinrichsen; Robbert Krebbers,https://doi.org/10.1145/3607856,W3014307583,,,Peter Thiemann,A5000384936,0000-0002-9000-1239,2020.0,3.0,openalex_author_id,A5000384936,middle,False,False,,,1.0,1
5,88,peterthiemann,Peter Thiemann,ICFP,ICFP,2023,ICFP 2023,0,2023,ICFP,ICFP,True,1,8.0,21.0,38.095238095238095,W4386317005,Dependent Session Protocols in Separation Logic from First Principles (Functional Pearl),Jules Jacobs; Jonas Kastberg Hinrichsen; Robbert Krebbers,https://doi.org/10.1145/3607856,W3093091986,,,Peter Thiemann,A5000384936,0000-0002-9000-1239,2022.0,1.0,openalex_author_id,A5000384936,last,False,False,,,1.0,1
5,88,peterthiemann,Peter Thiemann,ICFP,ICFP,2023,ICFP 2023,0,2023,ICFP,ICFP,True,1,8.0,21.0,38.095238095238095,W4386317005,Dependent Session Protocols in Separation Logic from First Principles (Functional Pearl),Jules Jacobs; Jonas Kastberg Hinrichsen; Robbert Krebbers,https://doi.org/10.1145/3607856,W4307934025,,,Peter Thiemann,A5000384936,0000-0002-9000-1239,2022.0,1.0,openalex_author_id,A5000384936,last,False,False,,,1.0,1
5,88,peterthiemann,Peter Thiemann,ICFP,ICFP,2023,ICFP 2023,0,2023,ICFP,ICFP,True,1,8.0,21.0,38.095238095238095,W4386316982,Intrinsically Typed Sessions with Callbacks (Functional Pearl),Peter Thiemann,https://doi.org/10.1145/3607854,W2112965682,,,Peter Thiemann,A5000384936,0000-0002-9000-1239,2004.0,19.0,openalex_author_id,A5000384936,last,True,True,A5000384936,Matthias Neubauer; Peter Thiemann,1.0,1
5,88,peterthiemann,Peter Thiemann,ICFP,ICFP,2023,ICFP 2023,0,2023,ICFP,ICFP,True,1,8.0,21.0,38.095238095238095,W4386316982,Intrinsically Typed Sessions with Callbacks (Functional Pearl),Peter Thiemann,https://doi.org/10.1145/3607854,W2146369345,,,Peter Thiemann,A5000384936,0000-0002-9000-1239,1999.0,24.0,openalex_author_id,A5000384936,first,True,True,A5000384936,Peter Thiemann,1.0,1
5,88,peterthiemann,Peter Thiemann,ICFP,ICFP,2023,ICFP 2023,0,2023,ICFP,ICFP,True,1,8.0,21.0,38.095238095238095,W4386316982,Intrinsically Typed Sessions with Callbacks (Functional Pearl),Peter Thiemann,https://doi.org/10.1145/3607854,W2508649175,,,Peter Thiemann,A5000384936,0000-0002-9000-1239,2016.0,7.0,openalex_author_id,A5000384936,first,True,True,A5000384936,Peter Thiemann; Vasco T. Vasconcelos,1.0,1
5,88,peterthiemann,Peter Thiemann,ICFP,ICFP,2023,ICFP 2023,0,2023,ICFP,ICFP,True,1,8.0,21.0,38.095238095238095,W4386316982,Intrinsically Typed Sessions with Callbacks (Functional Pearl),Peter Thiemann,https://doi.org/10.1145/3607854,W4289856072,,,Peter Thiemann,A5000384936,0000-0002-9000-1239,2022.0,1.0,openalex_author_id,A5000384936,middle,True,True,A5000384936,Andreia Mordido; Bernardo Pinto de Almeida; Peter Thiemann; Vasco T. Vasconcelos,1.0,1
5,90,peterthiemann,Peter Thiemann,ICFP,ICFP,2023,ICFP 2023,0,2023,OOPSLA,OOPSLA1,False,1,5.0,21.0,23.809523809523807,W4362661237,A Gradual Probabilistic Lambda Calculus,Wenjia Ye; Matías Toro; Federico Olmedo,https://doi.org/10.1145/3586036,W2088295995,,,Peter Thiemann,A5000384936,0000-0002-9000-1239,2015.0,8.0,openalex_author_id,A5000384936,middle,False,False,,,1.0,1
5,90,peterthiemann,Peter Thiemann,ICFP,ICFP,2023,ICFP 2023,0,2023,OOPSLA,OOPSLA1,False,1,5.0,21.0,23.809523809523807,W4324106965,Fluent APIs in Functional Languages,Ori Roth; Yossi Gil,https://doi.org/10.1145/3586057,W2105831091,,,Peter Thiemann,A5000384936,0000-0002-9000-1239,2002.0,21.0,openalex_author_id,A5000384936,middle,False,False,,,1.0,1
5,90,peterthiemann,Peter Thiemann,ICFP,ICFP,2023,ICFP 2023,0,2023,OOPSLA,OOPSLA2,False,1,5.0,21.0,23.809523809523807,W4387667108,Getting into the Flow: Towards Better Type Error Messages for Constraint-Based Type Inference,Ishan Bhanuka; Lionel Parreaux; David A. Binder; Jonathan Immanuel Brachthäuser,https://doi.org/10.1145/3622812,W2056557620,,,Peter Thiemann,A5000384936,0000-0002-9000-1239,2003.0,20.0,openalex_author_id,A5000384936,last,False,False,,,1.0,1
5,90,peterthiemann,Peter Thiemann,ICFP,ICFP,2023,ICFP 2023,0,2023,OOPSLA,OOPSLA2,False,1,5.0,21.0,23.809523809523807,W4387667278,How Profilers Can Help Navigate Type Migration,Ben Greenman; Matthias Felleisen; Christos Dimoulas,https://doi.org/10.1145/3622817,W3000266772,,,Peter Thiemann,A5000384936,0000-0002-9000-1239,2015.0,8.0,openalex_author_id,A5000384936,middle,False,False,,,1.0,1
5,90,peterthiemann,Peter Thiemann,ICFP,ICFP,2023,ICFP 2023,0,2023,OOPSLA,OOPSLA2,False,1,5.0,21.0,23.809523809523807,W4387667278,How Profilers Can Help Navigate Type Migration,Ben Greenman; Matthias Felleisen; Christos Dimoulas,https://doi.org/10.1145/3622817,W3205670054,,,Peter Thiemann,A5000384936,0000-0002-9000-1239,2021.0,2.0,openalex_author_id,A5000384936,middle,False,False,,,1.0,1
5,91,peterthiemann,Peter Thiemann,ICFP,ICFP,2023,ICFP 2023,0,2023,PLDI,PLDI,False,0,7.0,21.0,33.33333333333333,W4379536306,Covering All the Bases: Type-Based Verification of Test Input Generators,Z. Zhou; Ashish Mishra; Benjamin Delaware; Suresh Jagannathan,https://doi.org/10.1145/3591271,W2083878525,,,Peter Thiemann,A5000384936,0000-0002-9000-1239,1998.0,25.0,openalex_author_id,A5000384936,middle,False,True,A5034957233,Andrew K. Wright; Peter Thiemann; Stephen Weeks; Suresh Jagannathan,1.0,1
5,91,peterthiemann,Peter Thiemann,ICFP,ICFP,2023,ICFP 2023,0,2023,PLDI,PLDI,False,0,7.0,21.0,33.33333333333333,W4379518504,Derivative Based Nonbacktracking Real-World Regex Matching with Backtracking Semantics,Dan Moseley; Mario Nishio; Jose Perez Rodriguez; Olli Saarikivi; Stephen Toub; Margus Veanes; Tiki Wan; Eric You Xu,https://doi.org/10.1145/3591262,W2963977162,,,Peter Thiemann,A5000384936,0000-0002-9000-1239,2014.0,9.0,openalex_author_id,A5000384936,last,False,False,,,1.0,1
5,91,peterthiemann,Peter Thiemann,ICFP,ICFP,2023,ICFP 2023,0,2023,PLDI,PLDI,False,0,7.0,21.0,33.33333333333333,W4379536137,Feature-Sensitive Coverage for Conformance Testing of Programming Language Implementations,Jihyeok Park; Dongjun Youn; Kanguk Lee; Sukyoung Ryu,https://doi.org/10.1145/3591240,W202191487,,,Peter Thiemann,A5000384936,0000-0002-9000-1239,2009.0,14.0,openalex_author_id,A5000384936,last,False,False,,,1.0,1
5,91,peterthiemann,Peter Thiemann,ICFP,ICFP,2023,ICFP 2023,0,2023,PLDI,PLDI,False,0,7.0,21.0,33.33333333333333,W4379537177,Garbage-Collection Safety for Region-Based Type-Polymorphic Programs,Martin Elsman,https://doi.org/10.1145/3591229,W2001218627,,,Peter Thiemann,A5000384936,0000-0002-9000-1239,2002.0,21.0,openalex_author_id,A5000384936,last,False,False,,,1.0,1
5,91,peterthiemann,Peter Thiemann,ICFP,ICFP,2023,ICFP 2023,0,2023,PLDI,PLDI,False,0,7.0,21.0,33.33333333333333,W4379537177,Garbage-Collection Safety for Region-Based Type-Polymorphic Programs,Martin Elsman,https://doi.org/10.1145/3591229,W2032131014,,,Peter Thiemann,A5000384936,0000-0002-9000-1239,2001.0,22.0,openalex_author_id,A5000384936,last,False,False,,,1.0,1
5,91,peterthiemann,Peter Thiemann,ICFP,ICFP,2023,ICFP 2023,0,2023,PLDI,PLDI,False,0,7.0,21.0,33.33333333333333,W4363676382,Parameterized Algebraic Protocols,Andreia Mordido; Janek Spaderna; Peter Thiemann; Vasco T. Vasconcelos,https://doi.org/10.1145/3591277,W2508649175,,,Peter Thiemann,A5000384936,0000-0002-9000-1239,2016.0,7.0,openalex_author_id,A5000384936,first,True,True,A5000384936; A5016342119,Peter Thiemann; Vasco T. Vasconcelos,1.0,1
5,91,peterthiemann,Peter Thiemann,ICFP,ICFP,2023,ICFP 2023,0,2023,PLDI,PLDI,False,0,7.0,21.0,33.33333333333333,W4363676382,Parameterized Algebraic Protocols,Andreia Mordido; Janek Spaderna; Peter Thiemann; Vasco T. Vasconcelos,https://doi.org/10.1145/3591277,W4289856072,,,Peter Thiemann,A5000384936,0000-0002-9000-1239,2022.0,1.0,openalex_author_id,A5000384936,middle,True,True,A5000384936; A5016342119; A5066863234,Andreia Mordido; Bernardo Pinto de Almeida; Peter Thiemann; Vasco T. Vasconcelos,1.0,1
5,89,peterthiemann,Peter Thiemann,ICFP,ICFP,2023,ICFP 2023,0,2023,POPL,POPL,False,0,1.0,21.0,4.761904761904762,W4315605962,Higher-Order Leak and Deadlock Free Locks,Jules Jacobs; Stephanie Balzer,https://doi.org/10.1145/3571229,W3014307583,,,Peter Thiemann,A5000384936,0000-0002-9000-1239,2020.0,3.0,openalex_author_id,A5000384936,middle,False,False,,,1.0,1
5,92,peterthiemann,Peter Thiemann,ICFP,ICFP,2023,ICFP 2023,1,2024,ICFP,ICFP,True,0,1.0,26.0,3.8461538461538463,W4401597048,Double-Ended Bit-Stealing for Algebraic Data Types,Martin Elsman,https://doi.org/10.1145/3674628,W2064730464,,,Peter Thiemann,A5000384936,0000-0002-9000-1239,1995.0,29.0,openalex_author_id,A5000384936,first,False,False,,,1.0,1
5,94,peterthiemann,Peter Thiemann,ICFP,ICFP,2023,ICFP 2023,1,2024,OOPSLA,OOPSLA2,False,0,9.0,26.0,34.61538461538461,W4403223009,Automated Verification of Parametric Channel-Based Process Communication,Georgian-Vlad Saioc; Julien Lange; Anders Møller,https://doi.org/10.1145/3689784,W2512167970,,,Peter Thiemann,A5000384936,0000-0002-9000-1239,2016.0,8.0,openalex_author_id,A5000384936,last,False,False,,,1.0,1
5,94,peterthiemann,Peter Thiemann,ICFP,ICFP,2023,ICFP 2023,1,2024,OOPSLA,OOPSLA2,False,0,9.0,26.0,34.61538461538461,W4403223291,Effects and Coeffects in Call-by-Push-Value,Cassia Torczon; Emmanuel Suárez Acevedo; Shubh Agrawal; Joey Velez‐Ginorio; Stephanie Weirich,https://doi.org/10.1145/3689750,W2022518532,,,Peter Thiemann,A5000384936,0000-0002-9000-1239,2003.0,21.0,openalex_author_id,A5000384936,last,False,False,,,1.0,1
5,94,peterthiemann,Peter Thiemann,ICFP,ICFP,2023,ICFP 2023,1,2024,OOPSLA,OOPSLA1,False,0,9.0,26.0,34.61538461538461,W4396214269,Functional Ownership through Fractional Uniqueness,Daniel Marshall; Dominic Orchard,https://doi.org/10.1145/3649848,W4289782831,,,Peter Thiemann,A5000384936,0000-0002-9000-1239,2021.0,3.0,openalex_author_id,A5000384936,middle,False,False,,,1.0,1
5,94,peterthiemann,Peter Thiemann,ICFP,ICFP,2023,ICFP 2023,1,2024,OOPSLA,OOPSLA2,False,0,9.0,26.0,34.61538461538461,W4403223073,Law and Order for Typestate with Borrowing,Hannes Saffrich; Yuki Nishida; Peter Thiemann,https://doi.org/10.1145/3689763,W4289856072,,,Peter Thiemann,A5000384936,0000-0002-9000-1239,2022.0,2.0,openalex_author_id,A5000384936,middle,True,True,A5000384936,Andreia Mordido; Bernardo Pinto de Almeida; Peter Thiemann; Vasco T. Vasconcelos,1.0,1
5,94,peterthiemann,Peter Thiemann,ICFP,ICFP,2023,ICFP 2023,1,2024,OOPSLA,OOPSLA2,False,0,9.0,26.0,34.61538461538461,W4403223073,Law and Order for Typestate with Borrowing,Hannes Saffrich; Yuki Nishida; Peter Thiemann,https://doi.org/10.1145/3689763,W4402701950,,,Peter Thiemann,A5000384936,0000-0002-9000-1239,2024.0,0.0,openalex_author_id,A5000384936,last,True,True,A5000384936; A5081655484,Hannes Saffrich; Peter Thiemann; Yuki Nishida,1.0,1
5,94,peterthiemann,Peter Thiemann,ICFP,ICFP,2023,ICFP 2023,1,2024,OOPSLA,OOPSLA2,False,0,9.0,26.0,34.61538461538461,W4403222949,Merging Gradual Typing,Wenjia Ye; Bruno C. d. S. Oliveira; Matías Toro,https://doi.org/10.1145/3689734,W2088295995,,,Peter Thiemann,A5000384936,0000-0002-9000-1239,2015.0,9.0,openalex_author_id,A5000384936,middle,False,False,,,1.0,1
5,94,peterthiemann,Peter Thiemann,ICFP,ICFP,2023,ICFP 2023,1,2024,OOPSLA,OOPSLA2,False,0,9.0,26.0,34.61538461538461,W4403223318,Programmable MCMC with Soundly Composed Guide Programs,Long Pham; Di Wang; Feras A. Saad; Jan Hoffmann,https://doi.org/10.1145/3689748,W2508649175,,,Peter Thiemann,A5000384936,0000-0002-9000-1239,2016.0,8.0,openalex_author_id,A5000384936,first,False,False,,,1.0,1
5,94,peterthiemann,Peter Thiemann,ICFP,ICFP,2023,ICFP 2023,1,2024,OOPSLA,OOPSLA2,False,0,9.0,26.0,34.61538461538461,W4403223318,Programmable MCMC with Soundly Composed Guide Programs,Long Pham; Di Wang; Feras A. Saad; Jan Hoffmann,https://doi.org/10.1145/3689748,W4363676382,,,Peter Thiemann,A5000384936,0000-0002-9000-1239,2023.0,1.0,openalex_author_id,A5000384936,middle,False,False,,,1.0,1
5,94,peterthiemann,Peter Thiemann,ICFP,ICFP,2023,ICFP 2023,1,2024,OOPSLA,OOPSLA2,False,0,9.0,26.0,34.61538461538461,W4403223013,QuAC: Quick Attribute-Centric Type Inference for Python,Jifeng Wu; Caroline Lemieux,https://doi.org/10.1145/3689783,W202191487,,,Peter Thiemann,A5000384936,0000-0002-9000-1239,2009.0,15.0,openalex_author_id,A5000384936,last,False,False,,,1.0,1
5,95,peterthiemann,Peter Thiemann,ICFP,ICFP,2023,ICFP 2023,1,2024,PLDI,PLDI,False,0,7.0,26.0,26.923076923076923,W4399850786,Decidable Subtyping of Existential Types for Julia,Julia Belyakova; Benjamin Chung; Ross Tate; Jan Vítek,https://doi.org/10.1145/3656421,W2152240553,,,Peter Thiemann,A5000384936,0000-0002-9000-1239,2009.0,15.0,openalex_author_id,A5000384936,last,False,False,,,1.0,1
5,95,peterthiemann,Peter Thiemann,ICFP,ICFP,2023,ICFP 2023,1,2024,PLDI,PLDI,False,0,7.0,26.0,26.923076923076923,W4399851459,Efficient Static Vulnerability Analysis for JavaScript with Multiversion Dependency Graphs,Mafalda Ferreira; Miguel Monteiro; Tiago Brito; Miguel E. Coimbra; Nuno Santos; Limin Jia; José Fragoso Santos,https://doi.org/10.1145/3656394,W202191487,,,Peter Thiemann,A5000384936,0000-0002-9000-1239,2009.0,15.0,openalex_author_id,A5000384936,last,False,False,,,1.0,1
5,95,peterthiemann,Peter Thiemann,ICFP,ICFP,2023,ICFP 2023,1,2024,PLDI,PLDI,False,0,7.0,26.0,26.923076923076923,W4399851464,Quest Complete: The Holy Grail of Gradual Security,Tianyu Chen; Jeremy G. Siek,https://doi.org/10.1145/3656442,W2051748913,,,Peter Thiemann,A5000384936,0000-0002-9000-1239,2013.0,11.0,openalex_author_id,A5000384936,last,False,False,,,1.0,1
5,95,peterthiemann,Peter Thiemann,ICFP,ICFP,2023,ICFP 2023,1,2024,PLDI,PLDI,False,0,7.0,26.0,26.923076923076923,W4399851464,Quest Complete: The Holy Grail of Gradual Security,Tianyu Chen; Jeremy G. Siek,https://doi.org/10.1145/3656442,W2538224465,,,Peter Thiemann,A5000384936,0000-0002-9000-1239,2016.0,8.0,openalex_author_id,A5000384936,last,False,False,,,1.0,1
5,95,peterthiemann,Peter Thiemann,ICFP,ICFP,2023,ICFP 2023,1,2024,PLDI,PLDI,False,0,7.0,26.0,26.923076923076923,W4399850773,Reducing Static Analysis Unsoundness with Approximate Interpretation,Mathias Rud Laursen; Wenyuan Xu; Anders Møller,https://doi.org/10.1145/3656424,W202191487,,,Peter Thiemann,A5000384936,0000-0002-9000-1239,2009.0,15.0,openalex_author_id,A5000384936,last,False,True,A5103189175,Anders Møller; Peter Thiemann; Simon Holm Jensen,1.0,1
5,95,peterthiemann,Peter Thiemann,ICFP,ICFP,2023,ICFP 2023,1,2024,PLDI,PLDI,False,0,7.0,26.0,26.923076923076923,W4399851238,"Space-Efficient Polymorphic Gradual Typing, Mostly Parametric",Atsushi Igarashi; S. Ozaki; Taro Sekiyama; Yudai Tanabe,https://doi.org/10.1145/3656441,W2088295995,,,Peter Thiemann,A5000384936,0000-0002-9000-1239,2015.0,9.0,openalex_author_id,A5000384936,middle,False,False,,,1.0,1
5,95,peterthiemann,Peter Thiemann,ICFP,ICFP,2023,ICFP 2023,1,2024,PLDI,PLDI,False,0,7.0,26.0,26.923076923076923,W4399851238,"Space-Efficient Polymorphic Gradual Typing, Mostly Parametric",Atsushi Igarashi; S. Ozaki; Taro Sekiyama; Yudai Tanabe,https://doi.org/10.1145/3656441,W3205670054,,,Peter Thiemann,A5000384936,0000-0002-9000-1239,2021.0,3.0,openalex_author_id,A5000384936,middle,False,False,,,1.0,1
5,93,peterthiemann,Peter Thiemann,ICFP,ICFP,2023,ICFP 2023,1,2024,POPL,POPL,False,0,9.0,26.0,34.61538461538461,W4390603516,Effectful Software Contracts,Cameron Moy; Christos Dimoulas; Matthias Felleisen,https://doi.org/10.1145/3632930,W2044710350,,,Peter Thiemann,A5000384936,0000-0002-9000-1239,2015.0,9.0,openalex_author_id,A5000384936,last,False,False,,,1.0,1
5,93,peterthiemann,Peter Thiemann,ICFP,ICFP,2023,ICFP 2023,1,2024,POPL,POPL,False,0,9.0,26.0,34.61538461538461,W4390603516,Effectful Software Contracts,Cameron Moy; Christos Dimoulas; Matthias Felleisen,https://doi.org/10.1145/3632930,W798485908,,,Peter Thiemann,A5000384936,0000-0002-9000-1239,2015.0,9.0,openalex_author_id,A5000384936,last,False,False,,,1.0,1
5,93,peterthiemann,Peter Thiemann,ICFP,ICFP,2023,ICFP 2023,1,2024,POPL,POPL,False,0,9.0,26.0,34.61538461538461,W4390604785,Explicit Effects and Effect Constraints in ReML,Martin Elsman,https://doi.org/10.1145/3632921,W2001218627,,,Peter Thiemann,A5000384936,0000-0002-9000-1239,2002.0,22.0,openalex_author_id,A5000384936,last,False,False,,,1.0,1
5,93,peterthiemann,Peter Thiemann,ICFP,ICFP,2023,ICFP 2023,1,2024,POPL,POPL,False,0,9.0,26.0,34.61538461538461,W4390604785,Explicit Effects and Effect Constraints in ReML,Martin Elsman,https://doi.org/10.1145/3632921,W2032131014,,,Peter Thiemann,A5000384936,0000-0002-9000-1239,2001.0,23.0,openalex_author_id,A5000384936,last,False,False,,,1.0,1
5,93,peterthiemann,Peter Thiemann,ICFP,ICFP,2023,ICFP 2023,1,2024,POPL,POPL,False,0,9.0,26.0,34.61538461538461,W4390603371,Ill-Typed Programs Don’t Evaluate,Steven Ramsay; Charlie Walpole,https://doi.org/10.1145/3632909,W1686144945,,,Peter Thiemann,A5000384936,0000-0002-9000-1239,2015.0,9.0,openalex_author_id,A5000384936,last,False,False,,,1.0,1
5,93,peterthiemann,Peter Thiemann,ICFP,ICFP,2023,ICFP 2023,1,2024,POPL,POPL,False,0,9.0,26.0,34.61538461538461,W4390603586,Parametric Subtyping for Structural Parametric Polymorphism,Henry DeYoung; Andreia Mordido; Frank Pfenning; Ankush Das,https://doi.org/10.1145/3632932,W2508649175,,,Peter Thiemann,A5000384936,0000-0002-9000-1239,2016.0,8.0,openalex_author_id,A5000384936,first,False,False,,,1.0,1
5,93,peterthiemann,Peter Thiemann,ICFP,ICFP,2023,ICFP 2023,1,2024,POPL,POPL,False,0,9.0,26.0,34.61538461538461,W4390603586,Parametric Subtyping for Structural Parametric Polymorphism,Henry DeYoung; Andreia Mordido; Frank Pfenning; Ankush Das,https://doi.org/10.1145/3632932,W4289856072,,,Peter Thiemann,A5000384936,0000-0002-9000-1239,2022.0,2.0,openalex_author_id,A5000384936,middle,False,True,A5066863234,Andreia Mordido; Bernardo Pinto de Almeida; Peter Thiemann; Vasco T. Vasconcelos,1.0,1
5,93,peterthiemann,Peter Thiemann,ICFP,ICFP,2023,ICFP 2023,1,2024,POPL,POPL,False,0,9.0,26.0,34.61538461538461,W4390603586,Parametric Subtyping for Structural Parametric Polymorphism,Henry DeYoung; Andreia Mordido; Frank Pfenning; Ankush Das,https://doi.org/10.1145/3632932,W4363676382,,,Peter Thiemann,A5000384936,0000-0002-9000-1239,2023.0,1.0,openalex_author_id,A5000384936,middle,False,True,A5066863234,Andreia Mordido; Janek Spaderna; Peter Thiemann; Vasco T. Vasconcelos,1.0,1
5,93,peterthiemann,Peter Thiemann,ICFP,ICFP,2023,ICFP 2023,1,2024,POPL,POPL,False,0,9.0,26.0,34.61538461538461,W4390603566,Type-Based Gradual Typing Performance Optimization,John Peter Campora; Mohammad Wahiduzzaman Khan; Sheng Chen,https://doi.org/10.1145/3632931,W2088295995,,,Peter Thiemann,A5000384936,0000-0002-9000-1239,2015.0,9.0,openalex_author_id,A5000384936,middle,False,False,,,1.0,1
5,96,peterthiemann,Peter Thiemann,ICFP,ICFP,2023,ICFP 2023,2,2025,ICFP,ICFP,True,1,4.0,14.0,28.57142857142857,W4412989653,Environment-Sharing Analysis and Caller-Provided Environments for Higher-Order Languages,J. A. Carr; Benjamin Quiring; John Reppy; Olin Shivers; Skye Soss; Byron Zhong,https://doi.org/10.1145/3747516,W2083878525,,,Peter Thiemann,A5000384936,0000-0002-9000-1239,1998.0,27.0,openalex_author_id,A5000384936,middle,False,False,,,1.0,1
5,96,peterthiemann,Peter Thiemann,ICFP,ICFP,2023,ICFP 2023,2,2025,ICFP,ICFP,True,1,4.0,14.0,28.57142857142857,W4412989191,Fusing Session-Typed Concurrent Programming into Functional Programming,Chuta Sano; Deepak Garg; Ryan Kavanagh; Brigitte Pientka; Bernardo Toninho,https://doi.org/10.1145/3747519,W2508649175,,,Peter Thiemann,A5000384936,0000-0002-9000-1239,2016.0,9.0,openalex_author_id,A5000384936,first,False,False,,,1.0,1
5,96,peterthiemann,Peter Thiemann,ICFP,ICFP,2023,ICFP 2023,2,2025,ICFP,ICFP,True,1,4.0,14.0,28.57142857142857,W4412989434,Multi-stage Programming with Splice Variables,Tsung-Ju Chiang; Ningning Xie,https://doi.org/10.1145/3747518,W2084790882,,,Peter Thiemann,A5000384936,0000-0002-9000-1239,2014.0,11.0,openalex_author_id,A5000384936,middle,False,False,,,1.0,1
5,96,peterthiemann,Peter Thiemann,ICFP,ICFP,2023,ICFP 2023,2,2025,ICFP,ICFP,True,1,4.0,14.0,28.57142857142857,W4412989095,Robust Dynamic Embedding for Gradual Typing,Koen Jacobs; Matías Toro; Nicolas Tabareau; Éric Tanter,https://doi.org/10.1145/3747507,W2051748913,,,Peter Thiemann,A5000384936,0000-0002-9000-1239,2013.0,12.0,openalex_author_id,A5000384936,last,False,False,,,1.0,1
5,98,peterthiemann,Peter Thiemann,ICFP,ICFP,2023,ICFP 2023,2,2025,OOPSLA,OOPSLA2,False,0,8.0,14.0,57.14285714285714,W4414977241,Borrowing from Session Types,Hannes Saffrich; Janek Spaderna; Peter Thiemann; Vasco T. Vasconcelos,https://doi.org/10.1145/3763173,W2112965682,,,Peter Thiemann,A5000384936,0000-0002-9000-1239,2004.0,21.0,openalex_author_id,A5000384936,last,True,True,A5000384936,Matthias Neubauer; Peter Thiemann,1.0,1
5,98,peterthiemann,Peter Thiemann,ICFP,ICFP,2023,ICFP 2023,2,2025,OOPSLA,OOPSLA2,False,0,8.0,14.0,57.14285714285714,W4414977241,Borrowing from Session Types,Hannes Saffrich; Janek Spaderna; Peter Thiemann; Vasco T. Vasconcelos,https://doi.org/10.1145/3763173,W2508649175,,,Peter Thiemann,A5000384936,0000-0002-9000-1239,2016.0,9.0,openalex_author_id,A5000384936,first,True,True,A5000384936; A5016342119,Peter Thiemann; Vasco T. Vasconcelos,1.0,1
5,98,peterthiemann,Peter Thiemann,ICFP,ICFP,2023,ICFP 2023,2,2025,OOPSLA,OOPSLA2,False,0,8.0,14.0,57.14285714285714,W4414977241,Borrowing from Session Types,Hannes Saffrich; Janek Spaderna; Peter Thiemann; Vasco T. Vasconcelos,https://doi.org/10.1145/3763173,W3093091986,,,Peter Thiemann,A5000384936,0000-0002-9000-1239,2022.0,3.0,openalex_author_id,A5000384936,last,True,True,A5000384936; A5081655484,Hannes Saffrich; Peter Thiemann,1.0,1
5,98,peterthiemann,Peter Thiemann,ICFP,ICFP,2023,ICFP 2023,2,2025,OOPSLA,OOPSLA2,False,0,8.0,14.0,57.14285714285714,W4414977241,Borrowing from Session Types,Hannes Saffrich; Janek Spaderna; Peter Thiemann; Vasco T. Vasconcelos,https://doi.org/10.1145/3763173,W4289856072,,,Peter Thiemann,A5000384936,0000-0002-9000-1239,2022.0,3.0,openalex_author_id,A5000384936,middle,True,True,A5000384936; A5016342119,Andreia Mordido; Bernardo Pinto de Almeida; Peter Thiemann; Vasco T. Vasconcelos,1.0,1
5,98,peterthiemann,Peter Thiemann,ICFP,ICFP,2023,ICFP 2023,2,2025,OOPSLA,OOPSLA2,False,0,8.0,14.0,57.14285714285714,W4414977241,Borrowing from Session Types,Hannes Saffrich; Janek Spaderna; Peter Thiemann; Vasco T. Vasconcelos,https://doi.org/10.1145/3763173,W4385849472,,,Peter Thiemann,A5000384936,0000-0002-9000-1239,2023.0,2.0,openalex_author_id,A5000384936,last,True,True,A5000384936; A5081655484,Hannes Saffrich; Peter Thiemann,1.0,1
5,98,peterthiemann,Peter Thiemann,ICFP,ICFP,2023,ICFP 2023,2,2025,OOPSLA,OOPSLA2,False,0,8.0,14.0,57.14285714285714,W4414977241,Borrowing from Session Types,Hannes Saffrich; Janek Spaderna; Peter Thiemann; Vasco T. Vasconcelos,https://doi.org/10.1145/3763173,W4402701950,,,Peter Thiemann,A5000384936,0000-0002-9000-1239,2024.0,1.0,openalex_author_id,A5000384936,last,True,True,A5000384936; A5081655484,Hannes Saffrich; Peter Thiemann; Yuki Nishida,1.0,1
5,98,peterthiemann,Peter Thiemann,ICFP,ICFP,2023,ICFP 2023,2,2025,OOPSLA,OOPSLA2,False,0,8.0,14.0,57.14285714285714,W4414977241,Borrowing from Session Types,Hannes Saffrich; Janek Spaderna; Peter Thiemann; Vasco T. Vasconcelos,https://doi.org/10.1145/3763173,W4403223073,,,Peter Thiemann,A5000384936,0000-0002-9000-1239,2024.0,1.0,openalex_author_id,A5000384936,last,True,True,A5000384936; A5081655484,Hannes Saffrich; Peter Thiemann; Yuki Nishida,1.0,1
5,98,peterthiemann,Peter Thiemann,ICFP,ICFP,2023,ICFP 2023,2,2025,OOPSLA,OOPSLA2,False,0,8.0,14.0,57.14285714285714,W4414978635,Contract System Metatheories a la Carte: A Transition-System View of Contracts,Shu-Hung You; Christos Dimoulas; Robert Bruce Findler,https://doi.org/10.1145/3764861,W3205670054,,,Peter Thiemann,A5000384936,0000-0002-9000-1239,2021.0,4.0,openalex_author_id,A5000384936,middle,False,False,,,1.0,1
5,97,peterthiemann,Peter Thiemann,ICFP,ICFP,2023,ICFP 2023,2,2025,POPL,POPL,False,0,2.0,14.0,14.285714285714285,W4404403684,Derivative-Guided Symbolic Execution,Yongwei Yuan; Z. Zhou; Julia Belyakova; Suresh Jagannathan,https://doi.org/10.1145/3704886,W2963977162,,,Peter Thiemann,A5000384936,0000-0002-9000-1239,2014.0,11.0,openalex_author_id,A5000384936,last,False,False,,,1.0,1
5,97,peterthiemann,Peter Thiemann,ICFP,ICFP,2023,ICFP 2023,2,2025,POPL,POPL,False,0,2.0,14.0,14.285714285714285,W4406222355,Symbolic Automata: Omega-Regularity Modulo Theories,Margus Veanes; Thomas S. Ball; Gabriel Ebner; Ekaterina Zhuchko,https://doi.org/10.1145/3704838,W2962709051,,,Peter Thiemann,A5000384936,0000-0002-9000-1239,2018.0,7.0,openalex_author_id,A5000384936,last,False,False,,,1.0,1
6,100,simonjgay,Simon J. Gay,ICFP,ICFP,2023,ICFP 2023,-2,2021,ICFP,ICFP,True,0,2.0,7.0,28.57142857142857,W3195431916,Client-server sessions in linear logic,Zesen Qian; G. A. Kavvos; Lars Birkedal,https://doi.org/10.1145/3473567,W2124126159,,,Simon J. Gay,A5069757996,0000-0003-3033-9091,2009.0,12.0,openalex_author_id,A5069757996,first,False,False,,,1.0,1
6,100,simonjgay,Simon J. Gay,ICFP,ICFP,2023,ICFP 2023,-2,2021,ICFP,ICFP,True,0,2.0,7.0,28.57142857142857,W3195431916,Client-server sessions in linear logic,Zesen Qian; G. A. Kavvos; Lars Birkedal,https://doi.org/10.1145/3473567,W2797550608,,,Simon J. Gay,A5069757996,0000-0003-3033-9091,2018.0,3.0,openalex_author_id,A5069757996,last,False,False,,,1.0,1
6,102,simonjgay,Simon J. Gay,ICFP,ICFP,2023,ICFP 2023,-2,2021,OOPSLA,OOPSLA,False,0,1.0,7.0,14.285714285714285,W3207782580,A multiparty session typing discipline for fault-tolerant event-driven distributed programming,Malte Viering; Raymond Hu; Patrick Eugster; Lukasz Ziarek,https://doi.org/10.1145/3485501,W4205907492,,,Simon J. Gay,A5069757996,0000-0003-3033-9091,2016.0,5.0,openalex_author_id,A5069757996,middle,False,True,A5102840586,"Campos, Joana; Davide Ancona; Deniélou, Pierre Malo; Einar Broch Johnsen; Elena Giachino; Francisco Martins; Giuseppe Castagna; Joana Campos; Luca Padovani; Mario Bravetti; Montesi, Fabrizio; Nils Gesbert; Nobuko Yoshida; Raymond Hu; Rumyana Neykova; Simon J. Gay; Vasco T. Vasconcelos; Viviana Bono; Viviana Mascardi",1.0,1
6,103,simonjgay,Simon J. Gay,ICFP,ICFP,2023,ICFP 2023,-2,2021,PLDI,PLDI,False,0,2.0,7.0,28.57142857142857,W3175560211,Zooid: a DSL for certified multiparty computation: from mechanised metatheory to certified multiparty processes,David Castro; Francisco Ferreira; Lorenzo Gheri; Nobuko Yoshida,https://doi.org/10.1145/3453483.3454041,W2124126159,,,Simon J. Gay,A5069757996,0000-0003-3033-9091,2009.0,12.0,openalex_author_id,A5069757996,first,False,False,,,1.0,1
6,103,simonjgay,Simon J. Gay,ICFP,ICFP,2023,ICFP 2023,-2,2021,PLDI,PLDI,False,0,2.0,7.0,28.57142857142857,W3175560211,Zooid: a DSL for certified multiparty computation: from mechanised metatheory to certified multiparty processes,David Castro; Francisco Ferreira; Lorenzo Gheri; Nobuko Yoshida,https://doi.org/10.1145/3453483.3454041,W3014307583,,,Simon J. Gay,A5069757996,0000-0003-3033-9091,2020.0,1.0,openalex_author_id,A5069757996,first,False,False,,,1.0,1
6,101,simonjgay,Simon J. Gay,ICFP,ICFP,2023,ICFP 2023,-2,2021,POPL,POPL,False,0,2.0,7.0,28.57142857142857,W3113857243,Precise subtyping for asynchronous multiparty sessions,Silvia Ghilezan; Jovanka Pantović; Ivan Prokić; Alceste Scalas; Nobuko Yoshida,https://doi.org/10.1145/3434297,W2088962847,,,Simon J. Gay,A5069757996,0000-0003-3033-9091,2005.0,16.0,openalex_author_id,A5069757996,first,False,False,,,1.0,1
6,101,simonjgay,Simon J. Gay,ICFP,ICFP,2023,ICFP 2023,-2,2021,POPL,POPL,False,0,2.0,7.0,28.57142857142857,W3113857243,Precise subtyping for asynchronous multiparty sessions,Silvia Ghilezan; Jovanka Pantović; Ivan Prokić; Alceste Scalas; Nobuko Yoshida,https://doi.org/10.1145/3434297,W4205907492,,,Simon J. Gay,A5069757996,0000-0003-3033-9091,2016.0,5.0,openalex_author_id,A5069757996,middle,False,True,A5054171989,"Campos, Joana; Davide Ancona; Deniélou, Pierre Malo; Einar Broch Johnsen; Elena Giachino; Francisco Martins; Giuseppe Castagna; Joana Campos; Luca Padovani; Mario Bravetti; Montesi, Fabrizio; Nils Gesbert; Nobuko Yoshida; Raymond Hu; Rumyana Neykova; Simon J. Gay; Vasco T. Vasconcelos; Viviana Bono; Viviana Mascardi",1.0,1
6,104,simonjgay,Simon J. Gay,ICFP,ICFP,2023,ICFP 2023,-1,2022,ICFP,ICFP,True,0,3.0,12.0,25.0,W4293812868,Multiparty GV: functional multiparty session types with certified deadlock freedom,Jules Jacobs; Stephanie Balzer; Robbert Krebbers,https://doi.org/10.1145/3547638,W2124126159,,,Simon J. Gay,A5069757996,0000-0003-3033-9091,2009.0,13.0,openalex_author_id,A5069757996,first,False,False,,,1.0,1
6,104,simonjgay,Simon J. Gay,ICFP,ICFP,2023,ICFP 2023,-1,2022,ICFP,ICFP,True,0,3.0,12.0,25.0,W4293812868,Multiparty GV: functional multiparty session types with certified deadlock freedom,Jules Jacobs; Stephanie Balzer; Robbert Krebbers,https://doi.org/10.1145/3547638,W2797550608,,,Simon J. Gay,A5069757996,0000-0003-3033-9091,2018.0,4.0,openalex_author_id,A5069757996,last,False,False,,,1.0,1
6,104,simonjgay,Simon J. Gay,ICFP,ICFP,2023,ICFP 2023,-1,2022,ICFP,ICFP,True,0,3.0,12.0,25.0,W4293812868,Multiparty GV: functional multiparty session types with certified deadlock freedom,Jules Jacobs; Stephanie Balzer; Robbert Krebbers,https://doi.org/10.1145/3547638,W3014307583,,,Simon J. Gay,A5069757996,0000-0003-3033-9091,2020.0,2.0,openalex_author_id,A5069757996,first,False,False,,,1.0,1
6,107,simonjgay,Simon J. Gay,ICFP,ICFP,2023,ICFP 2023,-1,2022,PLDI,PLDI,False,0,1.0,12.0,8.333333333333332,W3205136173,Algebraic reasoning of Quantum programs via non-idempotent Kleene algebra,Yuxiang Peng; Mingsheng Ying; Xiaodi Wu,https://doi.org/10.1145/3519939.3523713,W3007889862,,,Simon J. Gay,A5069757996,0000-0003-3033-9091,2006.0,16.0,openalex_author_id,A5069757996,first,False,False,,,1.0,1
6,105,simonjgay,Simon J. Gay,ICFP,ICFP,2023,ICFP 2023,-1,2022,POPL,POPL,False,0,8.0,12.0,66.66666666666666,W4205402745,Connectivity graphs: a method for proving deadlock freedom based on separation logic,Jules Jacobs; Stephanie Balzer; Robbert Krebbers,https://doi.org/10.1145/3498662,W2124126159,,,Simon J. Gay,A5069757996,0000-0003-3033-9091,2009.0,13.0,openalex_author_id,A5069757996,first,False,False,,,1.0,1
6,105,simonjgay,Simon J. Gay,ICFP,ICFP,2023,ICFP 2023,-1,2022,POPL,POPL,False,0,8.0,12.0,66.66666666666666,W4205402745,Connectivity graphs: a method for proving deadlock freedom based on separation logic,Jules Jacobs; Stephanie Balzer; Robbert Krebbers,https://doi.org/10.1145/3498662,W2797550608,,,Simon J. Gay,A5069757996,0000-0003-3033-9091,2018.0,4.0,openalex_author_id,A5069757996,last,False,False,,,1.0,1
6,105,simonjgay,Simon J. Gay,ICFP,ICFP,2023,ICFP 2023,-1,2022,POPL,POPL,False,0,8.0,12.0,66.66666666666666,W4205402745,Connectivity graphs: a method for proving deadlock freedom based on separation logic,Jules Jacobs; Stephanie Balzer; Robbert Krebbers,https://doi.org/10.1145/3498662,W3014307583,,,Simon J. Gay,A5069757996,0000-0003-3033-9091,2020.0,2.0,openalex_author_id,A5069757996,first,False,False,,,1.0,1
6,105,simonjgay,Simon J. Gay,ICFP,ICFP,2023,ICFP 2023,-1,2022,POPL,POPL,False,0,8.0,12.0,66.66666666666666,W4206472037,Fair termination of binary sessions,Luca Ciccone; Luca Padovani,https://doi.org/10.1145/3498666,W2088962847,,,Simon J. Gay,A5069757996,0000-0003-3033-9091,2005.0,17.0,openalex_author_id,A5069757996,first,False,False,,,1.0,1
6,105,simonjgay,Simon J. Gay,ICFP,ICFP,2023,ICFP 2023,-1,2022,POPL,POPL,False,0,8.0,12.0,66.66666666666666,W4206472037,Fair termination of binary sessions,Luca Ciccone; Luca Padovani,https://doi.org/10.1145/3498666,W2124126159,,,Simon J. Gay,A5069757996,0000-0003-3033-9091,2009.0,13.0,openalex_author_id,A5069757996,first,False,False,,,1.0,1
6,105,simonjgay,Simon J. Gay,ICFP,ICFP,2023,ICFP 2023,-1,2022,POPL,POPL,False,0,8.0,12.0,66.66666666666666,W4206472037,Fair termination of binary sessions,Luca Ciccone; Luca Padovani,https://doi.org/10.1145/3498666,W2797550608,,,Simon J. Gay,A5069757996,0000-0003-3033-9091,2018.0,4.0,openalex_author_id,A5069757996,last,False,False,,,1.0,1
6,105,simonjgay,Simon J. Gay,ICFP,ICFP,2023,ICFP 2023,-1,2022,POPL,POPL,False,0,8.0,12.0,66.66666666666666,W4206472037,Fair termination of binary sessions,Luca Ciccone; Luca Padovani,https://doi.org/10.1145/3498666,W4233294560,,,Simon J. Gay,A5069757996,0000-0003-3033-9091,2016.0,6.0,openalex_author_id,A5069757996,first,False,False,,,1.0,1
6,105,simonjgay,Simon J. Gay,ICFP,ICFP,2023,ICFP 2023,-1,2022,POPL,POPL,False,0,8.0,12.0,66.66666666666666,W4206219333,Twist: sound reasoning for purity and entanglement in Quantum programs,Charles Yuan; Christopher M. McNally; Michael Carbin,https://doi.org/10.1145/3498691,W1855444172,,,Simon J. Gay,A5069757996,0000-0003-3033-9091,2008.0,14.0,openalex_author_id,A5069757996,first,False,False,,,1.0,1
6,108,simonjgay,Simon J. Gay,ICFP,ICFP,2023,ICFP 2023,0,2023,ICFP,ICFP,True,1,11.0,22.0,50.0,W4386317005,Dependent Session Protocols in Separation Logic from First Principles (Functional Pearl),Jules Jacobs; Jonas Kastberg Hinrichsen; Robbert Krebbers,https://doi.org/10.1145/3607856,W2088962847,,,Simon J. Gay,A5069757996,0000-0003-3033-9091,2005.0,18.0,openalex_author_id,A5069757996,first,False,False,,,1.0,1
6,108,simonjgay,Simon J. Gay,ICFP,ICFP,2023,ICFP 2023,0,2023,ICFP,ICFP,True,1,11.0,22.0,50.0,W4386317005,Dependent Session Protocols in Separation Logic from First Principles (Functional Pearl),Jules Jacobs; Jonas Kastberg Hinrichsen; Robbert Krebbers,https://doi.org/10.1145/3607856,W2124126159,,,Simon J. Gay,A5069757996,0000-0003-3033-9091,2009.0,14.0,openalex_author_id,A5069757996,first,False,False,,,1.0,1
6,108,simonjgay,Simon J. Gay,ICFP,ICFP,2023,ICFP 2023,0,2023,ICFP,ICFP,True,1,11.0,22.0,50.0,W4386317005,Dependent Session Protocols in Separation Logic from First Principles (Functional Pearl),Jules Jacobs; Jonas Kastberg Hinrichsen; Robbert Krebbers,https://doi.org/10.1145/3607856,W3014307583,,,Simon J. Gay,A5069757996,0000-0003-3033-9091,2020.0,3.0,openalex_author_id,A5069757996,first,False,False,,,1.0,1
6,108,simonjgay,Simon J. Gay,ICFP,ICFP,2023,ICFP 2023,0,2023,ICFP,ICFP,True,1,11.0,22.0,50.0,W4384999944,HasChor: Functional Choreographic Programming for All (Functional Pearl),Gan Shen; Shun Kashiwa; Lindsey Kuper,https://doi.org/10.1145/3607849,W4205907492,,,Simon J. Gay,A5069757996,0000-0003-3033-9091,2016.0,7.0,openalex_author_id,A5069757996,middle,False,False,,,1.0,1
6,108,simonjgay,Simon J. Gay,ICFP,ICFP,2023,ICFP 2023,0,2023,ICFP,ICFP,True,1,11.0,22.0,50.0,W4386316982,Intrinsically Typed Sessions with Callbacks (Functional Pearl),Peter Thiemann,https://doi.org/10.1145/3607854,W2105716349,,,Simon J. Gay,A5069757996,0000-0003-3033-9091,2006.0,17.0,openalex_author_id,A5069757996,middle,False,False,,,1.0,1
6,108,simonjgay,Simon J. Gay,ICFP,ICFP,2023,ICFP 2023,0,2023,ICFP,ICFP,True,1,11.0,22.0,50.0,W4386316982,Intrinsically Typed Sessions with Callbacks (Functional Pearl),Peter Thiemann,https://doi.org/10.1145/3607854,W2124126159,,,Simon J. Gay,A5069757996,0000-0003-3033-9091,2009.0,14.0,openalex_author_id,A5069757996,first,False,False,,,1.0,1
6,108,simonjgay,Simon J. Gay,ICFP,ICFP,2023,ICFP 2023,0,2023,ICFP,ICFP,True,1,11.0,22.0,50.0,W4386316982,Intrinsically Typed Sessions with Callbacks (Functional Pearl),Peter Thiemann,https://doi.org/10.1145/3607854,W237093534,,,Simon J. Gay,A5069757996,0000-0003-3033-9091,2015.0,8.0,openalex_author_id,A5069757996,first,False,False,,,1.0,1
6,108,simonjgay,Simon J. Gay,ICFP,ICFP,2023,ICFP 2023,0,2023,ICFP,ICFP,True,1,11.0,22.0,50.0,W4386316982,Intrinsically Typed Sessions with Callbacks (Functional Pearl),Peter Thiemann,https://doi.org/10.1145/3607854,W2766961549,,,Simon J. Gay,A5069757996,0000-0003-3033-9091,2017.0,6.0,openalex_author_id,A5069757996,last,False,False,,,1.0,1
6,108,simonjgay,Simon J. Gay,ICFP,ICFP,2023,ICFP 2023,0,2023,ICFP,ICFP,True,1,11.0,22.0,50.0,W4386316982,Intrinsically Typed Sessions with Callbacks (Functional Pearl),Peter Thiemann,https://doi.org/10.1145/3607854,W4205907492,,,Simon J. Gay,A5069757996,0000-0003-3033-9091,2016.0,7.0,openalex_author_id,A5069757996,middle,False,False,,,1.0,1
6,108,simonjgay,Simon J. Gay,ICFP,ICFP,2023,ICFP 2023,0,2023,ICFP,ICFP,True,1,11.0,22.0,50.0,W4386317043,Special Delivery: Programming with Mailbox Types,Simon Fowler; Duncan Paul Attard; Franciszek Sowul; Simon J. Gay; Phil Trinder,https://doi.org/10.1145/3607832,W2124126159,,,Simon J. Gay,A5069757996,0000-0003-3033-9091,2009.0,14.0,openalex_author_id,A5069757996,first,True,True,A5069757996,Simon J. Gay; Vasco T. Vasconcelos,1.0,1
6,108,simonjgay,Simon J. Gay,ICFP,ICFP,2023,ICFP 2023,0,2023,ICFP,ICFP,True,1,11.0,22.0,50.0,W4386317043,Special Delivery: Programming with Mailbox Types,Simon Fowler; Duncan Paul Attard; Franciszek Sowul; Simon J. Gay; Phil Trinder,https://doi.org/10.1145/3607832,W4205907492,,,Simon J. Gay,A5069757996,0000-0003-3033-9091,2016.0,7.0,openalex_author_id,A5069757996,middle,True,True,A5069757996,"Campos, Joana; Davide Ancona; Deniélou, Pierre Malo; Einar Broch Johnsen; Elena Giachino; Francisco Martins; Giuseppe Castagna; Joana Campos; Luca Padovani; Mario Bravetti; Montesi, Fabrizio; Nils Gesbert; Nobuko Yoshida; Raymond Hu; Rumyana Neykova; Simon J. Gay; Vasco T. Vasconcelos; Viviana Bono; Viviana Mascardi",1.0,1
6,110,simonjgay,Simon J. Gay,ICFP,ICFP,2023,ICFP 2023,0,2023,OOPSLA,OOPSLA2,False,0,3.0,22.0,13.636363636363637,W4387674063,Mechanizing Session-Types using a Structural View: Enforcing Linearity without Linearity,Chuta Sano; Ryan Kavanagh; Brigitte Pientka,https://doi.org/10.1145/3622810,W2088962847,,,Simon J. Gay,A5069757996,0000-0003-3033-9091,2005.0,18.0,openalex_author_id,A5069757996,first,False,False,,,1.0,1
6,110,simonjgay,Simon J. Gay,ICFP,ICFP,2023,ICFP 2023,0,2023,OOPSLA,OOPSLA2,False,0,3.0,22.0,13.636363636363637,W4387674063,Mechanizing Session-Types using a Structural View: Enforcing Linearity without Linearity,Chuta Sano; Ryan Kavanagh; Brigitte Pientka,https://doi.org/10.1145/3622810,W2124126159,,,Simon J. Gay,A5069757996,0000-0003-3033-9091,2009.0,14.0,openalex_author_id,A5069757996,first,False,False,,,1.0,1
6,110,simonjgay,Simon J. Gay,ICFP,ICFP,2023,ICFP 2023,0,2023,OOPSLA,OOPSLA2,False,0,3.0,22.0,13.636363636363637,W4387674264,Validating IoT Devices with Rate-Based Session Types,Grant Iraci; Cheng-En Chuang; Raymond Hu; Lukasz Ziarek,https://doi.org/10.1145/3622854,W2088962847,,,Simon J. Gay,A5069757996,0000-0003-3033-9091,2005.0,18.0,openalex_author_id,A5069757996,first,False,False,,,1.0,1
6,111,simonjgay,Simon J. Gay,ICFP,ICFP,2023,ICFP 2023,0,2023,PLDI,PLDI,False,0,4.0,22.0,18.181818181818183,W4363676382,Parameterized Algebraic Protocols,Andreia Mordido; Janek Spaderna; Peter Thiemann; Vasco T. Vasconcelos,https://doi.org/10.1145/3591277,W1511544530,,,Simon J. Gay,A5069757996,0000-0003-3033-9091,1999.0,24.0,openalex_author_id,A5069757996,first,False,False,,,1.0,1
6,111,simonjgay,Simon J. Gay,ICFP,ICFP,2023,ICFP 2023,0,2023,PLDI,PLDI,False,0,4.0,22.0,18.181818181818183,W4363676382,Parameterized Algebraic Protocols,Andreia Mordido; Janek Spaderna; Peter Thiemann; Vasco T. Vasconcelos,https://doi.org/10.1145/3591277,W2088962847,,,Simon J. Gay,A5069757996,0000-0003-3033-9091,2005.0,18.0,openalex_author_id,A5069757996,first,False,False,,,1.0,1
6,111,simonjgay,Simon J. Gay,ICFP,ICFP,2023,ICFP 2023,0,2023,PLDI,PLDI,False,0,4.0,22.0,18.181818181818183,W4363676382,Parameterized Algebraic Protocols,Andreia Mordido; Janek Spaderna; Peter Thiemann; Vasco T. Vasconcelos,https://doi.org/10.1145/3591277,W2124126159,,,Simon J. Gay,A5069757996,0000-0003-3033-9091,2009.0,14.0,openalex_author_id,A5069757996,first,False,True,A5016342119,Simon J. Gay; Vasco T. Vasconcelos,1.0,1
6,111,simonjgay,Simon J. Gay,ICFP,ICFP,2023,ICFP 2023,0,2023,PLDI,PLDI,False,0,4.0,22.0,18.181818181818183,W4363676382,Parameterized Algebraic Protocols,Andreia Mordido; Janek Spaderna; Peter Thiemann; Vasco T. Vasconcelos,https://doi.org/10.1145/3591277,W4225555565,,,Simon J. Gay,A5069757996,0000-0003-3033-9091,2022.0,1.0,openalex_author_id,A5069757996,first,False,True,A5016342119,Diogo Poças; Simon J. Gay; Vasco T. Vasconcelos,1.0,1
6,109,simonjgay,Simon J. Gay,ICFP,ICFP,2023,ICFP 2023,0,2023,POPL,POPL,False,0,4.0,22.0,18.181818181818183,W4315605962,Higher-Order Leak and Deadlock Free Locks,Jules Jacobs; Stephanie Balzer,https://doi.org/10.1145/3571229,W2797550608,,,Simon J. Gay,A5069757996,0000-0003-3033-9091,2018.0,5.0,openalex_author_id,A5069757996,last,False,False,,,1.0,1
6,109,simonjgay,Simon J. Gay,ICFP,ICFP,2023,ICFP 2023,0,2023,POPL,POPL,False,0,4.0,22.0,18.181818181818183,W4315605962,Higher-Order Leak and Deadlock Free Locks,Jules Jacobs; Stephanie Balzer,https://doi.org/10.1145/3571229,W3014307583,,,Simon J. Gay,A5069757996,0000-0003-3033-9091,2020.0,3.0,openalex_author_id,A5069757996,first,False,False,,,1.0,1
6,109,simonjgay,Simon J. Gay,ICFP,ICFP,2023,ICFP 2023,0,2023,POPL,POPL,False,0,4.0,22.0,18.181818181818183,W3103226540,Probabilistic Resource-Aware Session Types,Ankush Das; Di Wang; Jan Hoffmann,https://doi.org/10.1145/3571259,W2088962847,,,Simon J. Gay,A5069757996,0000-0003-3033-9091,2005.0,18.0,openalex_author_id,A5069757996,first,False,False,,,1.0,1
6,109,simonjgay,Simon J. Gay,ICFP,ICFP,2023,ICFP 2023,0,2023,POPL,POPL,False,0,4.0,22.0,18.181818181818183,W4315631112,Proto-Quipper with Dynamic Lifting,Peng Fu; Kohei Kishida; Neil J. Ross; Peter Selinger,https://doi.org/10.1145/3571204,W91254028,,,Simon J. Gay,A5069757996,0000-0003-3033-9091,2009.0,14.0,openalex_author_id,A5069757996,first; last; middle,False,True,A5015712724,Bob Coecke; Mingsheng Ying; Paulo Mateus; Peter Hines; Peter Selinger; Philippe Jorrand; Ross Duncan; Samson Abramsky; Simon J. Gay; Thorsten Altenkirch; Vincent Danos,3.0,1
6,114,simonjgay,Simon J. Gay,ICFP,ICFP,2023,ICFP 2023,1,2024,OOPSLA,OOPSLA2,False,0,7.0,13.0,53.84615384615385,W4403223356,Full Iso-Recursive Types,Litao Zhou; Qianyong Wan; Bruno C. d. S. Oliveira,https://doi.org/10.1145/3689718,W2088962847,,,Simon J. Gay,A5069757996,0000-0003-3033-9091,2005.0,19.0,openalex_author_id,A5069757996,first,False,False,,,1.0,1
6,114,simonjgay,Simon J. Gay,ICFP,ICFP,2023,ICFP 2023,1,2024,OOPSLA,OOPSLA2,False,0,7.0,13.0,53.84615384615385,W4403223356,Full Iso-Recursive Types,Litao Zhou; Qianyong Wan; Bruno C. d. S. Oliveira,https://doi.org/10.1145/3689718,W2124126159,,,Simon J. Gay,A5069757996,0000-0003-3033-9091,2009.0,15.0,openalex_author_id,A5069757996,first,False,False,,,1.0,1
6,114,simonjgay,Simon J. Gay,ICFP,ICFP,2023,ICFP 2023,1,2024,OOPSLA,OOPSLA2,False,0,7.0,13.0,53.84615384615385,W4403223073,Law and Order for Typestate with Borrowing,Hannes Saffrich; Yuki Nishida; Peter Thiemann,https://doi.org/10.1145/3689763,W237093534,,,Simon J. Gay,A5069757996,0000-0003-3033-9091,2015.0,9.0,openalex_author_id,A5069757996,first,False,False,,,1.0,1
6,114,simonjgay,Simon J. Gay,ICFP,ICFP,2023,ICFP 2023,1,2024,OOPSLA,OOPSLA2,False,0,7.0,13.0,53.84615384615385,W4403223073,Law and Order for Typestate with Borrowing,Hannes Saffrich; Yuki Nishida; Peter Thiemann,https://doi.org/10.1145/3689763,W3035566551,,,Simon J. Gay,A5069757996,0000-0003-3033-9091,2020.0,4.0,openalex_author_id,A5069757996,last,False,False,,,1.0,1
6,114,simonjgay,Simon J. Gay,ICFP,ICFP,2023,ICFP 2023,1,2024,OOPSLA,OOPSLA2,False,0,7.0,13.0,53.84615384615385,W4403223367,Multris: Functional Verification of Multiparty Message Passing in Separation Logic,Jonas Kastberg Hinrichsen; Jules Jacobs; Robbert Krebbers,https://doi.org/10.1145/3689762,W2124126159,,,Simon J. Gay,A5069757996,0000-0003-3033-9091,2009.0,15.0,openalex_author_id,A5069757996,first,False,False,,,1.0,1
6,114,simonjgay,Simon J. Gay,ICFP,ICFP,2023,ICFP 2023,1,2024,OOPSLA,OOPSLA2,False,0,7.0,13.0,53.84615384615385,W4403223318,Programmable MCMC with Soundly Composed Guide Programs,Long Pham; Di Wang; Feras A. Saad; Jan Hoffmann,https://doi.org/10.1145/3689748,W2088962847,,,Simon J. Gay,A5069757996,0000-0003-3033-9091,2005.0,19.0,openalex_author_id,A5069757996,first,False,False,,,1.0,1
6,114,simonjgay,Simon J. Gay,ICFP,ICFP,2023,ICFP 2023,1,2024,OOPSLA,OOPSLA2,False,0,7.0,13.0,53.84615384615385,W4403222930,Verified Lock-Free Session Channels with Linking,Thomas Somers; Robbert Krebbers,https://doi.org/10.1145/3689732,W2124126159,,,Simon J. Gay,A5069757996,0000-0003-3033-9091,2009.0,15.0,openalex_author_id,A5069757996,first,False,False,,,1.0,1
6,113,simonjgay,Simon J. Gay,ICFP,ICFP,2023,ICFP 2023,1,2024,POPL,POPL,False,0,6.0,13.0,46.15384615384615,W4390603408,Deadlock-Free Separation Logic: Linearity Yields Progress for Dependent Higher-Order Message Passing,Jules Jacobs; Jonas Kastberg Hinrichsen; Robbert Krebbers,https://doi.org/10.1145/3632889,W2124126159,,,Simon J. Gay,A5069757996,0000-0003-3033-9091,2009.0,15.0,openalex_author_id,A5069757996,first,False,False,,,1.0,1
6,113,simonjgay,Simon J. Gay,ICFP,ICFP,2023,ICFP 2023,1,2024,POPL,POPL,False,0,6.0,13.0,46.15384615384615,W4390603408,Deadlock-Free Separation Logic: Linearity Yields Progress for Dependent Higher-Order Message Passing,Jules Jacobs; Jonas Kastberg Hinrichsen; Robbert Krebbers,https://doi.org/10.1145/3632889,W2797550608,,,Simon J. Gay,A5069757996,0000-0003-3033-9091,2018.0,6.0,openalex_author_id,A5069757996,last,False,False,,,1.0,1
6,113,simonjgay,Simon J. Gay,ICFP,ICFP,2023,ICFP 2023,1,2024,POPL,POPL,False,0,6.0,13.0,46.15384615384615,W4390603586,Parametric Subtyping for Structural Parametric Polymorphism,Henry DeYoung; Andreia Mordido; Frank Pfenning; Ankush Das,https://doi.org/10.1145/3632932,W2088962847,,,Simon J. Gay,A5069757996,0000-0003-3033-9091,2005.0,19.0,openalex_author_id,A5069757996,first,False,False,,,1.0,1
6,113,simonjgay,Simon J. Gay,ICFP,ICFP,2023,ICFP 2023,1,2024,POPL,POPL,False,0,6.0,13.0,46.15384615384615,W4390603586,Parametric Subtyping for Structural Parametric Polymorphism,Henry DeYoung; Andreia Mordido; Frank Pfenning; Ankush Das,https://doi.org/10.1145/3632932,W4225555565,,,Simon J. Gay,A5069757996,0000-0003-3033-9091,2022.0,2.0,openalex_author_id,A5069757996,first,False,False,,,1.0,1
6,113,simonjgay,Simon J. Gay,ICFP,ICFP,2023,ICFP 2023,1,2024,POPL,POPL,False,0,6.0,13.0,46.15384615384615,W4390605090,Quantum Bisimilarity via Barbs and Contexts: Curbing the Power of Non-deterministic Observers,Lorenzo Ceragioli; Fabio Gadducci; Giuseppe Lomurno; Gabriele Tedeschi,https://doi.org/10.1145/3632885,W2064622659,,,Simon J. Gay,A5069757996,0000-0003-3033-9091,2005.0,19.0,openalex_author_id,A5069757996,first,False,False,,,1.0,1
6,113,simonjgay,Simon J. Gay,ICFP,ICFP,2023,ICFP 2023,1,2024,POPL,POPL,False,0,6.0,13.0,46.15384615384615,W4390605090,Quantum Bisimilarity via Barbs and Contexts: Curbing the Power of Non-deterministic Observers,Lorenzo Ceragioli; Fabio Gadducci; Giuseppe Lomurno; Gabriele Tedeschi,https://doi.org/10.1145/3632885,W2152081604,,,Simon J. Gay,A5069757996,0000-0003-3033-9091,2006.0,18.0,openalex_author_id,A5069757996,first,False,False,,,1.0,1
6,116,simonjgay,Simon J. Gay,ICFP,ICFP,2023,ICFP 2023,2,2025,ICFP,ICFP,True,0,1.0,12.0,8.333333333333332,W4412989191,Fusing Session-Typed Concurrent Programming into Functional Programming,Chuta Sano; Deepak Garg; Ryan Kavanagh; Brigitte Pientka; Bernardo Toninho,https://doi.org/10.1145/3747519,W2124126159,,,Simon J. Gay,A5069757996,0000-0003-3033-9091,2009.0,16.0,openalex_author_id,A5069757996,first,False,False,,,1.0,1
6,118,simonjgay,Simon J. Gay,ICFP,ICFP,2023,ICFP 2023,2,2025,OOPSLA,OOPSLA2,False,0,5.0,12.0,41.66666666666667,W4414977241,Borrowing from Session Types,Hannes Saffrich; Janek Spaderna; Peter Thiemann; Vasco T. Vasconcelos,https://doi.org/10.1145/3763173,W1511544530,,,Simon J. Gay,A5069757996,0000-0003-3033-9091,1999.0,26.0,openalex_author_id,A5069757996,first,False,False,,,1.0,1
6,118,simonjgay,Simon J. Gay,ICFP,ICFP,2023,ICFP 2023,2,2025,OOPSLA,OOPSLA2,False,0,5.0,12.0,41.66666666666667,W4414977241,Borrowing from Session Types,Hannes Saffrich; Janek Spaderna; Peter Thiemann; Vasco T. Vasconcelos,https://doi.org/10.1145/3763173,W2105716349,,,Simon J. Gay,A5069757996,0000-0003-3033-9091,2006.0,19.0,openalex_author_id,A5069757996,middle,False,True,A5016342119,António Ravara; Simon J. Gay; Vasco T. Vasconcelos,1.0,1
6,118,simonjgay,Simon J. Gay,ICFP,ICFP,2023,ICFP 2023,2,2025,OOPSLA,OOPSLA2,False,0,5.0,12.0,41.66666666666667,W4414977241,Borrowing from Session Types,Hannes Saffrich; Janek Spaderna; Peter Thiemann; Vasco T. Vasconcelos,https://doi.org/10.1145/3763173,W2124126159,,,Simon J. Gay,A5069757996,0000-0003-3033-9091,2009.0,16.0,openalex_author_id,A5069757996,first,False,True,A5016342119,Simon J. Gay; Vasco T. Vasconcelos,1.0,1
6,118,simonjgay,Simon J. Gay,ICFP,ICFP,2023,ICFP 2023,2,2025,OOPSLA,OOPSLA2,False,0,5.0,12.0,41.66666666666667,W4414977241,Borrowing from Session Types,Hannes Saffrich; Janek Spaderna; Peter Thiemann; Vasco T. Vasconcelos,https://doi.org/10.1145/3763173,W237093534,,,Simon J. Gay,A5069757996,0000-0003-3033-9091,2015.0,10.0,openalex_author_id,A5069757996,first,False,True,A5016342119,António Ravara; Nils Gesbert; Simon J. Gay; Vasco T. Vasconcelos,1.0,1
6,118,simonjgay,Simon J. Gay,ICFP,ICFP,2023,ICFP 2023,2,2025,OOPSLA,OOPSLA2,False,0,5.0,12.0,41.66666666666667,W4414977241,Borrowing from Session Types,Hannes Saffrich; Janek Spaderna; Peter Thiemann; Vasco T. Vasconcelos,https://doi.org/10.1145/3763173,W2797550608,,,Simon J. Gay,A5069757996,0000-0003-3033-9091,2018.0,7.0,openalex_author_id,A5069757996,last,False,False,,,1.0,1
6,117,simonjgay,Simon J. Gay,ICFP,ICFP,2023,ICFP 2023,2,2025,POPL,POPL,False,0,6.0,12.0,50.0,W4406222580,Flexible Type-Based Resource Estimation in Quantum Circuit Description Languages,Andrea Colledan; Ugo Dal Lago,https://doi.org/10.1145/3704883,W3007889862,,,Simon J. Gay,A5069757996,0000-0003-3033-9091,2006.0,19.0,openalex_author_id,A5069757996,first,False,False,,,1.0,1
6,117,simonjgay,Simon J. Gay,ICFP,ICFP,2023,ICFP 2023,2,2025,POPL,POPL,False,0,6.0,12.0,50.0,W4406221852,QuickSub: Efficient Iso-Recursive Subtyping,Litao Zhou; Bruno C. d. S. Oliveira,https://doi.org/10.1145/3704869,W2088962847,,,Simon J. Gay,A5069757996,0000-0003-3033-9091,2005.0,20.0,openalex_author_id,A5069757996,first,False,False,,,1.0,1
6,117,simonjgay,Simon J. Gay,ICFP,ICFP,2023,ICFP 2023,2,2025,POPL,POPL,False,0,6.0,12.0,50.0,W4406221852,QuickSub: Efficient Iso-Recursive Subtyping,Litao Zhou; Bruno C. d. S. Oliveira,https://doi.org/10.1145/3704869,W2124126159,,,Simon J. Gay,A5069757996,0000-0003-3033-9091,2009.0,16.0,openalex_author_id,A5069757996,first,False,False,,,1.0,1
6,117,simonjgay,Simon J. Gay,ICFP,ICFP,2023,ICFP 2023,2,2025,POPL,POPL,False,0,6.0,12.0,50.0,W4406221659,Top-Down or Bottom-Up? Complexity Analyses of Synchronous Multiparty Session Types,Thien Udomsrirungruang; Nobuko Yoshida,https://doi.org/10.1145/3704872,W1511544530,,,Simon J. Gay,A5069757996,0000-0003-3033-9091,1999.0,26.0,openalex_author_id,A5069757996,first,False,False,,,1.0,1
6,117,simonjgay,Simon J. Gay,ICFP,ICFP,2023,ICFP 2023,2,2025,POPL,POPL,False,0,6.0,12.0,50.0,W4406221659,Top-Down or Bottom-Up? Complexity Analyses of Synchronous Multiparty Session Types,Thien Udomsrirungruang; Nobuko Yoshida,https://doi.org/10.1145/3704872,W2088962847,,,Simon J. Gay,A5069757996,0000-0003-3033-9091,2005.0,20.0,openalex_author_id,A5069757996,first,False,False,,,1.0,1
6,117,simonjgay,Simon J. Gay,ICFP,ICFP,2023,ICFP 2023,2,2025,POPL,POPL,False,0,6.0,12.0,50.0,W4406221659,Top-Down or Bottom-Up? Complexity Analyses of Synchronous Multiparty Session Types,Thien Udomsrirungruang; Nobuko Yoshida,https://doi.org/10.1145/3704872,W4233294560,,,Simon J. Gay,A5069757996,0000-0003-3033-9091,2016.0,9.0,openalex_author_id,A5069757996,first,False,False,,,1.0,1
7,120,ezgicicek,Ezgi Çiçek,ICFP,ICFP,2019,ICFP 2019,-2,2017,ICFP,ICFP,True,0,1.0,6.0,16.666666666666664,W2602388145,A relational logic for higher-order programs,Alejandro Aguirre; Gilles Barthe; Marco Gaboardi; Deepak Garg; Pierre-Yves Strub,https://doi.org/10.1145/3110265,W2565334366,,,Ezgi Çiçek,A5058419137,,2016.0,1.0,openalex_author_id,A5058419137,first,False,True,A5026719321; A5075577852,Deepak Garg; Ezgi Çiçek; Gilles Barthe; Jan Hoffmann; Marco Gaboardi,1.0,1
7,122,ezgicicek,Ezgi Çiçek,ICFP,ICFP,2019,ICFP 2019,-2,2017,OOPSLA,OOPSLA,False,0,3.0,6.0,50.0,W2763435855,TiML: a functional language for practical complexity analysis with invariants,Peng Wang; Di Wang; Adam Chlipala,https://doi.org/10.1145/3133903,W2119859640,,,Ezgi Çiçek,A5058419137,,2015.0,2.0,openalex_author_id,A5058419137,first,False,False,,,1.0,1
7,122,ezgicicek,Ezgi Çiçek,ICFP,ICFP,2019,ICFP 2019,-2,2017,OOPSLA,OOPSLA,False,0,3.0,6.0,50.0,W2763435855,TiML: a functional language for practical complexity analysis with invariants,Peng Wang; Di Wang; Adam Chlipala,https://doi.org/10.1145/3133903,W2514317887,,,Ezgi Çiçek,A5058419137,,2016.0,1.0,openalex_author_id,A5058419137,first,False,False,,,1.0,1
7,122,ezgicicek,Ezgi Çiçek,ICFP,ICFP,2019,ICFP 2019,-2,2017,OOPSLA,OOPSLA,False,0,3.0,6.0,50.0,W2763435855,TiML: a functional language for practical complexity analysis with invariants,Peng Wang; Di Wang; Adam Chlipala,https://doi.org/10.1145/3133903,W2565334366,,,Ezgi Çiçek,A5058419137,,2016.0,1.0,openalex_author_id,A5058419137,first,False,False,,,1.0,1
7,123,ezgicicek,Ezgi Çiçek,ICFP,ICFP,2019,ICFP 2019,-2,2017,PLDI,PLDI,False,0,2.0,6.0,33.33333333333333,W2626217303,Decomposition instead of self-composition for proving the absence of timing channels,Timos Antonopoulos; Paul Gazzillo; Michael Hicks; Eric Koskinen; Tachio Terauchi; Shiyi Wei,https://doi.org/10.1145/3062341.3062378,W2565334366,,,Ezgi Çiçek,A5058419137,,2016.0,1.0,openalex_author_id,A5058419137,first,False,False,,,1.0,1
7,123,ezgicicek,Ezgi Çiçek,ICFP,ICFP,2019,ICFP 2019,-2,2017,PLDI,PLDI,False,0,2.0,6.0,33.33333333333333,W2624950682,Proactive and adaptive energy-aware programming with mixed typechecking,Anthony Canino; Yu David Liu,https://doi.org/10.1145/3062341.3062356,W2565334366,,,Ezgi Çiçek,A5058419137,,2016.0,1.0,openalex_author_id,A5058419137,first,False,False,,,1.0,1
7,124,ezgicicek,Ezgi Çiçek,ICFP,ICFP,2019,ICFP 2019,-1,2018,ICFP,ICFP,True,0,5.0,8.0,62.5,W2885244083,Casts and costs: harmonizing safety and performance in gradual typing,John Peter Campora; Sheng Chen; Eric Walkingshaw,https://doi.org/10.1145/3236793,W2514317887,,,Ezgi Çiçek,A5058419137,,2016.0,2.0,openalex_author_id,A5058419137,first,False,False,,,1.0,1
7,124,ezgicicek,Ezgi Çiçek,ICFP,ICFP,2019,ICFP 2019,-1,2018,ICFP,ICFP,True,0,5.0,8.0,62.5,W2885244083,Casts and costs: harmonizing safety and performance in gradual typing,John Peter Campora; Sheng Chen; Eric Walkingshaw,https://doi.org/10.1145/3236793,W2565334366,,,Ezgi Çiçek,A5058419137,,2016.0,2.0,openalex_author_id,A5058419137,first,False,False,,,1.0,1
7,124,ezgicicek,Ezgi Çiçek,ICFP,ICFP,2019,ICFP 2019,-1,2018,ICFP,ICFP,True,0,5.0,8.0,62.5,W2885244083,Casts and costs: harmonizing safety and performance in gradual typing,John Peter Campora; Sheng Chen; Eric Walkingshaw,https://doi.org/10.1145/3236793,W3004472005,,,Ezgi Çiçek,A5058419137,,2016.0,2.0,openalex_author_id,A5058419137,first,False,False,,,1.0,1
7,124,ezgicicek,Ezgi Çiçek,ICFP,ICFP,2019,ICFP 2019,-1,2018,ICFP,ICFP,True,0,5.0,8.0,62.5,W2885244083,Casts and costs: harmonizing safety and performance in gradual typing,John Peter Campora; Sheng Chen; Eric Walkingshaw,https://doi.org/10.1145/3236793,W3014043685,,,Ezgi Çiçek,A5058419137,,2017.0,1.0,openalex_author_id,A5058419137,first,False,False,,,1.0,1
7,124,ezgicicek,Ezgi Çiçek,ICFP,ICFP,2019,ICFP 2019,-1,2018,ICFP,ICFP,True,0,5.0,8.0,62.5,W2796600395,Parallel complexity analysis with temporal session types,Ankush Das; Jan Hoffmann; Frank Pfenning,https://doi.org/10.1145/3236786,W2565334366,,,Ezgi Çiçek,A5058419137,,2016.0,2.0,openalex_author_id,A5058419137,first,False,True,A5101496943,Deepak Garg; Ezgi Çiçek; Gilles Barthe; Jan Hoffmann; Marco Gaboardi,1.0,1
7,127,ezgicicek,Ezgi Çiçek,ICFP,ICFP,2019,ICFP 2019,-1,2018,PLDI,PLDI,False,0,2.0,8.0,25.0,W2768683713,Bounded expectations: resource analysis for probabilistic programs,Van Chan Ngo; Quentin Carbonneaux; Jan Hoffmann,https://doi.org/10.1145/3192366.3192394,W2119859640,,,Ezgi Çiçek,A5058419137,,2015.0,3.0,openalex_author_id,A5058419137,first,False,False,,,1.0,1
7,127,ezgicicek,Ezgi Çiçek,ICFP,ICFP,2019,ICFP 2019,-1,2018,PLDI,PLDI,False,0,2.0,8.0,25.0,W2768683713,Bounded expectations: resource analysis for probabilistic programs,Van Chan Ngo; Quentin Carbonneaux; Jan Hoffmann,https://doi.org/10.1145/3192366.3192394,W2565334366,,,Ezgi Çiçek,A5058419137,,2016.0,2.0,openalex_author_id,A5058419137,first,False,True,A5101496943,Deepak Garg; Ezgi Çiçek; Gilles Barthe; Jan Hoffmann; Marco Gaboardi,1.0,1
7,125,ezgicicek,Ezgi Çiçek,ICFP,ICFP,2019,ICFP 2019,-1,2018,POPL,POPL,False,0,1.0,8.0,12.5,W2776364995,Monadic refinements for relational cost analysis,Ivan Radiček; Gilles Barthe; Marco Gaboardi; Deepak Garg; Florian Zuleger,https://doi.org/10.1145/3158124,W2565334366,,,Ezgi Çiçek,A5058419137,,2016.0,2.0,openalex_author_id,A5058419137,first,False,True,A5026719321; A5075577852,Deepak Garg; Ezgi Çiçek; Gilles Barthe; Jan Hoffmann; Marco Gaboardi,1.0,1
7,128,ezgicicek,Ezgi Çiçek,ICFP,ICFP,2019,ICFP 2019,0,2019,ICFP,ICFP,True,1,7.0,12.0,58.333333333333336,W2964769002,Closure conversion is safe for space,Zoe Paraskevopoulou; Andrew W. Appel,https://doi.org/10.1145/3341687,W2119859640,,,Ezgi Çiçek,A5058419137,,2015.0,4.0,openalex_author_id,A5058419137,first,False,False,,,1.0,1
7,128,ezgicicek,Ezgi Çiçek,ICFP,ICFP,2019,ICFP 2019,0,2019,ICFP,ICFP,True,1,7.0,12.0,58.333333333333336,W2964769002,Closure conversion is safe for space,Zoe Paraskevopoulou; Andrew W. Appel,https://doi.org/10.1145/3341687,W2514317887,,,Ezgi Çiçek,A5058419137,,2016.0,3.0,openalex_author_id,A5058419137,first,False,True,A5011183925,Deepak Garg; Ezgi Çiçek; Zoe Paraskevopoulou,1.0,1
7,128,ezgicicek,Ezgi Çiçek,ICFP,ICFP,2019,ICFP 2019,0,2019,ICFP,ICFP,True,1,7.0,12.0,58.333333333333336,W2964769002,Closure conversion is safe for space,Zoe Paraskevopoulou; Andrew W. Appel,https://doi.org/10.1145/3341687,W2565334366,,,Ezgi Çiçek,A5058419137,,2016.0,3.0,openalex_author_id,A5058419137,first,False,False,,,1.0,1
7,128,ezgicicek,Ezgi Çiçek,ICFP,ICFP,2019,ICFP 2019,0,2019,ICFP,ICFP,True,1,7.0,12.0,58.333333333333336,W2904742893,Relational cost analysis for functional-imperative programs,Weihao Qu; Marco Gaboardi; Deepak Garg,https://doi.org/10.1145/3341696,W2514317887,,,Ezgi Çiçek,A5058419137,,2016.0,3.0,openalex_author_id,A5058419137,first,False,True,A5026719321,Deepak Garg; Ezgi Çiçek; Zoe Paraskevopoulou,1.0,1
7,128,ezgicicek,Ezgi Çiçek,ICFP,ICFP,2019,ICFP 2019,0,2019,ICFP,ICFP,True,1,7.0,12.0,58.333333333333336,W2904742893,Relational cost analysis for functional-imperative programs,Weihao Qu; Marco Gaboardi; Deepak Garg,https://doi.org/10.1145/3341696,W2565334366,,,Ezgi Çiçek,A5058419137,,2016.0,3.0,openalex_author_id,A5058419137,first,False,True,A5026719321,Deepak Garg; Ezgi Çiçek; Gilles Barthe; Jan Hoffmann; Marco Gaboardi,1.0,1
7,128,ezgicicek,Ezgi Çiçek,ICFP,ICFP,2019,ICFP 2019,0,2019,ICFP,ICFP,True,1,7.0,12.0,58.333333333333336,W2904742893,Relational cost analysis for functional-imperative programs,Weihao Qu; Marco Gaboardi; Deepak Garg,https://doi.org/10.1145/3341696,W3004472005,,,Ezgi Çiçek,A5058419137,,2016.0,3.0,openalex_author_id,A5058419137,first,False,True,A5026719321,Deepak Garg; Ezgi Çiçek; Zoe Paraskevopoulou,1.0,1
7,128,ezgicicek,Ezgi Çiçek,ICFP,ICFP,2019,ICFP 2019,0,2019,ICFP,ICFP,True,1,7.0,12.0,58.333333333333336,W2904742893,Relational cost analysis for functional-imperative programs,Weihao Qu; Marco Gaboardi; Deepak Garg,https://doi.org/10.1145/3341696,W3014043685,,,Ezgi Çiçek,A5058419137,,2017.0,2.0,openalex_author_id,A5058419137,first,False,True,A5026719321,Deepak Garg; Ezgi Çiçek; Gilles Barthe; Jan Hoffmann; Marco Gaboardi,1.0,1
7,131,ezgicicek,Ezgi Çiçek,ICFP,ICFP,2019,ICFP 2019,0,2019,PLDI,PLDI,False,0,3.0,12.0,25.0,W2904828193,Bidirectional type checking for relational properties,Ezgi Çiçek; Weihao Qu; Gilles Barthe; Marco Gaboardi; Deepak Garg,https://doi.org/10.1145/3314221.3314603,W2119859640,,,Ezgi Çiçek,A5058419137,,2015.0,4.0,openalex_author_id,A5058419137,first,False,False,,,1.0,1
7,131,ezgicicek,Ezgi Çiçek,ICFP,ICFP,2019,ICFP 2019,0,2019,PLDI,PLDI,False,0,3.0,12.0,25.0,W2904828193,Bidirectional type checking for relational properties,Ezgi Çiçek; Weihao Qu; Gilles Barthe; Marco Gaboardi; Deepak Garg,https://doi.org/10.1145/3314221.3314603,W2514317887,,,Ezgi Çiçek,A5058419137,,2016.0,3.0,openalex_author_id,A5058419137,first,False,False,,,1.0,1
7,131,ezgicicek,Ezgi Çiçek,ICFP,ICFP,2019,ICFP 2019,0,2019,PLDI,PLDI,False,0,3.0,12.0,25.0,W2937166643,Resource-guided program synthesis,Tristan Knoth; Di Wang; Nadia Polikarpova; Jan Hoffmann,https://doi.org/10.1145/3314221.3314602,W2565334366,,,Ezgi Çiçek,A5058419137,,2016.0,3.0,openalex_author_id,A5058419137,first,False,True,A5101496943,Deepak Garg; Ezgi Çiçek; Gilles Barthe; Jan Hoffmann; Marco Gaboardi,1.0,1
7,129,ezgicicek,Ezgi Çiçek,ICFP,ICFP,2019,ICFP 2019,0,2019,POPL,POPL,False,0,2.0,12.0,16.666666666666664,W2900015620,Type-guided worst-case input generation,Di Wang; Jan Hoffmann,https://doi.org/10.1145/3290326,W2119859640,,,Ezgi Çiçek,A5058419137,,2015.0,4.0,openalex_author_id,A5058419137,first,False,False,,,1.0,1
7,129,ezgicicek,Ezgi Çiçek,ICFP,ICFP,2019,ICFP 2019,0,2019,POPL,POPL,False,0,2.0,12.0,16.666666666666664,W2900015620,Type-guided worst-case input generation,Di Wang; Jan Hoffmann,https://doi.org/10.1145/3290326,W2565334366,,,Ezgi Çiçek,A5058419137,,2016.0,3.0,openalex_author_id,A5058419137,first,False,True,A5101496943,Deepak Garg; Ezgi Çiçek; Gilles Barthe; Jan Hoffmann; Marco Gaboardi,1.0,1
7,132,ezgicicek,Ezgi Çiçek,ICFP,ICFP,2019,ICFP 2019,1,2020,ICFP,ICFP,True,0,2.0,7.0,28.57142857142857,W3038090598,Liquid resource types,Tristan Knoth; Di Wang; Adam Reynolds; Jan Hoffmann; Nadia Polikarpova,https://doi.org/10.1145/3408988,W2565334366,,,Ezgi Çiçek,A5058419137,,2016.0,4.0,openalex_author_id,A5058419137,first,False,True,A5101496943,Deepak Garg; Ezgi Çiçek; Gilles Barthe; Jan Hoffmann; Marco Gaboardi,1.0,1
7,132,ezgicicek,Ezgi Çiçek,ICFP,ICFP,2019,ICFP 2019,1,2020,ICFP,ICFP,True,0,2.0,7.0,28.57142857142857,W3046984529,Raising expectations: automating expected cost analysis with types,Di Wang; David Kahn; Jan Hoffmann,https://doi.org/10.1145/3408992,W2565334366,,,Ezgi Çiçek,A5058419137,,2016.0,4.0,openalex_author_id,A5058419137,first,False,True,A5101496943,Deepak Garg; Ezgi Çiçek; Gilles Barthe; Jan Hoffmann; Marco Gaboardi,1.0,1
7,134,ezgicicek,Ezgi Çiçek,ICFP,ICFP,2019,ICFP 2019,1,2020,OOPSLA,OOPSLA,False,0,3.0,7.0,42.857142857142854,W3110167032,Do you have space for dessert? a verified space cost semantics for CakeML programs,Alejandro Gómez-Londoño; Johannes Åman Pohjola; Hira Syeda; Magnus O. Myreen; Yong Kiam Tan,https://doi.org/10.1145/3428272,W2119859640,,,Ezgi Çiçek,A5058419137,,2015.0,5.0,openalex_author_id,A5058419137,first,False,False,,,1.0,1
7,134,ezgicicek,Ezgi Çiçek,ICFP,ICFP,2019,ICFP 2019,1,2020,OOPSLA,OOPSLA,False,0,3.0,7.0,42.857142857142854,W3110167032,Do you have space for dessert? a verified space cost semantics for CakeML programs,Alejandro Gómez-Londoño; Johannes Åman Pohjola; Hira Syeda; Magnus O. Myreen; Yong Kiam Tan,https://doi.org/10.1145/3428272,W2565334366,,,Ezgi Çiçek,A5058419137,,2016.0,4.0,openalex_author_id,A5058419137,first,False,False,,,1.0,1
7,134,ezgicicek,Ezgi Çiçek,ICFP,ICFP,2019,ICFP 2019,1,2020,OOPSLA,OOPSLA,False,0,3.0,7.0,42.857142857142854,W3110167032,Do you have space for dessert? a verified space cost semantics for CakeML programs,Alejandro Gómez-Londoño; Johannes Åman Pohjola; Hira Syeda; Magnus O. Myreen; Yong Kiam Tan,https://doi.org/10.1145/3428272,W3014043685,,,Ezgi Çiçek,A5058419137,,2017.0,3.0,openalex_author_id,A5058419137,first,False,False,,,1.0,1
7,133,ezgicicek,Ezgi Çiçek,ICFP,ICFP,2019,ICFP 2019,1,2020,POPL,POPL,False,0,2.0,7.0,28.57142857142857,W2995074506,Liquidate your assets: reasoning about resource usage in liquid Haskell,Martin A. T. Handley; Niki Vazou; Graham Hutton,https://doi.org/10.1145/3371092,W2565334366,,,Ezgi Çiçek,A5058419137,,2016.0,4.0,openalex_author_id,A5058419137,first,False,False,,,1.0,1
7,133,ezgicicek,Ezgi Çiçek,ICFP,ICFP,2019,ICFP 2019,1,2020,POPL,POPL,False,0,2.0,7.0,28.57142857142857,W2995690376,The next 700 relational program logics,Kenji Maillard; Cătălin Hriţcu; Exequiel Rivas; Antoine Van Muylder,https://doi.org/10.1145/3371072,W2565334366,,,Ezgi Çiçek,A5058419137,,2016.0,4.0,openalex_author_id,A5058419137,first,False,False,,,1.0,1
7,137,ezgicicek,Ezgi Çiçek,ICFP,ICFP,2019,ICFP 2019,2,2021,POPL,POPL,False,0,1.0,1.0,100.0,W3115656330,A unifying type-theory for higher-order (amortized) cost analysis,Vineet Rajani; Marco Gaboardi; Deepak Garg; Jan Hoffmann,https://doi.org/10.1145/3434308,W2565334366,,,Ezgi Çiçek,A5058419137,,2016.0,5.0,openalex_author_id,A5058419137,first,False,True,A5026719321; A5101496943,Deepak Garg; Ezgi Çiçek; Gilles Barthe; Jan Hoffmann; Marco Gaboardi,1.0,1
8,142,brandonlucia,Brandon Lucia,OOPSLA,OOPSLA,2019,OOPSLA 2019,-2,2017,OOPSLA,OOPSLA,True,0,10.0,13.0,76.92307692307693,W2763865917,A volatile-by-default JVM for server applications,Lun Liu; Todd Millstein; Madanlal Musuvathi,https://doi.org/10.1145/3133873,W2107529624,,,Brandon Lucia,A5076249757,0000-0003-4130-1099,2010.0,7.0,openalex_author_id,A5076249757,first,False,False,,,1.0,1
8,142,brandonlucia,Brandon Lucia,OOPSLA,OOPSLA,2019,OOPSLA 2019,-2,2017,OOPSLA,OOPSLA,True,0,10.0,13.0,76.92307692307693,W2761242776,Alpaca: intermittent execution without checkpoints,Kiwan Maeng; Alexei Colin; Brandon Lucia,https://doi.org/10.1145/3133920,W2115721786,,,Brandon Lucia,A5076249757,0000-0003-4130-1099,2015.0,2.0,openalex_author_id,A5076249757,first,True,True,A5076249757,Benjamin Ransford; Brandon Lucia,1.0,1
8,142,brandonlucia,Brandon Lucia,OOPSLA,OOPSLA,2019,OOPSLA 2019,-2,2017,OOPSLA,OOPSLA,True,0,10.0,13.0,76.92307692307693,W2761242776,Alpaca: intermittent execution without checkpoints,Kiwan Maeng; Alexei Colin; Brandon Lucia,https://doi.org/10.1145/3133920,W2122912905,,,Brandon Lucia,A5076249757,0000-0003-4130-1099,2014.0,3.0,openalex_author_id,A5076249757,last,True,True,A5076249757,Benjamin Ransford; Brandon Lucia,1.0,1
8,142,brandonlucia,Brandon Lucia,OOPSLA,OOPSLA,2019,OOPSLA 2019,-2,2017,OOPSLA,OOPSLA,True,0,10.0,13.0,76.92307692307693,W2761242776,Alpaca: intermittent execution without checkpoints,Kiwan Maeng; Alexei Colin; Brandon Lucia,https://doi.org/10.1145/3133920,W2324544651,,,Brandon Lucia,A5076249757,0000-0003-4130-1099,2016.0,1.0,openalex_author_id,A5076249757,middle,True,True,A5011970195; A5076249757,Alanson P. Sample; Alexei Colin; Brandon Lucia; Graham Harvey,1.0,1
8,142,brandonlucia,Brandon Lucia,OOPSLA,OOPSLA,2019,OOPSLA 2019,-2,2017,OOPSLA,OOPSLA,True,0,10.0,13.0,76.92307692307693,W2761242776,Alpaca: intermittent execution without checkpoints,Kiwan Maeng; Alexei Colin; Brandon Lucia,https://doi.org/10.1145/3133920,W2537482850,,,Brandon Lucia,A5076249757,0000-0003-4130-1099,2016.0,1.0,openalex_author_id,A5076249757,last,True,True,A5011970195; A5076249757,Alexei Colin; Brandon Lucia,1.0,1
8,142,brandonlucia,Brandon Lucia,OOPSLA,OOPSLA,2019,OOPSLA 2019,-2,2017,OOPSLA,OOPSLA,True,0,10.0,13.0,76.92307692307693,W2761882621,Instrumentation bias for dynamic data race detection,Benjamin P. Wood; Man Cao; Michael D. Bond; Dan Grossman,https://doi.org/10.1145/3133893,W2107529624,,,Brandon Lucia,A5076249757,0000-0003-4130-1099,2010.0,7.0,openalex_author_id,A5076249757,first,False,False,,,1.0,1
8,142,brandonlucia,Brandon Lucia,OOPSLA,OOPSLA,2019,OOPSLA 2019,-2,2017,OOPSLA,OOPSLA,True,0,10.0,13.0,76.92307692307693,W2761882621,Instrumentation bias for dynamic data race detection,Benjamin P. Wood; Man Cao; Michael D. Bond; Dan Grossman,https://doi.org/10.1145/3133893,W2121816623,,,Brandon Lucia,A5076249757,0000-0003-4130-1099,2012.0,5.0,openalex_author_id,A5076249757,middle,False,True,A5103045316,Brandon Lucia; Dan Grossman; Hans‐J. Boehm; Laura Effinger-Dean; Luís Ceze,1.0,1
8,142,brandonlucia,Brandon Lucia,OOPSLA,OOPSLA,2019,OOPSLA 2019,-2,2017,OOPSLA,OOPSLA,True,0,10.0,13.0,76.92307692307693,W2761882621,Instrumentation bias for dynamic data race detection,Benjamin P. Wood; Man Cao; Michael D. Bond; Dan Grossman,https://doi.org/10.1145/3133893,W2134440791,,,Brandon Lucia,A5076249757,0000-0003-4130-1099,2009.0,8.0,openalex_author_id,A5076249757,middle,False,False,,,1.0,1
8,142,brandonlucia,Brandon Lucia,OOPSLA,OOPSLA,2019,OOPSLA 2019,-2,2017,OOPSLA,OOPSLA,True,0,10.0,13.0,76.92307692307693,W2761882621,Instrumentation bias for dynamic data race detection,Benjamin P. Wood; Man Cao; Michael D. Bond; Dan Grossman,https://doi.org/10.1145/3133893,W2406016286,,,Brandon Lucia,A5076249757,0000-0003-4130-1099,2009.0,8.0,openalex_author_id,A5076249757,middle,False,False,,,1.0,1
8,142,brandonlucia,Brandon Lucia,OOPSLA,OOPSLA,2019,OOPSLA 2019,-2,2017,OOPSLA,OOPSLA,True,0,10.0,13.0,76.92307692307693,W2761380876,"Monadic composition for deterministic, parallel batch processing",Ryan G. Scott; Omar S. Navarro Leija; Joseph Devietti; Ryan Newton,https://doi.org/10.1145/3133897,W2134440791,,,Brandon Lucia,A5076249757,0000-0003-4130-1099,2009.0,8.0,openalex_author_id,A5076249757,middle,False,True,A5031917049,Brandon Lucia; Joseph Devietti; Luís Ceze; Mark Oskin,1.0,1
8,143,brandonlucia,Brandon Lucia,OOPSLA,OOPSLA,2019,OOPSLA 2019,-2,2017,PLDI,PLDI,False,0,3.0,13.0,23.076923076923077,W2625706696,BigFoot: static check placement for dynamic race detection,Dustin Rhodes; Cormac Flanagan; Stephen N. Freund,https://doi.org/10.1145/3062341.3062350,W2068530820,,,Brandon Lucia,A5076249757,0000-0003-4130-1099,2015.0,2.0,openalex_author_id,A5076249757,last,False,False,,,1.0,1
8,143,brandonlucia,Brandon Lucia,OOPSLA,OOPSLA,2019,OOPSLA 2019,-2,2017,PLDI,PLDI,False,0,3.0,13.0,23.076923076923077,W2625706696,BigFoot: static check placement for dynamic race detection,Dustin Rhodes; Cormac Flanagan; Stephen N. Freund,https://doi.org/10.1145/3062341.3062350,W2121816623,,,Brandon Lucia,A5076249757,0000-0003-4130-1099,2012.0,5.0,openalex_author_id,A5076249757,middle,False,False,,,1.0,1
8,143,brandonlucia,Brandon Lucia,OOPSLA,OOPSLA,2019,OOPSLA 2019,-2,2017,PLDI,PLDI,False,0,3.0,13.0,23.076923076923077,W2626003279,Systematic black-box analysis of collaborative web applications,Marina Billes; Anders Møller; Michael Pradel,https://doi.org/10.1145/3062341.3062364,W2121816623,,,Brandon Lucia,A5076249757,0000-0003-4130-1099,2012.0,5.0,openalex_author_id,A5076249757,middle,False,False,,,1.0,1
8,146,brandonlucia,Brandon Lucia,OOPSLA,OOPSLA,2019,OOPSLA 2019,-1,2018,OOPSLA,OOPSLA,True,0,1.0,13.0,7.6923076923076925,W2898399107,Concurrency-aware object-oriented programming with roles,Michael Faes; Thomas R. Gross,https://doi.org/10.1145/3276500,W2134440791,,,Brandon Lucia,A5076249757,0000-0003-4130-1099,2009.0,9.0,openalex_author_id,A5076249757,middle,False,False,,,1.0,1
8,147,brandonlucia,Brandon Lucia,OOPSLA,OOPSLA,2019,OOPSLA 2019,-1,2018,PLDI,PLDI,False,0,12.0,13.0,92.3076923076923,W2798640261,CURD: a dynamic CUDA race detector,Yuanfeng Peng; Vinod Grover; Joseph Devietti,https://doi.org/10.1145/3192366.3192368,W2121816623,,,Brandon Lucia,A5076249757,0000-0003-4130-1099,2012.0,6.0,openalex_author_id,A5076249757,middle,False,False,,,1.0,1
8,147,brandonlucia,Brandon Lucia,OOPSLA,OOPSLA,2019,OOPSLA 2019,-1,2018,PLDI,PLDI,False,0,12.0,13.0,92.3076923076923,W2799137521,"High-coverage, unbounded sound predictive race detection",Jake Roemer; Kaan Genç; Michael D. Bond,https://doi.org/10.1145/3192366.3192385,W2068530820,,,Brandon Lucia,A5076249757,0000-0003-4130-1099,2015.0,3.0,openalex_author_id,A5076249757,last,False,True,A5044161672,Brandon Lucia; Michael D. Bond; Minjia Zhang; Swarnendu Biswas,1.0,1
8,147,brandonlucia,Brandon Lucia,OOPSLA,OOPSLA,2019,OOPSLA 2019,-1,2018,PLDI,PLDI,False,0,12.0,13.0,92.3076923076923,W2799137521,"High-coverage, unbounded sound predictive race detection",Jake Roemer; Kaan Genç; Michael D. Bond,https://doi.org/10.1145/3192366.3192385,W2107529624,,,Brandon Lucia,A5076249757,0000-0003-4130-1099,2010.0,8.0,openalex_author_id,A5076249757,first,False,False,,,1.0,1
8,147,brandonlucia,Brandon Lucia,OOPSLA,OOPSLA,2019,OOPSLA 2019,-1,2018,PLDI,PLDI,False,0,12.0,13.0,92.3076923076923,W2799137521,"High-coverage, unbounded sound predictive race detection",Jake Roemer; Kaan Genç; Michael D. Bond,https://doi.org/10.1145/3192366.3192385,W2121816623,,,Brandon Lucia,A5076249757,0000-0003-4130-1099,2012.0,6.0,openalex_author_id,A5076249757,middle,False,False,,,1.0,1
8,147,brandonlucia,Brandon Lucia,OOPSLA,OOPSLA,2019,OOPSLA 2019,-1,2018,PLDI,PLDI,False,0,12.0,13.0,92.3076923076923,W2798982532,Persistency for synchronization-free regions,Vaibhav Gogte; Stephan Diestelhorst; William Wang; Satish Narayanasamy; Peter M. Chen; Thomas F. Wenisch,https://doi.org/10.1145/3192366.3192367,W2068530820,,,Brandon Lucia,A5076249757,0000-0003-4130-1099,2015.0,3.0,openalex_author_id,A5076249757,last,False,False,,,1.0,1
8,147,brandonlucia,Brandon Lucia,OOPSLA,OOPSLA,2019,OOPSLA 2019,-1,2018,PLDI,PLDI,False,0,12.0,13.0,92.3076923076923,W2798982532,Persistency for synchronization-free regions,Vaibhav Gogte; Stephan Diestelhorst; William Wang; Satish Narayanasamy; Peter M. Chen; Thomas F. Wenisch,https://doi.org/10.1145/3192366.3192367,W2107529624,,,Brandon Lucia,A5076249757,0000-0003-4130-1099,2010.0,8.0,openalex_author_id,A5076249757,first,False,False,,,1.0,1
8,147,brandonlucia,Brandon Lucia,OOPSLA,OOPSLA,2019,OOPSLA 2019,-1,2018,PLDI,PLDI,False,0,12.0,13.0,92.3076923076923,W2798982532,Persistency for synchronization-free regions,Vaibhav Gogte; Stephan Diestelhorst; William Wang; Satish Narayanasamy; Peter M. Chen; Thomas F. Wenisch,https://doi.org/10.1145/3192366.3192367,W2121816623,,,Brandon Lucia,A5076249757,0000-0003-4130-1099,2012.0,6.0,openalex_author_id,A5076249757,middle,False,False,,,1.0,1
8,147,brandonlucia,Brandon Lucia,OOPSLA,OOPSLA,2019,OOPSLA 2019,-1,2018,PLDI,PLDI,False,0,12.0,13.0,92.3076923076923,W2798982532,Persistency for synchronization-free regions,Vaibhav Gogte; Stephan Diestelhorst; William Wang; Satish Narayanasamy; Peter M. Chen; Thomas F. Wenisch,https://doi.org/10.1145/3192366.3192367,W2537482850,,,Brandon Lucia,A5076249757,0000-0003-4130-1099,2016.0,2.0,openalex_author_id,A5076249757,last,False,False,,,1.0,1
8,147,brandonlucia,Brandon Lucia,OOPSLA,OOPSLA,2019,OOPSLA 2019,-1,2018,PLDI,PLDI,False,0,12.0,13.0,92.3076923076923,W2798982532,Persistency for synchronization-free regions,Vaibhav Gogte; Stephan Diestelhorst; William Wang; Satish Narayanasamy; Peter M. Chen; Thomas F. Wenisch,https://doi.org/10.1145/3192366.3192367,W2761242776,,,Brandon Lucia,A5076249757,0000-0003-4130-1099,2017.0,1.0,openalex_author_id,A5076249757,last,False,False,,,1.0,1
8,147,brandonlucia,Brandon Lucia,OOPSLA,OOPSLA,2019,OOPSLA 2019,-1,2018,PLDI,PLDI,False,0,12.0,13.0,92.3076923076923,W2798836490,Symbolic reasoning for automatic signal placement,Kostas Ferles; Jacob Van Geffen; Işıl Dillig; Yannis Smaragdakis,https://doi.org/10.1145/3192366.3192395,W2115015193,,,Brandon Lucia,A5076249757,0000-0003-4130-1099,2009.0,9.0,openalex_author_id,A5076249757,first,False,False,,,1.0,1
8,147,brandonlucia,Brandon Lucia,OOPSLA,OOPSLA,2019,OOPSLA 2019,-1,2018,PLDI,PLDI,False,0,12.0,13.0,92.3076923076923,W2795667685,iReplayer: in-situ and identical record-and-replay for multithreaded applications,Hongyu Liu; Sam Silvestro; Wei Wang; Chen Tian; Tongping Liu,https://doi.org/10.1145/3192366.3192380,W2121816623,,,Brandon Lucia,A5076249757,0000-0003-4130-1099,2012.0,6.0,openalex_author_id,A5076249757,middle,False,False,,,1.0,1
8,147,brandonlucia,Brandon Lucia,OOPSLA,OOPSLA,2019,OOPSLA 2019,-1,2018,PLDI,PLDI,False,0,12.0,13.0,92.3076923076923,W2795667685,iReplayer: in-situ and identical record-and-replay for multithreaded applications,Hongyu Liu; Sam Silvestro; Wei Wang; Chen Tian; Tongping Liu,https://doi.org/10.1145/3192366.3192380,W2138640277,,,Brandon Lucia,A5076249757,0000-0003-4130-1099,2015.0,3.0,openalex_author_id,A5076249757,middle,False,False,,,1.0,1
8,150,brandonlucia,Brandon Lucia,OOPSLA,OOPSLA,2019,OOPSLA 2019,0,2019,OOPSLA,OOPSLA,True,1,24.0,46.0,52.17391304347826,W2968771279,CLOTHO: directed test generation for weakly consistent database systems,Kia Rahmani; Kartik Nagar; Benjamin Delaware; Suresh Jagannathan,https://doi.org/10.1145/3360543,W2138640277,,,Brandon Lucia,A5076249757,0000-0003-4130-1099,2015.0,4.0,openalex_author_id,A5076249757,middle,False,False,,,1.0,1
8,150,brandonlucia,Brandon Lucia,OOPSLA,OOPSLA,2019,OOPSLA 2019,0,2019,OOPSLA,OOPSLA,True,1,24.0,46.0,52.17391304347826,W2968771279,CLOTHO: directed test generation for weakly consistent database systems,Kia Rahmani; Kartik Nagar; Benjamin Delaware; Suresh Jagannathan,https://doi.org/10.1145/3360543,W2171008784,,,Brandon Lucia,A5076249757,0000-0003-4130-1099,2010.0,9.0,openalex_author_id,A5076249757,first,False,False,,,1.0,1
8,150,brandonlucia,Brandon Lucia,OOPSLA,OOPSLA,2019,OOPSLA 2019,0,2019,OOPSLA,OOPSLA,True,1,24.0,46.0,52.17391304347826,W2943629542,"Dependence-aware, unbounded sound predictive race detection",Kaan Genç; Jake Roemer; XU Yu-fan; Michael D. Bond,https://doi.org/10.1145/3360605,W2068530820,,,Brandon Lucia,A5076249757,0000-0003-4130-1099,2015.0,4.0,openalex_author_id,A5076249757,last,False,True,A5044161672,Brandon Lucia; Michael D. Bond; Minjia Zhang; Swarnendu Biswas,1.0,1
8,150,brandonlucia,Brandon Lucia,OOPSLA,OOPSLA,2019,OOPSLA 2019,0,2019,OOPSLA,OOPSLA,True,1,24.0,46.0,52.17391304347826,W2943629542,"Dependence-aware, unbounded sound predictive race detection",Kaan Genç; Jake Roemer; XU Yu-fan; Michael D. Bond,https://doi.org/10.1145/3360605,W2107529624,,,Brandon Lucia,A5076249757,0000-0003-4130-1099,2010.0,9.0,openalex_author_id,A5076249757,first,False,False,,,1.0,1
8,150,brandonlucia,Brandon Lucia,OOPSLA,OOPSLA,2019,OOPSLA 2019,0,2019,OOPSLA,OOPSLA,True,1,24.0,46.0,52.17391304347826,W2943629542,"Dependence-aware, unbounded sound predictive race detection",Kaan Genç; Jake Roemer; XU Yu-fan; Michael D. Bond,https://doi.org/10.1145/3360605,W4252602476,,,Brandon Lucia,A5076249757,0000-0003-4130-1099,2012.0,7.0,openalex_author_id,A5076249757,middle,False,False,,,1.0,1
8,150,brandonlucia,Brandon Lucia,OOPSLA,OOPSLA,2019,OOPSLA 2019,0,2019,OOPSLA,OOPSLA,True,1,24.0,46.0,52.17391304347826,W2971934144,Efficient lock-free durable sets,Yoav Zuriel; Michal Friedman; Gali Sheffi; Nachshon Cohen; Erez Petrank,https://doi.org/10.1145/3360554,W2537482850,,,Brandon Lucia,A5076249757,0000-0003-4130-1099,2016.0,3.0,openalex_author_id,A5076249757,last,False,False,,,1.0,1
8,150,brandonlucia,Brandon Lucia,OOPSLA,OOPSLA,2019,OOPSLA 2019,0,2019,OOPSLA,OOPSLA,True,1,24.0,46.0,52.17391304347826,W2971934144,Efficient lock-free durable sets,Yoav Zuriel; Michal Friedman; Gali Sheffi; Nachshon Cohen; Erez Petrank,https://doi.org/10.1145/3360554,W2620872300,,,Brandon Lucia,A5076249757,0000-0003-4130-1099,2017.0,2.0,openalex_author_id,A5076249757,first,False,False,,,1.0,1
8,150,brandonlucia,Brandon Lucia,OOPSLA,OOPSLA,2019,OOPSLA 2019,0,2019,OOPSLA,OOPSLA,True,1,24.0,46.0,52.17391304347826,W2971934144,Efficient lock-free durable sets,Yoav Zuriel; Michal Friedman; Gali Sheffi; Nachshon Cohen; Erez Petrank,https://doi.org/10.1145/3360554,W2761242776,,,Brandon Lucia,A5076249757,0000-0003-4130-1099,2017.0,2.0,openalex_author_id,A5076249757,last,False,False,,,1.0,1
8,150,brandonlucia,Brandon Lucia,OOPSLA,OOPSLA,2019,OOPSLA 2019,0,2019,OOPSLA,OOPSLA,True,1,24.0,46.0,52.17391304347826,W2971934144,Efficient lock-free durable sets,Yoav Zuriel; Michal Friedman; Gali Sheffi; Nachshon Cohen; Erez Petrank,https://doi.org/10.1145/3360554,W2899106940,,,Brandon Lucia,A5076249757,0000-0003-4130-1099,2018.0,1.0,openalex_author_id,A5076249757,last,False,False,,,1.0,1
8,150,brandonlucia,Brandon Lucia,OOPSLA,OOPSLA,2019,OOPSLA 2019,0,2019,OOPSLA,OOPSLA,True,1,24.0,46.0,52.17391304347826,W2971934144,Efficient lock-free durable sets,Yoav Zuriel; Michal Friedman; Gali Sheffi; Nachshon Cohen; Erez Petrank,https://doi.org/10.1145/3360554,W2954315180,,,Brandon Lucia,A5076249757,0000-0003-4130-1099,2019.0,0.0,openalex_author_id,A5076249757,last,False,False,,,1.0,1
8,150,brandonlucia,Brandon Lucia,OOPSLA,OOPSLA,2019,OOPSLA 2019,0,2019,OOPSLA,OOPSLA,True,1,24.0,46.0,52.17391304347826,W2980046617,I/O dependent idempotence bugs in intermittent systems,Milijana Surbatovich; Limin Jia; Brandon Lucia,https://doi.org/10.1145/3360609,W2106858176,,,Brandon Lucia,A5076249757,0000-0003-4130-1099,2011.0,8.0,openalex_author_id,A5076249757,first,True,True,A5076249757,Benjamin P. Wood; Brandon Lucia; Luís Ceze,1.0,1
8,150,brandonlucia,Brandon Lucia,OOPSLA,OOPSLA,2019,OOPSLA 2019,0,2019,OOPSLA,OOPSLA,True,1,24.0,46.0,52.17391304347826,W2980046617,I/O dependent idempotence bugs in intermittent systems,Milijana Surbatovich; Limin Jia; Brandon Lucia,https://doi.org/10.1145/3360609,W2115015193,,,Brandon Lucia,A5076249757,0000-0003-4130-1099,2009.0,10.0,openalex_author_id,A5076249757,first,True,True,A5076249757,Brandon Lucia; Luís Ceze,1.0,1
8,150,brandonlucia,Brandon Lucia,OOPSLA,OOPSLA,2019,OOPSLA 2019,0,2019,OOPSLA,OOPSLA,True,1,24.0,46.0,52.17391304347826,W2980046617,I/O dependent idempotence bugs in intermittent systems,Milijana Surbatovich; Limin Jia; Brandon Lucia,https://doi.org/10.1145/3360609,W2115721786,,,Brandon Lucia,A5076249757,0000-0003-4130-1099,2015.0,4.0,openalex_author_id,A5076249757,first,True,True,A5076249757,Benjamin Ransford; Brandon Lucia,1.0,1
8,150,brandonlucia,Brandon Lucia,OOPSLA,OOPSLA,2019,OOPSLA 2019,0,2019,OOPSLA,OOPSLA,True,1,24.0,46.0,52.17391304347826,W2980046617,I/O dependent idempotence bugs in intermittent systems,Milijana Surbatovich; Limin Jia; Brandon Lucia,https://doi.org/10.1145/3360609,W2171008784,,,Brandon Lucia,A5076249757,0000-0003-4130-1099,2010.0,9.0,openalex_author_id,A5076249757,first,True,True,A5076249757,Brandon Lucia; Karin Strauß; Luís Ceze,1.0,1
8,150,brandonlucia,Brandon Lucia,OOPSLA,OOPSLA,2019,OOPSLA 2019,0,2019,OOPSLA,OOPSLA,True,1,24.0,46.0,52.17391304347826,W2980046617,I/O dependent idempotence bugs in intermittent systems,Milijana Surbatovich; Limin Jia; Brandon Lucia,https://doi.org/10.1145/3360609,W2273610566,,,Brandon Lucia,A5076249757,0000-0003-4130-1099,2016.0,3.0,openalex_author_id,A5076249757,middle,True,True,A5076249757,Brandon Lucia; Luı́s Rodrigues; Nuno Machado,1.0,1
8,150,brandonlucia,Brandon Lucia,OOPSLA,OOPSLA,2019,OOPSLA 2019,0,2019,OOPSLA,OOPSLA,True,1,24.0,46.0,52.17391304347826,W2980046617,I/O dependent idempotence bugs in intermittent systems,Milijana Surbatovich; Limin Jia; Brandon Lucia,https://doi.org/10.1145/3360609,W2324544651,,,Brandon Lucia,A5076249757,0000-0003-4130-1099,2016.0,3.0,openalex_author_id,A5076249757,middle,True,True,A5076249757,Alanson P. Sample; Alexei Colin; Brandon Lucia; Graham Harvey,1.0,1
8,150,brandonlucia,Brandon Lucia,OOPSLA,OOPSLA,2019,OOPSLA 2019,0,2019,OOPSLA,OOPSLA,True,1,24.0,46.0,52.17391304347826,W2980046617,I/O dependent idempotence bugs in intermittent systems,Milijana Surbatovich; Limin Jia; Brandon Lucia,https://doi.org/10.1145/3360609,W2537482850,,,Brandon Lucia,A5076249757,0000-0003-4130-1099,2016.0,3.0,openalex_author_id,A5076249757,last,True,True,A5076249757,Alexei Colin; Brandon Lucia,1.0,1
8,150,brandonlucia,Brandon Lucia,OOPSLA,OOPSLA,2019,OOPSLA 2019,0,2019,OOPSLA,OOPSLA,True,1,24.0,46.0,52.17391304347826,W2980046617,I/O dependent idempotence bugs in intermittent systems,Milijana Surbatovich; Limin Jia; Brandon Lucia,https://doi.org/10.1145/3360609,W2761242776,,,Brandon Lucia,A5076249757,0000-0003-4130-1099,2017.0,2.0,openalex_author_id,A5076249757,last,True,True,A5076249757,Alexei Colin; Brandon Lucia; Kiwan Maeng,1.0,1
8,150,brandonlucia,Brandon Lucia,OOPSLA,OOPSLA,2019,OOPSLA 2019,0,2019,OOPSLA,OOPSLA,True,1,24.0,46.0,52.17391304347826,W2980046617,I/O dependent idempotence bugs in intermittent systems,Milijana Surbatovich; Limin Jia; Brandon Lucia,https://doi.org/10.1145/3360609,W2788428017,,,Brandon Lucia,A5076249757,0000-0003-4130-1099,2018.0,1.0,openalex_author_id,A5076249757,last,True,True,A5076249757,Alexei Colin; Brandon Lucia,1.0,1
8,150,brandonlucia,Brandon Lucia,OOPSLA,OOPSLA,2019,OOPSLA 2019,0,2019,OOPSLA,OOPSLA,True,1,24.0,46.0,52.17391304347826,W2980046617,I/O dependent idempotence bugs in intermittent systems,Milijana Surbatovich; Limin Jia; Brandon Lucia,https://doi.org/10.1145/3360609,W2790352815,,,Brandon Lucia,A5076249757,0000-0003-4130-1099,2018.0,1.0,openalex_author_id,A5076249757,last,True,True,A5076249757,Alexei Colin; Brandon Lucia; Emily Ruppel,1.0,1
8,150,brandonlucia,Brandon Lucia,OOPSLA,OOPSLA,2019,OOPSLA 2019,0,2019,OOPSLA,OOPSLA,True,1,24.0,46.0,52.17391304347826,W2980046617,I/O dependent idempotence bugs in intermittent systems,Milijana Surbatovich; Limin Jia; Brandon Lucia,https://doi.org/10.1145/3360609,W2953858112,,,Brandon Lucia,A5076249757,0000-0003-4130-1099,2019.0,0.0,openalex_author_id,A5076249757,last,True,True,A5076249757,Brandon Lucia; Kiwan Maeng,1.0,1
8,150,brandonlucia,Brandon Lucia,OOPSLA,OOPSLA,2019,OOPSLA 2019,0,2019,OOPSLA,OOPSLA,True,1,24.0,46.0,52.17391304347826,W2980046617,I/O dependent idempotence bugs in intermittent systems,Milijana Surbatovich; Limin Jia; Brandon Lucia,https://doi.org/10.1145/3360609,W2954315180,,,Brandon Lucia,A5076249757,0000-0003-4130-1099,2019.0,0.0,openalex_author_id,A5076249757,last,True,True,A5076249757,Brandon Lucia; Emily Ruppel,1.0,1
8,150,brandonlucia,Brandon Lucia,OOPSLA,OOPSLA,2019,OOPSLA 2019,0,2019,OOPSLA,OOPSLA,True,1,24.0,46.0,52.17391304347826,W2980046617,I/O dependent idempotence bugs in intermittent systems,Milijana Surbatovich; Limin Jia; Brandon Lucia,https://doi.org/10.1145/3360609,W4233347627,,,Brandon Lucia,A5076249757,0000-0003-4130-1099,2011.0,8.0,openalex_author_id,A5076249757,first,True,True,A5076249757,Benjamin P. Wood; Brandon Lucia; Luís Ceze,1.0,1
8,150,brandonlucia,Brandon Lucia,OOPSLA,OOPSLA,2019,OOPSLA 2019,0,2019,OOPSLA,OOPSLA,True,1,24.0,46.0,52.17391304347826,W2979636764,Trace aware random testing for distributed systems,Burcu Kulahcioglu Ozkan; Rupak Majumdar; Simin Oraee,https://doi.org/10.1145/3360606,W2115015193,,,Brandon Lucia,A5076249757,0000-0003-4130-1099,2009.0,10.0,openalex_author_id,A5076249757,first,False,False,,,1.0,1
8,151,brandonlucia,Brandon Lucia,OOPSLA,OOPSLA,2019,OOPSLA 2019,0,2019,PLDI,PLDI,False,0,22.0,46.0,47.82608695652174,W2955306203,Accelerating sequential consistency for Java with speculative compilation,Lun Liu; Todd Millstein; Madanlal Musuvathi,https://doi.org/10.1145/3314221.3314611,W2068530820,,,Brandon Lucia,A5076249757,0000-0003-4130-1099,2015.0,4.0,openalex_author_id,A5076249757,last,False,False,,,1.0,1
8,151,brandonlucia,Brandon Lucia,OOPSLA,OOPSLA,2019,OOPSLA 2019,0,2019,PLDI,PLDI,False,0,22.0,46.0,47.82608695652174,W2955306203,Accelerating sequential consistency for Java with speculative compilation,Lun Liu; Todd Millstein; Madanlal Musuvathi,https://doi.org/10.1145/3314221.3314611,W2107529624,,,Brandon Lucia,A5076249757,0000-0003-4130-1099,2010.0,9.0,openalex_author_id,A5076249757,first,False,False,,,1.0,1
8,151,brandonlucia,Brandon Lucia,OOPSLA,OOPSLA,2019,OOPSLA 2019,0,2019,PLDI,PLDI,False,0,22.0,46.0,47.82608695652174,W2955814330,DFix: automatically fixing timing bugs in distributed systems,Guangpu Li; Haopeng Liu; Xianglan Chen; Haryadi S. Gunawi; Shan Lu,https://doi.org/10.1145/3314221.3314620,W2101785823,,,Brandon Lucia,A5076249757,0000-0003-4130-1099,2013.0,6.0,openalex_author_id,A5076249757,first,False,False,,,1.0,1
8,151,brandonlucia,Brandon Lucia,OOPSLA,OOPSLA,2019,OOPSLA 2019,0,2019,PLDI,PLDI,False,0,22.0,46.0,47.82608695652174,W2952024620,Sparse record and replay with controlled scheduling,Christopher Lidbury; Alastair F. Donaldson,https://doi.org/10.1145/3314221.3314635,W2134440791,,,Brandon Lucia,A5076249757,0000-0003-4130-1099,2009.0,10.0,openalex_author_id,A5076249757,middle,False,False,,,1.0,1
8,151,brandonlucia,Brandon Lucia,OOPSLA,OOPSLA,2019,OOPSLA 2019,0,2019,PLDI,PLDI,False,0,22.0,46.0,47.82608695652174,W2953858112,Supporting peripherals in intermittent systems with just-in-time checkpoints,Kiwan Maeng; Brandon Lucia,https://doi.org/10.1145/3314221.3314613,W2115721786,,,Brandon Lucia,A5076249757,0000-0003-4130-1099,2015.0,4.0,openalex_author_id,A5076249757,first,True,True,A5076249757,Benjamin Ransford; Brandon Lucia,1.0,1
8,151,brandonlucia,Brandon Lucia,OOPSLA,OOPSLA,2019,OOPSLA 2019,0,2019,PLDI,PLDI,False,0,22.0,46.0,47.82608695652174,W2953858112,Supporting peripherals in intermittent systems with just-in-time checkpoints,Kiwan Maeng; Brandon Lucia,https://doi.org/10.1145/3314221.3314613,W2324544651,,,Brandon Lucia,A5076249757,0000-0003-4130-1099,2016.0,3.0,openalex_author_id,A5076249757,middle,True,True,A5076249757,Alanson P. Sample; Alexei Colin; Brandon Lucia; Graham Harvey,1.0,1
8,151,brandonlucia,Brandon Lucia,OOPSLA,OOPSLA,2019,OOPSLA 2019,0,2019,PLDI,PLDI,False,0,22.0,46.0,47.82608695652174,W2953858112,Supporting peripherals in intermittent systems with just-in-time checkpoints,Kiwan Maeng; Brandon Lucia,https://doi.org/10.1145/3314221.3314613,W2537482850,,,Brandon Lucia,A5076249757,0000-0003-4130-1099,2016.0,3.0,openalex_author_id,A5076249757,last,True,True,A5076249757,Alexei Colin; Brandon Lucia,1.0,1
8,151,brandonlucia,Brandon Lucia,OOPSLA,OOPSLA,2019,OOPSLA 2019,0,2019,PLDI,PLDI,False,0,22.0,46.0,47.82608695652174,W2953858112,Supporting peripherals in intermittent systems with just-in-time checkpoints,Kiwan Maeng; Brandon Lucia,https://doi.org/10.1145/3314221.3314613,W2620872300,,,Brandon Lucia,A5076249757,0000-0003-4130-1099,2017.0,2.0,openalex_author_id,A5076249757,first,True,True,A5035750684; A5076249757,Alexei Colin; Brandon Lucia; Emily Ruppel; Kiwan Maeng; Vignesh Balaji,1.0,1
8,151,brandonlucia,Brandon Lucia,OOPSLA,OOPSLA,2019,OOPSLA 2019,0,2019,PLDI,PLDI,False,0,22.0,46.0,47.82608695652174,W2953858112,Supporting peripherals in intermittent systems with just-in-time checkpoints,Kiwan Maeng; Brandon Lucia,https://doi.org/10.1145/3314221.3314613,W2761242776,,,Brandon Lucia,A5076249757,0000-0003-4130-1099,2017.0,2.0,openalex_author_id,A5076249757,last,True,True,A5035750684; A5076249757,Alexei Colin; Brandon Lucia; Kiwan Maeng,1.0,1
8,151,brandonlucia,Brandon Lucia,OOPSLA,OOPSLA,2019,OOPSLA 2019,0,2019,PLDI,PLDI,False,0,22.0,46.0,47.82608695652174,W2953858112,Supporting peripherals in intermittent systems with just-in-time checkpoints,Kiwan Maeng; Brandon Lucia,https://doi.org/10.1145/3314221.3314613,W2788428017,,,Brandon Lucia,A5076249757,0000-0003-4130-1099,2018.0,1.0,openalex_author_id,A5076249757,last,True,True,A5076249757,Alexei Colin; Brandon Lucia,1.0,1
8,151,brandonlucia,Brandon Lucia,OOPSLA,OOPSLA,2019,OOPSLA 2019,0,2019,PLDI,PLDI,False,0,22.0,46.0,47.82608695652174,W2953858112,Supporting peripherals in intermittent systems with just-in-time checkpoints,Kiwan Maeng; Brandon Lucia,https://doi.org/10.1145/3314221.3314613,W2790352815,,,Brandon Lucia,A5076249757,0000-0003-4130-1099,2018.0,1.0,openalex_author_id,A5076249757,last,True,True,A5076249757,Alexei Colin; Brandon Lucia; Emily Ruppel,1.0,1
8,151,brandonlucia,Brandon Lucia,OOPSLA,OOPSLA,2019,OOPSLA 2019,0,2019,PLDI,PLDI,False,0,22.0,46.0,47.82608695652174,W2953858112,Supporting peripherals in intermittent systems with just-in-time checkpoints,Kiwan Maeng; Brandon Lucia,https://doi.org/10.1145/3314221.3314613,W2899106940,,,Brandon Lucia,A5076249757,0000-0003-4130-1099,2018.0,1.0,openalex_author_id,A5076249757,last,True,True,A5035750684; A5076249757,Brandon Lucia; Kiwan Maeng,1.0,1
8,151,brandonlucia,Brandon Lucia,OOPSLA,OOPSLA,2019,OOPSLA 2019,0,2019,PLDI,PLDI,False,0,22.0,46.0,47.82608695652174,W2953858112,Supporting peripherals in intermittent systems with just-in-time checkpoints,Kiwan Maeng; Brandon Lucia,https://doi.org/10.1145/3314221.3314613,W2952526845,,,Brandon Lucia,A5076249757,0000-0003-4130-1099,2018.0,1.0,openalex_author_id,A5076249757,last,True,True,A5076249757,Brandon Lucia; Graham Gobieski; Nathan Beckmann,1.0,1
8,151,brandonlucia,Brandon Lucia,OOPSLA,OOPSLA,2019,OOPSLA 2019,0,2019,PLDI,PLDI,False,0,22.0,46.0,47.82608695652174,W2954315180,"Transactional concurrency control for intermittent, energy-harvesting computing systems",Emily Ruppel; Brandon Lucia,https://doi.org/10.1145/3314221.3314583,W2115721786,,,Brandon Lucia,A5076249757,0000-0003-4130-1099,2015.0,4.0,openalex_author_id,A5076249757,first,True,True,A5076249757,Benjamin Ransford; Brandon Lucia,1.0,1
8,151,brandonlucia,Brandon Lucia,OOPSLA,OOPSLA,2019,OOPSLA 2019,0,2019,PLDI,PLDI,False,0,22.0,46.0,47.82608695652174,W2954315180,"Transactional concurrency control for intermittent, energy-harvesting computing systems",Emily Ruppel; Brandon Lucia,https://doi.org/10.1145/3314221.3314583,W2324544651,,,Brandon Lucia,A5076249757,0000-0003-4130-1099,2016.0,3.0,openalex_author_id,A5076249757,middle,True,True,A5076249757,Alanson P. Sample; Alexei Colin; Brandon Lucia; Graham Harvey,1.0,1
8,151,brandonlucia,Brandon Lucia,OOPSLA,OOPSLA,2019,OOPSLA 2019,0,2019,PLDI,PLDI,False,0,22.0,46.0,47.82608695652174,W2954315180,"Transactional concurrency control for intermittent, energy-harvesting computing systems",Emily Ruppel; Brandon Lucia,https://doi.org/10.1145/3314221.3314583,W2537482850,,,Brandon Lucia,A5076249757,0000-0003-4130-1099,2016.0,3.0,openalex_author_id,A5076249757,last,True,True,A5076249757,Alexei Colin; Brandon Lucia,1.0,1
8,151,brandonlucia,Brandon Lucia,OOPSLA,OOPSLA,2019,OOPSLA 2019,0,2019,PLDI,PLDI,False,0,22.0,46.0,47.82608695652174,W2954315180,"Transactional concurrency control for intermittent, energy-harvesting computing systems",Emily Ruppel; Brandon Lucia,https://doi.org/10.1145/3314221.3314583,W2761242776,,,Brandon Lucia,A5076249757,0000-0003-4130-1099,2017.0,2.0,openalex_author_id,A5076249757,last,True,True,A5076249757,Alexei Colin; Brandon Lucia; Kiwan Maeng,1.0,1
8,151,brandonlucia,Brandon Lucia,OOPSLA,OOPSLA,2019,OOPSLA 2019,0,2019,PLDI,PLDI,False,0,22.0,46.0,47.82608695652174,W2954315180,"Transactional concurrency control for intermittent, energy-harvesting computing systems",Emily Ruppel; Brandon Lucia,https://doi.org/10.1145/3314221.3314583,W2788428017,,,Brandon Lucia,A5076249757,0000-0003-4130-1099,2018.0,1.0,openalex_author_id,A5076249757,last,True,True,A5076249757,Alexei Colin; Brandon Lucia,1.0,1
8,151,brandonlucia,Brandon Lucia,OOPSLA,OOPSLA,2019,OOPSLA 2019,0,2019,PLDI,PLDI,False,0,22.0,46.0,47.82608695652174,W2954315180,"Transactional concurrency control for intermittent, energy-harvesting computing systems",Emily Ruppel; Brandon Lucia,https://doi.org/10.1145/3314221.3314583,W2790352815,,,Brandon Lucia,A5076249757,0000-0003-4130-1099,2018.0,1.0,openalex_author_id,A5076249757,last,True,True,A5076249757; A5111236236,Alexei Colin; Brandon Lucia; Emily Ruppel,1.0,1
8,151,brandonlucia,Brandon Lucia,OOPSLA,OOPSLA,2019,OOPSLA 2019,0,2019,PLDI,PLDI,False,0,22.0,46.0,47.82608695652174,W2954315180,"Transactional concurrency control for intermittent, energy-harvesting computing systems",Emily Ruppel; Brandon Lucia,https://doi.org/10.1145/3314221.3314583,W2897303255,,,Brandon Lucia,A5076249757,0000-0003-4130-1099,2019.0,0.0,openalex_author_id,A5076249757,middle,True,True,A5076249757,Brandon Lucia; Graham Gobieski; Nathan Beckmann,1.0,1
8,151,brandonlucia,Brandon Lucia,OOPSLA,OOPSLA,2019,OOPSLA 2019,0,2019,PLDI,PLDI,False,0,22.0,46.0,47.82608695652174,W2954315180,"Transactional concurrency control for intermittent, energy-harvesting computing systems",Emily Ruppel; Brandon Lucia,https://doi.org/10.1145/3314221.3314583,W2899106940,,,Brandon Lucia,A5076249757,0000-0003-4130-1099,2018.0,1.0,openalex_author_id,A5076249757,last,True,True,A5076249757,Brandon Lucia; Kiwan Maeng,1.0,1
8,151,brandonlucia,Brandon Lucia,OOPSLA,OOPSLA,2019,OOPSLA 2019,0,2019,PLDI,PLDI,False,0,22.0,46.0,47.82608695652174,W2954315180,"Transactional concurrency control for intermittent, energy-harvesting computing systems",Emily Ruppel; Brandon Lucia,https://doi.org/10.1145/3314221.3314583,W4241262309,,,Brandon Lucia,A5076249757,0000-0003-4130-1099,2016.0,3.0,openalex_author_id,A5076249757,middle,True,True,A5076249757,Alanson P. Sample; Alexei Colin; Brandon Lucia; Graham Harvey,1.0,1
8,154,brandonlucia,Brandon Lucia,OOPSLA,OOPSLA,2019,OOPSLA 2019,1,2020,OOPSLA,OOPSLA,True,0,14.0,25.0,56.00000000000001,W3046136249,Towards a formal foundation of intermittent computing,Milijana Surbatovich; Brandon Lucia; Limin Jia,https://doi.org/10.1145/3428231,W2115721786,,,Brandon Lucia,A5076249757,0000-0003-4130-1099,2015.0,5.0,openalex_author_id,A5076249757,first,False,False,,,1.0,1
8,154,brandonlucia,Brandon Lucia,OOPSLA,OOPSLA,2019,OOPSLA 2019,1,2020,OOPSLA,OOPSLA,True,0,14.0,25.0,56.00000000000001,W3046136249,Towards a formal foundation of intermittent computing,Milijana Surbatovich; Brandon Lucia; Limin Jia,https://doi.org/10.1145/3428231,W2324544651,,,Brandon Lucia,A5076249757,0000-0003-4130-1099,2016.0,4.0,openalex_author_id,A5076249757,middle,False,False,,,1.0,1
8,154,brandonlucia,Brandon Lucia,OOPSLA,OOPSLA,2019,OOPSLA 2019,1,2020,OOPSLA,OOPSLA,True,0,14.0,25.0,56.00000000000001,W3046136249,Towards a formal foundation of intermittent computing,Milijana Surbatovich; Brandon Lucia; Limin Jia,https://doi.org/10.1145/3428231,W2537482850,,,Brandon Lucia,A5076249757,0000-0003-4130-1099,2016.0,4.0,openalex_author_id,A5076249757,last,False,False,,,1.0,1
8,154,brandonlucia,Brandon Lucia,OOPSLA,OOPSLA,2019,OOPSLA 2019,1,2020,OOPSLA,OOPSLA,True,0,14.0,25.0,56.00000000000001,W3046136249,Towards a formal foundation of intermittent computing,Milijana Surbatovich; Brandon Lucia; Limin Jia,https://doi.org/10.1145/3428231,W2761242776,,,Brandon Lucia,A5076249757,0000-0003-4130-1099,2017.0,3.0,openalex_author_id,A5076249757,last,False,False,,,1.0,1
8,154,brandonlucia,Brandon Lucia,OOPSLA,OOPSLA,2019,OOPSLA 2019,1,2020,OOPSLA,OOPSLA,True,0,14.0,25.0,56.00000000000001,W3046136249,Towards a formal foundation of intermittent computing,Milijana Surbatovich; Brandon Lucia; Limin Jia,https://doi.org/10.1145/3428231,W2788428017,,,Brandon Lucia,A5076249757,0000-0003-4130-1099,2018.0,2.0,openalex_author_id,A5076249757,last,False,False,,,1.0,1
8,154,brandonlucia,Brandon Lucia,OOPSLA,OOPSLA,2019,OOPSLA 2019,1,2020,OOPSLA,OOPSLA,True,0,14.0,25.0,56.00000000000001,W3046136249,Towards a formal foundation of intermittent computing,Milijana Surbatovich; Brandon Lucia; Limin Jia,https://doi.org/10.1145/3428231,W2790352815,,,Brandon Lucia,A5076249757,0000-0003-4130-1099,2018.0,2.0,openalex_author_id,A5076249757,last,False,False,,,1.0,1
8,154,brandonlucia,Brandon Lucia,OOPSLA,OOPSLA,2019,OOPSLA 2019,1,2020,OOPSLA,OOPSLA,True,0,14.0,25.0,56.00000000000001,W3046136249,Towards a formal foundation of intermittent computing,Milijana Surbatovich; Brandon Lucia; Limin Jia,https://doi.org/10.1145/3428231,W2897303255,,,Brandon Lucia,A5076249757,0000-0003-4130-1099,2019.0,1.0,openalex_author_id,A5076249757,middle,False,False,,,1.0,1
8,154,brandonlucia,Brandon Lucia,OOPSLA,OOPSLA,2019,OOPSLA 2019,1,2020,OOPSLA,OOPSLA,True,0,14.0,25.0,56.00000000000001,W3046136249,Towards a formal foundation of intermittent computing,Milijana Surbatovich; Brandon Lucia; Limin Jia,https://doi.org/10.1145/3428231,W2899106940,,,Brandon Lucia,A5076249757,0000-0003-4130-1099,2018.0,2.0,openalex_author_id,A5076249757,last,False,False,,,1.0,1
8,154,brandonlucia,Brandon Lucia,OOPSLA,OOPSLA,2019,OOPSLA 2019,1,2020,OOPSLA,OOPSLA,True,0,14.0,25.0,56.00000000000001,W3046136249,Towards a formal foundation of intermittent computing,Milijana Surbatovich; Brandon Lucia; Limin Jia,https://doi.org/10.1145/3428231,W2953858112,,,Brandon Lucia,A5076249757,0000-0003-4130-1099,2019.0,1.0,openalex_author_id,A5076249757,last,False,False,,,1.0,1
8,154,brandonlucia,Brandon Lucia,OOPSLA,OOPSLA,2019,OOPSLA 2019,1,2020,OOPSLA,OOPSLA,True,0,14.0,25.0,56.00000000000001,W3046136249,Towards a formal foundation of intermittent computing,Milijana Surbatovich; Brandon Lucia; Limin Jia,https://doi.org/10.1145/3428231,W2954315180,,,Brandon Lucia,A5076249757,0000-0003-4130-1099,2019.0,1.0,openalex_author_id,A5076249757,last,False,False,,,1.0,1
8,154,brandonlucia,Brandon Lucia,OOPSLA,OOPSLA,2019,OOPSLA 2019,1,2020,OOPSLA,OOPSLA,True,0,14.0,25.0,56.00000000000001,W3046136249,Towards a formal foundation of intermittent computing,Milijana Surbatovich; Brandon Lucia; Limin Jia,https://doi.org/10.1145/3428231,W2980046617,,,Brandon Lucia,A5076249757,0000-0003-4130-1099,2019.0,1.0,openalex_author_id,A5076249757,last,False,False,,,1.0,1
8,154,brandonlucia,Brandon Lucia,OOPSLA,OOPSLA,2019,OOPSLA 2019,1,2020,OOPSLA,OOPSLA,True,0,14.0,25.0,56.00000000000001,W3046136249,Towards a formal foundation of intermittent computing,Milijana Surbatovich; Brandon Lucia; Limin Jia,https://doi.org/10.1145/3428231,W2987383153,,,Brandon Lucia,A5076249757,0000-0003-4130-1099,2019.0,1.0,openalex_author_id,A5076249757,last,False,False,,,1.0,1
8,154,brandonlucia,Brandon Lucia,OOPSLA,OOPSLA,2019,OOPSLA 2019,1,2020,OOPSLA,OOPSLA,True,0,14.0,25.0,56.00000000000001,W3046136249,Towards a formal foundation of intermittent computing,Milijana Surbatovich; Brandon Lucia; Limin Jia,https://doi.org/10.1145/3428231,W3012002440,,,Brandon Lucia,A5076249757,0000-0003-4130-1099,2020.0,0.0,openalex_author_id,A5076249757,last,False,False,,,1.0,1
8,154,brandonlucia,Brandon Lucia,OOPSLA,OOPSLA,2019,OOPSLA 2019,1,2020,OOPSLA,OOPSLA,True,0,14.0,25.0,56.00000000000001,W3109342755,WATCHER: in-situ failure diagnosis,Hongyu Liu; Sam Silvestro; Xiangyu Zhang; Jian Huang; Tongping Liu,https://doi.org/10.1145/3428211,W2138640277,,,Brandon Lucia,A5076249757,0000-0003-4130-1099,2015.0,5.0,openalex_author_id,A5076249757,middle,False,False,,,1.0,1
8,155,brandonlucia,Brandon Lucia,OOPSLA,OOPSLA,2019,OOPSLA 2019,1,2020,PLDI,PLDI,False,0,11.0,25.0,44.0,W3033686220,Adaptive low-overhead scheduling for periodic and reactive intermittent execution,Kiwan Maeng; Brandon Lucia,https://doi.org/10.1145/3385412.3385998,W2115721786,,,Brandon Lucia,A5076249757,0000-0003-4130-1099,2015.0,5.0,openalex_author_id,A5076249757,first,True,True,A5076249757,Benjamin Ransford; Brandon Lucia,1.0,1
8,155,brandonlucia,Brandon Lucia,OOPSLA,OOPSLA,2019,OOPSLA 2019,1,2020,PLDI,PLDI,False,0,11.0,25.0,44.0,W3033686220,Adaptive low-overhead scheduling for periodic and reactive intermittent execution,Kiwan Maeng; Brandon Lucia,https://doi.org/10.1145/3385412.3385998,W2324544651,,,Brandon Lucia,A5076249757,0000-0003-4130-1099,2016.0,4.0,openalex_author_id,A5076249757,middle,True,True,A5076249757,Alanson P. Sample; Alexei Colin; Brandon Lucia; Graham Harvey,1.0,1
8,155,brandonlucia,Brandon Lucia,OOPSLA,OOPSLA,2019,OOPSLA 2019,1,2020,PLDI,PLDI,False,0,11.0,25.0,44.0,W3033686220,Adaptive low-overhead scheduling for periodic and reactive intermittent execution,Kiwan Maeng; Brandon Lucia,https://doi.org/10.1145/3385412.3385998,W2537482850,,,Brandon Lucia,A5076249757,0000-0003-4130-1099,2016.0,4.0,openalex_author_id,A5076249757,last,True,True,A5076249757,Alexei Colin; Brandon Lucia,1.0,1
8,155,brandonlucia,Brandon Lucia,OOPSLA,OOPSLA,2019,OOPSLA 2019,1,2020,PLDI,PLDI,False,0,11.0,25.0,44.0,W3033686220,Adaptive low-overhead scheduling for periodic and reactive intermittent execution,Kiwan Maeng; Brandon Lucia,https://doi.org/10.1145/3385412.3385998,W2761242776,,,Brandon Lucia,A5076249757,0000-0003-4130-1099,2017.0,3.0,openalex_author_id,A5076249757,last,True,True,A5035750684; A5076249757,Alexei Colin; Brandon Lucia; Kiwan Maeng,1.0,1
8,155,brandonlucia,Brandon Lucia,OOPSLA,OOPSLA,2019,OOPSLA 2019,1,2020,PLDI,PLDI,False,0,11.0,25.0,44.0,W3033686220,Adaptive low-overhead scheduling for periodic and reactive intermittent execution,Kiwan Maeng; Brandon Lucia,https://doi.org/10.1145/3385412.3385998,W2788428017,,,Brandon Lucia,A5076249757,0000-0003-4130-1099,2018.0,2.0,openalex_author_id,A5076249757,last,True,True,A5076249757,Alexei Colin; Brandon Lucia,1.0,1
8,155,brandonlucia,Brandon Lucia,OOPSLA,OOPSLA,2019,OOPSLA 2019,1,2020,PLDI,PLDI,False,0,11.0,25.0,44.0,W3033686220,Adaptive low-overhead scheduling for periodic and reactive intermittent execution,Kiwan Maeng; Brandon Lucia,https://doi.org/10.1145/3385412.3385998,W2790352815,,,Brandon Lucia,A5076249757,0000-0003-4130-1099,2018.0,2.0,openalex_author_id,A5076249757,last,True,True,A5076249757,Alexei Colin; Brandon Lucia; Emily Ruppel,1.0,1
8,155,brandonlucia,Brandon Lucia,OOPSLA,OOPSLA,2019,OOPSLA 2019,1,2020,PLDI,PLDI,False,0,11.0,25.0,44.0,W3033686220,Adaptive low-overhead scheduling for periodic and reactive intermittent execution,Kiwan Maeng; Brandon Lucia,https://doi.org/10.1145/3385412.3385998,W2899106940,,,Brandon Lucia,A5076249757,0000-0003-4130-1099,2018.0,2.0,openalex_author_id,A5076249757,last,True,True,A5035750684; A5076249757,Brandon Lucia; Kiwan Maeng,1.0,1
8,155,brandonlucia,Brandon Lucia,OOPSLA,OOPSLA,2019,OOPSLA 2019,1,2020,PLDI,PLDI,False,0,11.0,25.0,44.0,W3033686220,Adaptive low-overhead scheduling for periodic and reactive intermittent execution,Kiwan Maeng; Brandon Lucia,https://doi.org/10.1145/3385412.3385998,W2953858112,,,Brandon Lucia,A5076249757,0000-0003-4130-1099,2019.0,1.0,openalex_author_id,A5076249757,last,True,True,A5035750684; A5076249757,Brandon Lucia; Kiwan Maeng,1.0,1
8,155,brandonlucia,Brandon Lucia,OOPSLA,OOPSLA,2019,OOPSLA 2019,1,2020,PLDI,PLDI,False,0,11.0,25.0,44.0,W3033686220,Adaptive low-overhead scheduling for periodic and reactive intermittent execution,Kiwan Maeng; Brandon Lucia,https://doi.org/10.1145/3385412.3385998,W2954315180,,,Brandon Lucia,A5076249757,0000-0003-4130-1099,2019.0,1.0,openalex_author_id,A5076249757,last,True,True,A5076249757,Brandon Lucia; Emily Ruppel,1.0,1
8,155,brandonlucia,Brandon Lucia,OOPSLA,OOPSLA,2019,OOPSLA 2019,1,2020,PLDI,PLDI,False,0,11.0,25.0,44.0,W3015867278,SmartTrack: efficient predictive race detection,Jake Roemer; Kaan Genç; Michael D. Bond,https://doi.org/10.1145/3385412.3385993,W4252602476,,,Brandon Lucia,A5076249757,0000-0003-4130-1099,2012.0,8.0,openalex_author_id,A5076249757,middle,False,False,,,1.0,1
8,155,brandonlucia,Brandon Lucia,OOPSLA,OOPSLA,2019,OOPSLA 2019,1,2020,PLDI,PLDI,False,0,11.0,25.0,44.0,W3034030180,Understanding memory and thread safety practices and issues in real-world Rust programs,Boqin Qin; Yilun Chen; Zeming Yu; Linhai Song; Yiying Zhang,https://doi.org/10.1145/3385412.3386036,W2115015193,,,Brandon Lucia,A5076249757,0000-0003-4130-1099,2009.0,11.0,openalex_author_id,A5076249757,first,False,False,,,1.0,1
8,159,brandonlucia,Brandon Lucia,OOPSLA,OOPSLA,2019,OOPSLA 2019,2,2021,PLDI,PLDI,False,1,12.0,12.0,100.0,W3159646613,Automatically enforcing fresh and consistent inputs in intermittent systems,Milijana Surbatovich; Limin Jia; Brandon Lucia,https://doi.org/10.1145/3453483.3454081,W2115721786,,,Brandon Lucia,A5076249757,0000-0003-4130-1099,2015.0,6.0,openalex_author_id,A5076249757,first,False,False,,,1.0,1
8,159,brandonlucia,Brandon Lucia,OOPSLA,OOPSLA,2019,OOPSLA 2019,2,2021,PLDI,PLDI,False,1,12.0,12.0,100.0,W3159646613,Automatically enforcing fresh and consistent inputs in intermittent systems,Milijana Surbatovich; Limin Jia; Brandon Lucia,https://doi.org/10.1145/3453483.3454081,W2537482850,,,Brandon Lucia,A5076249757,0000-0003-4130-1099,2016.0,5.0,openalex_author_id,A5076249757,last,False,False,,,1.0,1
8,159,brandonlucia,Brandon Lucia,OOPSLA,OOPSLA,2019,OOPSLA 2019,2,2021,PLDI,PLDI,False,1,12.0,12.0,100.0,W3159646613,Automatically enforcing fresh and consistent inputs in intermittent systems,Milijana Surbatovich; Limin Jia; Brandon Lucia,https://doi.org/10.1145/3453483.3454081,W2761242776,,,Brandon Lucia,A5076249757,0000-0003-4130-1099,2017.0,4.0,openalex_author_id,A5076249757,last,False,False,,,1.0,1
8,159,brandonlucia,Brandon Lucia,OOPSLA,OOPSLA,2019,OOPSLA 2019,2,2021,PLDI,PLDI,False,1,12.0,12.0,100.0,W3159646613,Automatically enforcing fresh and consistent inputs in intermittent systems,Milijana Surbatovich; Limin Jia; Brandon Lucia,https://doi.org/10.1145/3453483.3454081,W2790352815,,,Brandon Lucia,A5076249757,0000-0003-4130-1099,2018.0,3.0,openalex_author_id,A5076249757,last,False,False,,,1.0,1
8,159,brandonlucia,Brandon Lucia,OOPSLA,OOPSLA,2019,OOPSLA 2019,2,2021,PLDI,PLDI,False,1,12.0,12.0,100.0,W3159646613,Automatically enforcing fresh and consistent inputs in intermittent systems,Milijana Surbatovich; Limin Jia; Brandon Lucia,https://doi.org/10.1145/3453483.3454081,W2897303255,,,Brandon Lucia,A5076249757,0000-0003-4130-1099,2019.0,2.0,openalex_author_id,A5076249757,middle,False,False,,,1.0,1
8,159,brandonlucia,Brandon Lucia,OOPSLA,OOPSLA,2019,OOPSLA 2019,2,2021,PLDI,PLDI,False,1,12.0,12.0,100.0,W3159646613,Automatically enforcing fresh and consistent inputs in intermittent systems,Milijana Surbatovich; Limin Jia; Brandon Lucia,https://doi.org/10.1145/3453483.3454081,W2899106940,,,Brandon Lucia,A5076249757,0000-0003-4130-1099,2018.0,3.0,openalex_author_id,A5076249757,last,False,False,,,1.0,1
8,159,brandonlucia,Brandon Lucia,OOPSLA,OOPSLA,2019,OOPSLA 2019,2,2021,PLDI,PLDI,False,1,12.0,12.0,100.0,W3159646613,Automatically enforcing fresh and consistent inputs in intermittent systems,Milijana Surbatovich; Limin Jia; Brandon Lucia,https://doi.org/10.1145/3453483.3454081,W2953858112,,,Brandon Lucia,A5076249757,0000-0003-4130-1099,2019.0,2.0,openalex_author_id,A5076249757,last,False,False,,,1.0,1
8,159,brandonlucia,Brandon Lucia,OOPSLA,OOPSLA,2019,OOPSLA 2019,2,2021,PLDI,PLDI,False,1,12.0,12.0,100.0,W3159646613,Automatically enforcing fresh and consistent inputs in intermittent systems,Milijana Surbatovich; Limin Jia; Brandon Lucia,https://doi.org/10.1145/3453483.3454081,W2954315180,,,Brandon Lucia,A5076249757,0000-0003-4130-1099,2019.0,2.0,openalex_author_id,A5076249757,last,False,False,,,1.0,1
8,159,brandonlucia,Brandon Lucia,OOPSLA,OOPSLA,2019,OOPSLA 2019,2,2021,PLDI,PLDI,False,1,12.0,12.0,100.0,W3159646613,Automatically enforcing fresh and consistent inputs in intermittent systems,Milijana Surbatovich; Limin Jia; Brandon Lucia,https://doi.org/10.1145/3453483.3454081,W2979324682,,,Brandon Lucia,A5076249757,0000-0003-4130-1099,2019.0,2.0,openalex_author_id,A5076249757,last,False,False,,,1.0,1
8,159,brandonlucia,Brandon Lucia,OOPSLA,OOPSLA,2019,OOPSLA 2019,2,2021,PLDI,PLDI,False,1,12.0,12.0,100.0,W3159646613,Automatically enforcing fresh and consistent inputs in intermittent systems,Milijana Surbatovich; Limin Jia; Brandon Lucia,https://doi.org/10.1145/3453483.3454081,W2980046617,,,Brandon Lucia,A5076249757,0000-0003-4130-1099,2019.0,2.0,openalex_author_id,A5076249757,last,False,False,,,1.0,1
8,159,brandonlucia,Brandon Lucia,OOPSLA,OOPSLA,2019,OOPSLA 2019,2,2021,PLDI,PLDI,False,1,12.0,12.0,100.0,W3159646613,Automatically enforcing fresh and consistent inputs in intermittent systems,Milijana Surbatovich; Limin Jia; Brandon Lucia,https://doi.org/10.1145/3453483.3454081,W2987383153,,,Brandon Lucia,A5076249757,0000-0003-4130-1099,2019.0,2.0,openalex_author_id,A5076249757,last,False,False,,,1.0,1
8,159,brandonlucia,Brandon Lucia,OOPSLA,OOPSLA,2019,OOPSLA 2019,2,2021,PLDI,PLDI,False,1,12.0,12.0,100.0,W3159646613,Automatically enforcing fresh and consistent inputs in intermittent systems,Milijana Surbatovich; Limin Jia; Brandon Lucia,https://doi.org/10.1145/3453483.3454081,W3033686220,,,Brandon Lucia,A5076249757,0000-0003-4130-1099,2020.0,1.0,openalex_author_id,A5076249757,last,False,False,,,1.0,1
9,162,jonathanbrachthauser,Jonathan Immanuel Brachthäuser,POPL,POPL,2024,POPL 2024,-2,2022,OOPSLA,OOPSLA1,False,0,11.0,18.0,61.111111111111114,W4225138414,"Effects, capabilities, and boxes: from scope-based reasoning to type-based reasoning and back",Jonathan Immanuel Brachthäuser; Philipp Schuster; Edward Lee; Aleksander Boruch-Gruszecki,https://doi.org/10.1145/3527320,W2762412788,,,Jonathan Immanuel Brachthäuser,A5027088540,0000-0001-9128-0391,2017.0,5.0,openalex_author_id,A5027088540,first,True,True,A5027088540; A5029318181,Jonathan Immanuel Brachthäuser; Philipp Schuster,1.0,1
9,162,jonathanbrachthauser,Jonathan Immanuel Brachthäuser,POPL,POPL,2024,POPL 2024,-2,2022,OOPSLA,OOPSLA1,False,0,11.0,18.0,61.111111111111114,W4225138414,"Effects, capabilities, and boxes: from scope-based reasoning to type-based reasoning and back",Jonathan Immanuel Brachthäuser; Philipp Schuster; Edward Lee; Aleksander Boruch-Gruszecki,https://doi.org/10.1145/3527320,W2898332157,,,Jonathan Immanuel Brachthäuser,A5027088540,0000-0001-9128-0391,2018.0,4.0,openalex_author_id,A5027088540,first,True,True,A5027088540; A5029318181,Jonathan Immanuel Brachthäuser; Klaus Ostermann; Philipp Schuster,1.0,1
9,162,jonathanbrachthauser,Jonathan Immanuel Brachthäuser,POPL,POPL,2024,POPL 2024,-2,2022,OOPSLA,OOPSLA1,False,0,11.0,18.0,61.111111111111114,W4225138414,"Effects, capabilities, and boxes: from scope-based reasoning to type-based reasoning and back",Jonathan Immanuel Brachthäuser; Philipp Schuster; Edward Lee; Aleksander Boruch-Gruszecki,https://doi.org/10.1145/3527320,W3014236027,,,Jonathan Immanuel Brachthäuser,A5027088540,0000-0001-9128-0391,2020.0,2.0,openalex_author_id,A5027088540,first,True,True,A5027088540; A5029318181,Jonathan Immanuel Brachthäuser; Klaus Ostermann; Philipp Schuster,1.0,1
9,162,jonathanbrachthauser,Jonathan Immanuel Brachthäuser,POPL,POPL,2024,POPL 2024,-2,2022,OOPSLA,OOPSLA1,False,0,11.0,18.0,61.111111111111114,W4225138414,"Effects, capabilities, and boxes: from scope-based reasoning to type-based reasoning and back",Jonathan Immanuel Brachthäuser; Philipp Schuster; Edward Lee; Aleksander Boruch-Gruszecki,https://doi.org/10.1145/3527320,W3039827481,,,Jonathan Immanuel Brachthäuser,A5027088540,0000-0001-9128-0391,2020.0,2.0,openalex_author_id,A5027088540,middle,True,True,A5027088540; A5029318181,Daan Leijen; Daniel Hillerström; Jonathan Immanuel Brachthäuser; Ningning Xie; Philipp Schuster,1.0,1
9,162,jonathanbrachthauser,Jonathan Immanuel Brachthäuser,POPL,POPL,2024,POPL 2024,-2,2022,OOPSLA,OOPSLA1,False,0,11.0,18.0,61.111111111111114,W4225138414,"Effects, capabilities, and boxes: from scope-based reasoning to type-based reasoning and back",Jonathan Immanuel Brachthäuser; Philipp Schuster; Edward Lee; Aleksander Boruch-Gruszecki,https://doi.org/10.1145/3527320,W3107145433,,,Jonathan Immanuel Brachthäuser,A5027088540,0000-0001-9128-0391,2020.0,2.0,openalex_author_id,A5027088540,first,True,True,A5027088540; A5029318181,Jonathan Immanuel Brachthäuser; Klaus Ostermann; Philipp Schuster,1.0,1
9,162,jonathanbrachthauser,Jonathan Immanuel Brachthäuser,POPL,POPL,2024,POPL 2024,-2,2022,OOPSLA,OOPSLA1,False,0,11.0,18.0,61.111111111111114,W4225138414,"Effects, capabilities, and boxes: from scope-based reasoning to type-based reasoning and back",Jonathan Immanuel Brachthäuser; Philipp Schuster; Edward Lee; Aleksander Boruch-Gruszecki,https://doi.org/10.1145/3527320,W3206286249,,,Jonathan Immanuel Brachthäuser,A5027088540,0000-0001-9128-0391,2021.0,1.0,openalex_author_id,A5027088540,middle,True,True,A5015563137; A5027088540; A5100670396,Aleksander Boruch-Gruszecki; Edward Lee; Jonathan Immanuel Brachthäuser; Martin Odersky; Ondřej Lhoták,1.0,1
9,162,jonathanbrachthauser,Jonathan Immanuel Brachthäuser,POPL,POPL,2024,POPL 2024,-2,2022,OOPSLA,OOPSLA2,False,0,11.0,18.0,61.111111111111114,W4307888371,First-class names for effect handlers,Ningning Xie; Youyou Cong; Kazuki Ikemori; Daan Leijen,https://doi.org/10.1145/3563289,W3107145433,,,Jonathan Immanuel Brachthäuser,A5027088540,0000-0001-9128-0391,2020.0,2.0,openalex_author_id,A5027088540,first,False,False,,,1.0,1
9,162,jonathanbrachthauser,Jonathan Immanuel Brachthäuser,POPL,POPL,2024,POPL 2024,-2,2022,OOPSLA,OOPSLA2,False,0,11.0,18.0,61.111111111111114,W4307884506,High-level effect handlers in C++,Dan R. Ghica; Sam Lindley; Marcos Maroñas Bravo; Maciej Piróg,https://doi.org/10.1145/3563445,W2898332157,,,Jonathan Immanuel Brachthäuser,A5027088540,0000-0001-9128-0391,2018.0,4.0,openalex_author_id,A5027088540,first,False,False,,,1.0,1
9,162,jonathanbrachthauser,Jonathan Immanuel Brachthäuser,POPL,POPL,2024,POPL 2024,-2,2022,OOPSLA,OOPSLA2,False,0,11.0,18.0,61.111111111111114,W4307884506,High-level effect handlers in C++,Dan R. Ghica; Sam Lindley; Marcos Maroñas Bravo; Maciej Piróg,https://doi.org/10.1145/3563445,W3014236027,,,Jonathan Immanuel Brachthäuser,A5027088540,0000-0001-9128-0391,2020.0,2.0,openalex_author_id,A5027088540,first,False,False,,,1.0,1
9,162,jonathanbrachthauser,Jonathan Immanuel Brachthäuser,POPL,POPL,2024,POPL 2024,-2,2022,OOPSLA,OOPSLA2,False,0,11.0,18.0,61.111111111111114,W4307884506,High-level effect handlers in C++,Dan R. Ghica; Sam Lindley; Marcos Maroñas Bravo; Maciej Piróg,https://doi.org/10.1145/3563445,W3039827481,,,Jonathan Immanuel Brachthäuser,A5027088540,0000-0001-9128-0391,2020.0,2.0,openalex_author_id,A5027088540,middle,False,False,,,1.0,1
9,162,jonathanbrachthauser,Jonathan Immanuel Brachthäuser,POPL,POPL,2024,POPL 2024,-2,2022,OOPSLA,OOPSLA2,False,0,11.0,18.0,61.111111111111114,W4307888172,The essence of online data processing,Philip Dexter; Yu David Liu; Kenneth Chiu,https://doi.org/10.1145/3563320,W3216635194,,,Jonathan Immanuel Brachthäuser,A5027088540,0000-0001-9128-0391,2021.0,1.0,openalex_author_id,A5027088540,middle,False,False,,,1.0,1
9,163,jonathanbrachthauser,Jonathan Immanuel Brachthäuser,POPL,POPL,2024,POPL 2024,-2,2022,PLDI,PLDI,False,0,7.0,18.0,38.88888888888889,W4282044797,A typed continuation-passing translation for lexical effect handlers,Philipp Schuster; Jonathan Immanuel Brachthäuser; Marius Müller; Klaus Ostermann,https://doi.org/10.1145/3519939.3523710,W2762412788,,,Jonathan Immanuel Brachthäuser,A5027088540,0000-0001-9128-0391,2017.0,5.0,openalex_author_id,A5027088540,first,True,True,A5027088540; A5029318181,Jonathan Immanuel Brachthäuser; Philipp Schuster,1.0,1
9,163,jonathanbrachthauser,Jonathan Immanuel Brachthäuser,POPL,POPL,2024,POPL 2024,-2,2022,PLDI,PLDI,False,0,7.0,18.0,38.88888888888889,W4282044797,A typed continuation-passing translation for lexical effect handlers,Philipp Schuster; Jonathan Immanuel Brachthäuser; Marius Müller; Klaus Ostermann,https://doi.org/10.1145/3519939.3523710,W2890147338,,,Jonathan Immanuel Brachthäuser,A5027088540,0000-0001-9128-0391,2018.0,4.0,openalex_author_id,A5027088540,last,True,True,A5027088540; A5029318181,Jonathan Immanuel Brachthäuser; Philipp Schuster,1.0,1
9,163,jonathanbrachthauser,Jonathan Immanuel Brachthäuser,POPL,POPL,2024,POPL 2024,-2,2022,PLDI,PLDI,False,0,7.0,18.0,38.88888888888889,W4282044797,A typed continuation-passing translation for lexical effect handlers,Philipp Schuster; Jonathan Immanuel Brachthäuser; Marius Müller; Klaus Ostermann,https://doi.org/10.1145/3519939.3523710,W2898332157,,,Jonathan Immanuel Brachthäuser,A5027088540,0000-0001-9128-0391,2018.0,4.0,openalex_author_id,A5027088540,first,True,True,A5027088540; A5029318181; A5049077225,Jonathan Immanuel Brachthäuser; Klaus Ostermann; Philipp Schuster,1.0,1
9,163,jonathanbrachthauser,Jonathan Immanuel Brachthäuser,POPL,POPL,2024,POPL 2024,-2,2022,PLDI,PLDI,False,0,7.0,18.0,38.88888888888889,W4282044797,A typed continuation-passing translation for lexical effect handlers,Philipp Schuster; Jonathan Immanuel Brachthäuser; Marius Müller; Klaus Ostermann,https://doi.org/10.1145/3519939.3523710,W3014236027,,,Jonathan Immanuel Brachthäuser,A5027088540,0000-0001-9128-0391,2020.0,2.0,openalex_author_id,A5027088540,first,True,True,A5027088540; A5029318181; A5049077225,Jonathan Immanuel Brachthäuser; Klaus Ostermann; Philipp Schuster,1.0,1
9,163,jonathanbrachthauser,Jonathan Immanuel Brachthäuser,POPL,POPL,2024,POPL 2024,-2,2022,PLDI,PLDI,False,0,7.0,18.0,38.88888888888889,W4282044797,A typed continuation-passing translation for lexical effect handlers,Philipp Schuster; Jonathan Immanuel Brachthäuser; Marius Müller; Klaus Ostermann,https://doi.org/10.1145/3519939.3523710,W3039827481,,,Jonathan Immanuel Brachthäuser,A5027088540,0000-0001-9128-0391,2020.0,2.0,openalex_author_id,A5027088540,middle,True,True,A5027088540; A5029318181,Daan Leijen; Daniel Hillerström; Jonathan Immanuel Brachthäuser; Ningning Xie; Philipp Schuster,1.0,1
9,163,jonathanbrachthauser,Jonathan Immanuel Brachthäuser,POPL,POPL,2024,POPL 2024,-2,2022,PLDI,PLDI,False,0,7.0,18.0,38.88888888888889,W4282044797,A typed continuation-passing translation for lexical effect handlers,Philipp Schuster; Jonathan Immanuel Brachthäuser; Marius Müller; Klaus Ostermann,https://doi.org/10.1145/3519939.3523710,W3047512562,,,Jonathan Immanuel Brachthäuser,A5027088540,0000-0001-9128-0391,2020.0,2.0,openalex_author_id,A5027088540,middle,True,True,A5027088540; A5029318181; A5049077225,Jonathan Immanuel Brachthäuser; Klaus Ostermann; Philipp Schuster,1.0,1
9,163,jonathanbrachthauser,Jonathan Immanuel Brachthäuser,POPL,POPL,2024,POPL 2024,-2,2022,PLDI,PLDI,False,0,7.0,18.0,38.88888888888889,W4282044797,A typed continuation-passing translation for lexical effect handlers,Philipp Schuster; Jonathan Immanuel Brachthäuser; Marius Müller; Klaus Ostermann,https://doi.org/10.1145/3519939.3523710,W3107145433,,,Jonathan Immanuel Brachthäuser,A5027088540,0000-0001-9128-0391,2020.0,2.0,openalex_author_id,A5027088540,first,True,True,A5027088540; A5029318181; A5049077225,Jonathan Immanuel Brachthäuser; Klaus Ostermann; Philipp Schuster,1.0,1
9,164,jonathanbrachthauser,Jonathan Immanuel Brachthäuser,POPL,POPL,2024,POPL 2024,-1,2023,ICFP,ICFP,False,1,4.0,19.0,21.052631578947366,W4386317707,A General Fine-Grained Reduction Theory for Effect Handlers,Filip Sieczkowski; Mateusz Pyzik; Dariusz Biernacki,https://doi.org/10.1145/3607848,W3107145433,,,Jonathan Immanuel Brachthäuser,A5027088540,0000-0001-9128-0391,2020.0,3.0,openalex_author_id,A5027088540,first,False,False,,,1.0,1
9,164,jonathanbrachthauser,Jonathan Immanuel Brachthäuser,POPL,POPL,2024,POPL 2024,-1,2023,ICFP,ICFP,False,1,4.0,19.0,21.052631578947366,W4386317707,A General Fine-Grained Reduction Theory for Effect Handlers,Filip Sieczkowski; Mateusz Pyzik; Dariusz Biernacki,https://doi.org/10.1145/3607848,W4282044797,,,Jonathan Immanuel Brachthäuser,A5027088540,0000-0001-9128-0391,2022.0,1.0,openalex_author_id,A5027088540,middle,False,False,,,1.0,1
9,164,jonathanbrachthauser,Jonathan Immanuel Brachthäuser,POPL,POPL,2024,POPL 2024,-1,2023,ICFP,ICFP,False,1,4.0,19.0,21.052631578947366,W4386317475,With or Without You: Programming with Effect Exclusion,Matthew Lutze; Magnus Madsen; Philipp Schuster; Jonathan Immanuel Brachthäuser,https://doi.org/10.1145/3607846,W3107145433,,,Jonathan Immanuel Brachthäuser,A5027088540,0000-0001-9128-0391,2020.0,3.0,openalex_author_id,A5027088540,first,True,True,A5027088540; A5029318181,Jonathan Immanuel Brachthäuser; Klaus Ostermann; Philipp Schuster,1.0,1
9,164,jonathanbrachthauser,Jonathan Immanuel Brachthäuser,POPL,POPL,2024,POPL 2024,-1,2023,ICFP,ICFP,False,1,4.0,19.0,21.052631578947366,W4386317475,With or Without You: Programming with Effect Exclusion,Matthew Lutze; Magnus Madsen; Philipp Schuster; Jonathan Immanuel Brachthäuser,https://doi.org/10.1145/3607846,W4225138414,,,Jonathan Immanuel Brachthäuser,A5027088540,0000-0001-9128-0391,2022.0,1.0,openalex_author_id,A5027088540,first,True,True,A5027088540; A5029318181,Aleksander Boruch-Gruszecki; Edward Lee; Jonathan Immanuel Brachthäuser; Philipp Schuster,1.0,1
9,166,jonathanbrachthauser,Jonathan Immanuel Brachthäuser,POPL,POPL,2024,POPL 2024,-1,2023,OOPSLA,OOPSLA2,False,0,14.0,19.0,73.68421052631578,W4387666993,Automated Ambiguity Detection in Layout-Sensitive Grammars,Jiangyi Liu; Fengmin Zhu; Fei He,https://doi.org/10.1145/3622838,W2532840385,,,Jonathan Immanuel Brachthäuser,A5027088540,0000-0001-9128-0391,2016.0,7.0,openalex_author_id,A5027088540,first,False,False,,,1.0,1
9,166,jonathanbrachthauser,Jonathan Immanuel Brachthäuser,POPL,POPL,2024,POPL 2024,-1,2023,OOPSLA,OOPSLA1,False,0,14.0,19.0,73.68421052631578,W4362661298,Back to Direct Style: Typed and Tight,Marius Müller; Philipp Schuster; Jonathan Immanuel Brachthäuser; Klaus Ostermann,https://doi.org/10.1145/3586056,W3047512562,,,Jonathan Immanuel Brachthäuser,A5027088540,0000-0001-9128-0391,2020.0,3.0,openalex_author_id,A5027088540,middle,True,True,A5027088540; A5029318181; A5049077225,Jonathan Immanuel Brachthäuser; Klaus Ostermann; Philipp Schuster,1.0,1
9,166,jonathanbrachthauser,Jonathan Immanuel Brachthäuser,POPL,POPL,2024,POPL 2024,-1,2023,OOPSLA,OOPSLA2,False,0,14.0,19.0,73.68421052631578,W4387674013,Fast and Efficient Boolean Unification for Hindley-Milner-Style Type and Effect Systems,Magnus Madsen; Jaco van de Pol; Troels Henriksen,https://doi.org/10.1145/3622816,W2898332157,,,Jonathan Immanuel Brachthäuser,A5027088540,0000-0001-9128-0391,2018.0,5.0,openalex_author_id,A5027088540,first,False,False,,,1.0,1
9,166,jonathanbrachthauser,Jonathan Immanuel Brachthäuser,POPL,POPL,2024,POPL 2024,-1,2023,OOPSLA,OOPSLA2,False,0,14.0,19.0,73.68421052631578,W4387674013,Fast and Efficient Boolean Unification for Hindley-Milner-Style Type and Effect Systems,Magnus Madsen; Jaco van de Pol; Troels Henriksen,https://doi.org/10.1145/3622816,W3014236027,,,Jonathan Immanuel Brachthäuser,A5027088540,0000-0001-9128-0391,2020.0,3.0,openalex_author_id,A5027088540,first,False,False,,,1.0,1
9,166,jonathanbrachthauser,Jonathan Immanuel Brachthäuser,POPL,POPL,2024,POPL 2024,-1,2023,OOPSLA,OOPSLA2,False,0,14.0,19.0,73.68421052631578,W4387667016,From Capabilities to Regions: Enabling Efficient Compilation of Lexical Effect Handlers,Marius Müller; Philipp Schuster; Jonathan Lindegaard Starup; Klaus Ostermann; Jonathan Immanuel Brachthäuser,https://doi.org/10.1145/3622831,W2890147338,,,Jonathan Immanuel Brachthäuser,A5027088540,0000-0001-9128-0391,2018.0,5.0,openalex_author_id,A5027088540,last,True,True,A5027088540; A5029318181,Jonathan Immanuel Brachthäuser; Philipp Schuster,1.0,1
9,166,jonathanbrachthauser,Jonathan Immanuel Brachthäuser,POPL,POPL,2024,POPL 2024,-1,2023,OOPSLA,OOPSLA2,False,0,14.0,19.0,73.68421052631578,W4387667016,From Capabilities to Regions: Enabling Efficient Compilation of Lexical Effect Handlers,Marius Müller; Philipp Schuster; Jonathan Lindegaard Starup; Klaus Ostermann; Jonathan Immanuel Brachthäuser,https://doi.org/10.1145/3622831,W3039827481,,,Jonathan Immanuel Brachthäuser,A5027088540,0000-0001-9128-0391,2020.0,3.0,openalex_author_id,A5027088540,middle,True,True,A5027088540; A5029318181,Daan Leijen; Daniel Hillerström; Jonathan Immanuel Brachthäuser; Ningning Xie; Philipp Schuster,1.0,1
9,166,jonathanbrachthauser,Jonathan Immanuel Brachthäuser,POPL,POPL,2024,POPL 2024,-1,2023,OOPSLA,OOPSLA2,False,0,14.0,19.0,73.68421052631578,W4387667016,From Capabilities to Regions: Enabling Efficient Compilation of Lexical Effect Handlers,Marius Müller; Philipp Schuster; Jonathan Lindegaard Starup; Klaus Ostermann; Jonathan Immanuel Brachthäuser,https://doi.org/10.1145/3622831,W3047512562,,,Jonathan Immanuel Brachthäuser,A5027088540,0000-0001-9128-0391,2020.0,3.0,openalex_author_id,A5027088540,middle,True,True,A5027088540; A5029318181; A5049077225,Jonathan Immanuel Brachthäuser; Klaus Ostermann; Philipp Schuster,1.0,1
9,166,jonathanbrachthauser,Jonathan Immanuel Brachthäuser,POPL,POPL,2024,POPL 2024,-1,2023,OOPSLA,OOPSLA2,False,0,14.0,19.0,73.68421052631578,W4387667016,From Capabilities to Regions: Enabling Efficient Compilation of Lexical Effect Handlers,Marius Müller; Philipp Schuster; Jonathan Lindegaard Starup; Klaus Ostermann; Jonathan Immanuel Brachthäuser,https://doi.org/10.1145/3622831,W3107145433,,,Jonathan Immanuel Brachthäuser,A5027088540,0000-0001-9128-0391,2020.0,3.0,openalex_author_id,A5027088540,first,True,True,A5027088540; A5029318181; A5049077225,Jonathan Immanuel Brachthäuser; Klaus Ostermann; Philipp Schuster,1.0,1
9,166,jonathanbrachthauser,Jonathan Immanuel Brachthäuser,POPL,POPL,2024,POPL 2024,-1,2023,OOPSLA,OOPSLA2,False,0,14.0,19.0,73.68421052631578,W4387667016,From Capabilities to Regions: Enabling Efficient Compilation of Lexical Effect Handlers,Marius Müller; Philipp Schuster; Jonathan Lindegaard Starup; Klaus Ostermann; Jonathan Immanuel Brachthäuser,https://doi.org/10.1145/3622831,W3164281491,,,Jonathan Immanuel Brachthäuser,A5027088540,0000-0001-9128-0391,2021.0,2.0,openalex_author_id,A5027088540,middle,True,True,A5027088540,Aleksander Boruch-Gruszecki; Edward Lee; Jonathan Immanuel Brachthäuser; Ondřej Lhoták,1.0,1
9,166,jonathanbrachthauser,Jonathan Immanuel Brachthäuser,POPL,POPL,2024,POPL 2024,-1,2023,OOPSLA,OOPSLA2,False,0,14.0,19.0,73.68421052631578,W4387667016,From Capabilities to Regions: Enabling Efficient Compilation of Lexical Effect Handlers,Marius Müller; Philipp Schuster; Jonathan Lindegaard Starup; Klaus Ostermann; Jonathan Immanuel Brachthäuser,https://doi.org/10.1145/3622831,W4225138414,,,Jonathan Immanuel Brachthäuser,A5027088540,0000-0001-9128-0391,2022.0,1.0,openalex_author_id,A5027088540,first,True,True,A5027088540; A5029318181,Aleksander Boruch-Gruszecki; Edward Lee; Jonathan Immanuel Brachthäuser; Philipp Schuster,1.0,1
9,166,jonathanbrachthauser,Jonathan Immanuel Brachthäuser,POPL,POPL,2024,POPL 2024,-1,2023,OOPSLA,OOPSLA2,False,0,14.0,19.0,73.68421052631578,W4387667016,From Capabilities to Regions: Enabling Efficient Compilation of Lexical Effect Handlers,Marius Müller; Philipp Schuster; Jonathan Lindegaard Starup; Klaus Ostermann; Jonathan Immanuel Brachthäuser,https://doi.org/10.1145/3622831,W4226214097,,,Jonathan Immanuel Brachthäuser,A5027088540,0000-0001-9128-0391,2022.0,1.0,openalex_author_id,A5027088540,middle,True,True,A5027088540; A5029318181; A5049077225,Jonathan Immanuel Brachthäuser; Klaus Ostermann; Philipp Schuster,1.0,1
9,166,jonathanbrachthauser,Jonathan Immanuel Brachthäuser,POPL,POPL,2024,POPL 2024,-1,2023,OOPSLA,OOPSLA2,False,0,14.0,19.0,73.68421052631578,W4387667016,From Capabilities to Regions: Enabling Efficient Compilation of Lexical Effect Handlers,Marius Müller; Philipp Schuster; Jonathan Lindegaard Starup; Klaus Ostermann; Jonathan Immanuel Brachthäuser,https://doi.org/10.1145/3622831,W4282044797,,,Jonathan Immanuel Brachthäuser,A5027088540,0000-0001-9128-0391,2022.0,1.0,openalex_author_id,A5027088540,middle,True,True,A5027088540; A5029318181; A5029879693; A5049077225,Jonathan Immanuel Brachthäuser; Klaus Ostermann; Marius Müller; Philipp Schuster,1.0,1
9,166,jonathanbrachthauser,Jonathan Immanuel Brachthäuser,POPL,POPL,2024,POPL 2024,-1,2023,OOPSLA,OOPSLA2,False,0,14.0,19.0,73.68421052631578,W4387673986,Gradual Typing for Effect Handlers,Max S. New; Eric Giovannini; Daniel R. Licata,https://doi.org/10.1145/3622860,W3014236027,,,Jonathan Immanuel Brachthäuser,A5027088540,0000-0001-9128-0391,2020.0,3.0,openalex_author_id,A5027088540,first,False,False,,,1.0,1
9,166,jonathanbrachthauser,Jonathan Immanuel Brachthäuser,POPL,POPL,2024,POPL 2024,-1,2023,OOPSLA,OOPSLA2,False,0,14.0,19.0,73.68421052631578,W4386556239,Reference Capabilities for Flexible Memory Management,Ellen Arvidsson; Elias Castegren; Sylvan Clebsch; Sophia Drossopoulou; James Noble; Matthew Parkinson; Tobias Wrigstad,https://doi.org/10.1145/3622846,W4225138414,,,Jonathan Immanuel Brachthäuser,A5027088540,0000-0001-9128-0391,2022.0,1.0,openalex_author_id,A5027088540,first,False,False,,,1.0,1
9,165,jonathanbrachthauser,Jonathan Immanuel Brachthäuser,POPL,POPL,2024,POPL 2024,-1,2023,POPL,POPL,True,0,1.0,19.0,5.263157894736842,W4315630755,Hefty Algebras: Modular Elaboration of Higher-Order Algebraic Effects,Casper Bach Poulsen; Cas van der Rest,https://doi.org/10.1145/3571255,W3107145433,,,Jonathan Immanuel Brachthäuser,A5027088540,0000-0001-9128-0391,2020.0,3.0,openalex_author_id,A5027088540,first,False,False,,,1.0,1
9,168,jonathanbrachthauser,Jonathan Immanuel Brachthäuser,POPL,POPL,2024,POPL 2024,0,2024,ICFP,ICFP,False,0,8.0,45.0,17.77777777777778,W4401597214,Abstracting Effect Systems for Algebraic Effect Handlers,T. Yoshioka; Taro Sekiyama; Atsushi Igarashi,https://doi.org/10.1145/3674641,W3039827481,,,Jonathan Immanuel Brachthäuser,A5027088540,0000-0001-9128-0391,2020.0,4.0,openalex_author_id,A5027088540,middle,False,False,,,1.0,1
9,168,jonathanbrachthauser,Jonathan Immanuel Brachthäuser,POPL,POPL,2024,POPL 2024,0,2024,ICFP,ICFP,False,0,8.0,45.0,17.77777777777778,W4401597214,Abstracting Effect Systems for Algebraic Effect Handlers,T. Yoshioka; Taro Sekiyama; Atsushi Igarashi,https://doi.org/10.1145/3674641,W3107145433,,,Jonathan Immanuel Brachthäuser,A5027088540,0000-0001-9128-0391,2020.0,4.0,openalex_author_id,A5027088540,first,False,False,,,1.0,1
9,168,jonathanbrachthauser,Jonathan Immanuel Brachthäuser,POPL,POPL,2024,POPL 2024,0,2024,ICFP,ICFP,False,0,8.0,45.0,17.77777777777778,W4401597214,Abstracting Effect Systems for Algebraic Effect Handlers,T. Yoshioka; Taro Sekiyama; Atsushi Igarashi,https://doi.org/10.1145/3674641,W4282044797,,,Jonathan Immanuel Brachthäuser,A5027088540,0000-0001-9128-0391,2022.0,2.0,openalex_author_id,A5027088540,middle,False,False,,,1.0,1
9,168,jonathanbrachthauser,Jonathan Immanuel Brachthäuser,POPL,POPL,2024,POPL 2024,0,2024,ICFP,ICFP,False,0,8.0,45.0,17.77777777777778,W4401596976,Grokking the Sequent Calculus (Functional Pearl),David A. Binder; Marco Tzschentke; Marius Müller; Klaus Ostermann,https://doi.org/10.1145/3674639,W3107145433,,,Jonathan Immanuel Brachthäuser,A5027088540,0000-0001-9128-0391,2020.0,4.0,openalex_author_id,A5027088540,first,False,True,A5049077225,Jonathan Immanuel Brachthäuser; Klaus Ostermann; Philipp Schuster,1.0,1
9,168,jonathanbrachthauser,Jonathan Immanuel Brachthäuser,POPL,POPL,2024,POPL 2024,0,2024,ICFP,ICFP,False,0,8.0,45.0,17.77777777777778,W4401597351,Parallel Algebraic Effect Handlers,Ningning Xie; Daniel Johnson; Dougal Maclaurin; Adam Paszke,https://doi.org/10.1145/3674651,W3039827481,,,Jonathan Immanuel Brachthäuser,A5027088540,0000-0001-9128-0391,2020.0,4.0,openalex_author_id,A5027088540,middle,False,True,A5008249278,Daan Leijen; Daniel Hillerström; Jonathan Immanuel Brachthäuser; Ningning Xie; Philipp Schuster,1.0,1
9,168,jonathanbrachthauser,Jonathan Immanuel Brachthäuser,POPL,POPL,2024,POPL 2024,0,2024,ICFP,ICFP,False,0,8.0,45.0,17.77777777777778,W4401597351,Parallel Algebraic Effect Handlers,Ningning Xie; Daniel Johnson; Dougal Maclaurin; Adam Paszke,https://doi.org/10.1145/3674651,W3107145433,,,Jonathan Immanuel Brachthäuser,A5027088540,0000-0001-9128-0391,2020.0,4.0,openalex_author_id,A5027088540,first,False,False,,,1.0,1
9,168,jonathanbrachthauser,Jonathan Immanuel Brachthäuser,POPL,POPL,2024,POPL 2024,0,2024,ICFP,ICFP,False,0,8.0,45.0,17.77777777777778,W4401596851,Specification and Verification for Unrestricted Algebraic Effects and Handling,Yahui Song; Darius Foo; Wei-Ngan Chin,https://doi.org/10.1145/3674656,W2762412788,,,Jonathan Immanuel Brachthäuser,A5027088540,0000-0001-9128-0391,2017.0,7.0,openalex_author_id,A5027088540,first,False,False,,,1.0,1
9,168,jonathanbrachthauser,Jonathan Immanuel Brachthäuser,POPL,POPL,2024,POPL 2024,0,2024,ICFP,ICFP,False,0,8.0,45.0,17.77777777777778,W4401596851,Specification and Verification for Unrestricted Algebraic Effects and Handling,Yahui Song; Darius Foo; Wei-Ngan Chin,https://doi.org/10.1145/3674656,W3107145433,,,Jonathan Immanuel Brachthäuser,A5027088540,0000-0001-9128-0391,2020.0,4.0,openalex_author_id,A5027088540,first,False,False,,,1.0,1
9,170,jonathanbrachthauser,Jonathan Immanuel Brachthäuser,POPL,POPL,2024,POPL 2024,0,2024,OOPSLA,OOPSLA1,False,1,18.0,45.0,40.0,W4396214217,Degrees of Separation: A Flexible Type System for Safe Concurrency,Yichen Xu; Aleksander Boruch-Gruszecki; Martin Odersky,https://doi.org/10.1145/3649853,W3107145433,,,Jonathan Immanuel Brachthäuser,A5027088540,0000-0001-9128-0391,2020.0,4.0,openalex_author_id,A5027088540,first,False,False,,,1.0,1
9,170,jonathanbrachthauser,Jonathan Immanuel Brachthäuser,POPL,POPL,2024,POPL 2024,0,2024,OOPSLA,OOPSLA2,False,1,18.0,45.0,40.0,W4403223564,Effect Handlers for C via Coroutines,Mario Alvarez-Picallo; Teodoro Freund; Dan R. Ghica; Sam Lindley,https://doi.org/10.1145/3689798,W3047512562,,,Jonathan Immanuel Brachthäuser,A5027088540,0000-0001-9128-0391,2020.0,4.0,openalex_author_id,A5027088540,middle,False,False,,,1.0,1
9,170,jonathanbrachthauser,Jonathan Immanuel Brachthäuser,POPL,POPL,2024,POPL 2024,0,2024,OOPSLA,OOPSLA2,False,1,18.0,45.0,40.0,W4403223291,Effects and Coeffects in Call-by-Push-Value,Cassia Torczon; Emmanuel Suárez Acevedo; Shubh Agrawal; Joey Velez‐Ginorio; Stephanie Weirich,https://doi.org/10.1145/3689750,W4225138414,,,Jonathan Immanuel Brachthäuser,A5027088540,0000-0001-9128-0391,2022.0,2.0,openalex_author_id,A5027088540,first,False,False,,,1.0,1
9,170,jonathanbrachthauser,Jonathan Immanuel Brachthäuser,POPL,POPL,2024,POPL 2024,0,2024,OOPSLA,OOPSLA2,False,1,18.0,45.0,40.0,W4403223350,Gradient: Gradual Compartmentalization via Object Capabilities Tracked in Types,Aleksander Boruch-Gruszecki; Adrien Ghosn; Mathias Payer; Clément Pit-Claudel,https://doi.org/10.1145/3689751,W4225138414,,,Jonathan Immanuel Brachthäuser,A5027088540,0000-0001-9128-0391,2022.0,2.0,openalex_author_id,A5027088540,first,False,True,A5015563137,Aleksander Boruch-Gruszecki; Edward Lee; Jonathan Immanuel Brachthäuser; Philipp Schuster,1.0,1
9,170,jonathanbrachthauser,Jonathan Immanuel Brachthäuser,POPL,POPL,2024,POPL 2024,0,2024,OOPSLA,OOPSLA2,False,1,18.0,45.0,40.0,W4403223282,Higher-Order Model Checking of Effect-Handling Programs with Answer-Type Modification,Taro Sekiyama; Hiroshi Unno,https://doi.org/10.1145/3689805,W3047512562,,,Jonathan Immanuel Brachthäuser,A5027088540,0000-0001-9128-0391,2020.0,4.0,openalex_author_id,A5027088540,middle,False,False,,,1.0,1
9,170,jonathanbrachthauser,Jonathan Immanuel Brachthäuser,POPL,POPL,2024,POPL 2024,0,2024,OOPSLA,OOPSLA2,False,1,18.0,45.0,40.0,W4403223459,Imperative Compositional Programming: Type Sound Distributive Intersection Subtyping with References via Bidirectional Typing,Wenjia Ye; Yaozhu Sun; Bruno C. d. S. Oliveira,https://doi.org/10.1145/3689782,W2075200505,,,Jonathan Immanuel Brachthäuser,A5027088540,0000-0001-9128-0391,2014.0,10.0,openalex_author_id,A5027088540,middle,False,False,,,1.0,1
9,170,jonathanbrachthauser,Jonathan Immanuel Brachthäuser,POPL,POPL,2024,POPL 2024,0,2024,OOPSLA,OOPSLA2,False,1,18.0,45.0,40.0,W4403223110,"Lexical Effect Handlers, Directly",Cong Ma; Zhaoyi Ge; Edward Lee; Yizhou Zhang,https://doi.org/10.1145/3689770,W3014236027,,,Jonathan Immanuel Brachthäuser,A5027088540,0000-0001-9128-0391,2020.0,4.0,openalex_author_id,A5027088540,first,False,False,,,1.0,1
9,170,jonathanbrachthauser,Jonathan Immanuel Brachthäuser,POPL,POPL,2024,POPL 2024,0,2024,OOPSLA,OOPSLA2,False,1,18.0,45.0,40.0,W4403223110,"Lexical Effect Handlers, Directly",Cong Ma; Zhaoyi Ge; Edward Lee; Yizhou Zhang,https://doi.org/10.1145/3689770,W3039827481,,,Jonathan Immanuel Brachthäuser,A5027088540,0000-0001-9128-0391,2020.0,4.0,openalex_author_id,A5027088540,middle,False,False,,,1.0,1
9,170,jonathanbrachthauser,Jonathan Immanuel Brachthäuser,POPL,POPL,2024,POPL 2024,0,2024,OOPSLA,OOPSLA2,False,1,18.0,45.0,40.0,W4403223110,"Lexical Effect Handlers, Directly",Cong Ma; Zhaoyi Ge; Edward Lee; Yizhou Zhang,https://doi.org/10.1145/3689770,W3107145433,,,Jonathan Immanuel Brachthäuser,A5027088540,0000-0001-9128-0391,2020.0,4.0,openalex_author_id,A5027088540,first,False,False,,,1.0,1
9,170,jonathanbrachthauser,Jonathan Immanuel Brachthäuser,POPL,POPL,2024,POPL 2024,0,2024,OOPSLA,OOPSLA2,False,1,18.0,45.0,40.0,W4403223110,"Lexical Effect Handlers, Directly",Cong Ma; Zhaoyi Ge; Edward Lee; Yizhou Zhang,https://doi.org/10.1145/3689770,W4225138414,,,Jonathan Immanuel Brachthäuser,A5027088540,0000-0001-9128-0391,2022.0,2.0,openalex_author_id,A5027088540,first,False,True,A5100670396,Aleksander Boruch-Gruszecki; Edward Lee; Jonathan Immanuel Brachthäuser; Philipp Schuster,1.0,1
9,170,jonathanbrachthauser,Jonathan Immanuel Brachthäuser,POPL,POPL,2024,POPL 2024,0,2024,OOPSLA,OOPSLA2,False,1,18.0,45.0,40.0,W4403223110,"Lexical Effect Handlers, Directly",Cong Ma; Zhaoyi Ge; Edward Lee; Yizhou Zhang,https://doi.org/10.1145/3689770,W4282044797,,,Jonathan Immanuel Brachthäuser,A5027088540,0000-0001-9128-0391,2022.0,2.0,openalex_author_id,A5027088540,middle,False,False,,,1.0,1
9,170,jonathanbrachthauser,Jonathan Immanuel Brachthäuser,POPL,POPL,2024,POPL 2024,0,2024,OOPSLA,OOPSLA2,False,1,18.0,45.0,40.0,W4403223110,"Lexical Effect Handlers, Directly",Cong Ma; Zhaoyi Ge; Edward Lee; Yizhou Zhang,https://doi.org/10.1145/3689770,W4387667016,,,Jonathan Immanuel Brachthäuser,A5027088540,0000-0001-9128-0391,2023.0,1.0,openalex_author_id,A5027088540,last,False,False,,,1.0,1
9,170,jonathanbrachthauser,Jonathan Immanuel Brachthäuser,POPL,POPL,2024,POPL 2024,0,2024,OOPSLA,OOPSLA1,False,1,18.0,45.0,40.0,W4396214258,Qualifying System F<sub>&lt;:</sub>: Some Terms and Conditions May Apply,Edward Lee; Yaoyu Zhao; Ondřej Lhoták; James You; Kavin Satheeskumar; Jonathan Immanuel Brachthäuser,https://doi.org/10.1145/3649832,W3164281491,,,Jonathan Immanuel Brachthäuser,A5027088540,0000-0001-9128-0391,2021.0,3.0,openalex_author_id,A5027088540,middle,True,True,A5027088540; A5039616179; A5100670396,Aleksander Boruch-Gruszecki; Edward Lee; Jonathan Immanuel Brachthäuser; Ondřej Lhoták,1.0,1
9,170,jonathanbrachthauser,Jonathan Immanuel Brachthäuser,POPL,POPL,2024,POPL 2024,0,2024,OOPSLA,OOPSLA1,False,1,18.0,45.0,40.0,W4396214258,Qualifying System F<sub>&lt;:</sub>: Some Terms and Conditions May Apply,Edward Lee; Yaoyu Zhao; Ondřej Lhoták; James You; Kavin Satheeskumar; Jonathan Immanuel Brachthäuser,https://doi.org/10.1145/3649832,W3206286249,,,Jonathan Immanuel Brachthäuser,A5027088540,0000-0001-9128-0391,2021.0,3.0,openalex_author_id,A5027088540,middle,True,True,A5027088540; A5039616179; A5100670396,Aleksander Boruch-Gruszecki; Edward Lee; Jonathan Immanuel Brachthäuser; Martin Odersky; Ondřej Lhoták,1.0,1
9,170,jonathanbrachthauser,Jonathan Immanuel Brachthäuser,POPL,POPL,2024,POPL 2024,0,2024,OOPSLA,OOPSLA1,False,1,18.0,45.0,40.0,W4396214258,Qualifying System F<sub>&lt;:</sub>: Some Terms and Conditions May Apply,Edward Lee; Yaoyu Zhao; Ondřej Lhoták; James You; Kavin Satheeskumar; Jonathan Immanuel Brachthäuser,https://doi.org/10.1145/3649832,W4386317475,,,Jonathan Immanuel Brachthäuser,A5027088540,0000-0001-9128-0391,2023.0,1.0,openalex_author_id,A5027088540,last,True,True,A5027088540,Jonathan Immanuel Brachthäuser; Magnus Madsen; Matthew Lutze; Philipp Schuster,1.0,1
9,170,jonathanbrachthauser,Jonathan Immanuel Brachthäuser,POPL,POPL,2024,POPL 2024,0,2024,OOPSLA,OOPSLA1,False,1,18.0,45.0,40.0,W4396214258,Qualifying System F<sub>&lt;:</sub>: Some Terms and Conditions May Apply,Edward Lee; Yaoyu Zhao; Ondřej Lhoták; James You; Kavin Satheeskumar; Jonathan Immanuel Brachthäuser,https://doi.org/10.1145/3649832,W4396215546,,,Jonathan Immanuel Brachthäuser,A5027088540,0000-0001-9128-0391,2024.0,0.0,openalex_author_id,A5027088540,last,True,True,A5022424250; A5027088540; A5039616179; A5092462125; A5100670396,Edward Lee; James You; Jonathan Immanuel Brachthäuser; Kavin Satheeskumar; Ondřej Lhoták; Yaoyu Zhao,1.0,1
9,170,jonathanbrachthauser,Jonathan Immanuel Brachthäuser,POPL,POPL,2024,POPL 2024,0,2024,OOPSLA,OOPSLA2,False,1,18.0,45.0,40.0,W4403223401,The Ultimate Conditional Syntax,L. Cheng; Lionel Parreaux,https://doi.org/10.1145/3689746,W3107145433,,,Jonathan Immanuel Brachthäuser,A5027088540,0000-0001-9128-0391,2020.0,4.0,openalex_author_id,A5027088540,first,False,False,,,1.0,1
9,170,jonathanbrachthauser,Jonathan Immanuel Brachthäuser,POPL,POPL,2024,POPL 2024,0,2024,OOPSLA,OOPSLA2,False,1,18.0,45.0,40.0,W4403223401,The Ultimate Conditional Syntax,L. Cheng; Lionel Parreaux,https://doi.org/10.1145/3689746,W4225138414,,,Jonathan Immanuel Brachthäuser,A5027088540,0000-0001-9128-0391,2022.0,2.0,openalex_author_id,A5027088540,first,False,False,,,1.0,1
9,171,jonathanbrachthauser,Jonathan Immanuel Brachthäuser,POPL,POPL,2024,POPL 2024,0,2024,PLDI,PLDI,False,0,3.0,45.0,6.666666666666667,W4399851335,Associated Effects: Flexible Abstractions for Effectful Programming,Matthew Lutze; Magnus Madsen,https://doi.org/10.1145/3656393,W2898332157,,,Jonathan Immanuel Brachthäuser,A5027088540,0000-0001-9128-0391,2018.0,6.0,openalex_author_id,A5027088540,first,False,False,,,1.0,1
9,171,jonathanbrachthauser,Jonathan Immanuel Brachthäuser,POPL,POPL,2024,POPL 2024,0,2024,PLDI,PLDI,False,0,3.0,45.0,6.666666666666667,W4399851335,Associated Effects: Flexible Abstractions for Effectful Programming,Matthew Lutze; Magnus Madsen,https://doi.org/10.1145/3656393,W3014236027,,,Jonathan Immanuel Brachthäuser,A5027088540,0000-0001-9128-0391,2020.0,4.0,openalex_author_id,A5027088540,first,False,False,,,1.0,1
9,171,jonathanbrachthauser,Jonathan Immanuel Brachthäuser,POPL,POPL,2024,POPL 2024,0,2024,PLDI,PLDI,False,0,3.0,45.0,6.666666666666667,W4399851335,Associated Effects: Flexible Abstractions for Effectful Programming,Matthew Lutze; Magnus Madsen,https://doi.org/10.1145/3656393,W4386317475,,,Jonathan Immanuel Brachthäuser,A5027088540,0000-0001-9128-0391,2023.0,1.0,openalex_author_id,A5027088540,last,False,True,A5017654779; A5034330109,Jonathan Immanuel Brachthäuser; Magnus Madsen; Matthew Lutze; Philipp Schuster,1.0,1
9,169,jonathanbrachthauser,Jonathan Immanuel Brachthäuser,POPL,POPL,2024,POPL 2024,0,2024,POPL,POPL,True,1,16.0,45.0,35.55555555555556,W4390605103,Algebraic Effects Meet Hoare Logic in Cubical Agda,Donnacha Oisín Kidney; Zhixuan Yang; Nicolas Wu,https://doi.org/10.1145/3632898,W2898332157,,,Jonathan Immanuel Brachthäuser,A5027088540,0000-0001-9128-0391,2018.0,6.0,openalex_author_id,A5027088540,first,False,False,,,1.0,1
9,169,jonathanbrachthauser,Jonathan Immanuel Brachthäuser,POPL,POPL,2024,POPL 2024,0,2024,POPL,POPL,True,1,16.0,45.0,35.55555555555556,W4390605103,Algebraic Effects Meet Hoare Logic in Cubical Agda,Donnacha Oisín Kidney; Zhixuan Yang; Nicolas Wu,https://doi.org/10.1145/3632898,W3047512562,,,Jonathan Immanuel Brachthäuser,A5027088540,0000-0001-9128-0391,2020.0,4.0,openalex_author_id,A5027088540,middle,False,False,,,1.0,1
9,169,jonathanbrachthauser,Jonathan Immanuel Brachthäuser,POPL,POPL,2024,POPL 2024,0,2024,POPL,POPL,True,1,16.0,45.0,35.55555555555556,W4390605103,Algebraic Effects Meet Hoare Logic in Cubical Agda,Donnacha Oisín Kidney; Zhixuan Yang; Nicolas Wu,https://doi.org/10.1145/3632898,W4282044797,,,Jonathan Immanuel Brachthäuser,A5027088540,0000-0001-9128-0391,2022.0,2.0,openalex_author_id,A5027088540,middle,False,False,,,1.0,1
9,169,jonathanbrachthauser,Jonathan Immanuel Brachthäuser,POPL,POPL,2024,POPL 2024,0,2024,POPL,POPL,True,1,16.0,45.0,35.55555555555556,W4390603516,Effectful Software Contracts,Cameron Moy; Christos Dimoulas; Matthias Felleisen,https://doi.org/10.1145/3632930,W3039827481,,,Jonathan Immanuel Brachthäuser,A5027088540,0000-0001-9128-0391,2020.0,4.0,openalex_author_id,A5027088540,middle,False,False,,,1.0,1
9,169,jonathanbrachthauser,Jonathan Immanuel Brachthäuser,POPL,POPL,2024,POPL 2024,0,2024,POPL,POPL,True,1,16.0,45.0,35.55555555555556,W4390603516,Effectful Software Contracts,Cameron Moy; Christos Dimoulas; Matthias Felleisen,https://doi.org/10.1145/3632930,W4225138414,,,Jonathan Immanuel Brachthäuser,A5027088540,0000-0001-9128-0391,2022.0,2.0,openalex_author_id,A5027088540,first,False,False,,,1.0,1
9,169,jonathanbrachthauser,Jonathan Immanuel Brachthäuser,POPL,POPL,2024,POPL 2024,0,2024,POPL,POPL,True,1,16.0,45.0,35.55555555555556,W4390604785,Explicit Effects and Effect Constraints in ReML,Martin Elsman,https://doi.org/10.1145/3632921,W3014236027,,,Jonathan Immanuel Brachthäuser,A5027088540,0000-0001-9128-0391,2020.0,4.0,openalex_author_id,A5027088540,first,False,False,,,1.0,1
9,169,jonathanbrachthauser,Jonathan Immanuel Brachthäuser,POPL,POPL,2024,POPL 2024,0,2024,POPL,POPL,True,1,16.0,45.0,35.55555555555556,W4390604785,Explicit Effects and Effect Constraints in ReML,Martin Elsman,https://doi.org/10.1145/3632921,W3107145433,,,Jonathan Immanuel Brachthäuser,A5027088540,0000-0001-9128-0391,2020.0,4.0,openalex_author_id,A5027088540,first,False,False,,,1.0,1
9,169,jonathanbrachthauser,Jonathan Immanuel Brachthäuser,POPL,POPL,2024,POPL 2024,0,2024,POPL,POPL,True,1,16.0,45.0,35.55555555555556,W4390604785,Explicit Effects and Effect Constraints in ReML,Martin Elsman,https://doi.org/10.1145/3632921,W4225138414,,,Jonathan Immanuel Brachthäuser,A5027088540,0000-0001-9128-0391,2022.0,2.0,openalex_author_id,A5027088540,first,False,False,,,1.0,1
9,169,jonathanbrachthauser,Jonathan Immanuel Brachthäuser,POPL,POPL,2024,POPL 2024,0,2024,POPL,POPL,True,1,16.0,45.0,35.55555555555556,W4390604785,Explicit Effects and Effect Constraints in ReML,Martin Elsman,https://doi.org/10.1145/3632921,W4386317475,,,Jonathan Immanuel Brachthäuser,A5027088540,0000-0001-9128-0391,2023.0,1.0,openalex_author_id,A5027088540,last,False,False,,,1.0,1
9,169,jonathanbrachthauser,Jonathan Immanuel Brachthäuser,POPL,POPL,2024,POPL 2024,0,2024,POPL,POPL,True,1,16.0,45.0,35.55555555555556,W4390605114,"Polymorphic Reachability Types: Tracking Freshness, Aliasing, and Separation in Higher-Order Generic Programs",Guannan Wei; Oliver Bračevac; Songlin Jia; Yuyan Bao; Tiark Rompf,https://doi.org/10.1145/3632856,W3107145433,,,Jonathan Immanuel Brachthäuser,A5027088540,0000-0001-9128-0391,2020.0,4.0,openalex_author_id,A5027088540,first,False,False,,,1.0,1
9,169,jonathanbrachthauser,Jonathan Immanuel Brachthäuser,POPL,POPL,2024,POPL 2024,0,2024,POPL,POPL,True,1,16.0,45.0,35.55555555555556,W4390605114,"Polymorphic Reachability Types: Tracking Freshness, Aliasing, and Separation in Higher-Order Generic Programs",Guannan Wei; Oliver Bračevac; Songlin Jia; Yuyan Bao; Tiark Rompf,https://doi.org/10.1145/3632856,W3206286249,,,Jonathan Immanuel Brachthäuser,A5027088540,0000-0001-9128-0391,2021.0,3.0,openalex_author_id,A5027088540,middle,False,False,,,1.0,1
9,169,jonathanbrachthauser,Jonathan Immanuel Brachthäuser,POPL,POPL,2024,POPL 2024,0,2024,POPL,POPL,True,1,16.0,45.0,35.55555555555556,W4390605114,"Polymorphic Reachability Types: Tracking Freshness, Aliasing, and Separation in Higher-Order Generic Programs",Guannan Wei; Oliver Bračevac; Songlin Jia; Yuyan Bao; Tiark Rompf,https://doi.org/10.1145/3632856,W4225138414,,,Jonathan Immanuel Brachthäuser,A5027088540,0000-0001-9128-0391,2022.0,2.0,openalex_author_id,A5027088540,first,False,False,,,1.0,1
9,169,jonathanbrachthauser,Jonathan Immanuel Brachthäuser,POPL,POPL,2024,POPL 2024,0,2024,POPL,POPL,True,1,16.0,45.0,35.55555555555556,W4323076498,Securing Verified IO Programs Against Unverified Code in F*,Cezar-Constantin Andrici; Ştefan Ciobâcă; Cătălin Hriţcu; Guido Martínez; Exequiel Rivas; Éric Tanter; Théo Winterhalter,https://doi.org/10.1145/3632916,W3107145433,,,Jonathan Immanuel Brachthäuser,A5027088540,0000-0001-9128-0391,2020.0,4.0,openalex_author_id,A5027088540,first,False,False,,,1.0,1
9,169,jonathanbrachthauser,Jonathan Immanuel Brachthäuser,POPL,POPL,2024,POPL 2024,0,2024,POPL,POPL,True,1,16.0,45.0,35.55555555555556,W4384811769,Soundly Handling Linearity,Wenhao Tang; Daniel Hillerström; Sam Lindley; J. Garrett Morris,https://doi.org/10.1145/3632896,W3107145433,,,Jonathan Immanuel Brachthäuser,A5027088540,0000-0001-9128-0391,2020.0,4.0,openalex_author_id,A5027088540,first,False,False,,,1.0,1
9,169,jonathanbrachthauser,Jonathan Immanuel Brachthäuser,POPL,POPL,2024,POPL 2024,0,2024,POPL,POPL,True,1,16.0,45.0,35.55555555555556,W4390604815,Total Type Error Localization and Recovery with Holes,Eric Zhao; Raef Maroof; A Ambedkar Dukkipati; Andrew Blinn; Zhiyi Pan; Cyrus Omar,https://doi.org/10.1145/3632910,W4387667108,,,Jonathan Immanuel Brachthäuser,A5027088540,0000-0001-9128-0391,2023.0,1.0,openalex_author_id,A5027088540,last,False,False,,,1.0,1
9,169,jonathanbrachthauser,Jonathan Immanuel Brachthäuser,POPL,POPL,2024,POPL 2024,0,2024,POPL,POPL,True,1,16.0,45.0,35.55555555555556,W4390604884,When Subtyping Constraints Liberate: A Novel Type Inference Approach for First-Class Polymorphism,Lionel Parreaux; Aleksander Boruch-Gruszecki; Andong Fan; Chun Yin Chau,https://doi.org/10.1145/3632890,W4387667108,,,Jonathan Immanuel Brachthäuser,A5027088540,0000-0001-9128-0391,2023.0,1.0,openalex_author_id,A5027088540,last,False,True,A5002106868,David A. Binder; Ishan Bhanuka; Jonathan Immanuel Brachthäuser; Lionel Parreaux,1.0,1
9,172,jonathanbrachthauser,Jonathan Immanuel Brachthäuser,POPL,POPL,2024,POPL 2024,1,2025,ICFP,ICFP,False,1,6.0,48.0,12.5,W4412989434,Multi-stage Programming with Splice Variables,Tsung-Ju Chiang; Ningning Xie,https://doi.org/10.1145/3747518,W3216635194,,,Jonathan Immanuel Brachthäuser,A5027088540,0000-0001-9128-0391,2021.0,4.0,openalex_author_id,A5027088540,middle,False,False,,,1.0,1
9,172,jonathanbrachthauser,Jonathan Immanuel Brachthäuser,POPL,POPL,2024,POPL 2024,1,2025,ICFP,ICFP,False,1,6.0,48.0,12.5,W4412989167,"Multiple Resumptions and Local Mutable State, Directly",Serkan Muhcu; Philipp Schuster; Michel Steuwer; Jonathan Immanuel Brachthäuser,https://doi.org/10.1145/3747529,W2898332157,,,Jonathan Immanuel Brachthäuser,A5027088540,0000-0001-9128-0391,2018.0,7.0,openalex_author_id,A5027088540,first,True,True,A5027088540; A5029318181,Jonathan Immanuel Brachthäuser; Klaus Ostermann; Philipp Schuster,1.0,1
9,172,jonathanbrachthauser,Jonathan Immanuel Brachthäuser,POPL,POPL,2024,POPL 2024,1,2025,ICFP,ICFP,False,1,6.0,48.0,12.5,W4412989167,"Multiple Resumptions and Local Mutable State, Directly",Serkan Muhcu; Philipp Schuster; Michel Steuwer; Jonathan Immanuel Brachthäuser,https://doi.org/10.1145/3747529,W3107145433,,,Jonathan Immanuel Brachthäuser,A5027088540,0000-0001-9128-0391,2020.0,5.0,openalex_author_id,A5027088540,first,True,True,A5027088540; A5029318181,Jonathan Immanuel Brachthäuser; Klaus Ostermann; Philipp Schuster,1.0,1
9,172,jonathanbrachthauser,Jonathan Immanuel Brachthäuser,POPL,POPL,2024,POPL 2024,1,2025,ICFP,ICFP,False,1,6.0,48.0,12.5,W4412989167,"Multiple Resumptions and Local Mutable State, Directly",Serkan Muhcu; Philipp Schuster; Michel Steuwer; Jonathan Immanuel Brachthäuser,https://doi.org/10.1145/3747529,W4225138414,,,Jonathan Immanuel Brachthäuser,A5027088540,0000-0001-9128-0391,2022.0,3.0,openalex_author_id,A5027088540,first,True,True,A5027088540; A5029318181,Aleksander Boruch-Gruszecki; Edward Lee; Jonathan Immanuel Brachthäuser; Philipp Schuster,1.0,1
9,172,jonathanbrachthauser,Jonathan Immanuel Brachthäuser,POPL,POPL,2024,POPL 2024,1,2025,ICFP,ICFP,False,1,6.0,48.0,12.5,W4412989167,"Multiple Resumptions and Local Mutable State, Directly",Serkan Muhcu; Philipp Schuster; Michel Steuwer; Jonathan Immanuel Brachthäuser,https://doi.org/10.1145/3747529,W4226214097,,,Jonathan Immanuel Brachthäuser,A5027088540,0000-0001-9128-0391,2022.0,3.0,openalex_author_id,A5027088540,middle,True,True,A5027088540; A5029318181,Jonathan Immanuel Brachthäuser; Klaus Ostermann; Philipp Schuster,1.0,1
9,172,jonathanbrachthauser,Jonathan Immanuel Brachthäuser,POPL,POPL,2024,POPL 2024,1,2025,ICFP,ICFP,False,1,6.0,48.0,12.5,W4412989167,"Multiple Resumptions and Local Mutable State, Directly",Serkan Muhcu; Philipp Schuster; Michel Steuwer; Jonathan Immanuel Brachthäuser,https://doi.org/10.1145/3747529,W4387667016,,,Jonathan Immanuel Brachthäuser,A5027088540,0000-0001-9128-0391,2023.0,2.0,openalex_author_id,A5027088540,last,True,True,A5027088540; A5029318181,Jonathan Immanuel Brachthäuser; Jonathan Lindegaard Starup; Klaus Ostermann; Marius Müller; Philipp Schuster,1.0,1
9,174,jonathanbrachthauser,Jonathan Immanuel Brachthäuser,POPL,POPL,2024,POPL 2024,1,2025,OOPSLA,OOPSLA2,False,0,38.0,48.0,79.16666666666666,W4415007631,A Lightweight Type-and-Effect System for Invalidation Safety: Tracking Permanent and Temporary Invalidation with Constraint-Based Subtype Inference,Cunyuan Gao; Lionel Parreaux,https://doi.org/10.1145/3763144,W3107145433,,,Jonathan Immanuel Brachthäuser,A5027088540,0000-0001-9128-0391,2020.0,5.0,openalex_author_id,A5027088540,first,False,False,,,1.0,1
9,174,jonathanbrachthauser,Jonathan Immanuel Brachthäuser,POPL,POPL,2024,POPL 2024,1,2025,OOPSLA,OOPSLA2,False,0,38.0,48.0,79.16666666666666,W4415007631,A Lightweight Type-and-Effect System for Invalidation Safety: Tracking Permanent and Temporary Invalidation with Constraint-Based Subtype Inference,Cunyuan Gao; Lionel Parreaux,https://doi.org/10.1145/3763144,W3164281491,,,Jonathan Immanuel Brachthäuser,A5027088540,0000-0001-9128-0391,2021.0,4.0,openalex_author_id,A5027088540,middle,False,False,,,1.0,1
9,174,jonathanbrachthauser,Jonathan Immanuel Brachthäuser,POPL,POPL,2024,POPL 2024,1,2025,OOPSLA,OOPSLA2,False,0,38.0,48.0,79.16666666666666,W4415007631,A Lightweight Type-and-Effect System for Invalidation Safety: Tracking Permanent and Temporary Invalidation with Constraint-Based Subtype Inference,Cunyuan Gao; Lionel Parreaux,https://doi.org/10.1145/3763144,W4225138414,,,Jonathan Immanuel Brachthäuser,A5027088540,0000-0001-9128-0391,2022.0,3.0,openalex_author_id,A5027088540,first,False,False,,,1.0,1
9,174,jonathanbrachthauser,Jonathan Immanuel Brachthäuser,POPL,POPL,2024,POPL 2024,1,2025,OOPSLA,OOPSLA2,False,0,38.0,48.0,79.16666666666666,W4415007631,A Lightweight Type-and-Effect System for Invalidation Safety: Tracking Permanent and Temporary Invalidation with Constraint-Based Subtype Inference,Cunyuan Gao; Lionel Parreaux,https://doi.org/10.1145/3763144,W4386317475,,,Jonathan Immanuel Brachthäuser,A5027088540,0000-0001-9128-0391,2023.0,2.0,openalex_author_id,A5027088540,last,False,False,,,1.0,1
9,174,jonathanbrachthauser,Jonathan Immanuel Brachthäuser,POPL,POPL,2024,POPL 2024,1,2025,OOPSLA,OOPSLA2,False,0,38.0,48.0,79.16666666666666,W4415007631,A Lightweight Type-and-Effect System for Invalidation Safety: Tracking Permanent and Temporary Invalidation with Constraint-Based Subtype Inference,Cunyuan Gao; Lionel Parreaux,https://doi.org/10.1145/3763144,W4387667016,,,Jonathan Immanuel Brachthäuser,A5027088540,0000-0001-9128-0391,2023.0,2.0,openalex_author_id,A5027088540,last,False,False,,,1.0,1
9,174,jonathanbrachthauser,Jonathan Immanuel Brachthäuser,POPL,POPL,2024,POPL 2024,1,2025,OOPSLA,OOPSLA2,False,0,38.0,48.0,79.16666666666666,W4415007631,A Lightweight Type-and-Effect System for Invalidation Safety: Tracking Permanent and Temporary Invalidation with Constraint-Based Subtype Inference,Cunyuan Gao; Lionel Parreaux,https://doi.org/10.1145/3763144,W4387667108,,,Jonathan Immanuel Brachthäuser,A5027088540,0000-0001-9128-0391,2023.0,2.0,openalex_author_id,A5027088540,last,False,True,A5002106868,David A. Binder; Ishan Bhanuka; Jonathan Immanuel Brachthäuser; Lionel Parreaux,1.0,1
9,174,jonathanbrachthauser,Jonathan Immanuel Brachthäuser,POPL,POPL,2024,POPL 2024,1,2025,OOPSLA,OOPSLA1,False,0,38.0,48.0,79.16666666666666,W4409311147,Code Style Sheets: CSS for Code,Sam Cohen; Ravi Chugh,https://doi.org/10.1145/3720421,W4387667108,,,Jonathan Immanuel Brachthäuser,A5027088540,0000-0001-9128-0391,2023.0,2.0,openalex_author_id,A5027088540,last,False,False,,,1.0,1
9,174,jonathanbrachthauser,Jonathan Immanuel Brachthäuser,POPL,POPL,2024,POPL 2024,1,2025,OOPSLA,OOPSLA1,False,0,38.0,48.0,79.16666666666666,W4409310758,Compiling Classical Sequent Calculus to Stock Hardware: The Duality of Compilation,Philipp Schuster; Marius Müller; Klaus Ostermann; Jonathan Immanuel Brachthäuser,https://doi.org/10.1145/3720507,W4409310758,,,Jonathan Immanuel Brachthäuser,A5027088540,0000-0001-9128-0391,2025.0,0.0,openalex_author_id,A5027088540,last,True,True,A5027088540; A5029318181; A5029879693; A5049077225,Jonathan Immanuel Brachthäuser; Klaus Ostermann; Marius Müller; Philipp Schuster,1.0,1
9,174,jonathanbrachthauser,Jonathan Immanuel Brachthäuser,POPL,POPL,2024,POPL 2024,1,2025,OOPSLA,OOPSLA2,False,0,38.0,48.0,79.16666666666666,W4415007071,Dynamic Wind for Effect Handlers,David Q. Voigt; Philipp Schuster; Jonathan Immanuel Brachthäuser,https://doi.org/10.1145/3763155,W3107145433,,,Jonathan Immanuel Brachthäuser,A5027088540,0000-0001-9128-0391,2020.0,5.0,openalex_author_id,A5027088540,first,True,True,A5027088540; A5029318181,Jonathan Immanuel Brachthäuser; Klaus Ostermann; Philipp Schuster,1.0,1
9,174,jonathanbrachthauser,Jonathan Immanuel Brachthäuser,POPL,POPL,2024,POPL 2024,1,2025,OOPSLA,OOPSLA2,False,0,38.0,48.0,79.16666666666666,W4415007071,Dynamic Wind for Effect Handlers,David Q. Voigt; Philipp Schuster; Jonathan Immanuel Brachthäuser,https://doi.org/10.1145/3763155,W4225138414,,,Jonathan Immanuel Brachthäuser,A5027088540,0000-0001-9128-0391,2022.0,3.0,openalex_author_id,A5027088540,first,True,True,A5027088540; A5029318181,Aleksander Boruch-Gruszecki; Edward Lee; Jonathan Immanuel Brachthäuser; Philipp Schuster,1.0,1
9,174,jonathanbrachthauser,Jonathan Immanuel Brachthäuser,POPL,POPL,2024,POPL 2024,1,2025,OOPSLA,OOPSLA2,False,0,38.0,48.0,79.16666666666666,W4415007071,Dynamic Wind for Effect Handlers,David Q. Voigt; Philipp Schuster; Jonathan Immanuel Brachthäuser,https://doi.org/10.1145/3763155,W4226214097,,,Jonathan Immanuel Brachthäuser,A5027088540,0000-0001-9128-0391,2022.0,3.0,openalex_author_id,A5027088540,middle,True,True,A5027088540; A5029318181,Jonathan Immanuel Brachthäuser; Klaus Ostermann; Philipp Schuster,1.0,1
9,174,jonathanbrachthauser,Jonathan Immanuel Brachthäuser,POPL,POPL,2024,POPL 2024,1,2025,OOPSLA,OOPSLA2,False,0,38.0,48.0,79.16666666666666,W4414978574,Flix: A Design for Language-Integrated Datalog,Magnus Madsen; Ondřej Lhoták,https://doi.org/10.1145/3763126,W4386317475,,,Jonathan Immanuel Brachthäuser,A5027088540,0000-0001-9128-0391,2023.0,2.0,openalex_author_id,A5027088540,last,False,True,A5034330109,Jonathan Immanuel Brachthäuser; Magnus Madsen; Matthew Lutze; Philipp Schuster,1.0,1
9,174,jonathanbrachthauser,Jonathan Immanuel Brachthäuser,POPL,POPL,2024,POPL 2024,1,2025,OOPSLA,OOPSLA1,False,0,38.0,48.0,79.16666666666666,W4409311646,Modal Effect Types,Wenhao Tang; Leo White; Stephen Dolan; Daniel Hillerström; Sam Lindley; Anton Lorenzen,https://doi.org/10.1145/3720476,W3107145433,,,Jonathan Immanuel Brachthäuser,A5027088540,0000-0001-9128-0391,2020.0,5.0,openalex_author_id,A5027088540,first,False,False,,,1.0,1
9,174,jonathanbrachthauser,Jonathan Immanuel Brachthäuser,POPL,POPL,2024,POPL 2024,1,2025,OOPSLA,OOPSLA1,False,0,38.0,48.0,79.16666666666666,W4409311646,Modal Effect Types,Wenhao Tang; Leo White; Stephen Dolan; Daniel Hillerström; Sam Lindley; Anton Lorenzen,https://doi.org/10.1145/3720476,W4225138414,,,Jonathan Immanuel Brachthäuser,A5027088540,0000-0001-9128-0391,2022.0,3.0,openalex_author_id,A5027088540,first,False,False,,,1.0,1
9,174,jonathanbrachthauser,Jonathan Immanuel Brachthäuser,POPL,POPL,2024,POPL 2024,1,2025,OOPSLA,OOPSLA2,False,0,38.0,48.0,79.16666666666666,W4414988696,On Higher-Order Model Checking of Effectful Answer-Type-Polymorphic Programs,Taro Sekiyama; Ugo Dal Lago; Hiroshi Unno,https://doi.org/10.1145/3763184,W2898332157,,,Jonathan Immanuel Brachthäuser,A5027088540,0000-0001-9128-0391,2018.0,7.0,openalex_author_id,A5027088540,first,False,False,,,1.0,1
9,174,jonathanbrachthauser,Jonathan Immanuel Brachthäuser,POPL,POPL,2024,POPL 2024,1,2025,OOPSLA,OOPSLA2,False,0,38.0,48.0,79.16666666666666,W4414988696,On Higher-Order Model Checking of Effectful Answer-Type-Polymorphic Programs,Taro Sekiyama; Ugo Dal Lago; Hiroshi Unno,https://doi.org/10.1145/3763184,W3107145433,,,Jonathan Immanuel Brachthäuser,A5027088540,0000-0001-9128-0391,2020.0,5.0,openalex_author_id,A5027088540,first,False,False,,,1.0,1
9,174,jonathanbrachthauser,Jonathan Immanuel Brachthäuser,POPL,POPL,2024,POPL 2024,1,2025,OOPSLA,OOPSLA2,False,0,38.0,48.0,79.16666666666666,W4414988709,Qualified Types with Boolean Algebras,Edward Lee; Jonathan Lindegaard Starup; Ondřej Lhoták; Magnus Madsen,https://doi.org/10.1145/3763096,W3039827481,,,Jonathan Immanuel Brachthäuser,A5027088540,0000-0001-9128-0391,2020.0,5.0,openalex_author_id,A5027088540,middle,False,False,,,1.0,1
9,174,jonathanbrachthauser,Jonathan Immanuel Brachthäuser,POPL,POPL,2024,POPL 2024,1,2025,OOPSLA,OOPSLA2,False,0,38.0,48.0,79.16666666666666,W4414988709,Qualified Types with Boolean Algebras,Edward Lee; Jonathan Lindegaard Starup; Ondřej Lhoták; Magnus Madsen,https://doi.org/10.1145/3763096,W3107145433,,,Jonathan Immanuel Brachthäuser,A5027088540,0000-0001-9128-0391,2020.0,5.0,openalex_author_id,A5027088540,first,False,False,,,1.0,1
9,174,jonathanbrachthauser,Jonathan Immanuel Brachthäuser,POPL,POPL,2024,POPL 2024,1,2025,OOPSLA,OOPSLA2,False,0,38.0,48.0,79.16666666666666,W4414988709,Qualified Types with Boolean Algebras,Edward Lee; Jonathan Lindegaard Starup; Ondřej Lhoták; Magnus Madsen,https://doi.org/10.1145/3763096,W4225138414,,,Jonathan Immanuel Brachthäuser,A5027088540,0000-0001-9128-0391,2022.0,3.0,openalex_author_id,A5027088540,first,False,True,A5100670396,Aleksander Boruch-Gruszecki; Edward Lee; Jonathan Immanuel Brachthäuser; Philipp Schuster,1.0,1
9,174,jonathanbrachthauser,Jonathan Immanuel Brachthäuser,POPL,POPL,2024,POPL 2024,1,2025,OOPSLA,OOPSLA2,False,0,38.0,48.0,79.16666666666666,W4414988709,Qualified Types with Boolean Algebras,Edward Lee; Jonathan Lindegaard Starup; Ondřej Lhoták; Magnus Madsen,https://doi.org/10.1145/3763096,W4386317475,,,Jonathan Immanuel Brachthäuser,A5027088540,0000-0001-9128-0391,2023.0,2.0,openalex_author_id,A5027088540,last,False,True,A5034330109,Jonathan Immanuel Brachthäuser; Magnus Madsen; Matthew Lutze; Philipp Schuster,1.0,1
9,174,jonathanbrachthauser,Jonathan Immanuel Brachthäuser,POPL,POPL,2024,POPL 2024,1,2025,OOPSLA,OOPSLA2,False,0,38.0,48.0,79.16666666666666,W4414988709,Qualified Types with Boolean Algebras,Edward Lee; Jonathan Lindegaard Starup; Ondřej Lhoták; Magnus Madsen,https://doi.org/10.1145/3763096,W4387667016,,,Jonathan Immanuel Brachthäuser,A5027088540,0000-0001-9128-0391,2023.0,2.0,openalex_author_id,A5027088540,last,False,True,A5051962026,Jonathan Immanuel Brachthäuser; Jonathan Lindegaard Starup; Klaus Ostermann; Marius Müller; Philipp Schuster,1.0,1
9,174,jonathanbrachthauser,Jonathan Immanuel Brachthäuser,POPL,POPL,2024,POPL 2024,1,2025,OOPSLA,OOPSLA2,False,0,38.0,48.0,79.16666666666666,W4414988709,Qualified Types with Boolean Algebras,Edward Lee; Jonathan Lindegaard Starup; Ondřej Lhoták; Magnus Madsen,https://doi.org/10.1145/3763096,W4396214258,,,Jonathan Immanuel Brachthäuser,A5027088540,0000-0001-9128-0391,2024.0,1.0,openalex_author_id,A5027088540,last,False,True,A5039616179; A5100670396,Edward Lee; James You; Jonathan Immanuel Brachthäuser; Kavin Satheeskumar; Ondřej Lhoták; Yaoyu Zhao,1.0,1
9,174,jonathanbrachthauser,Jonathan Immanuel Brachthäuser,POPL,POPL,2024,POPL 2024,1,2025,OOPSLA,OOPSLA2,False,0,38.0,48.0,79.16666666666666,W4415005856,Reasoning about External Calls,Sophia Drossopoulou; Julian Mackay; Susan Eisenbach; James Noble,https://doi.org/10.1145/3763064,W4225138414,,,Jonathan Immanuel Brachthäuser,A5027088540,0000-0001-9128-0391,2022.0,3.0,openalex_author_id,A5027088540,first,False,False,,,1.0,1
9,174,jonathanbrachthauser,Jonathan Immanuel Brachthäuser,POPL,POPL,2024,POPL 2024,1,2025,OOPSLA,OOPSLA2,False,0,38.0,48.0,79.16666666666666,W4415005856,Reasoning about External Calls,Sophia Drossopoulou; Julian Mackay; Susan Eisenbach; James Noble,https://doi.org/10.1145/3763064,W4386317475,,,Jonathan Immanuel Brachthäuser,A5027088540,0000-0001-9128-0391,2023.0,2.0,openalex_author_id,A5027088540,last,False,False,,,1.0,1
9,174,jonathanbrachthauser,Jonathan Immanuel Brachthäuser,POPL,POPL,2024,POPL 2024,1,2025,OOPSLA,OOPSLA1,False,0,38.0,48.0,79.16666666666666,W4409310701,The Simple Essence of Monomorphization,Matthew Lutze; Philipp Schuster; Jonathan Immanuel Brachthäuser,https://doi.org/10.1145/3720472,W4387667108,,,Jonathan Immanuel Brachthäuser,A5027088540,0000-0001-9128-0391,2023.0,2.0,openalex_author_id,A5027088540,last,True,True,A5027088540,David A. Binder; Ishan Bhanuka; Jonathan Immanuel Brachthäuser; Lionel Parreaux,1.0,1
9,174,jonathanbrachthauser,Jonathan Immanuel Brachthäuser,POPL,POPL,2024,POPL 2024,1,2025,OOPSLA,OOPSLA2,False,0,38.0,48.0,79.16666666666666,W4414988762,The Simple Essence of Overloading: Making Ad-Hoc Polymorphism More Algebraic with Flow-Based Variational Type-Checking,Jiří Beneš; Jonathan Immanuel Brachthäuser,https://doi.org/10.1145/3763168,W3107145433,,,Jonathan Immanuel Brachthäuser,A5027088540,0000-0001-9128-0391,2020.0,5.0,openalex_author_id,A5027088540,first,True,True,A5027088540,Jonathan Immanuel Brachthäuser; Klaus Ostermann; Philipp Schuster,1.0,1
9,174,jonathanbrachthauser,Jonathan Immanuel Brachthäuser,POPL,POPL,2024,POPL 2024,1,2025,OOPSLA,OOPSLA2,False,0,38.0,48.0,79.16666666666666,W4414988762,The Simple Essence of Overloading: Making Ad-Hoc Polymorphism More Algebraic with Flow-Based Variational Type-Checking,Jiří Beneš; Jonathan Immanuel Brachthäuser,https://doi.org/10.1145/3763168,W4387667108,,,Jonathan Immanuel Brachthäuser,A5027088540,0000-0001-9128-0391,2023.0,2.0,openalex_author_id,A5027088540,last,True,True,A5027088540,David A. Binder; Ishan Bhanuka; Jonathan Immanuel Brachthäuser; Lionel Parreaux,1.0,1
9,174,jonathanbrachthauser,Jonathan Immanuel Brachthäuser,POPL,POPL,2024,POPL 2024,1,2025,OOPSLA,OOPSLA2,False,0,38.0,48.0,79.16666666666666,W4414978567,Tracing Just-in-Time Compilation for Effects and Handlers,Marcial Gaißert; CF Bolz-Tereick; Jonathan Immanuel Brachthäuser,https://doi.org/10.1145/3763085,W2890147338,,,Jonathan Immanuel Brachthäuser,A5027088540,0000-0001-9128-0391,2018.0,7.0,openalex_author_id,A5027088540,last,True,True,A5027088540,Jonathan Immanuel Brachthäuser; Philipp Schuster,1.0,1
9,174,jonathanbrachthauser,Jonathan Immanuel Brachthäuser,POPL,POPL,2024,POPL 2024,1,2025,OOPSLA,OOPSLA2,False,0,38.0,48.0,79.16666666666666,W4414978567,Tracing Just-in-Time Compilation for Effects and Handlers,Marcial Gaißert; CF Bolz-Tereick; Jonathan Immanuel Brachthäuser,https://doi.org/10.1145/3763085,W3047512562,,,Jonathan Immanuel Brachthäuser,A5027088540,0000-0001-9128-0391,2020.0,5.0,openalex_author_id,A5027088540,middle,True,True,A5027088540,Jonathan Immanuel Brachthäuser; Klaus Ostermann; Philipp Schuster,1.0,1
9,174,jonathanbrachthauser,Jonathan Immanuel Brachthäuser,POPL,POPL,2024,POPL 2024,1,2025,OOPSLA,OOPSLA2,False,0,38.0,48.0,79.16666666666666,W4414978567,Tracing Just-in-Time Compilation for Effects and Handlers,Marcial Gaißert; CF Bolz-Tereick; Jonathan Immanuel Brachthäuser,https://doi.org/10.1145/3763085,W3107145433,,,Jonathan Immanuel Brachthäuser,A5027088540,0000-0001-9128-0391,2020.0,5.0,openalex_author_id,A5027088540,first,True,True,A5027088540,Jonathan Immanuel Brachthäuser; Klaus Ostermann; Philipp Schuster,1.0,1
9,174,jonathanbrachthauser,Jonathan Immanuel Brachthäuser,POPL,POPL,2024,POPL 2024,1,2025,OOPSLA,OOPSLA2,False,0,38.0,48.0,79.16666666666666,W4414978567,Tracing Just-in-Time Compilation for Effects and Handlers,Marcial Gaißert; CF Bolz-Tereick; Jonathan Immanuel Brachthäuser,https://doi.org/10.1145/3763085,W4282044797,,,Jonathan Immanuel Brachthäuser,A5027088540,0000-0001-9128-0391,2022.0,3.0,openalex_author_id,A5027088540,middle,True,True,A5027088540,Jonathan Immanuel Brachthäuser; Klaus Ostermann; Marius Müller; Philipp Schuster,1.0,1
9,174,jonathanbrachthauser,Jonathan Immanuel Brachthäuser,POPL,POPL,2024,POPL 2024,1,2025,OOPSLA,OOPSLA2,False,0,38.0,48.0,79.16666666666666,W4414978567,Tracing Just-in-Time Compilation for Effects and Handlers,Marcial Gaißert; CF Bolz-Tereick; Jonathan Immanuel Brachthäuser,https://doi.org/10.1145/3763085,W4387667016,,,Jonathan Immanuel Brachthäuser,A5027088540,0000-0001-9128-0391,2023.0,2.0,openalex_author_id,A5027088540,last,True,True,A5027088540,Jonathan Immanuel Brachthäuser; Jonathan Lindegaard Starup; Klaus Ostermann; Marius Müller; Philipp Schuster,1.0,1
9,174,jonathanbrachthauser,Jonathan Immanuel Brachthäuser,POPL,POPL,2024,POPL 2024,1,2025,OOPSLA,OOPSLA2,False,0,38.0,48.0,79.16666666666666,W4415005853,What’s in the Box: Ergonomic and Expressive Capture Tracking over Generic Data Structures,Yichen Xu; Oliver Bračevac; Cao Nguyen Pham; Martin Odersky,https://doi.org/10.1145/3763112,W3107145433,,,Jonathan Immanuel Brachthäuser,A5027088540,0000-0001-9128-0391,2020.0,5.0,openalex_author_id,A5027088540,first,False,False,,,1.0,1
9,174,jonathanbrachthauser,Jonathan Immanuel Brachthäuser,POPL,POPL,2024,POPL 2024,1,2025,OOPSLA,OOPSLA2,False,0,38.0,48.0,79.16666666666666,W4415005853,What’s in the Box: Ergonomic and Expressive Capture Tracking over Generic Data Structures,Yichen Xu; Oliver Bračevac; Cao Nguyen Pham; Martin Odersky,https://doi.org/10.1145/3763112,W4225138414,,,Jonathan Immanuel Brachthäuser,A5027088540,0000-0001-9128-0391,2022.0,3.0,openalex_author_id,A5027088540,first,False,False,,,1.0,1
9,174,jonathanbrachthauser,Jonathan Immanuel Brachthäuser,POPL,POPL,2024,POPL 2024,1,2025,OOPSLA,OOPSLA2,False,0,38.0,48.0,79.16666666666666,W4414977421,Zero-Overhead Lexical Effect Handlers,Cong Ma; Zhaoyi Ge; Max Jung; Yizhou Zhang,https://doi.org/10.1145/3763177,W3014236027,,,Jonathan Immanuel Brachthäuser,A5027088540,0000-0001-9128-0391,2020.0,5.0,openalex_author_id,A5027088540,first,False,False,,,1.0,1
9,174,jonathanbrachthauser,Jonathan Immanuel Brachthäuser,POPL,POPL,2024,POPL 2024,1,2025,OOPSLA,OOPSLA2,False,0,38.0,48.0,79.16666666666666,W4414977421,Zero-Overhead Lexical Effect Handlers,Cong Ma; Zhaoyi Ge; Max Jung; Yizhou Zhang,https://doi.org/10.1145/3763177,W3107145433,,,Jonathan Immanuel Brachthäuser,A5027088540,0000-0001-9128-0391,2020.0,5.0,openalex_author_id,A5027088540,first,False,False,,,1.0,1
9,174,jonathanbrachthauser,Jonathan Immanuel Brachthäuser,POPL,POPL,2024,POPL 2024,1,2025,OOPSLA,OOPSLA2,False,0,38.0,48.0,79.16666666666666,W4414977421,Zero-Overhead Lexical Effect Handlers,Cong Ma; Zhaoyi Ge; Max Jung; Yizhou Zhang,https://doi.org/10.1145/3763177,W4282044797,,,Jonathan Immanuel Brachthäuser,A5027088540,0000-0001-9128-0391,2022.0,3.0,openalex_author_id,A5027088540,middle,False,False,,,1.0,1
9,174,jonathanbrachthauser,Jonathan Immanuel Brachthäuser,POPL,POPL,2024,POPL 2024,1,2025,OOPSLA,OOPSLA2,False,0,38.0,48.0,79.16666666666666,W4414977421,Zero-Overhead Lexical Effect Handlers,Cong Ma; Zhaoyi Ge; Max Jung; Yizhou Zhang,https://doi.org/10.1145/3763177,W4387667016,,,Jonathan Immanuel Brachthäuser,A5027088540,0000-0001-9128-0391,2023.0,2.0,openalex_author_id,A5027088540,last,False,False,,,1.0,1
9,175,jonathanbrachthauser,Jonathan Immanuel Brachthäuser,POPL,POPL,2024,POPL 2024,1,2025,PLDI,PLDI,False,0,2.0,48.0,4.166666666666666,W4411260266,An Interactive Debugger for Rust Trait Errors,G R Gray; Will Crichton; Shriram Krishnamurthi,https://doi.org/10.1145/3729302,W4387667108,,,Jonathan Immanuel Brachthäuser,A5027088540,0000-0001-9128-0391,2023.0,2.0,openalex_author_id,A5027088540,last,False,False,,,1.0,1
9,175,jonathanbrachthauser,Jonathan Immanuel Brachthäuser,POPL,POPL,2024,POPL 2024,1,2025,PLDI,PLDI,False,0,2.0,48.0,4.166666666666666,W4411267104,Usability Barriers for Liquid Types,Catarina Gamboa; Abigail Reese; Alcides Fonseca; Jonathan Aldrich,https://doi.org/10.1145/3729327,W4387667108,,,Jonathan Immanuel Brachthäuser,A5027088540,0000-0001-9128-0391,2023.0,2.0,openalex_author_id,A5027088540,last,False,False,,,1.0,1
9,173,jonathanbrachthauser,Jonathan Immanuel Brachthäuser,POPL,POPL,2024,POPL 2024,1,2025,POPL,POPL,True,0,2.0,48.0,4.166666666666666,W4406222234,Affect: An Affine Type and Effect System,Orpheas van Rooij; Robbert Krebbers,https://doi.org/10.1145/3704841,W3039827481,,,Jonathan Immanuel Brachthäuser,A5027088540,0000-0001-9128-0391,2020.0,5.0,openalex_author_id,A5027088540,middle,False,False,,,1.0,1
9,173,jonathanbrachthauser,Jonathan Immanuel Brachthäuser,POPL,POPL,2024,POPL 2024,1,2025,POPL,POPL,True,0,2.0,48.0,4.166666666666666,W4406222234,Affect: An Affine Type and Effect System,Orpheas van Rooij; Robbert Krebbers,https://doi.org/10.1145/3704841,W3107145433,,,Jonathan Immanuel Brachthäuser,A5027088540,0000-0001-9128-0391,2020.0,5.0,openalex_author_id,A5027088540,first,False,False,,,1.0,1
10,182,fritzhenglein,Fritz Henglein,POPL,POPL,2024,POPL 2024,-2,2022,OOPSLA,OOPSLA1,False,0,2.0,6.0,33.33333333333333,W3135515481,Functional collection programming with semi-ring dictionaries,Amir Shaikhha; Mathieu Huot; Jaclyn Smith; Dan Olteanu,https://doi.org/10.1145/3527333,W2206254219,,,Fritz Henglein,A5045204080,0000-0001-5190-2125,2018.0,4.0,openalex_author_id,A5045204080,middle,False,False,,,1.0,1
10,182,fritzhenglein,Fritz Henglein,POPL,POPL,2024,POPL 2024,-2,2022,OOPSLA,OOPSLA1,False,0,2.0,6.0,33.33333333333333,W3135515481,Functional collection programming with semi-ring dictionaries,Amir Shaikhha; Mathieu Huot; Jaclyn Smith; Dan Olteanu,https://doi.org/10.1145/3527333,W2644985445,,,Fritz Henglein,A5045204080,0000-0001-5190-2125,2017.0,5.0,openalex_author_id,A5045204080,middle,False,False,,,1.0,1
10,183,fritzhenglein,Fritz Henglein,POPL,POPL,2024,POPL 2024,-2,2022,PLDI,PLDI,False,0,2.0,6.0,33.33333333333333,W4281922598,A flexible type system for fearless concurrency,Mae Milano; Julia Turcotti; Andrew C. Myers,https://doi.org/10.1145/3519939.3523443,W2074003683,,,Fritz Henglein,A5045204080,0000-0001-5190-2125,2001.0,21.0,openalex_author_id,A5045204080,first,False,False,,,1.0,1
10,183,fritzhenglein,Fritz Henglein,POPL,POPL,2024,POPL 2024,-2,2022,PLDI,PLDI,False,0,2.0,6.0,33.33333333333333,W4281615790,Deep and shallow types for gradual languages,Ben Greenman,https://doi.org/10.1145/3519939.3523430,W2133828278,,,Fritz Henglein,A5045204080,0000-0001-5190-2125,1994.0,28.0,openalex_author_id,A5045204080,first,False,False,,,1.0,1
10,181,fritzhenglein,Fritz Henglein,POPL,POPL,2024,POPL 2024,-2,2022,POPL,POPL,True,0,2.0,6.0,33.33333333333333,W4205971104,From enhanced coinduction towards enhanced induction,Davide Sangiorgi,https://doi.org/10.1145/3498679,W1589260337,,,Fritz Henglein,A5045204080,0000-0001-5190-2125,1998.0,24.0,openalex_author_id,A5045204080,last,False,False,,,1.0,1
10,181,fritzhenglein,Fritz Henglein,POPL,POPL,2024,POPL 2024,-2,2022,POPL,POPL,True,0,2.0,6.0,33.33333333333333,W4205614912,Verified tensor-program optimization via high-level scheduling rewrites,Amanda Liu; Gilbert Bernstein; Adam Chlipala; Jonathan Ragan‐Kelley,https://doi.org/10.1145/3498717,W2644985445,,,Fritz Henglein,A5045204080,0000-0001-5190-2125,2017.0,5.0,openalex_author_id,A5045204080,middle,False,False,,,1.0,1
10,186,fritzhenglein,Fritz Henglein,POPL,POPL,2024,POPL 2024,-1,2023,OOPSLA,OOPSLA2,False,0,1.0,3.0,33.33333333333333,W4387667131,Graph IRs for Impure Higher-Order Languages: Making Aggressive Optimizations Affordable with Precise Effect Dependencies,Oliver Bračevac; Guannan Wei; Songlin Jia; Supun Abeysinghe; Yuxuan Jiang; Yuyan Bao; Tiark Rompf,https://doi.org/10.1145/3622813,W2644985445,,,Fritz Henglein,A5045204080,0000-0001-5190-2125,2017.0,6.0,openalex_author_id,A5045204080,middle,False,False,,,1.0,1
10,187,fritzhenglein,Fritz Henglein,POPL,POPL,2024,POPL 2024,-1,2023,PLDI,PLDI,False,0,2.0,3.0,66.66666666666666,W4379512454,Indexed Streams: A Formal Intermediate Representation for Fused Contraction Programs,Scott Kovach; Praneeth Kolichala; Tiancheng Gu; Fredrik Kjølstad,https://doi.org/10.1145/3591268,W2644985445,,,Fritz Henglein,A5045204080,0000-0001-5190-2125,2017.0,6.0,openalex_author_id,A5045204080,middle,False,False,,,1.0,1
10,187,fritzhenglein,Fritz Henglein,POPL,POPL,2024,POPL 2024,-1,2023,PLDI,PLDI,False,0,2.0,3.0,66.66666666666666,W4379534024,Parallelism in a Region Inference Context,Martin Elsman; Troels Henriksen,https://doi.org/10.1145/3591256,W2644985445,,,Fritz Henglein,A5045204080,0000-0001-5190-2125,2017.0,6.0,openalex_author_id,A5045204080,middle,False,True,A5034400099; A5081028559,Cosmin E. Oancea; Fritz Henglein; Martin Elsman; Niels G. W. Serup; Troels Henriksen,1.0,1
10,188,fritzhenglein,Fritz Henglein,POPL,POPL,2024,POPL 2024,0,2024,ICFP,ICFP,False,0,1.0,25.0,4.0,W4401597048,Double-Ended Bit-Stealing for Algebraic Data Types,Martin Elsman,https://doi.org/10.1145/3674628,W2012781562,,,Fritz Henglein,A5045204080,0000-0001-5190-2125,1994.0,30.0,openalex_author_id,A5045204080,first,False,False,,,1.0,1
10,190,fritzhenglein,Fritz Henglein,POPL,POPL,2024,POPL 2024,0,2024,OOPSLA,OOPSLA2,False,0,4.0,25.0,16.0,W4403223284,AUTOMAP: Inferring Rank-Polymorphic Function Applications with Integer Linear Programming,Robert Schenck; Nikolaj Hey Hinnerskov; Troels Henriksen; Magnus Madsen; Martin Elsman,https://doi.org/10.1145/3689774,W2472217442,,,Fritz Henglein,A5045204080,0000-0001-5190-2125,2016.0,8.0,openalex_author_id,A5045204080,middle,False,True,A5034400099; A5081028559,Christian Andreetta; Cosmin E. Oancea; Fritz Henglein; Jost Berthold; Maj-Britt Nordfang; Martin Elsman; Troels Henriksen; Vivien Bégot,1.0,1
10,190,fritzhenglein,Fritz Henglein,POPL,POPL,2024,POPL 2024,0,2024,OOPSLA,OOPSLA2,False,0,4.0,25.0,16.0,W4403223284,AUTOMAP: Inferring Rank-Polymorphic Function Applications with Integer Linear Programming,Robert Schenck; Nikolaj Hey Hinnerskov; Troels Henriksen; Magnus Madsen; Martin Elsman,https://doi.org/10.1145/3689774,W2644985445,,,Fritz Henglein,A5045204080,0000-0001-5190-2125,2017.0,7.0,openalex_author_id,A5045204080,middle,False,True,A5034400099; A5081028559,Cosmin E. Oancea; Fritz Henglein; Martin Elsman; Niels G. W. Serup; Troels Henriksen,1.0,1
10,190,fritzhenglein,Fritz Henglein,POPL,POPL,2024,POPL 2024,0,2024,OOPSLA,OOPSLA2,False,0,4.0,25.0,16.0,W4403223519,Compilation of Shape Operators on Sparse Arrays,Alexander J Root; Bobby Yan; Peiming Liu; Christophe Gyurgyik; Aart J. C. Bik; Fredrik Kjølstad,https://doi.org/10.1145/3689752,W2644985445,,,Fritz Henglein,A5045204080,0000-0001-5190-2125,2017.0,7.0,openalex_author_id,A5045204080,middle,False,False,,,1.0,1
10,190,fritzhenglein,Fritz Henglein,POPL,POPL,2024,POPL 2024,0,2024,OOPSLA,OOPSLA2,False,0,4.0,25.0,16.0,W4403223356,Full Iso-Recursive Types,Litao Zhou; Qianyong Wan; Bruno C. d. S. Oliveira,https://doi.org/10.1145/3689718,W1589260337,,,Fritz Henglein,A5045204080,0000-0001-5190-2125,1998.0,26.0,openalex_author_id,A5045204080,last,False,False,,,1.0,1
10,191,fritzhenglein,Fritz Henglein,POPL,POPL,2024,POPL 2024,0,2024,PLDI,PLDI,False,0,7.0,25.0,28.000000000000004,W4399851050,Descend: A Safe GPU Systems Programming Language,Bastian Köpcke; Sergei Gorlatch; Michel Steuwer,https://doi.org/10.1145/3656411,W2644985445,,,Fritz Henglein,A5045204080,0000-0001-5190-2125,2017.0,7.0,openalex_author_id,A5045204080,middle,False,False,,,1.0,1
10,191,fritzhenglein,Fritz Henglein,POPL,POPL,2024,POPL 2024,0,2024,PLDI,PLDI,False,0,7.0,25.0,28.000000000000004,W4399850812,Hashing Modulo Context-Sensitive α-Equivalence,Lasse Blaauwbroek; Miroslav Olšák; Herman Geuvers,https://doi.org/10.1145/3656459,W3145094436,,,Fritz Henglein,A5045204080,0000-0001-5190-2125,2012.0,12.0,openalex_author_id,A5045204080,last,False,False,,,1.0,1
10,191,fritzhenglein,Fritz Henglein,POPL,POPL,2024,POPL 2024,0,2024,PLDI,PLDI,False,0,7.0,25.0,28.000000000000004,W4399851464,Quest Complete: The Holy Grail of Gradual Security,Tianyu Chen; Jeremy G. Siek,https://doi.org/10.1145/3656442,W2133828278,,,Fritz Henglein,A5045204080,0000-0001-5190-2125,1994.0,30.0,openalex_author_id,A5045204080,first,False,False,,,1.0,1
10,191,fritzhenglein,Fritz Henglein,POPL,POPL,2024,POPL 2024,0,2024,PLDI,PLDI,False,0,7.0,25.0,28.000000000000004,W4399851238,"Space-Efficient Polymorphic Gradual Typing, Mostly Parametric",Atsushi Igarashi; S. Ozaki; Taro Sekiyama; Yudai Tanabe,https://doi.org/10.1145/3656441,W2133828278,,,Fritz Henglein,A5045204080,0000-0001-5190-2125,1994.0,30.0,openalex_author_id,A5045204080,first,False,False,,,1.0,1
10,191,fritzhenglein,Fritz Henglein,POPL,POPL,2024,POPL 2024,0,2024,PLDI,PLDI,False,0,7.0,25.0,28.000000000000004,W4399850754,Static Analysis for Checking the Disambiguation Robustness of Regular Expressions,Konstantinos Mamouras; Alexis Le Glaunec; Wu Angela Li; Agnishom Chattopadhyay,https://doi.org/10.1145/3656461,W1820500785,,,Fritz Henglein,A5045204080,0000-0001-5190-2125,2011.0,13.0,openalex_author_id,A5045204080,last,False,False,,,1.0,1
10,191,fritzhenglein,Fritz Henglein,POPL,POPL,2024,POPL 2024,0,2024,PLDI,PLDI,False,0,7.0,25.0,28.000000000000004,W4399850754,Static Analysis for Checking the Disambiguation Robustness of Regular Expressions,Konstantinos Mamouras; Alexis Le Glaunec; Wu Angela Li; Agnishom Chattopadhyay,https://doi.org/10.1145/3656461,W2147817491,,,Fritz Henglein,A5045204080,0000-0001-5190-2125,2013.0,11.0,openalex_author_id,A5045204080,middle,False,False,,,1.0,1
10,191,fritzhenglein,Fritz Henglein,POPL,POPL,2024,POPL 2024,0,2024,PLDI,PLDI,False,0,7.0,25.0,28.000000000000004,W4399850754,Static Analysis for Checking the Disambiguation Robustness of Regular Expressions,Konstantinos Mamouras; Alexis Le Glaunec; Wu Angela Li; Agnishom Chattopadhyay,https://doi.org/10.1145/3656461,W33792228,,,Fritz Henglein,A5045204080,0000-0001-5190-2125,2014.0,10.0,openalex_author_id,A5045204080,middle,False,False,,,1.0,1
10,189,fritzhenglein,Fritz Henglein,POPL,POPL,2024,POPL 2024,0,2024,POPL,POPL,True,1,13.0,25.0,52.0,W4384389552,Efficient CHAD,Tom Smeding; Matthijs Vákár,https://doi.org/10.1145/3632878,W2644985445,,,Fritz Henglein,A5045204080,0000-0001-5190-2125,2017.0,7.0,openalex_author_id,A5045204080,middle,False,False,,,1.0,1
10,189,fritzhenglein,Fritz Henglein,POPL,POPL,2024,POPL 2024,0,2024,POPL,POPL,True,1,13.0,25.0,52.0,W4384389552,Efficient CHAD,Tom Smeding; Matthijs Vákár,https://doi.org/10.1145/3632878,W4283832132,,,Fritz Henglein,A5045204080,0000-0001-5190-2125,2022.0,2.0,openalex_author_id,A5045204080,middle,False,False,,,1.0,1
10,189,fritzhenglein,Fritz Henglein,POPL,POPL,2024,POPL 2024,0,2024,POPL,POPL,True,1,13.0,25.0,52.0,W4390604686,Efficient Matching of Regular Expressions with Lookaround Assertions,Konstantinos Mamouras; Agnishom Chattopadhyay,https://doi.org/10.1145/3632934,W1820500785,,,Fritz Henglein,A5045204080,0000-0001-5190-2125,2011.0,13.0,openalex_author_id,A5045204080,last,False,False,,,1.0,1
10,189,fritzhenglein,Fritz Henglein,POPL,POPL,2024,POPL 2024,0,2024,POPL,POPL,True,1,13.0,25.0,52.0,W4390604686,Efficient Matching of Regular Expressions with Lookaround Assertions,Konstantinos Mamouras; Agnishom Chattopadhyay,https://doi.org/10.1145/3632934,W2147817491,,,Fritz Henglein,A5045204080,0000-0001-5190-2125,2013.0,11.0,openalex_author_id,A5045204080,middle,False,False,,,1.0,1
10,189,fritzhenglein,Fritz Henglein,POPL,POPL,2024,POPL 2024,0,2024,POPL,POPL,True,1,13.0,25.0,52.0,W4390604686,Efficient Matching of Regular Expressions with Lookaround Assertions,Konstantinos Mamouras; Agnishom Chattopadhyay,https://doi.org/10.1145/3632934,W2293231120,,,Fritz Henglein,A5045204080,0000-0001-5190-2125,2016.0,8.0,openalex_author_id,A5045204080,middle,False,False,,,1.0,1
10,189,fritzhenglein,Fritz Henglein,POPL,POPL,2024,POPL 2024,0,2024,POPL,POPL,True,1,13.0,25.0,52.0,W4390604686,Efficient Matching of Regular Expressions with Lookaround Assertions,Konstantinos Mamouras; Agnishom Chattopadhyay,https://doi.org/10.1145/3632934,W33792228,,,Fritz Henglein,A5045204080,0000-0001-5190-2125,2014.0,10.0,openalex_author_id,A5045204080,middle,False,False,,,1.0,1
10,189,fritzhenglein,Fritz Henglein,POPL,POPL,2024,POPL 2024,0,2024,POPL,POPL,True,1,13.0,25.0,52.0,W4390604785,Explicit Effects and Effect Constraints in ReML,Martin Elsman,https://doi.org/10.1145/3632921,W2074003683,,,Fritz Henglein,A5045204080,0000-0001-5190-2125,2001.0,23.0,openalex_author_id,A5045204080,first,False,False,,,1.0,1
10,189,fritzhenglein,Fritz Henglein,POPL,POPL,2024,POPL 2024,0,2024,POPL,POPL,True,1,13.0,25.0,52.0,W4390604707,On-the-Fly Static Analysis via Dynamic Bidirected Dyck Reachability,Shankara Narayanan Krishna; A. K. Lal; Andreas Pavlogiannis; Omkar Tuppe,https://doi.org/10.1145/3632884,W2142174207,,,Fritz Henglein,A5045204080,0000-0001-5190-2125,1991.0,33.0,openalex_author_id,A5045204080,first,False,False,,,1.0,1
10,189,fritzhenglein,Fritz Henglein,POPL,POPL,2024,POPL 2024,0,2024,POPL,POPL,True,1,13.0,25.0,52.0,W4390604707,On-the-Fly Static Analysis via Dynamic Bidirected Dyck Reachability,Shankara Narayanan Krishna; A. K. Lal; Andreas Pavlogiannis; Omkar Tuppe,https://doi.org/10.1145/3632884,W2161100976,,,Fritz Henglein,A5045204080,0000-0001-5190-2125,1992.0,32.0,openalex_author_id,A5045204080,first,False,False,,,1.0,1
10,189,fritzhenglein,Fritz Henglein,POPL,POPL,2024,POPL 2024,0,2024,POPL,POPL,True,1,13.0,25.0,52.0,W4390603586,Parametric Subtyping for Structural Parametric Polymorphism,Henry DeYoung; Andreia Mordido; Frank Pfenning; Ankush Das,https://doi.org/10.1145/3632932,W1589260337,,,Fritz Henglein,A5045204080,0000-0001-5190-2125,1998.0,26.0,openalex_author_id,A5045204080,last,False,False,,,1.0,1
10,189,fritzhenglein,Fritz Henglein,POPL,POPL,2024,POPL 2024,0,2024,POPL,POPL,True,1,13.0,25.0,52.0,W4388843416,Polymorphic Type Inference for Dynamic Languages,Giuseppe Castagna; Mickaël Laurent; Kim Nguyễn,https://doi.org/10.1145/3632882,W1964952791,,,Fritz Henglein,A5045204080,0000-0001-5190-2125,1993.0,31.0,openalex_author_id,A5045204080,first,False,False,,,1.0,1
10,189,fritzhenglein,Fritz Henglein,POPL,POPL,2024,POPL 2024,0,2024,POPL,POPL,True,1,13.0,25.0,52.0,W4390603566,Type-Based Gradual Typing Performance Optimization,John Peter Campora; Mohammad Wahiduzzaman Khan; Sheng Chen,https://doi.org/10.1145/3632931,W2133828278,,,Fritz Henglein,A5045204080,0000-0001-5190-2125,1994.0,30.0,openalex_author_id,A5045204080,first,False,False,,,1.0,1
10,189,fritzhenglein,Fritz Henglein,POPL,POPL,2024,POPL 2024,0,2024,POPL,POPL,True,1,13.0,25.0,52.0,W4390603329,Validation of Modern JSON Schema: Formalization and Complexity,Lyes Attouche; Mohamed-Amine Baazizi; Dario Colazzo; Giorgio Ghelli; Carlo Sartiani; Stefanie Scherzinger,https://doi.org/10.1145/3632891,W2112391755,,,Fritz Henglein,A5045204080,0000-0001-5190-2125,1994.0,30.0,openalex_author_id,A5045204080,first,False,False,,,1.0,1
10,194,fritzhenglein,Fritz Henglein,POPL,POPL,2024,POPL 2024,1,2025,OOPSLA,OOPSLA2,False,0,4.0,7.0,57.14285714285714,W4415007631,A Lightweight Type-and-Effect System for Invalidation Safety: Tracking Permanent and Temporary Invalidation with Constraint-Based Subtype Inference,Cunyuan Gao; Lionel Parreaux,https://doi.org/10.1145/3763144,W1964952791,,,Fritz Henglein,A5045204080,0000-0001-5190-2125,1993.0,32.0,openalex_author_id,A5045204080,first,False,False,,,1.0,1
10,194,fritzhenglein,Fritz Henglein,POPL,POPL,2024,POPL 2024,1,2025,OOPSLA,OOPSLA1,False,0,4.0,7.0,57.14285714285714,W4409311790,Efficient Algorithms for the Uniform Tokenization Problem,Wu Angela Li; Konstantinos Mamouras,https://doi.org/10.1145/3720498,W2293231120,,,Fritz Henglein,A5045204080,0000-0001-5190-2125,2016.0,9.0,openalex_author_id,A5045204080,middle,False,False,,,1.0,1
10,194,fritzhenglein,Fritz Henglein,POPL,POPL,2024,POPL 2024,1,2025,OOPSLA,OOPSLA1,False,0,4.0,7.0,57.14285714285714,W4409311790,Efficient Algorithms for the Uniform Tokenization Problem,Wu Angela Li; Konstantinos Mamouras,https://doi.org/10.1145/3720498,W33792228,,,Fritz Henglein,A5045204080,0000-0001-5190-2125,2014.0,11.0,openalex_author_id,A5045204080,middle,False,False,,,1.0,1
10,194,fritzhenglein,Fritz Henglein,POPL,POPL,2024,POPL 2024,1,2025,OOPSLA,OOPSLA2,False,0,4.0,7.0,57.14285714285714,W4415006878,Float Self-Tagging,Olivier Melançon; Manuel Serrano; Marc Feeley,https://doi.org/10.1145/3763108,W2161100976,,,Fritz Henglein,A5045204080,0000-0001-5190-2125,1992.0,33.0,openalex_author_id,A5045204080,first,False,False,,,1.0,1
10,195,fritzhenglein,Fritz Henglein,POPL,POPL,2024,POPL 2024,1,2025,PLDI,PLDI,False,0,1.0,7.0,14.285714285714285,W4411267107,Intrinsic Verification of Parsers and Formal Grammar Theory in Dependent Lambek Calculus,Steven D. Schaefer; Nathan Varner; Pedro H. Azevedo de Amorim; Max S. New,https://doi.org/10.1145/3729281,W4230275554,,,Fritz Henglein,A5045204080,0000-0001-5190-2125,2011.0,14.0,openalex_author_id,A5045204080,first,False,False,,,1.0,1
10,193,fritzhenglein,Fritz Henglein,POPL,POPL,2024,POPL 2024,1,2025,POPL,POPL,True,0,2.0,7.0,28.57142857142857,W4406221852,QuickSub: Efficient Iso-Recursive Subtyping,Litao Zhou; Bruno C. d. S. Oliveira,https://doi.org/10.1145/3704869,W1589260337,,,Fritz Henglein,A5045204080,0000-0001-5190-2125,1998.0,27.0,openalex_author_id,A5045204080,last,False,False,,,1.0,1
10,193,fritzhenglein,Fritz Henglein,POPL,POPL,2024,POPL 2024,1,2025,POPL,POPL,True,0,2.0,7.0,28.57142857142857,W4406235147,"RE#: High Performance Derivative-Based Regex Matching with Intersection, Complement, and Restricted Lookarounds",Ian Erik Varatalu; Margus Veanes; Juhan-Peep Ernits,https://doi.org/10.1145/3704837,W2293231120,,,Fritz Henglein,A5045204080,0000-0001-5190-2125,2016.0,9.0,openalex_author_id,A5045204080,middle,False,False,,,1.0,1
