canonical_researchr_id,name,mapped_name_for_matching,current_match_group,recommendation,citation_match_basis,uses_name_based_citation_count,match_method,match_confidence,identity_layer,openalex_name,openalex_id,orcid_from_openalex,orcid_from_orcid_org,candidate_openalex_names,candidate_openalex_ids,manual_decisions,accepted_ref_author_names,accepted_openalex_author_ids,accepted_orcids,accepted_citation_rows,accepted_citing_papers,accepted_cited_works
aaronbembenek,Aaron Bembenek,Aaron Bembenek,automatic but ambiguous: exact name -> multiple OpenAlex IDs,use_in_main_panel_with_name_based_flag,ambiguous_name_match,True,exact_name_multiple_openalex_author_ids,RED,Layer 2,Aaron Bembenek,,0000-0002-3677-701X,0000-0002-3677-701X,Aaron Bembenek,A5007064313; A5008144113,,,,,,,
aaronstump,Aaron Stump,Aaron Stump,automatic: exact name -> one OpenAlex author ID,use_in_main_panel,openalex_author_id,False,exact_name_one_openalex_author_id,GREEN,Layer 1,Aaron Stump,A5072489480,0000-0002-9720-0003,0000-0002-9720-0003,Aaron Stump,A5072489480,,,,,,,
abhinavverma1,Abhinav Verma,Abhinav Verma,automatic: exact name -> one OpenAlex author ID,use_in_main_panel,openalex_author_id,False,exact_name_one_openalex_author_id,YELLOW,Layer 1,Abhinav Verma,A5101988843,0000-0002-9820-8285,,Abhinav Verma,A5101988843,,,,,,,
adamchlipala,Adam Chlipala,Adam Chlipala,automatic: exact name -> one OpenAlex author ID,use_in_main_panel,openalex_author_id,False,exact_name_one_openalex_author_id,YELLOW,Layer 1,Adam Chlipala,A5078100439,0000-0001-7085-9417,,Adam Chlipala,A5078100439,,,,,,,
adamwelc,Adam Welc,Adam Welc,automatic: exact name -> one OpenAlex author ID,use_in_main_panel,openalex_author_id,False,exact_name_one_openalex_author_id,GREEN,Layer 1,Adam Welc,A5078668785,0009-0005-0515-4994,0009-0005-0515-4994,Adam Welc,A5078668785,,,,,,,
adityakanade,Aditya Kanade,Aditya Kanade,automatic but ambiguous: exact name -> multiple OpenAlex IDs,use_in_main_panel_with_name_based_flag,ambiguous_name_match,True,exact_name_multiple_openalex_author_ids,RED,Layer 2,Aditya Kanade,,0000-0001-8701-6977,,Aditya Kanade,A5037631148; A5103381179; A5107245208,,,,,,,
adityavthakur,Aditya V. Thakur,Aditya V. Thakur,name-only: exact/mapped cited-author name but no OpenAlex ID,use_in_main_panel_with_name_based_flag,name_only_match,True,exact_name_no_openalex_author_id,RED,Layer 2,Aditya V. Thakur,,0000-0003-3166-1517,,Aditya V. Thakur,,,,,,,,
adriansampson,Adrian Sampson,Adrian Sampson,automatic: exact name -> one OpenAlex author ID,use_in_main_panel,openalex_author_id,False,exact_name_one_openalex_author_id,GREEN,Layer 1,Adrian Sampson,A5004782337,0000-0003-0837-8924,0000-0003-0837-8924,Adrian Sampson,A5004782337,,,,,,,
aggelosbiboudis,Aggelos Biboudis,Aggelos Biboudis,automatic: exact name -> one OpenAlex author ID,use_in_main_panel,openalex_author_id,False,exact_name_one_openalex_author_id,YELLOW,Layer 1,Aggelos Biboudis,A5089315679,,,Aggelos Biboudis,A5089315679,,,,,,,
ahmedbouajjani,Ahmed Bouajjani,Ahmed Bouajjani,automatic: exact name -> one OpenAlex author ID,use_in_main_panel,openalex_author_id,False,exact_name_one_openalex_author_id,GREEN,Layer 1,Ahmed Bouajjani,A5045477471,0000-0002-2060-3592,0000-0002-2060-3592,Ahmed Bouajjani,A5045477471,,,,,,,
ainalinngeorges,Aina Linn Georges,Aina Linn Georges,automatic: exact name -> one OpenAlex author ID,use_in_main_panel,openalex_author_id,False,exact_name_one_openalex_author_id,YELLOW,Layer 1,Aïna Linn Georges,A5041169923,0000-0002-5951-4642,,Aïna Linn Georges,A5041169923,,,,,,,
akashlal,Akash Lal,Akash Lal,automatic: exact name -> one OpenAlex author ID,use_in_main_panel,openalex_author_id,False,exact_name_one_openalex_author_id,YELLOW,Layer 1,Akash Lal,A5029930688,0009-0002-4359-9378,,Akash Lal,A5029930688,,,,,,,
akimasamorihata,Akimasa Morihata,Akimasa Morihata,automatic: exact name -> one OpenAlex author ID,use_in_main_panel,openalex_author_id,False,exact_name_one_openalex_author_id,YELLOW,Layer 1,Akimasa Morihata,A5037284935,0000-0003-2741-5954,,Akimasa Morihata,A5037284935,,,,,,,
alanjeffrey1,Alan Jeffrey,Alan Jeffrey,automatic: exact name -> one OpenAlex author ID,use_in_main_panel,openalex_author_id,False,exact_name_one_openalex_author_id,YELLOW,Layer 1,Alan Jeffrey,A5012868882,0000-0001-6342-0318,,Alan Jeffrey,A5012868882,,,,,,,
alanschmitt,Alan Schmitt,Alan Schmitt,automatic: exact name -> one OpenAlex author ID,use_in_main_panel,openalex_author_id,False,exact_name_one_openalex_author_id,YELLOW,Layer 1,Alan Schmitt,A5013605827,,,Alan Schmitt,A5013605827,,,,,,,
alastairdonaldson,Alastair F. Donaldson,Alastair F. Donaldson,automatic: exact name -> one OpenAlex author ID,use_in_main_panel,openalex_author_id,False,exact_name_one_openalex_author_id,RED,Layer 1,Alastair F. Donaldson,A5080781439,0000-0002-7448-7961,0000-0001-7843-9556,Alastair F. Donaldson,A5080781439,,,,,,,
alastairreid,Alastair Reid,Alastair Reid,automatic: exact name -> one OpenAlex author ID,use_in_main_panel,openalex_author_id,False,exact_name_one_openalex_author_id,YELLOW,Layer 1,Alastair Reid,A5000183647,0000-0003-4695-6668,,Alastair Reid,A5000183647,,,,,,,
albertcohen,Albert Cohen,Albert Cohen,automatic but ambiguous: exact name -> multiple OpenAlex IDs,use_in_main_panel_with_name_based_flag,ambiguous_name_match,True,exact_name_multiple_openalex_author_ids,RED,Layer 2,Albert Cohen,,0000-0002-8866-5343,,Albert Cohen,A5063162788; A5088365482,,,,,,,
alcidesfonseca,Alcides Fonseca,Alcides Fonseca,automatic: exact name -> one OpenAlex author ID,use_in_main_panel,openalex_author_id,False,exact_name_one_openalex_author_id,YELLOW,Layer 1,Alcides Fonseca,A5089334093,0000-0002-0879-4015,,Alcides Fonseca,A5089334093,,,,,,,
alejandroaguirre1,Alejandro Aguirre,Alejandro Aguirre,automatic: exact name -> one OpenAlex author ID,use_in_main_panel,openalex_author_id,False,exact_name_one_openalex_author_id,YELLOW,Layer 1,Alejandro Aguirre,A5073092626,0000-0001-6746-2734,,Alejandro Aguirre,A5073092626,,,,,,,
alejandrorusso,Alejandro Russo,Alejandro Russo,automatic: exact name -> one OpenAlex author ID,use_in_main_panel,openalex_author_id,False,exact_name_one_openalex_author_id,YELLOW,Layer 1,Alejandro Russo,A5028178671,0000-0002-4338-6316,,Alejandro Russo,A5028178671,,,,,,,
aleksandarnanevski,Aleksandar Nanevski,Aleksandar Nanevski,automatic: exact name -> one OpenAlex author ID,use_in_main_panel,openalex_author_id,False,exact_name_one_openalex_author_id,GREEN,Layer 1,Aleksandar Nanevski,A5026624853,0000-0002-4851-1075,0000-0002-4851-1075,Aleksandar Nanevski,A5026624853,,,,,,,
alexanderbakst,Alexander Bakst,Alexander Bakst,automatic: exact name -> one OpenAlex author ID,use_in_main_panel,openalex_author_id,False,exact_name_one_openalex_author_id,GREEN,Layer 1,Alexander Bakst,A5054040964,0000-0002-9696-7157,0000-0002-9696-7157,Alexander Bakst,A5054040964,,,,,,,
alexanderjsummers,Alexander J. Summers,Alexander J. Summers,automatic but ambiguous: exact name -> multiple OpenAlex IDs,use_in_main_panel_with_name_based_flag,ambiguous_name_match,True,exact_name_multiple_openalex_author_ids,RED,Layer 2,Alexander J. Summers,,,,Alexander J. Summers,A5042336573; A5080556886,,,,,,,
alexanderklew,Alexander K. Lew,Alexander K. Lew,automatic: exact name -> one OpenAlex author ID,use_in_main_panel,openalex_author_id,False,exact_name_one_openalex_author_id,YELLOW,Layer 1,Alexander K. Lew,A5056016273,0000-0002-9262-4392,,Alexander K. Lew,A5056016273,,,,,,,
alexandrabugariu,Alexandra Bugariu,Alexandra Bugariu,automatic: exact name -> one OpenAlex author ID,use_in_main_panel,openalex_author_id,False,exact_name_one_openalex_author_id,GREEN,Layer 1,Alexandra Bugariu,A5064460214,0000-0002-7412-0895,0000-0002-7412-0895,Alexandra Bugariu,A5064460214,,,,,,,
alexandrajimborean,Alexandra Jimborean,Alexandra Jimborean,automatic: exact name -> one OpenAlex author ID,use_in_main_panel,openalex_author_id,False,exact_name_one_openalex_author_id,YELLOW,Layer 1,Alexandra Jimborean,A5039379608,0000-0001-8642-2447,,Alexandra Jimborean,A5039379608,,,,,,,
alexandrasilva,Alexandra Silva,Alexandra Silva,automatic but ambiguous: exact name -> multiple OpenAlex IDs,use_in_main_panel_with_name_based_flag,ambiguous_name_match,True,exact_name_multiple_openalex_author_ids,RED,Layer 2,ALEXANDRA SILVA,,0000-0001-5014-9784,,ALEXANDRA SILVA; Alexandra Silva,A5091523601; A5100658822,,,,,,,
alexandremoine,Alexandre Moine,Alexandre Moine,automatic: exact name -> one OpenAlex author ID,use_in_main_panel,openalex_author_id,False,exact_name_one_openalex_author_id,GREEN,Layer 1,Alexandre Moine,A5022449209,0000-0002-2169-1977,0000-0002-2169-1977,Alexandre Moine,A5022449209,,,,,,,
alexavanhattum1,Alexa VanHattum,Alexa VanHattum,automatic: exact name -> one OpenAlex author ID,use_in_main_panel,openalex_author_id,False,exact_name_one_openalex_author_id,GREEN,Layer 1,Alexa VanHattum,A5029623128,0000-0001-6128-8907,0000-0001-6128-8907,Alexa VanHattum,A5029623128,,,,,,,
alexeygotsman,Alexey Gotsman,Alexey Gotsman,automatic: exact name -> one OpenAlex author ID,use_in_main_panel,openalex_author_id,False,exact_name_one_openalex_author_id,GREEN,Layer 1,Alexey Gotsman,A5068242118,0000-0002-2454-4171,0000-0002-2454-4171,Alexey Gotsman,A5068242118,,,,,,,
alexeyloginov,Alexey Loginov,Alexey Loginov,manual review still needed,do_not_use_until_reviewed,unresolved_not_counted,False,name_not_found_in_referenced_authors,RED,Layer 2,,,,,,,,,,,0.0,0.0,0.0
alexkavvos,Alex Kavvos,Alex Kavvos,manual: accepted alternate cited-author name,use_in_main_panel_with_manual_flag,manual_accepted_name,True,name_not_found_in_referenced_authors,RED,Layer 2,,,,0000-0001-7953-7975,,,accept,G. A. Kavvos,A5037972894,0000-0001-7953-7975,61.0,37.0,12.0
alexpotanin,Alex Potanin,Alex Potanin,automatic: exact name -> one OpenAlex author ID,use_in_main_panel,openalex_author_id,False,exact_name_one_openalex_author_id,GREEN,Layer 1,Alex Potanin,A5057086547,0000-0002-4242-2725,0000-0002-4242-2725,Alex Potanin,A5057086547,,,,,,,
alexreinking1,Alex Reinking,Alex Reinking,automatic: exact name -> one OpenAlex author ID,use_in_main_panel,openalex_author_id,False,exact_name_one_openalex_author_id,GREEN,Layer 1,Alex Reinking,A5065315146,0000-0003-3285-2112,0000-0003-3285-2112,Alex Reinking,A5065315146,,,,,,,
alexsanchezstern2,Alex Sanchez-Stern,Alex Sanchez-Stern,automatic: exact name -> one OpenAlex author ID,use_in_main_panel,openalex_author_id,False,exact_name_one_openalex_author_id,GREEN,Layer 1,Alex Sanchez-Stern,A5088457102,0000-0003-0600-7898,0000-0003-0600-7898,Alex Sanchez-Stern,A5088457102,,,,,,,
alvincheung,Alvin Cheung,Alvin Cheung,automatic: exact name -> one OpenAlex author ID,use_in_main_panel,openalex_author_id,False,exact_name_one_openalex_author_id,YELLOW,Layer 1,Alvin Cheung,A5059427197,0000-0001-6261-6263,,Alvin Cheung,A5059427197,,,,,,,
amalahmed,Amal Ahmed,Amal Ahmed,automatic: exact name -> one OpenAlex author ID,use_in_main_panel,openalex_author_id,False,exact_name_one_openalex_author_id,YELLOW,Layer 1,Amal Ahmed,A5084250644,0000-0001-7424-572X,,Amal Ahmed,A5084250644,,,,,,,
amintimany,Amin Timany,Amin Timany,automatic: exact name -> one OpenAlex author ID,use_in_main_panel,openalex_author_id,False,exact_name_one_openalex_author_id,GREEN,Layer 1,Amin Timany,A5030831735,0000-0002-2237-851X,0000-0002-2237-851X,Amin Timany,A5030831735,,,,,,,
amirkafshdargoharshady1,Amir K. Goharshady,Amir K. Goharshady,manual: accepted alternate cited-author name,use_in_main_panel_with_manual_flag,manual_accepted_name,True,name_not_found_in_referenced_authors,RED,Layer 2,,,,,,,acceptandmerge,"Amir Kafshdar Goharshady; Goharshady, Amir Kafshdar",A5005241421,0000-0003-1702-6584,145.0,62.0,39.0
amosrobinson,Amos Robinson,Amos Robinson,automatic: exact name -> one OpenAlex author ID,use_in_main_panel,openalex_author_id,False,exact_name_one_openalex_author_id,YELLOW,Layer 1,Amos Robinson,A5027828112,,0009-0004-4837-4981,Amos Robinson,A5027828112,,,,,,,
amrsabry,Amr Sabry,Amr Sabry,automatic: exact name -> one OpenAlex author ID,use_in_main_panel,openalex_author_id,False,exact_name_one_openalex_author_id,YELLOW,Layer 1,Amr Sabry,A5084476883,0000-0002-1025-7331,,Amr Sabry,A5084476883,,,,,,,
anamilanova,Ana Milanova,Ana Milanova,automatic: exact name -> one OpenAlex author ID,use_in_main_panel,openalex_author_id,False,exact_name_one_openalex_author_id,GREEN,Layer 1,Ana Milanova,A5083326011,0009-0005-9667-5276,0009-0005-9667-5276,Ana Milanova,A5083326011,,,,,,,
anasokolova,Ana Sokolova,Ana Sokolova,automatic: exact name -> one OpenAlex author ID,use_in_main_panel,openalex_author_id,False,exact_name_one_openalex_author_id,YELLOW,Layer 1,Ana Sokolova,A5074223895,0000-0002-8384-3438,0000-0002-8384-3438,Ana Sokolova,A5074223895,,,,,,,
andersmiltner1,Anders Miltner,Anders Miltner,automatic: exact name -> one OpenAlex author ID,use_in_main_panel,openalex_author_id,False,exact_name_one_openalex_author_id,GREEN,Layer 1,Anders Miltner,A5001856793,0000-0002-8338-4008,0000-0002-8338-4008,Anders Miltner,A5001856793,,,,,,,
andersmoller,Anders Møller,Anders Møller,automatic: exact name -> one OpenAlex author ID,use_in_main_panel,openalex_author_id,False,exact_name_one_openalex_author_id,YELLOW,Layer 1,Anders Møller,A5103189175,0000-0003-1333-2314,,Anders Møller,A5103189175,,,,,,,
andraskovacs,András Kovács,András Kovács,automatic but ambiguous: exact name -> multiple OpenAlex IDs,use_in_main_panel_with_name_based_flag,ambiguous_name_match,True,exact_name_multiple_openalex_author_ids,RED,Layer 2,András Kovács,,,,András Kovács,A5045224632; A5066948061,,,,,,,
andreasabel,Andreas Abel,Andreas Abel,automatic: exact name -> one OpenAlex author ID,use_in_main_panel,openalex_author_id,False,exact_name_one_openalex_author_id,YELLOW,Layer 1,Andreas Abel,A5008534457,0000-0003-0420-4492,,Andreas Abel,A5008534457,,,,,,,
andreaspavlogiannis1,Andreas Pavlogiannis,Andreas Pavlogiannis,automatic: exact name -> one OpenAlex author ID,use_in_main_panel,openalex_author_id,False,exact_name_one_openalex_author_id,YELLOW,Layer 1,Andreas Pavlogiannis,A5022252401,0000-0002-8943-0722,0000-0002-8943-0722,Andreas Pavlogiannis,A5022252401,,,,,,,
andreaspodelski,Andreas Podelski,Andreas Podelski,automatic: exact name -> one OpenAlex author ID,use_in_main_panel,openalex_author_id,False,exact_name_one_openalex_author_id,YELLOW,Layer 1,Andreas Podelski,A5062411838,0000-0003-2540-9489,,Andreas Podelski,A5062411838,,,,,,,
andreasrossberg,Andreas Rossberg,Andreas Rossberg,automatic: exact name -> one OpenAlex author ID,use_in_main_panel,openalex_author_id,False,exact_name_one_openalex_author_id,GREEN,Layer 1,Andreas Rossberg,A5054382677,0000-0003-3137-3160,0000-0003-3137-3160,Andreas Rossberg,A5054382677,,,,,,,
andreaszeller,Andreas Zeller,Andreas Zeller,automatic: exact name -> one OpenAlex author ID,use_in_main_panel,openalex_author_id,False,exact_name_one_openalex_author_id,YELLOW,Layer 1,Andreas Zeller,A5051672229,0000-0003-4719-8803,,Andreas Zeller,A5051672229,,,,,,,
andreavezzosi2,Andrea Vezzosi,Andrea Vezzosi,automatic: exact name -> one OpenAlex author ID,use_in_main_panel,openalex_author_id,False,exact_name_one_openalex_author_id,YELLOW,Layer 1,Andrea Vezzosi,A5066208562,0000-0001-9570-9407,,Andrea Vezzosi,A5066208562,,,,,,,
andreeacostea,Andreea Costea,Andreea Costea,automatic: exact name -> one OpenAlex author ID,use_in_main_panel,openalex_author_id,False,exact_name_one_openalex_author_id,YELLOW,Layer 1,Andreea Costea,A5082345697,0000-0002-9089-9392,,Andreea Costea,A5082345697,,,,,,,
andreipopescu,Andrei Popescu,Andrei Popescu,automatic but ambiguous: exact name -> multiple OpenAlex IDs,use_in_main_panel_with_name_based_flag,ambiguous_name_match,True,exact_name_multiple_openalex_author_ids,RED,Layer 2,Andrei Popescu,,,,Andrei Popescu,A5064907118; A5102940484,,,,,,,
andrejbauer,Andrej Bauer,Andrej Bauer,automatic: exact name -> one OpenAlex author ID,use_in_main_panel,openalex_author_id,False,exact_name_one_openalex_author_id,YELLOW,Layer 1,Andrej Bauer,A5068602858,0000-0001-5378-0547,0000-0001-5378-0547,Andrej Bauer,A5068602858,,,,,,,
andreplatzer,André Platzer,André Platzer,automatic: exact name -> one OpenAlex author ID,use_in_main_panel,openalex_author_id,False,exact_name_one_openalex_author_id,GREEN,Layer 1,André Platzer,A5080481427,0000-0001-7238-5710,0000-0001-7238-5710,André Platzer,A5080481427,,,,,,,
andreserbsen,Andres Erbsen,Andres Erbsen,automatic: exact name -> one OpenAlex author ID,use_in_main_panel,openalex_author_id,False,exact_name_one_openalex_author_id,GREEN,Layer 1,Andres Erbsen,A5082766906,0000-0002-9854-7500,0000-0002-9854-7500,Andres Erbsen,A5082766906,,,,,,,
andresgoens1,Andrés Goens,Andrés Goens,automatic: exact name -> one OpenAlex author ID,use_in_main_panel,openalex_author_id,False,exact_name_one_openalex_author_id,GREEN,Layer 1,Andrés Goens,A5045703198,0000-0002-0409-1363,0000-0002-0409-1363,Andrés Goens,A5045703198,,,,,,,
andresloh,Andres Löh,Andres Löh,automatic: exact name -> one OpenAlex author ID,use_in_main_panel,openalex_author_id,False,exact_name_one_openalex_author_id,YELLOW,Layer 1,Andres Löh,A5027537142,0000-0002-7492-7293,0000-0002-7492-7293,Andres Löh,A5027537142,,,,,,,
andrewadams,Andrew Adams,Andrew Adams,automatic: exact name -> one OpenAlex author ID,use_in_main_panel,openalex_author_id,False,exact_name_one_openalex_author_id,YELLOW,Layer 1,Andrew Adams,A5082293572,0000-0001-8925-9956,,Andrew Adams,A5082293572,,,,,,,
andrewappel,Andrew W. Appel,Andrew W. Appel,automatic: exact name -> one OpenAlex author ID,use_in_main_panel,openalex_author_id,False,exact_name_one_openalex_author_id,YELLOW,Layer 1,Andrew W. Appel,A5004766305,0000-0001-6009-0325,,Andrew W. Appel,A5004766305,,,,,,,
andrewdgordon,Andrew D. Gordon,Andrew D. Gordon,automatic but ambiguous: exact name -> multiple OpenAlex IDs,use_in_main_panel_with_name_based_flag,ambiguous_name_match,True,exact_name_multiple_openalex_author_ids,RED,Layer 2,Andrew D. Gordon,,0000-0002-5809-2484,0000-0002-5809-2484,Andrew D. Gordon,A5078684560; A5110910266,,,,,,,
andrewkennedy,Andrew Kennedy,Andrew Kennedy,automatic but ambiguous: exact name -> multiple OpenAlex IDs,use_in_main_panel_with_name_based_flag,ambiguous_name_match,True,exact_name_multiple_openalex_author_ids,RED,Layer 2,Andrew Kennedy,,0000-0002-7888-2109,,Andrew Kennedy,A5084971613; A5103778532,,,,,,,
andrewkhirsch,Andrew K. Hirsch,Andrew K. Hirsch,automatic: exact name -> one OpenAlex author ID,use_in_main_panel,openalex_author_id,False,exact_name_one_openalex_author_id,GREEN,Layer 1,Andrew K. Hirsch,A5015733309,0000-0003-2518-614X,0000-0003-2518-614X,Andrew K. Hirsch,A5015733309,,,,,,,
andrewlumsdaine1,Andrew Lumsdaine,Andrew Lumsdaine,automatic: exact name -> one OpenAlex author ID,use_in_main_panel,openalex_author_id,False,exact_name_one_openalex_author_id,YELLOW,Layer 1,Andrew Lumsdaine,A5074260102,0000-0002-9153-6622,0000-0002-9153-6622,Andrew Lumsdaine,A5074260102,,,,,,,
andrewmyers,Andrew Myers,Andrew Myers,automatic: exact name -> one OpenAlex author ID,use_in_main_panel,openalex_author_id,False,exact_name_one_openalex_author_id,YELLOW,Layer 1,Andrew Myers,A5101697551,0000-0001-8427-8330,,Andrew Myers,A5101697551,,,,,,,
andrewpitts,Andrew M. Pitts,Andrew M. Pitts,automatic: exact name -> one OpenAlex author ID,use_in_main_panel,openalex_author_id,False,exact_name_one_openalex_author_id,GREEN,Layer 1,Andrew M. Pitts,A5035484728,0000-0001-7775-3471,0000-0001-7775-3471,Andrew M. Pitts,A5035484728,,,,,,,
andrewtolmach,Andrew Tolmach,Andrew Tolmach,automatic: exact name -> one OpenAlex author ID,use_in_main_panel,openalex_author_id,False,exact_name_one_openalex_author_id,GREEN,Layer 1,Andrew Tolmach,A5046980155,0000-0002-0748-2044,0000-0002-0748-2044,Andrew Tolmach,A5046980155,,,,,,,
andreyrybalchenko,Andrey Rybalchenko,Andrey Rybalchenko,automatic: exact name -> one OpenAlex author ID,use_in_main_panel,openalex_author_id,False,exact_name_one_openalex_author_id,YELLOW,Layer 1,Andrey Rybalchenko,A5044737952,,0000-0002-3655-684X,Andrey Rybalchenko,A5044737952,,,,,,,
andrzejfilinski,Andrzej Filinski,Andrzej Filinski,automatic: exact name -> one OpenAlex author ID,use_in_main_panel,openalex_author_id,False,exact_name_one_openalex_author_id,YELLOW,Layer 1,Andrzej Filinski,A5048548468,0000-0002-9174-1861,0000-0002-9174-1861,Andrzej Filinski,A5048548468,,,,,,,
andrzejmurawski,Andrzej Murawski,Andrzej Murawski,manual: accepted alternate cited-author name,use_in_main_panel_with_manual_flag,manual_accepted_name,True,name_not_found_in_referenced_authors,RED,Layer 2,,,,0000-0002-4725-410X,,,acceptandmerge,"Andrzej S. Murawski; Murawski, Andrzej S.",A5000119795,0000-0002-4725-410X,44.0,26.0,29.0
andygill,Andy Gill,Andy Gill,automatic: exact name -> one OpenAlex author ID,use_in_main_panel,openalex_author_id,False,exact_name_one_openalex_author_id,YELLOW,Layer 1,Andy Gill,A5029124439,,,Andy Gill,A5029124439,,,,,,,
angelicamoreira,Angelica Moreira,Angélica Aparecida Moreira,manual review still needed,do_not_use_until_reviewed,unresolved_not_counted,False,name_not_found_in_referenced_authors,RED,Layer 2,,,,0000-0002-8775-3958,,,,,,,0.0,0.0,0.0
angli,Ang Li,Ang Li,automatic but ambiguous: exact name -> multiple OpenAlex IDs,use_in_main_panel_with_name_based_flag,ambiguous_name_match,True,exact_name_multiple_openalex_author_ids,RED,Layer 2,Ang Li,,,,Ang Li,A5100413624; A5100413657,,,,,,,
anilmadhavapeddy,Anil Madhavapeddy,Anil Madhavapeddy,automatic: exact name -> one OpenAlex author ID,use_in_main_panel,openalex_author_id,False,exact_name_one_openalex_author_id,YELLOW,Layer 1,Anil Madhavapeddy,A5004447568,0000-0001-8954-2428,0000-0001-8954-2428,Anil Madhavapeddy,A5004447568,,,,,,,
anithagollamudi,Anitha Gollamudi,Anitha Gollamudi,automatic: exact name -> one OpenAlex author ID,use_in_main_panel,openalex_author_id,False,exact_name_one_openalex_author_id,GREEN,Layer 1,Anitha Gollamudi,A5047325283,0000-0002-0861-1418,0000-0002-0861-1418,Anitha Gollamudi,A5047325283,,,,,,,
ankushdas1,Ankush Das,Ankush Das,automatic: exact name -> one OpenAlex author ID,use_in_main_panel,openalex_author_id,False,exact_name_one_openalex_author_id,YELLOW,Layer 1,Ankush Das,A5030491260,0000-0003-2459-1258,,Ankush Das,A5030491260,,,,,,,
ankushdesai1,Ankush Desai,Ankush Desai,automatic: exact name -> one OpenAlex author ID,use_in_main_panel,openalex_author_id,False,exact_name_one_openalex_author_id,YELLOW,Layer 1,Ankush Desai,A5042181450,0000-0001-9006-0100,,Ankush Desai,A5042181450,,,,,,,
annettebieniusa,Annette Bieniusa,Annette Bieniusa,automatic: exact name -> one OpenAlex author ID,use_in_main_panel,openalex_author_id,False,exact_name_one_openalex_author_id,YELLOW,Layer 1,Annette Bieniusa,A5050660693,0000-0002-1654-6118,,Annette Bieniusa,A5050660693,,,,,,,
anthonywidjajalin,Anthony Widjaja Lin,Anthony Widjaja Lin,manual: accepted alternate cited-author name,use_in_main_panel_with_manual_flag,manual_accepted_name,True,name_not_found_in_referenced_authors,RED,Layer 2,,,,0000-0003-4715-5096,,,acceptandmerge,"Anthony W. Lin; Lin, Anthony W.; Lin, Anthony Widjaja",A5034129725,0000-0003-4715-5096,87.0,25.0,31.0
antonpodkopaev,Anton Podkopaev,Anton Podkopaev,automatic: exact name -> one OpenAlex author ID,use_in_main_panel,openalex_author_id,False,exact_name_one_openalex_author_id,YELLOW,Layer 1,Anton Podkopaev,A5082235493,0000-0002-9448-6587,,Anton Podkopaev,A5082235493,,,,,,,
anupamdas,Anupam Das,Anupam Das,automatic but ambiguous: exact name -> multiple OpenAlex IDs,use_in_main_panel_with_name_based_flag,ambiguous_name_match,True,exact_name_multiple_openalex_author_ids,RED,Layer 2,Anupam Das,,,,Anupam Das,A5089810498; A5101816745,,,,,,,
aravindmachiry,Aravind Machiry,Aravind Machiry,automatic: exact name -> one OpenAlex author ID,use_in_main_panel,openalex_author_id,False,exact_name_one_openalex_author_id,YELLOW,Layer 1,Aravind Machiry,A5071486684,0000-0001-5124-6818,,Aravind Machiry,A5071486684,,,,,,,
arielkellison,Ariel E. Kellison,Ariel E. Kellison,manual: accepted alternate cited-author name,use_in_main_panel_with_manual_flag,manual_accepted_name,True,name_not_found_in_referenced_authors,RED,Layer 2,,,,,,,acceptandmerge,"Ariel Kellison; Kellison, Ariel",A5059845097,0000-0003-3177-7958,10.0,4.0,7.0
aritrasengupta,Aritra Sengupta,Aritra Sengupta,automatic but ambiguous: exact name -> multiple OpenAlex IDs,use_in_main_panel_with_name_based_flag,ambiguous_name_match,True,exact_name_multiple_openalex_author_ids,RED,Layer 2,Aritra Sengupta,,,,Aritra Sengupta,A5015672019; A5107243687,,,,,,,
arjunguha,Arjun Guha,Arjun Guha,automatic: exact name -> one OpenAlex author ID,use_in_main_panel,openalex_author_id,False,exact_name_one_openalex_author_id,YELLOW,Layer 1,Arjun Guha,A5044042294,0000-0002-7493-3271,,Arjun Guha,A5044042294,,,,,,,
arjunradhakrishna,Arjun Radhakrishna,Arjun Radhakrishna,automatic: exact name -> one OpenAlex author ID,use_in_main_panel,openalex_author_id,False,exact_name_one_openalex_author_id,YELLOW,Layer 1,Arjun Radhakrishna,A5000188805,0000-0002-5559-5932,0000-0002-5559-5932,Arjun Radhakrishna,A5000188805,,,,,,,
armandosolarlezama,Armando Solar-Lezama,Armando Solar-Lezama,automatic: exact name -> one OpenAlex author ID,use_in_main_panel,openalex_author_id,False,exact_name_one_openalex_author_id,YELLOW,Layer 1,Armando Solar-Lezama,A5010786661,0000-0001-7604-8252,,Armando Solar-Lezama,A5010786661,,,,,,,
arnaudspiwack,Arnaud Spiwack,Arnaud Spiwack,automatic: exact name -> one OpenAlex author ID,use_in_main_panel,openalex_author_id,False,exact_name_one_openalex_author_id,YELLOW,Layer 1,Arnaud Spiwack,A5019246823,0000-0002-5985-2086,0000-0002-5985-2086,Arnaud Spiwack,A5019246823,,,,,,,
artemkhyzha1,Artem Khyzha,Artem Khyzha,automatic: exact name -> one OpenAlex author ID,use_in_main_panel,openalex_author_id,False,exact_name_one_openalex_author_id,GREEN,Layer 1,Artem Khyzha,A5029787951,0000-0002-6781-9665,0000-0002-6781-9665,Artem Khyzha,A5029787951,,,,,,,
artempelenitsyn,Artem Pelenitsyn,Artem Pelenitsyn,automatic: exact name -> one OpenAlex author ID,use_in_main_panel,openalex_author_id,False,exact_name_one_openalex_author_id,GREEN,Layer 1,Artem Pelenitsyn,A5056623735,0000-0001-8334-8106,0000-0001-8334-8106,Artem Pelenitsyn,A5056623735,,,,,,,
arthurazevedodeamorim,Arthur Azevedo de Amorim,Arthur Azevedo de Amorim,automatic: exact name -> one OpenAlex author ID,use_in_main_panel,openalex_author_id,False,exact_name_one_openalex_author_id,YELLOW,Layer 1,ARTHUR AZEVEDO DE AMORIM,A5086486652,0000-0001-9916-6614,0000-0001-9916-6614,ARTHUR AZEVEDO DE AMORIM; Arthur Azevedo de Amorim,A5086486652,,,,,,,
arthurchargueraud,Arthur Charguéraud,Arthur Charguéraud,automatic: exact name -> one OpenAlex author ID,use_in_main_panel,openalex_author_id,False,exact_name_one_openalex_author_id,GREEN,Layer 1,Arthur Charguéraud,A5025324126,0000-0001-7764-4507,0000-0001-7764-4507,Arthur Charguéraud,A5025324126,,,,,,,
aseemrastogi,Aseem Rastogi,Aseem Rastogi,automatic: exact name -> one OpenAlex author ID,use_in_main_panel,openalex_author_id,False,exact_name_one_openalex_author_id,GREEN,Layer 1,Aseem Rastogi,A5102801489,0000-0003-3283-8011,0000-0003-3283-8011,Aseem Rastogi,A5102801489,,,,,,,
ashishtiwari,Ashish Tiwari,Ashish Tiwari,automatic: exact name -> one OpenAlex author ID,use_in_main_panel,openalex_author_id,False,exact_name_one_openalex_author_id,YELLOW,Layer 1,Ashish Tiwari,A5086308451,,,Ashish Tiwari,A5086308451,,,,,,,
aslanaskarov,Aslan Askarov,Aslan Askarov,automatic: exact name -> one OpenAlex author ID,use_in_main_panel,openalex_author_id,False,exact_name_one_openalex_author_id,YELLOW,Layer 1,Aslan Askarov,A5023772821,0000-0002-9035-4034,0000-0002-9035-4034,Aslan Askarov,A5023772821,,,,,,,
assiamahboubi,Assia Mahboubi,Assia Mahboubi,automatic but ambiguous: exact name -> multiple OpenAlex IDs,use_in_main_panel_with_name_based_flag,ambiguous_name_match,True,exact_name_multiple_openalex_author_ids,RED,Layer 2,Assia Mahboubi,,0000-0002-0312-5461,0000-0002-0312-5461,Assia Mahboubi,A5034173374; A5113674451,,,,,,,
atsushiigarashi,Atsushi Igarashi,Atsushi Igarashi,automatic: exact name -> one OpenAlex author ID,use_in_main_panel,openalex_author_id,False,exact_name_one_openalex_author_id,YELLOW,Layer 1,Atsushi Igarashi,A5077485499,0000-0002-5143-9764,,Atsushi Igarashi,A5077485499,,,,,,,
atsushiohori,Atsushi Ohori,Atsushi Ohori,automatic: exact name -> one OpenAlex author ID,use_in_main_panel,openalex_author_id,False,exact_name_one_openalex_author_id,YELLOW,Layer 1,Atsushi Ohori,A5046674857,,0000-0001-8645-0907,Atsushi Ohori,A5046674857,,,,,,,
aurelebarriere,Aurèle Barrière,Aurèle Barrière,automatic: exact name -> one OpenAlex author ID,use_in_main_panel,openalex_author_id,False,exact_name_one_openalex_author_id,GREEN,Layer 1,Aurèle Barrière,A5041214466,0000-0002-7297-2170,0000-0002-7297-2170,Aurèle Barrière,A5041214466,,,,,,,
avikchaudhuri,Avik Chaudhuri,Avik Chaudhuri,automatic: exact name -> one OpenAlex author ID,use_in_main_panel,openalex_author_id,False,exact_name_one_openalex_author_id,YELLOW,Layer 1,Avik Chaudhuri,A5065727495,,,Avik Chaudhuri,A5065727495,,,,,,,
awsalbarghouthi,Aws Albarghouthi,Aws Albarghouthi,automatic: exact name -> one OpenAlex author ID,use_in_main_panel,openalex_author_id,False,exact_name_one_openalex_author_id,YELLOW,Layer 1,Aws Albarghouthi,A5050593520,0000-0003-4577-175X,0000-0003-4577-175X,Aws Albarghouthi,A5050593520,,,,,,,
ayalzaks,Ayal Zaks,Ayal Zaks,automatic: exact name -> one OpenAlex author ID,use_in_main_panel,openalex_author_id,False,exact_name_one_openalex_author_id,YELLOW,Layer 1,Ayal Zaks,A5109958961,,,Ayal Zaks,A5109958961,,,,,,,
aymericfromherz,Aymeric Fromherz,Aymeric Fromherz,automatic: exact name -> one OpenAlex author ID,use_in_main_panel,openalex_author_id,False,exact_name_one_openalex_author_id,GREEN,Layer 1,Aymeric Fromherz,A5039132232,0000-0003-2642-543X,0000-0003-2642-543X,Aymeric Fromherz,A5039132232,,,,,,,
azadehfarzan,Azadeh Farzan,Azadeh Farzan,automatic: exact name -> one OpenAlex author ID,use_in_main_panel,openalex_author_id,False,exact_name_one_openalex_author_id,GREEN,Layer 1,Azadeh Farzan,A5016276143,0000-0001-9005-2653,0000-0001-9005-2653,Azadeh Farzan,A5016276143,,,,,,,
azalearaad,Azalea Raad,Azalea Raad,automatic: exact name -> one OpenAlex author ID,use_in_main_panel,openalex_author_id,False,exact_name_one_openalex_author_id,GREEN,Layer 1,Azalea Raad,A5083721882,0000-0002-2319-3242,0000-0002-2319-3242,Azalea Raad,A5083721882,,,,,,,
baberrehman,Baber Rehman,Baber Rehman,automatic: exact name -> one OpenAlex author ID,use_in_main_panel,openalex_author_id,False,exact_name_one_openalex_author_id,GREEN,Layer 1,Baber Rehman,A5029199272,0000-0002-9458-8428,0000-0002-9458-8428,Baber Rehman,A5029199272,,,,,,,
bariskasikci,Baris Kasikci,Baris Kasikci,automatic: exact name -> one OpenAlex author ID,use_in_main_panel,openalex_author_id,False,exact_name_one_openalex_author_id,GREEN,Layer 1,Baris Kasikci,A5050964144,0000-0001-6122-8998,0000-0001-6122-8998,Baris Kasikci,A5050964144,,,,,,,
bartjacobs,Bart Jacobs,Bart Jacobs,automatic but ambiguous: exact name -> multiple OpenAlex IDs,use_in_main_panel_with_name_based_flag,ambiguous_name_match,True,exact_name_multiple_openalex_author_ids,RED,Layer 2,Bart Jacobs,,,,Bart Jacobs,A5042359645; A5102972733,,,,,,,
basspitters,Bas Spitters,Bas Spitters,automatic: exact name -> one OpenAlex author ID,use_in_main_panel,openalex_author_id,False,exact_name_one_openalex_author_id,YELLOW,Layer 1,Bas Spitters,A5043123968,0000-0002-2802-0973,0000-0002-2802-0973,Bas Spitters,A5043123968,,,,,,,
bengreenman,Ben Greenman,Ben Greenman,automatic: exact name -> one OpenAlex author ID,use_in_main_panel,openalex_author_id,False,exact_name_one_openalex_author_id,YELLOW,Layer 1,Ben Greenman,A5002785598,0000-0001-7078-9287,,Ben Greenman,A5002785598,,,,,,,
benhardekopf,Ben Hardekopf,Ben Hardekopf,automatic: exact name -> one OpenAlex author ID,use_in_main_panel,openalex_author_id,False,exact_name_one_openalex_author_id,YELLOW,Layer 1,Ben Hardekopf,A5074393511,0009-0008-1199-6129,0009-0008-1199-6129,Ben Hardekopf,A5074393511,,,,,,,
benhermann,Ben Hermann,Ben Hermann,automatic: exact name -> one OpenAlex author ID,use_in_main_panel,openalex_author_id,False,exact_name_one_openalex_author_id,GREEN,Layer 1,Ben Hermann,A5027995789,0000-0001-9848-2017,0000-0001-9848-2017,Ben Hermann,A5027995789,,,,,,,
beniaminoaccattoli,Beniamino Accattoli,Beniamino Accattoli,automatic: exact name -> one OpenAlex author ID,use_in_main_panel,openalex_author_id,False,exact_name_one_openalex_author_id,GREEN,Layer 1,Beniamino Accattoli,A5046873607,0000-0003-4944-9944,0000-0003-4944-9944,Beniamino Accattoli,A5046873607,,,,,,,
benjaminchung,Benjamin Chung,Benjamin Chung,automatic: exact name -> one OpenAlex author ID,use_in_main_panel,openalex_author_id,False,exact_name_one_openalex_author_id,YELLOW,Layer 1,Benjamin Chung,A5008191145,0000-0001-9238-7334,,Benjamin Chung,A5008191145,,,,,,,
benjamincpierce,Benjamin C. Pierce,Benjamin C. Pierce,automatic: exact name -> one OpenAlex author ID,use_in_main_panel,openalex_author_id,False,exact_name_one_openalex_author_id,YELLOW,Layer 1,BENJAMIN C. PIERCE,A5085361253,0000-0001-7839-1636,,BENJAMIN C. PIERCE; Benjamin C. Pierce,A5085361253,,,,,,,
benjamindelaware,Benjamin Delaware,Benjamin Delaware,automatic: exact name -> one OpenAlex author ID,use_in_main_panel,openalex_author_id,False,exact_name_one_openalex_author_id,YELLOW,Layer 1,Benjamin Delaware,A5073767542,0000-0002-1016-6261,0000-0002-1016-6261,Benjamin Delaware,A5073767542,,,,,,,
benjaminlivshits1,Benjamin Livshits,Benjamin Livshits,automatic: exact name -> one OpenAlex author ID,use_in_main_panel,openalex_author_id,False,exact_name_one_openalex_author_id,YELLOW,Layer 1,Benjamin Livshits,A5068390911,0000-0002-4921-8452,0000-0002-4921-8452,Benjamin Livshits,A5068390911,,,,,,,
benjaminlucienkaminski,Benjamin Lucien Kaminski,Benjamin Lucien Kaminski,automatic: exact name -> one OpenAlex author ID,use_in_main_panel,openalex_author_id,False,exact_name_one_openalex_author_id,YELLOW,Layer 1,Benjamin Lucien Kaminski,A5045667283,0000-0001-5185-2324,0000-0001-5185-2324,Benjamin Lucien Kaminski,A5045667283,,,,,,,
benliblit,Ben Liblit,Ben Liblit,automatic: exact name -> one OpenAlex author ID,use_in_main_panel,openalex_author_id,False,exact_name_one_openalex_author_id,YELLOW,Layer 1,Ben Liblit,A5030632138,0000-0002-2245-2839,,Ben Liblit,A5030632138,,,,,,,
benlippmeier,Ben Lippmeier,Ben Lippmeier,automatic: exact name -> one OpenAlex author ID,use_in_main_panel,openalex_author_id,False,exact_name_one_openalex_author_id,YELLOW,Layer 1,Ben Lippmeier,A5009447837,,,Ben Lippmeier,A5009447837,,,,,,,
benltitzer,Ben L. Titzer,Ben L. Titzer,automatic: exact name -> one OpenAlex author ID,use_in_main_panel,openalex_author_id,False,exact_name_one_openalex_author_id,YELLOW,Layer 1,Ben L. Titzer,A5034437441,0000-0002-9690-2089,,Ben L. Titzer,A5034437441,,,,,,,
benoitvaliron1,Benoît Valiron,Benoît Valiron,automatic: exact name -> one OpenAlex author ID,use_in_main_panel,openalex_author_id,False,exact_name_one_openalex_author_id,YELLOW,Layer 1,Benoit Valiron,A5065743601,0000-0002-1008-5605,0000-0002-1008-5605,Benoit Valiron; Benoît Valiron,A5065743601,,,,,,,
benzorn,Ben Zorn,Ben Zorn,automatic: exact name -> one OpenAlex author ID,use_in_main_panel,openalex_author_id,False,exact_name_one_openalex_author_id,YELLOW,Layer 1,Ben Zorn,A5061392370,,0000-0001-9719-9842,Ben Zorn,A5061392370,,,,,,,
bernardotoninho,Bernardo Toninho,Bernardo Toninho,automatic: exact name -> one OpenAlex author ID,use_in_main_panel,openalex_author_id,False,exact_name_one_openalex_author_id,YELLOW,Layer 1,Bernardo Toninho,A5039596448,0000-0002-0746-7514,0000-0002-0746-7514,Bernardo Toninho,A5039596448,,,,,,,
berndfinkbeiner,Bernd Finkbeiner,Bernd Finkbeiner,automatic: exact name -> one OpenAlex author ID,use_in_main_panel,openalex_author_id,False,exact_name_one_openalex_author_id,YELLOW,Layer 1,Bernd Finkbeiner,A5048189898,0000-0002-4280-8441,0000-0002-4280-8441,Bernd Finkbeiner,A5048189898,,,,,,,
bernhardscholz1,Bernhard Scholz,Bernhard Scholz,automatic: exact name -> one OpenAlex author ID,use_in_main_panel,openalex_author_id,False,exact_name_one_openalex_author_id,YELLOW,Layer 1,Bernhard Scholz,A5084068260,0000-0002-7672-7359,,Bernhard Scholz,A5084068260,,,,,,,
betaziliani,Beta Ziliani,Beta Ziliani,automatic: exact name -> one OpenAlex author ID,use_in_main_panel,openalex_author_id,False,exact_name_one_openalex_author_id,GREEN,Layer 1,Beta Ziliani,A5051003407,0000-0001-7071-6010,0000-0001-7071-6010,Beta Ziliani,A5051003407,,,,,,,
billharris,Bill Harris,William Harris,name-only: exact/mapped cited-author name but no OpenAlex ID,use_in_main_panel_with_name_based_flag,name_only_match,True,name_not_found_in_referenced_authors,RED,Layer 2,,,,,,,,,,,,,
boryuhevanchang,Bor-Yuh Evan Chang,Bor-Yuh Evan Chang,automatic: exact name -> one OpenAlex author ID,use_in_main_panel,openalex_author_id,False,exact_name_one_openalex_author_id,GREEN,Layer 1,Bor-Yuh Evan Chang,A5048756174,0000-0002-1954-0774,0000-0002-1954-0774,Bor-Yuh Evan Chang,A5048756174,,,,,,,
brandonlucia,Brandon Lucia,Brandon Lucia,automatic: exact name -> one OpenAlex author ID,use_in_main_panel,openalex_author_id,False,exact_name_one_openalex_author_id,YELLOW,Layer 1,Brandon Lucia,A5076249757,0000-0003-4130-1099,0000-0003-4130-1099,Brandon Lucia,A5076249757,,,,,,,
brentyorgey,Brent Yorgey,Brent Yorgey,manual: accepted alternate cited-author name,use_in_main_panel_with_manual_flag,manual_accepted_name,True,name_not_found_in_referenced_authors,RED,Layer 2,,,,0009-0005-0135-6134,,,accept,Brent A. Yorgey,A5058418924,0009-0005-0135-6134,23.0,20.0,4.0
briandemsky,Brian Demsky,Brian Demsky,automatic: exact name -> one OpenAlex author ID,use_in_main_panel,openalex_author_id,False,exact_name_one_openalex_author_id,GREEN,Layer 1,Brian Demsky,A5016315666,0000-0003-1210-3130,0000-0003-1210-3130,Brian Demsky,A5016315666,,,,,,,
brianhempel,Brian Hempel,Brian Hempel,automatic: exact name -> one OpenAlex author ID,use_in_main_panel,openalex_author_id,False,exact_name_one_openalex_author_id,YELLOW,Layer 1,Brian Hempel,A5034813141,0000-0003-3466-5556,,Brian Hempel,A5034813141,,,,,,,
brigittepientka,Brigitte Pientka,Brigitte Pientka,automatic: exact name -> one OpenAlex author ID,use_in_main_panel,openalex_author_id,False,exact_name_one_openalex_author_id,YELLOW,Layer 1,Brigitte Pientka,A5044908798,0000-0002-2549-4276,0000-0002-2549-4276,Brigitte Pientka,A5044908798,,,,,,,
brunooliveira,Bruno C. d. S. Oliveira,Bruno C. d. S. Oliveira,automatic: exact name -> one OpenAlex author ID,use_in_main_panel,openalex_author_id,False,exact_name_one_openalex_author_id,YELLOW,Layer 1,Bruno C. d. S. Oliveira,A5049714036,0000-0002-1846-7210,0000-0002-1846-7210,Bruno C. d. S. Oliveira,A5049714036,,,,,,,
burcukulahciogluozkan,Burcu Kulahcioglu Ozkan,Burcu Kulahcioglu Ozkan,automatic: exact name -> one OpenAlex author ID,use_in_main_panel,openalex_author_id,False,exact_name_one_openalex_author_id,GREEN,Layer 1,Burcu Kulahcioglu Ozkan,A5019138419,0000-0002-7038-165X,0000-0002-7038-165X,Burcu Kulahcioglu Ozkan,A5019138419,,,,,,,
caitlinsadowski,Caitlin Sadowski,Caitlin Sadowski,automatic: exact name -> one OpenAlex author ID,use_in_main_panel,openalex_author_id,False,exact_name_one_openalex_author_id,GREEN,Layer 1,Caitlin Sadowski,A5013989748,0000-0002-7742-2784,0000-0002-7742-2784,Caitlin Sadowski,A5013989748,,,,,,,
calebstanford,Caleb Stanford,Caleb Stanford,automatic: exact name -> one OpenAlex author ID,use_in_main_panel,openalex_author_id,False,exact_name_one_openalex_author_id,GREEN,Layer 1,Caleb Stanford,A5019472033,0000-0002-8428-7736,0000-0002-8428-7736,Caleb Stanford,A5019472033,,,,,,,
calincascaval,Calin Cascaval,Calin Cascaval,automatic: exact name -> one OpenAlex author ID,use_in_main_panel,openalex_author_id,False,exact_name_one_openalex_author_id,GREEN,Layer 1,Călin Caşcaval,A5036042735,0000-0002-2780-6763,0000-0002-2780-6763,Călin Caşcaval,A5036042735,,,,,,,
calvinsmith,Calvin Smith,Calvin Smith,automatic: exact name -> one OpenAlex author ID,use_in_main_panel,openalex_author_id,False,exact_name_one_openalex_author_id,YELLOW,Layer 1,Calvin Smith,A5075808482,,,Calvin Smith,A5075808482,,,,,,,
cameronfreer,Cameron Freer,Cameron Freer,name-only: exact/mapped cited-author name but no OpenAlex ID,use_in_main_panel_with_name_based_flag,name_only_match,True,exact_name_no_openalex_author_id,RED,Layer 2,CAMERON FREER,,,0000-0003-1791-6843,CAMERON FREER; Cameron Freer,,,,,,,,
camildemetrescu,Camil Demetrescu,Camil Demetrescu,automatic: exact name -> one OpenAlex author ID,use_in_main_panel,openalex_author_id,False,exact_name_one_openalex_author_id,YELLOW,Layer 1,Camil Demetrescu,A5066534034,0000-0002-4686-6745,0000-0002-4686-6745,Camil Demetrescu,A5066534034,,,,,,,
carlaferreira,Carla Ferreira,Carla Ferreira,automatic: exact name -> one OpenAlex author ID,use_in_main_panel,openalex_author_id,False,exact_name_one_openalex_author_id,YELLOW,Layer 1,Carla Ferreira,A5031885550,0000-0003-3680-7634,,Carla Ferreira,A5031885550,,,,,,,
carloangiuli,Carlo Angiuli,Carlo Angiuli,automatic: exact name -> one OpenAlex author ID,use_in_main_panel,openalex_author_id,False,exact_name_one_openalex_author_id,YELLOW,Layer 1,Carlo Angiuli,A5082735906,0000-0002-9590-3303,0000-0002-9590-3303,Carlo Angiuli,A5082735906,,,,,,,
carolinelemieux,Caroline Lemieux,Caroline Lemieux,automatic: exact name -> one OpenAlex author ID,use_in_main_panel,openalex_author_id,False,exact_name_one_openalex_author_id,YELLOW,Layer 1,Caroline Lemieux,A5069023395,0000-0002-9610-8520,0000-0002-9610-8520,Caroline Lemieux,A5069023395,,,,,,,
casperbach,Casper Bach,Casper Bach,manual: accepted alternate cited-author name,use_in_main_panel_with_manual_flag,manual_accepted_name,True,name_not_found_in_referenced_authors,RED,Layer 2,,,,0000-0003-0622-7639,,,acceptandmerge,"Bach, Casper; Casper Bach Poulsen; Poulsen, Casper Bach",A5087571354,0000-0003-0622-7639,65.0,42.0,21.0
catalinhritcu,Cătălin Hriţcu,Cătălin Hriţcu,automatic: exact name -> one OpenAlex author ID,use_in_main_panel,openalex_author_id,False,exact_name_one_openalex_author_id,YELLOW,Layer 1,CĂTĂLIN HRIŢCU,A5106466226,0000-0001-8919-8081,,CĂTĂLIN HRIŢCU; Cătălin Hriţcu,A5106466226,,,,,,,
caterinaurban,Caterina Urban,Caterina Urban,automatic: exact name -> one OpenAlex author ID,use_in_main_panel,openalex_author_id,False,exact_name_one_openalex_author_id,YELLOW,Layer 1,Caterina Urban,A5077439185,0000-0002-8127-9642,,Caterina Urban,A5077439185,,,,,,,
cedricfournet,Cédric Fournet,Cédric Fournet,automatic: exact name -> one OpenAlex author ID,use_in_main_panel,openalex_author_id,False,exact_name_one_openalex_author_id,GREEN,Layer 1,Cédric Fournet,A5108519702,0000-0001-6929-886X,0000-0001-6929-886X,Cédric Fournet,A5108519702,,,,,,,
cezaradragoi,Cezara Drăgoi,Cezara Drăgoi,automatic but ambiguous: exact name -> multiple OpenAlex IDs,use_in_main_panel_with_name_based_flag,ambiguous_name_match,True,exact_name_multiple_openalex_author_ids,RED,Layer 2,Cezara Drăgoi,,,,Cezara Drăgoi,A5089014944; A5105116463,,,,,,,
chandrakananandi,Chandrakana Nandi,Chandrakana Nandi,automatic: exact name -> one OpenAlex author ID,use_in_main_panel,openalex_author_id,False,exact_name_one_openalex_author_id,YELLOW,Layer 1,Chandrakana Nandi,A5066993902,0000-0001-8633-8413,0000-0001-8633-8413,Chandrakana Nandi,A5066993902,,,,,,,
chandrakrintz,Chandra Krintz,Chandra Krintz,automatic: exact name -> one OpenAlex author ID,use_in_main_panel,openalex_author_id,False,exact_name_one_openalex_author_id,GREEN,Layer 1,Chandra Krintz,A5040516516,0000-0003-4972-0669,0000-0003-4972-0669,Chandra Krintz,A5040516516,,,,,,,
chaowang3,Chao Wang,Chao Wang,automatic but ambiguous: exact name -> multiple OpenAlex IDs,use_in_main_panel_with_name_based_flag,ambiguous_name_match,True,exact_name_multiple_openalex_author_ids,RED,Layer 2,Chao Wang,,,,Chao Wang,A5079094062; A5100406852; A5100406863; A5100406890; A5100406906; A5100406941; A5100406950; A5100406988; A5100407017; A5100407035; A5100407078; A5100407158; A5100773459; A5101934907; A5115076700; A5115602540,,,,,,,
charithmendis1,Charith Mendis,Charith Mendis,automatic: exact name -> one OpenAlex author ID,use_in_main_panel,openalex_author_id,False,exact_name_one_openalex_author_id,YELLOW,Layer 1,Charith Mendis,A5034476447,0000-0002-8140-2321,0000-0002-8140-2321,Charith Mendis,A5034476447,,,,,,,
charlessutton,Charles Sutton,Charles Sutton,automatic but ambiguous: exact name -> multiple OpenAlex IDs,use_in_main_panel_with_name_based_flag,ambiguous_name_match,True,exact_name_multiple_openalex_author_ids,RED,Layer 2,Charles Sutton,,0000-0002-0041-3820,,Charles Sutton,A5028501178; A5042489298,,,,,,,
charliecurtsinger,Charlie Curtsinger,Charlie Curtsinger,automatic: exact name -> one OpenAlex author ID,use_in_main_panel,openalex_author_id,False,exact_name_one_openalex_author_id,YELLOW,Layer 1,Charlie Curtsinger,A5053167314,,,Charlie Curtsinger,A5053167314,,,,,,,
charliemurphy1,Charlie Murphy,Charlie Murphy,automatic: exact name -> one OpenAlex author ID,use_in_main_panel,openalex_author_id,False,exact_name_one_openalex_author_id,YELLOW,Layer 1,Charlie Murphy,A5000201364,,0000-0003-3450-6985,Charlie Murphy,A5000201364,,,,,,,
chending,Chen Ding,Chen Ding,automatic but ambiguous: exact name -> multiple OpenAlex IDs,use_in_main_panel_with_name_based_flag,ambiguous_name_match,True,exact_name_multiple_openalex_author_ids,RED,Layer 2,Chen Ding,,,,Chen Ding,A5002777604; A5050227516,,,,,,,
chenglongwang,Chenglong Wang,Chenglong Wang,automatic but ambiguous: exact name -> multiple OpenAlex IDs,use_in_main_panel_with_name_based_flag,ambiguous_name_match,True,exact_name_multiple_openalex_author_ids,RED,Layer 2,Chenglong Wang,,,,Chenglong Wang,A5063667052; A5100367807; A5100367813; A5100367824; A5100367825,,,,,,,
chenxiwang1,Chenxi Wang,Chenxi Wang,automatic: exact name -> one OpenAlex author ID,use_in_main_panel,openalex_author_id,False,exact_name_one_openalex_author_id,YELLOW,Layer 1,Chenxi Wang,A5100334369,0000-0002-1451-3101,,Chenxi Wang,A5100334369,,,,,,,
chriscasinghino1,Chris Casinghino,Chris Casinghino,automatic but ambiguous: exact name -> multiple OpenAlex IDs,use_in_main_panel_with_name_based_flag,ambiguous_name_match,True,exact_name_multiple_openalex_author_ids,RED,Layer 2,Chris Casinghino,,0009-0005-6689-9463,0009-0005-6689-9463,Chris Casinghino,A5021193410; A5115826665,,,,,,,
chrisfallin,Chris Fallin,Chris Fallin,automatic: exact name -> one OpenAlex author ID,use_in_main_panel,openalex_author_id,False,exact_name_one_openalex_author_id,GREEN,Layer 1,Chris Fallin,A5030507600,0000-0002-6733-1803,0000-0002-6733-1803,Chris Fallin,A5030507600,,,,,,,
chrishawblitzel,Chris Hawblitzel,Chris Hawblitzel,automatic: exact name -> one OpenAlex author ID,use_in_main_panel,openalex_author_id,False,exact_name_one_openalex_author_id,GREEN,Layer 1,Chris Hawblitzel,A5016958899,0000-0002-5676-0362,0000-0002-5676-0362,Chris Hawblitzel,A5016958899,,,,,,,
chrismartens,Chris Martens,Chris Martens,automatic: exact name -> one OpenAlex author ID,use_in_main_panel,openalex_author_id,False,exact_name_one_openalex_author_id,YELLOW,Layer 1,Chris Martens,A5086688438,0000-0002-7026-0348,,Chris Martens,A5086688438,,,,,,,
chrisseaton,Chris Seaton,Chris Seaton,automatic: exact name -> one OpenAlex author ID,use_in_main_panel,openalex_author_id,False,exact_name_one_openalex_author_id,YELLOW,Layer 1,Chris Seaton,A5037104076,,0000-0003-3677-3534,Chris Seaton,A5037104076,,,,,,,
christiankastner,Christian Kästner,Christian Kästner,automatic: exact name -> one OpenAlex author ID,use_in_main_panel,openalex_author_id,False,exact_name_one_openalex_author_id,YELLOW,Layer 1,Christian Kästner,A5067467896,0000-0002-4450-4572,,Christian Kästner,A5067467896,,,,,,,
christianwimmer,Christian Wimmer,Christian Wimmer,automatic but ambiguous: exact name -> multiple OpenAlex IDs,use_in_main_panel_with_name_based_flag,ambiguous_name_match,True,exact_name_multiple_openalex_author_ids,RED,Layer 2,Christian Wimmer,,,,Christian Wimmer,A5013620492; A5099309884,,,,,,,
christinerizkallah,Christine Rizkallah,Christine Rizkallah,automatic: exact name -> one OpenAlex author ID,use_in_main_panel,openalex_author_id,False,exact_name_one_openalex_author_id,YELLOW,Layer 1,Christine Rizkallah,A5019489999,0000-0003-4785-2836,0000-0003-4785-2836,Christine Rizkallah,A5019489999,,,,,,,
christinetasson,Christine Tasson,Christine Tasson,automatic: exact name -> one OpenAlex author ID,use_in_main_panel,openalex_author_id,False,exact_name_one_openalex_author_id,YELLOW,Layer 1,Christine Tasson,A5063161068,0000-0001-8098-9944,0000-0001-8098-9944,Christine Tasson,A5063161068,,,,,,,
christopherpulte,Christopher Pulte,Christopher Pulte,automatic: exact name -> one OpenAlex author ID,use_in_main_panel,openalex_author_id,False,exact_name_one_openalex_author_id,GREEN,Layer 1,Christopher Pulte,A5029071370,0000-0002-7369-183X,0000-0002-7369-183X,Christopher Pulte,A5029071370,,,,,,,
christophmatheja,Christoph Matheja,Christoph Matheja,automatic: exact name -> one OpenAlex author ID,use_in_main_panel,openalex_author_id,False,exact_name_one_openalex_author_id,GREEN,Layer 1,Christoph Matheja,A5089189715,0000-0001-9151-0441,0000-0001-9151-0441,Christoph Matheja,A5089189715,,,,,,,
christosdimoulas1,Christos Dimoulas,Christos Dimoulas,automatic: exact name -> one OpenAlex author ID,use_in_main_panel,openalex_author_id,False,exact_name_one_openalex_author_id,GREEN,Layer 1,Christos Dimoulas,A5041562511,0000-0002-9338-7034,0000-0002-9338-7034,Christos Dimoulas,A5041562511,,,,,,,
chungchiehshan,Chung-chieh Shan,Chung-chieh Shan,automatic: exact name -> one OpenAlex author ID,use_in_main_panel,openalex_author_id,False,exact_name_one_openalex_author_id,GREEN,Layer 1,Chung-chieh Shan,A5021546193,0000-0002-0339-6405,0000-0002-0339-6405,Chung-chieh Shan,A5021546193,,,,,,,
chungkilhur,Chung-Kil Hur,Chung-Kil Hur,automatic: exact name -> one OpenAlex author ID,use_in_main_panel,openalex_author_id,False,exact_name_one_openalex_author_id,YELLOW,Layer 1,Chung-Kil Hur,A5035382393,0000-0002-1656-0913,0000-0002-1656-0913,Chung-Kil Hur,A5035382393,,,,,,,
cierajaspan,Ciera Jaspan,Ciera Jaspan,automatic: exact name -> one OpenAlex author ID,use_in_main_panel,openalex_author_id,False,exact_name_one_openalex_author_id,GREEN,Layer 1,Ciera Jaspan,A5010687341,0000-0003-4500-1392,0000-0003-4500-1392,Ciera Jaspan,A5010687341,,,,,,,
cindyrubiogonzalez,Cindy Rubio-González,Cindy Rubio-González,automatic: exact name -> one OpenAlex author ID,use_in_main_panel,openalex_author_id,False,exact_name_one_openalex_author_id,GREEN,Layer 1,Cindy Rubio-González,A5010991469,0000-0002-0861-3763,0000-0002-0861-3763,Cindy Rubio-González,A5010991469,,,,,,,
claudiorusso,Claudio Russo,Claudio Russo,automatic: exact name -> one OpenAlex author ID,use_in_main_panel,openalex_author_id,False,exact_name_one_openalex_author_id,YELLOW,Layer 1,Claudio Russo,A5081301440,0000-0003-4877-2424,,Claudio Russo,A5081301440,,,,,,,
clementpitclaudel,Clément Pit-Claudel,Clément Pit-Claudel,automatic: exact name -> one OpenAlex author ID,use_in_main_panel,openalex_author_id,False,exact_name_one_openalex_author_id,YELLOW,Layer 1,Clément Pit-Claudel,A5018186543,0000-0002-1900-3901,0000-0002-1900-3901,Clément Pit-Claudel,A5018186543,,,,,,,
coleschlesinger3,Cole Schlesinger,Cole Schlesinger,automatic: exact name -> one OpenAlex author ID,use_in_main_panel,openalex_author_id,False,exact_name_one_openalex_author_id,GREEN,Layer 1,Cole Schlesinger,A5012489417,0009-0004-9350-3041,0009-0004-9350-3041,Cole Schlesinger,A5012489417,,,,,,,
colingordon,Colin Gordon,Colin Gordon,manual: accepted alternate cited-author name,use_in_main_panel_with_manual_flag,manual_accepted_name,True,name_not_found_in_referenced_authors,RED,Layer 2,,,,,,,acceptandmerge,"Colin S. Gordon; Gordon, Colin",A5072587371,0000-0002-9012-4490,68.0,46.0,18.0
conormcbride,Conor McBride,Conor McBride,automatic: exact name -> one OpenAlex author ID,use_in_main_panel,openalex_author_id,False,exact_name_one_openalex_author_id,YELLOW,Layer 1,Conor McBride,A5090954120,0000-0003-1487-0886,0000-0003-1487-0886,Conor McBride; Conor Mcbride,A5090954120,,,,,,,
conradwatt,Conrad Watt,Conrad Watt,automatic: exact name -> one OpenAlex author ID,use_in_main_panel,openalex_author_id,False,exact_name_one_openalex_author_id,YELLOW,Layer 1,Conrad Watt,A5060197721,0000-0002-0596-877X,0000-0002-0596-877X,Conrad Watt,A5060197721,,,,,,,
constantinenea,Constantin Enea,Constantin Enea,automatic: exact name -> one OpenAlex author ID,use_in_main_panel,openalex_author_id,False,exact_name_one_openalex_author_id,YELLOW,Layer 1,Constantin Enea,A5040528930,0000-0003-2727-8865,,Constantin Enea,A5040528930,,,,,,,
corinaspasareanu,Corina S. Pasareanu,Corina S. Pasareanu,automatic: exact name -> one OpenAlex author ID,use_in_main_panel,openalex_author_id,False,exact_name_one_openalex_author_id,YELLOW,Layer 1,Corina S. Păsăreanu,A5053134485,0000-0002-5579-6961,,Corina S. Păsăreanu,A5053134485,,,,,,,
cormacflanagan,Cormac Flanagan,Cormac Flanagan,automatic but ambiguous: exact name -> multiple OpenAlex IDs,use_in_main_panel_with_name_based_flag,ambiguous_name_match,True,exact_name_multiple_openalex_author_ids,RED,Layer 2,Cormac Flanagan,,0000-0002-1828-3120,,Cormac Flanagan,A5018139743; A5110315014,,,,,,,
coskuacay1,Coşku Acay,Coşku Acay,automatic: exact name -> one OpenAlex author ID,use_in_main_panel,openalex_author_id,False,exact_name_one_openalex_author_id,YELLOW,Layer 1,Coşku Acay,A5054491689,0000-0002-0487-1167,0000-0002-0487-1167,Coşku Acay,A5054491689,,,,,,,
cristalopes,Crista Lopes,Crista Lopes,manual: accepted alternate cited-author name,use_in_main_panel_with_manual_flag,manual_accepted_name,True,name_not_found_in_referenced_authors,RED,Layer 2,,,,0000-0003-0551-3908,,,acceptandmerge,Cristina V. Lopes; Cristina Videira Lopes,A5103284742; A5110194436,0000-0003-0551-3908,33.0,22.0,12.0
cristiancadar,Cristian Cadar,Cristian Cadar,automatic: exact name -> one OpenAlex author ID,use_in_main_panel,openalex_author_id,False,exact_name_one_openalex_author_id,YELLOW,Layer 1,Cristian Cadar,A5053355200,0000-0002-3599-7264,,Cristian Cadar,A5053355200,,,,,,,
cyrusomar,Cyrus Omar,Cyrus Omar,automatic: exact name -> one OpenAlex author ID,use_in_main_panel,openalex_author_id,False,exact_name_one_openalex_author_id,GREEN,Layer 1,Cyrus Omar,A5001010367,0000-0003-4502-7971,0000-0003-4502-7971,Cyrus Omar,A5001010367,,,,,,,
daanleijen,Daan Leijen,Daan Leijen,automatic: exact name -> one OpenAlex author ID,use_in_main_panel,openalex_author_id,False,exact_name_one_openalex_author_id,YELLOW,Layer 1,Daan Leijen,A5086447301,0000-0003-1027-5430,,Daan Leijen,A5086447301,,,,,,,
dalalalrajeh1,Dalal Alrajeh,Dalal Alrajeh,manual review still needed,do_not_use_until_reviewed,unresolved_not_counted,False,name_not_found_in_referenced_authors,RED,Layer 2,,,,,,,,,,,0.0,0.0,0.0
damianomazza,Damiano Mazza,Damiano Mazza,automatic: exact name -> one OpenAlex author ID,use_in_main_panel,openalex_author_id,False,exact_name_one_openalex_author_id,YELLOW,Layer 1,Damiano Mazza,A5088134720,,0000-0002-5307-7744,Damiano Mazza,A5088134720,,,,,,,
damienpous,Damien Pous,Damien Pous,automatic: exact name -> one OpenAlex author ID,use_in_main_panel,openalex_author_id,False,exact_name_one_openalex_author_id,YELLOW,Layer 1,Damien Pous,A5084356882,0000-0002-1220-4399,0000-0002-1220-4399,Damien Pous,A5084356882,,,,,,,
damienzufferey,Damien Zufferey,Damien Zufferey,automatic: exact name -> one OpenAlex author ID,use_in_main_panel,openalex_author_id,False,exact_name_one_openalex_author_id,YELLOW,Layer 1,Damien Zufferey,A5011927030,0000-0002-3197-8736,0000-0002-3197-8736,Damien Zufferey,A5011927030,,,,,,,
danadrachslercohen,Dana Drachsler Cohen,Dana Drachsler Cohen,manual: accepted alternate cited-author name,use_in_main_panel_with_manual_flag,manual_accepted_name,True,name_not_found_in_referenced_authors,RED,Layer 2,,,,0000-0001-6644-5377,,,acceptandmerge,Dana Drachsler; Dana Drachsler-Cohen,A5001910580; A5071311108,0000-0001-6644-5377,92.0,70.0,22.0
danbarowy,Dan Barowy,Dan Barowy,manual: accepted alternate cited-author name,use_in_main_panel_with_manual_flag,manual_accepted_name,True,name_not_found_in_referenced_authors,RED,Layer 2,,,,,,,accept,Daniel W. Barowy,A5032195792,,16.0,12.0,6.0
danelahman,Danel Ahman,Danel Ahman,automatic: exact name -> one OpenAlex author ID,use_in_main_panel,openalex_author_id,False,exact_name_one_openalex_author_id,YELLOW,Layer 1,Danel Ahman,A5050436525,0000-0001-6595-2756,0000-0001-6595-2756,Danel Ahman,A5050436525,,,,,,,
danfengzhang,Danfeng Zhang,Danfeng Zhang,automatic: exact name -> one OpenAlex author ID,use_in_main_panel,openalex_author_id,False,exact_name_one_openalex_author_id,YELLOW,Layer 1,Danfeng Zhang,A5100722775,0000-0003-1942-6872,,Danfeng Zhang,A5100722775,,,,,,,
danfrumin1,Daniel Frumin,Daniel Frumin,manual: accepted alternate cited-author name,use_in_main_panel_with_manual_flag,manual_accepted_name,True,name_not_found_in_referenced_authors,RED,Layer 2,,,,,,,accept,Dan Frumin,A5063218698,0000-0001-5864-7278,69.0,54.0,9.0
danghica,Dan Ghica,Dan Ghica,manual: accepted alternate cited-author name,use_in_main_panel_with_manual_flag,manual_accepted_name,True,name_not_found_in_referenced_authors,RED,Layer 2,,,,0000-0002-4003-8893,,,acceptandmerge,"Dan R. Ghica; Ghica, Dan R.",A5072298249,0000-0002-4003-8893,64.0,46.0,26.0
dangrossman,Dan Grossman,Dan Grossman,automatic: exact name -> one OpenAlex author ID,use_in_main_panel,openalex_author_id,False,exact_name_one_openalex_author_id,YELLOW,Layer 1,Dan Grossman,A5103045316,,0000-0002-8739-6866,Dan Grossman,A5103045316,,,,,,,
danielapetrisan,Daniela Petrisan,Daniela Petrişan,automatic: exact name -> one OpenAlex author ID,use_in_main_panel,openalex_author_id,False,exact_name_one_openalex_author_id,YELLOW,Layer 1,Daniela Petrişan,A5087070796,,0000-0001-9712-930X,Daniela Petrişan,A5087070796,,,,,,,
danielgratzer,Daniel Gratzer,Daniel Gratzer,automatic: exact name -> one OpenAlex author ID,use_in_main_panel,openalex_author_id,False,exact_name_one_openalex_author_id,GREEN,Layer 1,Daniel Gratzer,A5056800630,0000-0003-1944-0789,0000-0003-1944-0789,Daniel Gratzer,A5056800630,,,,,,,
danieljackson,Daniel Jackson,Daniel Jackson,automatic but ambiguous: exact name -> multiple OpenAlex IDs,use_in_main_panel_with_name_based_flag,ambiguous_name_match,True,exact_name_multiple_openalex_author_ids,RED,Layer 2,Daniel Jackson,,,,Daniel Jackson,A5101853727; A5101853728,,,,,,,
danielperelman1,Daniel Perelman,Daniel Perelman,automatic: exact name -> one OpenAlex author ID,use_in_main_panel,openalex_author_id,False,exact_name_one_openalex_author_id,YELLOW,Layer 1,Daniel Perelman,A5043907771,0000-0002-0157-5506,0000-0002-0157-5506,Daniel Perelman,A5043907771,,,,,,,
danlicata,Daniel R. Licata,Daniel R. Licata,automatic: exact name -> one OpenAlex author ID,use_in_main_panel,openalex_author_id,False,exact_name_one_openalex_author_id,YELLOW,Layer 1,Daniel R. Licata,A5009198759,0000-0003-0697-7405,0000-0003-0697-7405,Daniel R. Licata,A5009198759,,,,,,,
dariuszbiernacki,Dariusz Biernacki,Dariusz Biernacki,automatic: exact name -> one OpenAlex author ID,use_in_main_panel,openalex_author_id,False,exact_name_one_openalex_author_id,GREEN,Layer 1,Dariusz Biernacki,A5083683038,0000-0002-1477-4635,0000-0002-1477-4635,Dariusz Biernacki,A5083683038,,,,,,,
darkomarinov,Darko Marinov,Darko Marinov,automatic: exact name -> one OpenAlex author ID,use_in_main_panel,openalex_author_id,False,exact_name_one_openalex_author_id,GREEN,Layer 1,Darko Marinov,A5081289583,0000-0001-5023-3492,0000-0001-5023-3492,Darko Marinov,A5081289583,,,,,,,
davesands,Dave Sands,Dave Sands,manual: accepted alternate cited-author name,use_in_main_panel_with_manual_flag,manual_accepted_name,True,name_not_found_in_referenced_authors,RED,Layer 2,,,,0000-0001-6221-0503,,,acceptandmerge,A. D. Sands; D Sands; David Sands,A5041546905; A5082447666,0000-0001-6221-0503,93.0,55.0,39.0
davidbroman,David Broman,David Broman,automatic: exact name -> one OpenAlex author ID,use_in_main_panel,openalex_author_id,False,exact_name_one_openalex_author_id,YELLOW,Layer 1,David Broman,A5073873489,0000-0001-8457-4105,,David Broman,A5073873489,,,,,,,
davidchristiansen,David Thrane Christiansen,David Thrane Christiansen,automatic: exact name -> one OpenAlex author ID,use_in_main_panel,openalex_author_id,False,exact_name_one_openalex_author_id,YELLOW,Layer 1,David Thrane Christiansen,A5088271411,,,David Thrane Christiansen,A5088271411,,,,,,,
daviddarais,David Darais,David Darais,automatic: exact name -> one OpenAlex author ID,use_in_main_panel,openalex_author_id,False,exact_name_one_openalex_author_id,YELLOW,Layer 1,David Darais,A5019557654,0000-0003-2314-0287,0000-0003-2314-0287,David Darais,A5019557654,,,,,,,
davideancona,Davide Ancona,Davide Ancona,automatic: exact name -> one OpenAlex author ID,use_in_main_panel,openalex_author_id,False,exact_name_one_openalex_author_id,GREEN,Layer 1,Davide Ancona,A5036812254,0000-0002-6297-2011,0000-0002-6297-2011,Davide Ancona,A5036812254,,,,,,,
davidesangiorgi,Davide Sangiorgi,Davide Sangiorgi,automatic: exact name -> one OpenAlex author ID,use_in_main_panel,openalex_author_id,False,exact_name_one_openalex_author_id,YELLOW,Layer 1,Davide Sangiorgi,A5077030456,0000-0001-5823-3235,,Davide Sangiorgi,A5077030456,,,,,,,
davidfbacon,David F. Bacon,David F. Bacon,automatic: exact name -> one OpenAlex author ID,use_in_main_panel,openalex_author_id,False,exact_name_one_openalex_author_id,YELLOW,Layer 1,David F. Bacon,A5033485201,,0000-0002-5692-0151,David F. Bacon,A5033485201,,,,,,,
davidgrove,David Grove,David Grove,automatic: exact name -> one OpenAlex author ID,use_in_main_panel,openalex_author_id,False,exact_name_one_openalex_author_id,YELLOW,Layer 1,David Grove,A5006981734,0000-0002-3265-7125,,David Grove,A5006981734,,,,,,,
davidiaugust,David I. August,David I. August,automatic: exact name -> one OpenAlex author ID,use_in_main_panel,openalex_author_id,False,exact_name_one_openalex_author_id,YELLOW,Layer 1,David I. August,A5008319090,0000-0003-3327-1803,0000-0003-3327-1803,David I. August,A5008319090,,,,,,,
davidmonniaux,David Monniaux,David Monniaux,automatic: exact name -> one OpenAlex author ID,use_in_main_panel,openalex_author_id,False,exact_name_one_openalex_author_id,YELLOW,Layer 1,David Monniaux,A5067069157,0000-0001-7671-6126,0000-0001-7671-6126,David Monniaux,A5067069157,,,,,,,
davidnaumann,David Naumann,David Naumann,manual: accepted alternate cited-author name,use_in_main_panel_with_manual_flag,manual_accepted_name,True,name_not_found_in_referenced_authors,RED,Layer 2,,,,,,,accept,David A. Naumann,A5009739199,0000-0002-7634-6150,49.0,32.0,25.0
davidpearce,David J. Pearce,David J. Pearce,automatic: exact name -> one OpenAlex author ID,use_in_main_panel,openalex_author_id,False,exact_name_one_openalex_author_id,YELLOW,Layer 1,David J. Pearce,A5008538442,0000-0003-4535-9677,,David J. Pearce,A5008538442,,,,,,,
davidpichardie,David Pichardie,David Pichardie,automatic: exact name -> one OpenAlex author ID,use_in_main_panel,openalex_author_id,False,exact_name_one_openalex_author_id,GREEN,Layer 1,David Pichardie,A5046752375,0000-0002-2504-1760,0000-0002-2504-1760,David Pichardie,A5046752375,,,,,,,
davidvanhorn,David Van Horn,David Van Horn,automatic: exact name -> one OpenAlex author ID,use_in_main_panel,openalex_author_id,False,exact_name_one_openalex_author_id,YELLOW,Layer 1,DAVID VAN HORN,A5091183810,0000-0002-9201-6864,,DAVID VAN HORN; David Van Horn,A5091183810,,,,,,,
davidwalker,David Walker,David Walker,automatic but ambiguous: exact name -> multiple OpenAlex IDs,use_in_main_panel_with_name_based_flag,ambiguous_name_match,True,exact_name_multiple_openalex_author_ids,RED,Layer 2,David Walker,,,,David Walker,A5011939986; A5034009645; A5049454219,,,,,,,
deepakgarg,Deepak Garg,Deepak Garg,automatic: exact name -> one OpenAlex author ID,use_in_main_panel,openalex_author_id,False,exact_name_one_openalex_author_id,YELLOW,Layer 1,Deepak Garg,A5026719321,0000-0002-0888-3093,,Deepak Garg,A5026719321,,,,,,,
deianstefan,Deian Stefan,Deian Stefan,automatic: exact name -> one OpenAlex author ID,use_in_main_panel,openalex_author_id,False,exact_name_one_openalex_author_id,YELLOW,Layer 1,Deian Stefan,A5082723061,0000-0002-7041-7464,0000-0002-7041-7464,Deian Stefan,A5082723061,,,,,,,
deliakesner,Delia Kesner,Delia Kesner,automatic: exact name -> one OpenAlex author ID,use_in_main_panel,openalex_author_id,False,exact_name_one_openalex_author_id,GREEN,Layer 1,Delia Kesner,A5077330939,0000-0003-4254-3129,0000-0003-4254-3129,Delia Kesner,A5077330939,,,,,,,
delphinedemange,Delphine Demange,Delphine Demange,automatic: exact name -> one OpenAlex author ID,use_in_main_panel,openalex_author_id,False,exact_name_one_openalex_author_id,GREEN,Layer 1,Delphine Demange,A5002005076,0000-0002-7029-3297,0000-0002-7029-3297,Delphine Demange,A5002005076,,,,,,,
denismerigoux,Denis Merigoux,Denis Merigoux,automatic: exact name -> one OpenAlex author ID,use_in_main_panel,openalex_author_id,False,exact_name_one_openalex_author_id,GREEN,Layer 1,Denis Merigoux,A5037387730,0000-0003-2247-0938,0000-0003-2247-0938,Denis Merigoux,A5037387730,,,,,,,
denysshabalin,Denys Shabalin,Denys Shabalin,automatic: exact name -> one OpenAlex author ID,use_in_main_panel,openalex_author_id,False,exact_name_one_openalex_author_id,YELLOW,Layer 1,Denys Shabalin,A5049622724,,0000-0002-5862-2123,Denys Shabalin,A5049622724,,,,,,,
derekdreyer,Derek Dreyer,Derek Dreyer,automatic: exact name -> one OpenAlex author ID,use_in_main_panel,openalex_author_id,False,exact_name_one_openalex_author_id,YELLOW,Layer 1,Derek Dreyer,A5050585539,0000-0002-3884-6867,,Derek Dreyer,A5050585539,,,,,,,
dexterkozen,Dexter Kozen,Dexter Kozen,automatic: exact name -> one OpenAlex author ID,use_in_main_panel,openalex_author_id,False,exact_name_one_openalex_author_id,YELLOW,Layer 1,Dexter Kozen,A5053923311,0000-0002-8007-4725,,Dexter Kozen,A5053923311,,,,,,,
dimitriosvytiniotis,Dimitrios Vytiniotis,Dimitrios Vytiniotis,automatic: exact name -> one OpenAlex author ID,use_in_main_panel,openalex_author_id,False,exact_name_one_openalex_author_id,YELLOW,Layer 1,DIMITRIOS VYTINIOTIS,A5029108294,,0009-0007-2079-1996,DIMITRIOS VYTINIOTIS; Dimitrios Vytiniotis,A5029108294,,,,,,,
dimitrismitropoulos,Dimitris Mitropoulos,Dimitris Mitropoulos,automatic: exact name -> one OpenAlex author ID,use_in_main_panel,openalex_author_id,False,exact_name_one_openalex_author_id,YELLOW,Layer 1,Dimitris Mitropoulos,A5021658848,0000-0002-5061-9018,,Dimitris Mitropoulos,A5021658848,,,,,,,
diomidisspinellis,Diomidis Spinellis,Diomidis Spinellis,automatic: exact name -> one OpenAlex author ID,use_in_main_panel,openalex_author_id,False,exact_name_one_openalex_author_id,GREEN,Layer 1,Diomidis Spinellis,A5021948425,0000-0003-4231-1897,0000-0003-4231-1897,Diomidis Spinellis,A5021948425,,,,,,,
diwang,Di Wang,Di Wang,automatic but ambiguous: exact name -> multiple OpenAlex IDs,use_in_main_panel_with_name_based_flag,ambiguous_name_match,True,exact_name_multiple_openalex_author_ids,RED,Layer 2,Di Wang,,,,Di Wang,A5091000845; A5100401412; A5100401482,,,,,,,
dominicorchard,Dominic Orchard,Dominic Orchard,automatic: exact name -> one OpenAlex author ID,use_in_main_panel,openalex_author_id,False,exact_name_one_openalex_author_id,YELLOW,Layer 1,Dominic Orchard,A5064585229,0000-0002-7058-7842,0000-0002-7058-7842,Dominic Orchard,A5064585229,,,,,,,
dominiquedevriese,Dominique Devriese,Dominique Devriese,automatic: exact name -> one OpenAlex author ID,use_in_main_panel,openalex_author_id,False,exact_name_one_openalex_author_id,YELLOW,Layer 1,Dominique Devriese,A5011654888,0000-0002-3862-6856,0000-0002-3862-6856,Dominique Devriese,A5011654888,,,,,,,
dorrabenkhalifa,Dorra Ben Khalifa,Dorra Ben Khalifa,automatic: exact name -> one OpenAlex author ID,use_in_main_panel,openalex_author_id,False,exact_name_one_openalex_author_id,GREEN,Layer 1,Dorra Ben Khalifa,A5030371965,0000-0002-0595-5231,0000-0002-0595-5231,Dorra Ben Khalifa,A5030371965,,,,,,,
douglea,Doug Lea,Doug Lea,automatic: exact name -> one OpenAlex author ID,use_in_main_panel,openalex_author_id,False,exact_name_one_openalex_author_id,GREEN,Layer 1,Doug Lea,A5110731343,0000-0002-6068-7866,0000-0002-6068-7866,Doug Lea,A5110731343,,,,,,,
drewzagieboylo1,Drew Zagieboylo,Drew Zagieboylo,automatic: exact name -> one OpenAlex author ID,use_in_main_panel,openalex_author_id,False,exact_name_one_openalex_author_id,GREEN,Layer 1,Drew Zagieboylo,A5013955474,0000-0001-6847-6599,0000-0001-6847-6599,Drew Zagieboylo,A5013955474,,,,,,,
dylanmcdermott1,Dylan McDermott,Dylan McDermott,automatic: exact name -> one OpenAlex author ID,use_in_main_panel,openalex_author_id,False,exact_name_one_openalex_author_id,YELLOW,Layer 1,Dylan McDermott,A5047709110,0000-0002-6705-1449,,Dylan McDermott,A5047709110,,,,,,,
earlbarr,Earl T. Barr,Earl T. Barr,automatic: exact name -> one OpenAlex author ID,use_in_main_panel,openalex_author_id,False,exact_name_one_openalex_author_id,YELLOW,Layer 1,Earl T. Barr,A5076587279,0000-0003-0771-7891,,Earl T. Barr,A5076587279,,,,,,,
eddyzhengzhang,Eddy (Zheng) Zhang,Eddy (Zheng) Zhang,manual: accepted alternate cited-author name,use_in_main_panel_with_manual_flag,manual_accepted_name,True,name_not_found_in_referenced_authors,RED,Layer 2,,,,,,,acceptandmerge,Eddie Zhang; Eddy Z. Zhang; Eddy Zhang; Zheng Zhang; Ziheng Zhang,A5049890668; A5055616549; A5069358248; A5071204460; A5100459086; A5100459107; A5100459122; A5100459168; A5100459174; A5100613117; A5101670052,0000-0001-5480-9436; 0000-0002-0027-172X; 0000-0002-1924-0421; 0000-0002-2292-0030; 0000-0002-3815-4318; 0000-0002-4242-814X; 0000-0003-1470-6998; 0000-0003-2076-6372,27.0,19.0,21.0
edwardaftandilian,Eddie Aftandilian,Eddie Aftandilian,manual: accepted alternate cited-author name,use_in_main_panel_with_manual_flag,manual_accepted_name,True,name_not_found_in_referenced_authors,RED,Layer 2,,,,,,,accept,Edward Aftandilian,A5035579617,,37.0,31.0,12.0
edwinbrady,Edwin Brady,Edwin Brady,automatic: exact name -> one OpenAlex author ID,use_in_main_panel,openalex_author_id,False,exact_name_one_openalex_author_id,YELLOW,Layer 1,Edwin Brady,A5042121684,0000-0002-9734-367X,0000-0002-9734-367X,Edwin Brady,A5042121684,,,,,,,
eelcovisser,Eelco Visser,Eelco Visser,automatic: exact name -> one OpenAlex author ID,use_in_main_panel,openalex_author_id,False,exact_name_one_openalex_author_id,YELLOW,Layer 1,Eelco Visser,A5072923235,0000-0002-7384-3370,,Eelco Visser,A5072923235,,,,,,,
eijirosumii,Eijiro Sumii,Eijiro Sumii,automatic: exact name -> one OpenAlex author ID,use_in_main_panel,openalex_author_id,False,exact_name_one_openalex_author_id,YELLOW,Layer 1,Eijiro Sumii,A5048931630,,0000-0003-2022-8507,Eijiro Sumii,A5048931630,,,,,,,
ekaterinakomendantskaya,Ekaterina Komendantskaya,Ekaterina Komendantskaya,automatic: exact name -> one OpenAlex author ID,use_in_main_panel,openalex_author_id,False,exact_name_one_openalex_author_id,GREEN,Layer 1,Ekaterina Komendantskaya,A5026643182,0000-0002-3240-0987,0000-0002-3240-0987,Ekaterina Komendantskaya,A5026643182,,,,,,,
elenazucca,Elena Zucca,Elena Zucca,automatic: exact name -> one OpenAlex author ID,use_in_main_panel,openalex_author_id,False,exact_name_one_openalex_author_id,YELLOW,Layer 1,Elena Zucca,A5046299910,0000-0002-6833-6470,,Elena Zucca,A5046299910,,,,,,,
eliotmoss,Eliot Moss,Eliot Moss,manual: accepted alternate cited-author name,use_in_main_panel_with_manual_flag,manual_accepted_name,True,name_not_found_in_referenced_authors,RED,Layer 2,,,,0000-0001-6637-3641,,,acceptandmerge,Eliot B. Moss; J. Eliot; J. Eliot B. Moss,A5015046489; A5069042610; A5111958729,0000-0001-6637-3641,161.0,126.0,35.0
elisagonzalezboix,Elisa Gonzalez Boix,Elisa Gonzalez Boix,automatic: exact name -> one OpenAlex author ID,use_in_main_panel,openalex_author_id,False,exact_name_one_openalex_author_id,GREEN,Layer 1,Elisa Gonzalez Boix,A5058914635,0000-0002-9966-6421,0000-0002-9966-6421,Elisa Gonzalez Boix,A5058914635,,,,,,,
emanueledosualdo,Emanuele D'Osualdo,Emanuele D'Osualdo,automatic: exact name -> one OpenAlex author ID,use_in_main_panel,openalex_author_id,False,exact_name_one_openalex_author_id,GREEN,Layer 1,Emanuele D’Osualdo,A5013899049,0000-0002-9179-5827,0000-0002-9179-5827,Emanuele D’Osualdo,A5013899049,,,,,,,
emilyfirst1,Emily First,Emily First,automatic: exact name -> one OpenAlex author ID,use_in_main_panel,openalex_author_id,False,exact_name_one_openalex_author_id,YELLOW,Layer 1,Emily First,A5102852428,0000-0002-2896-2928,,Emily First,A5102852428,,,,,,,
eminatorlak,Emina Torlak,Emina Torlak,automatic: exact name -> one OpenAlex author ID,use_in_main_panel,openalex_author_id,False,exact_name_one_openalex_author_id,YELLOW,Layer 1,Emina Torlak,A5088791029,0000-0002-1155-2711,0000-0002-1155-2711,Emina Torlak,A5088791029,,,,,,,
emmasoderberg,Emma Söderberg,Emma Söderberg,automatic: exact name -> one OpenAlex author ID,use_in_main_panel,openalex_author_id,False,exact_name_one_openalex_author_id,YELLOW,Layer 1,Emma Söderberg,A5001336269,0000-0001-7966-4560,,Emma Söderberg,A5001336269,,,,,,,
emmatosch,Emma Tosch,Emma Tosch,automatic: exact name -> one OpenAlex author ID,use_in_main_panel,openalex_author_id,False,exact_name_one_openalex_author_id,GREEN,Layer 1,Emma Tosch,A5089697725,0000-0002-2333-8034,0000-0002-2333-8034,Emma Tosch,A5089697725,,,,,,,
eranyahav,Eran Yahav,Eran Yahav,automatic: exact name -> one OpenAlex author ID,use_in_main_panel,openalex_author_id,False,exact_name_one_openalex_author_id,GREEN,Layer 1,Eran Yahav,A5061044883,0000-0003-4305-6314,0000-0003-4305-6314,Eran Yahav,A5061044883,,,,,,,
erezpetrank,Erez Petrank,Erez Petrank,automatic: exact name -> one OpenAlex author ID,use_in_main_panel,openalex_author_id,False,exact_name_one_openalex_author_id,YELLOW,Layer 1,Erez Petrank,A5073517584,0000-0002-6353-956X,0000-0002-6353-956X,Erez Petrank,A5073517584,,,,,,,
ericatkinson1,Eric Atkinson,Eric Atkinson,automatic: exact name -> one OpenAlex author ID,use_in_main_panel,openalex_author_id,False,exact_name_one_openalex_author_id,YELLOW,Layer 1,Eric Atkinson,A5040756298,0000-0002-8396-1258,,Eric Atkinson,A5040756298,,,,,,,
ericeide,Eric Eide,Eric Eide,automatic: exact name -> one OpenAlex author ID,use_in_main_panel,openalex_author_id,False,exact_name_one_openalex_author_id,YELLOW,Layer 1,Eric Eide,A5002123078,0000-0001-7206-8408,,Eric Eide,A5002123078,,,,,,,
erickoskinen,Eric Koskinen,Eric Koskinen,automatic: exact name -> one OpenAlex author ID,use_in_main_panel,openalex_author_id,False,exact_name_one_openalex_author_id,YELLOW,Layer 1,Eric Koskinen,A5024796518,0000-0001-7363-634X,0000-0001-7363-634X,Eric Koskinen,A5024796518,,,,,,,
ericschkufza,Eric Schkufza,Eric Schkufza,automatic: exact name -> one OpenAlex author ID,use_in_main_panel,openalex_author_id,False,exact_name_one_openalex_author_id,YELLOW,Layer 1,Eric Schkufza,A5077176328,,0009-0007-6145-5657,Eric Schkufza,A5077176328,,,,,,,
ericvanwyk,Eric Van Wyk,Eric Van Wyk,automatic: exact name -> one OpenAlex author ID,use_in_main_panel,openalex_author_id,False,exact_name_one_openalex_author_id,YELLOW,Layer 1,Eric Van Wyk,A5030370686,0000-0002-5611-8687,0000-0002-5611-8687,Eric Van Wyk,A5030370686,,,,,,,
erikaabraham,Erika Abraham,Erika Ábrahám,automatic: exact name -> one OpenAlex author ID,use_in_main_panel,openalex_author_id,False,exact_name_one_openalex_author_id,YELLOW,Layer 1,Erika Ábrahám,A5068015318,0000-0002-5647-6134,,Erika Ábrahám,A5068015318,,,,,,,
erikmeijer,Erik Meijer,Erik Meijer,automatic but ambiguous: exact name -> multiple OpenAlex IDs,use_in_main_panel_with_name_based_flag,ambiguous_name_match,True,exact_name_multiple_openalex_author_ids,RED,Layer 2,Erik Meijer,,,,Erik Meijer,A5053775941; A5074555535; A5103175875,,,,,,,
etanter,Éric Tanter,Éric Tanter,automatic: exact name -> one OpenAlex author ID,use_in_main_panel,openalex_author_id,False,exact_name_one_openalex_author_id,YELLOW,Layer 1,Éric Tanter,A5074606459,0000-0002-7359-890X,0000-0002-7359-890X,Éric Tanter,A5074606459,,,,,,,
eunsukkang,Eunsuk Kang,Eunsuk Kang,automatic: exact name -> one OpenAlex author ID,use_in_main_panel,openalex_author_id,False,exact_name_one_openalex_author_id,YELLOW,Layer 1,Eunsuk Kang,A5044511705,0000-0001-7891-6885,,Eunsuk Kang,A5044511705,,,,,,,
evadarulova,Eva Darulova,Eva Darulova,automatic: exact name -> one OpenAlex author ID,use_in_main_panel,openalex_author_id,False,exact_name_one_openalex_author_id,YELLOW,Layer 1,Eva Darulova,A5053069388,0000-0002-6848-3163,0000-0002-6848-3163,Eva Darulova; Eva Darulová,A5053069388,,,,,,,
evagraversen,Eva Graversen,Eva Graversen,automatic: exact name -> one OpenAlex author ID,use_in_main_panel,openalex_author_id,False,exact_name_one_openalex_author_id,GREEN,Layer 1,Eva Graversen,A5051763696,0000-0002-9430-4907,0000-0002-9430-4907,Eva Graversen,A5051763696,,,,,,,
evelyncontejean,Evelyne Contejean,Evelyne Contejean,automatic: exact name -> one OpenAlex author ID,use_in_main_panel,openalex_author_id,False,exact_name_one_openalex_author_id,YELLOW,Layer 1,Évelyne Contejean,A5014621785,0000-0002-8195-7861,,Évelyne Contejean,A5014621785,,,,,,,
ezgicicek,Ezgi Çiçek,Ezgi Çiçek,automatic: exact name -> one OpenAlex author ID,use_in_main_panel,openalex_author_id,False,exact_name_one_openalex_author_id,YELLOW,Layer 1,Ezgi Çiçek,A5058419137,,,Ezgi Çiçek,A5058419137,,,,,,,
fabianmuehlboeck,Fabian Muehlboeck,Fabian Muehlboeck,automatic: exact name -> one OpenAlex author ID,use_in_main_panel,openalex_author_id,False,exact_name_one_openalex_author_id,GREEN,Layer 1,Fabian Muehlboeck,A5001324851,0000-0003-1548-0177,0000-0003-1548-0177,Fabian Muehlboeck,A5001324851,,,,,,,
fabriziomontesi,Fabrizio Montesi,Fabrizio Montesi,automatic: exact name -> one OpenAlex author ID,use_in_main_panel,openalex_author_id,False,exact_name_one_openalex_author_id,YELLOW,Layer 1,Fabrizio Montesi,A5000566520,0000-0003-4666-901X,,Fabrizio Montesi,A5000566520,,,,,,,
fanlong,Fan Long,Fan Long,automatic: exact name -> one OpenAlex author ID,use_in_main_panel,openalex_author_id,False,exact_name_one_openalex_author_id,YELLOW,Layer 1,Fan Long,A5080879279,0000-0001-7973-1188,,Fan Long,A5080879279,,,,,,,
farzanehderakhshan,Farzaneh Derakhshan,Farzaneh Derakhshan,automatic: exact name -> one OpenAlex author ID,use_in_main_panel,openalex_author_id,False,exact_name_one_openalex_author_id,YELLOW,Layer 1,Farzaneh Derakhshan,A5037521041,0000-0002-2156-2606,,Farzaneh Derakhshan,A5037521041,,,,,,,
feihe,Fei He,Fei He,automatic: exact name -> one OpenAlex author ID,use_in_main_panel,openalex_author_id,False,exact_name_one_openalex_author_id,YELLOW,Layer 1,Fei He,A5042735025,0000-0002-4266-875X,,Fei He,A5042735025,,,,,,,
felixstutz,Felix Stutz,Felix Stutz,automatic: exact name -> one OpenAlex author ID,use_in_main_panel,openalex_author_id,False,exact_name_one_openalex_author_id,GREEN,Layer 1,Felix Stutz,A5057084737,0000-0003-3638-4096,0000-0003-3638-4096,Felix Stutz,A5057084737,,,,,,,
ferassaad,Feras Saad,Feras A. Saad,automatic: exact name -> one OpenAlex author ID,use_in_main_panel,openalex_author_id,False,exact_name_one_openalex_author_id,YELLOW,Layer 1,Feras A. Saad,A5009835778,0000-0002-0505-795X,,Feras A. Saad,A5009835778,,,,,,,
filipniksic,Filip Niksic,Filip Niksic,automatic: exact name -> one OpenAlex author ID,use_in_main_panel,openalex_author_id,False,exact_name_one_openalex_author_id,YELLOW,Layer 1,Filip Niksic,A5072101985,,,Filip Niksic,A5072101985,,,,,,,
filippobonchi,Filippo Bonchi,Filippo Bonchi,automatic: exact name -> one OpenAlex author ID,use_in_main_panel,openalex_author_id,False,exact_name_one_openalex_author_id,YELLOW,Layer 1,Filippo Bonchi,A5004609161,0000-0002-3433-723X,0000-0002-3433-723X,Filippo Bonchi,A5004609161,,,,,,,
filipsieczkowski,Filip Sieczkowski,Filip Sieczkowski,automatic: exact name -> one OpenAlex author ID,use_in_main_panel,openalex_author_id,False,exact_name_one_openalex_author_id,GREEN,Layer 1,Filip Sieczkowski,A5047754900,0000-0001-5011-3458,0000-0001-5011-3458,Filip Sieczkowski,A5047754900,,,,,,,
francescodagnino1,Francesco Dagnino,Francesco Dagnino,automatic: exact name -> one OpenAlex author ID,use_in_main_panel,openalex_author_id,False,exact_name_one_openalex_author_id,GREEN,Layer 1,Francesco Dagnino,A5046176286,0000-0003-3599-3535,0000-0003-3599-3535,Francesco Dagnino,A5046176286,,,,,,,
francescogavazzo,Francesco Gavazzo,Francesco Gavazzo,automatic: exact name -> one OpenAlex author ID,use_in_main_panel,openalex_author_id,False,exact_name_one_openalex_author_id,GREEN,Layer 1,Francesco Gavazzo,A5081771854,0000-0002-2159-0615,0000-0002-2159-0615,Francesco Gavazzo,A5081771854,,,,,,,
francescologozzo,Francesco Logozzo,Francesco Logozzo,automatic: exact name -> one OpenAlex author ID,use_in_main_panel,openalex_author_id,False,exact_name_one_openalex_author_id,YELLOW,Layer 1,Francesco Logozzo,A5058389738,,,Francesco Logozzo,A5058389738,,,,,,,
francescoranzato,Francesco Ranzato,Francesco Ranzato,automatic: exact name -> one OpenAlex author ID,use_in_main_panel,openalex_author_id,False,exact_name_one_openalex_author_id,YELLOW,Layer 1,Francesco Ranzato,A5000629161,0000-0003-0159-0068,0000-0003-0159-0068,Francesco Ranzato,A5000629161,,,,,,,
francescozappanardelli,Francesco Zappa Nardelli,Francesco Zappa Nardelli,automatic: exact name -> one OpenAlex author ID,use_in_main_panel,openalex_author_id,False,exact_name_one_openalex_author_id,YELLOW,Layer 1,Francesco Zappa Nardelli,A5032148955,,,Francesco Zappa Nardelli,A5032148955,,,,,,,
francoisgauthier,François Gauthier,François Gauthier,automatic: exact name -> one OpenAlex author ID,use_in_main_panel,openalex_author_id,False,exact_name_one_openalex_author_id,YELLOW,Layer 1,François Gauthier,A5107243299,0000-0002-9470-5081,,François Gauthier,A5107243299,,,,,,,
francoispottier,François Pottier,François Pottier,automatic: exact name -> one OpenAlex author ID,use_in_main_panel,openalex_author_id,False,exact_name_one_openalex_author_id,GREEN,Layer 1,François Pottier,A5060426941,0000-0002-4069-1235,0000-0002-4069-1235,François Pottier,A5060426941,,,,,,,
frankfu,Frank Fu,Frank Fu,manual review still needed,do_not_use_until_reviewed,unresolved_not_counted,False,name_not_found_in_referenced_authors,RED,Layer 2,,,,,,,,,,,0.0,0.0,0.0
frankpfenning,Frank Pfenning,Frank Pfenning,automatic: exact name -> one OpenAlex author ID,use_in_main_panel,openalex_author_id,False,exact_name_one_openalex_author_id,YELLOW,Layer 1,Frank Pfenning,A5021476649,0000-0002-8279-5817,,Frank Pfenning,A5021476649,,,,,,,
frankpiessens,Frank Piessens,Frank Piessens,automatic: exact name -> one OpenAlex author ID,use_in_main_panel,openalex_author_id,False,exact_name_one_openalex_author_id,YELLOW,Layer 1,Frank Piessens,A5008329832,0000-0001-5438-153X,0000-0001-5438-153X,Frank Piessens,A5008329832,,,,,,,
franktip,Frank Tip,Frank Tip,automatic: exact name -> one OpenAlex author ID,use_in_main_panel,openalex_author_id,False,exact_name_one_openalex_author_id,YELLOW,Layer 1,Frank Tip,A5087594876,0000-0002-1862-3498,0000-0002-1862-3498,Frank Tip,A5087594876,,,,,,,
franzfranchetti,Franz Franchetti,Franz Franchetti,automatic: exact name -> one OpenAlex author ID,use_in_main_panel,openalex_author_id,False,exact_name_one_openalex_author_id,YELLOW,Layer 1,Franz Franchetti,A5062806943,0000-0002-3529-8973,0000-0002-3529-8973,Franz Franchetti,A5062806943,,,,,,,
fraserbrown,Fraser Brown,Fraser Brown,automatic: exact name -> one OpenAlex author ID,use_in_main_panel,openalex_author_id,False,exact_name_one_openalex_author_id,YELLOW,Layer 1,Fraser Brown,A5003256269,0009-0006-6601-7317,,Fraser Brown,A5003256269,,,,,,,
fredrikkjolstad,Fredrik Kjolstad,Fredrik Kjolstad,automatic: exact name -> one OpenAlex author ID,use_in_main_panel,openalex_author_id,False,exact_name_one_openalex_author_id,YELLOW,Layer 1,Fredrik Kjolstad,A5041886781,0000-0002-2267-903X,0000-0002-2267-903X,Fredrik Kjolstad; Fredrik Kjølstad,A5041886781,,,,,,,
freekverbeek,Freek Verbeek,Freek Verbeek,automatic: exact name -> one OpenAlex author ID,use_in_main_panel,openalex_author_id,False,exact_name_one_openalex_author_id,GREEN,Layer 1,Freek Verbeek,A5067135306,0000-0002-6625-1123,0000-0002-6625-1123,Freek Verbeek,A5067135306,,,,,,,
friedrichsteimann,Friedrich Steimann,Friedrich Steimann,automatic: exact name -> one OpenAlex author ID,use_in_main_panel,openalex_author_id,False,exact_name_one_openalex_author_id,YELLOW,Layer 1,Friedrich Steimann,A5004979548,0000-0002-8887-134X,,Friedrich Steimann,A5004979548,,,,,,,
fritzhenglein,Fritz Henglein,Fritz Henglein,automatic: exact name -> one OpenAlex author ID,use_in_main_panel,openalex_author_id,False,exact_name_one_openalex_author_id,YELLOW,Layer 1,Fritz Henglein,A5045204080,0000-0001-5190-2125,0000-0001-5190-2125,Fritz Henglein,A5045204080,,,,,,,
gabrieldosreis,Gabriel Dos Reis,Gabriel Dos Reis,automatic: exact name -> one OpenAlex author ID,use_in_main_panel,openalex_author_id,False,exact_name_one_openalex_author_id,YELLOW,Layer 1,Gabriel Dos Reis,A5112412433,0000-0002-1908-1424,,Gabriel Dos Reis,A5112412433,,,,,,,
gabrielekeller,Gabriele Keller,Gabriele Keller,automatic: exact name -> one OpenAlex author ID,use_in_main_panel,openalex_author_id,False,exact_name_one_openalex_author_id,YELLOW,Layer 1,Gabriele Keller,A5089112216,0000-0003-1442-5387,,Gabriele Keller,A5089112216,,,,,,,
gabrielevanoni,Gabriele Vanoni,Gabriele Vanoni,automatic: exact name -> one OpenAlex author ID,use_in_main_panel,openalex_author_id,False,exact_name_one_openalex_author_id,GREEN,Layer 1,Gabriele Vanoni,A5041239393,0000-0001-8762-8674,0000-0001-8762-8674,Gabriele Vanoni,A5041239393,,,,,,,
gabrielradanne,Gabriel Radanne,Gabriel Radanne,automatic: exact name -> one OpenAlex author ID,use_in_main_panel,openalex_author_id,False,exact_name_one_openalex_author_id,GREEN,Layer 1,Gabriel Radanne,A5062416594,0000-0002-2107-7678,0000-0002-2107-7678,Gabriel Radanne,A5062416594,,,,,,,
gabrielrodriguez,Gabriel Rodríguez,Gabriel Rodríguez,automatic: exact name -> one OpenAlex author ID,use_in_main_panel,openalex_author_id,False,exact_name_one_openalex_author_id,YELLOW,Layer 1,Gabriel Rodríguez,A5026273204,0000-0002-0338-3655,,Gabriel Rodríguez,A5026273204,,,,,,,
gabrielscherer,Gabriel Scherer,Gabriel Scherer,automatic: exact name -> one OpenAlex author ID,use_in_main_panel,openalex_author_id,False,exact_name_one_openalex_author_id,YELLOW,Layer 1,Gabriel Scherer,A5047042180,0000-0003-1758-3938,0000-0003-1758-3938,Gabriel Scherer,A5047042180,,,,,,,
gagandeepsingh,Gagandeep Singh,Gagandeep Singh,automatic: exact name -> one OpenAlex author ID,use_in_main_panel,openalex_author_id,False,exact_name_one_openalex_author_id,YELLOW,Layer 1,Gagandeep Singh,A5100760604,0000-0002-9299-2961,,Gagandeep Singh,A5100760604,,,,,,,
gailkaiser,Gail Kaiser,Gail Kaiser,manual: accepted alternate cited-author name,use_in_main_panel_with_manual_flag,manual_accepted_name,True,name_not_found_in_referenced_authors,RED,Layer 2,,,,,,,accept,Gail E. Kaiser,A5090171418,0000-0002-8791-1178,13.0,10.0,9.0
ganeshgopalakrishnan,Ganesh Gopalakrishnan,Ganesh Gopalakrishnan,automatic but ambiguous: exact name -> multiple OpenAlex IDs,use_in_main_panel_with_name_based_flag,ambiguous_name_match,True,exact_name_multiple_openalex_author_ids,RED,Layer 2,Ganesh Gopalakrishnan,,,,Ganesh Gopalakrishnan,A5069846379; A5103146139,,,,,,,
gangtan,Gang (Gary) Tan,Gang (Gary) Tan,manual: accepted alternate cited-author name,use_in_main_panel_with_manual_flag,manual_accepted_name,True,name_not_found_in_referenced_authors,RED,Layer 2,,,,,,,accept,Gang Tan,A5010830558,0000-0001-6109-6091,82.0,61.0,29.0
gavinbierman,Gavin Bierman,Gavin Bierman,automatic: exact name -> one OpenAlex author ID,use_in_main_panel,openalex_author_id,False,exact_name_one_openalex_author_id,YELLOW,Layer 1,Gavin Bierman,A5077695892,,,Gavin Bierman,A5077695892,,,,,,,
geoffreymainland,Geoffrey Mainland,Geoffrey Mainland,automatic: exact name -> one OpenAlex author ID,use_in_main_panel,openalex_author_id,False,exact_name_one_openalex_author_id,GREEN,Layer 1,Geoffrey Mainland,A5091390132,0000-0002-0328-8594,0000-0002-0328-8594,Geoffrey Mainland,A5091390132,,,,,,,
georgzetzsche,Georg Zetzsche,Georg Zetzsche,automatic: exact name -> one OpenAlex author ID,use_in_main_panel,openalex_author_id,False,exact_name_one_openalex_author_id,GREEN,Layer 1,Georg Zetzsche,A5083429244,0000-0002-6421-4388,0000-0002-6421-4388,Georg Zetzsche,A5083429244,,,,,,,
germanvidal,German Vidal,German Vidal,automatic: exact name -> one OpenAlex author ID,use_in_main_panel,openalex_author_id,False,exact_name_one_openalex_author_id,GREEN,Layer 1,Germán Vidal,A5051613376,0000-0002-1857-6951,0000-0002-1857-6951,Germán Vidal,A5051613376,,,,,,,
gerwinklein,Gerwin Klein,Gerwin Klein,automatic: exact name -> one OpenAlex author ID,use_in_main_panel,openalex_author_id,False,exact_name_one_openalex_author_id,GREEN,Layer 1,Gerwin Klein,A5056561099,0000-0001-8883-0559,0000-0001-8883-0559,Gerwin Klein,A5056561099,,,,,,,
gilbertlouisbernstein1,Gilbert Louis Bernstein,Gilbert Louis Bernstein,manual: accepted alternate cited-author name,use_in_main_panel_with_manual_flag,manual_accepted_name,True,name_not_found_in_referenced_authors,RED,Layer 2,,,,,,,accept,Gilbert Bernstein,A5034400503,0000-0002-3016-1169,33.0,27.0,11.0
gillesbarthe,Gilles Barthe,Gilles Barthe,automatic: exact name -> one OpenAlex author ID,use_in_main_panel,openalex_author_id,False,exact_name_one_openalex_author_id,YELLOW,Layer 1,Gilles Barthe,A5075577852,0000-0002-3853-1777,,Gilles Barthe,A5075577852,,,,,,,
giuseppecastagna,Giuseppe Castagna,Giuseppe Castagna,automatic: exact name -> one OpenAlex author ID,use_in_main_panel,openalex_author_id,False,exact_name_one_openalex_author_id,GREEN,Layer 1,Giuseppe Castagna,A5084702945,0000-0003-0951-7535,0000-0003-0951-7535,Giuseppe Castagna,A5084702945,,,,,,,
gorelhedin,Gorel Hedin,Gorel Hedin,automatic: exact name -> one OpenAlex author ID,use_in_main_panel,openalex_author_id,False,exact_name_one_openalex_author_id,GREEN,Layer 1,Görel Hedin,A5075313890,0000-0002-3003-2623,0000-0002-3003-2623,Görel Hedin,A5075313890,,,,,,,
gowthamkaki,Gowtham Kaki,Gowtham Kaki,automatic: exact name -> one OpenAlex author ID,use_in_main_panel,openalex_author_id,False,exact_name_one_openalex_author_id,YELLOW,Layer 1,Gowtham Kaki,A5046506172,0000-0002-4189-3189,0000-0002-4189-3189,Gowtham Kaki,A5046506172,,,,,,,
grahamhutton,Graham Hutton,Graham Hutton,automatic: exact name -> one OpenAlex author ID,use_in_main_panel,openalex_author_id,False,exact_name_one_openalex_author_id,YELLOW,Layer 1,Graham Hutton,A5069634739,0000-0001-9584-5150,,Graham Hutton,A5069634739,,,,,,,
gregorrichards,Gregor Richards,Gregor Richards,automatic: exact name -> one OpenAlex author ID,use_in_main_panel,openalex_author_id,False,exact_name_one_openalex_author_id,YELLOW,Layer 1,Gregor Richards,A5045622709,,0000-0001-5058-2174,Gregor Richards,A5045622709,,,,,,,
gregorymalecha1,Gregory Malecha,Gregory Malecha,automatic: exact name -> one OpenAlex author ID,use_in_main_panel,openalex_author_id,False,exact_name_one_openalex_author_id,GREEN,Layer 1,Gregory Malecha,A5076825131,0000-0003-3952-0807,0000-0003-3952-0807,Gregory Malecha,A5076825131,,,,,,,
gretayorsh,Greta Yorsh,Greta Yorsh,automatic: exact name -> one OpenAlex author ID,use_in_main_panel,openalex_author_id,False,exact_name_one_openalex_author_id,YELLOW,Layer 1,Greta Yorsh,A5108351946,,0000-0002-1407-1753,Greta Yorsh,A5108351946,,,,,,,
grigorerosu,Grigore Roşu,Grigore Roşu,automatic: exact name -> one OpenAlex author ID,use_in_main_panel,openalex_author_id,False,exact_name_one_openalex_author_id,YELLOW,Layer 1,Grigore Roşu,A5053878331,0000-0002-3102-0421,,Grigore Roşu,A5053878331,,,,,,,
grigoryfedyukovich,Grigory Fedyukovich,Grigory Fedyukovich,automatic: exact name -> one OpenAlex author ID,use_in_main_panel,openalex_author_id,False,exact_name_one_openalex_author_id,GREEN,Layer 1,Grigory Fedyukovich,A5027818967,0000-0003-1727-4043,0000-0003-1727-4043,Grigory Fedyukovich,A5027818967,,,,,,,
guannanwei,Guannan Wei,Guannan Wei,automatic: exact name -> one OpenAlex author ID,use_in_main_panel,openalex_author_id,False,exact_name_one_openalex_author_id,YELLOW,Layer 1,Guannan Wei,A5054308182,0000-0002-3150-2033,,Guannan Wei,A5054308182,,,,,,,
guidosalvaneschi,Guido Salvaneschi,Guido Salvaneschi,automatic: exact name -> one OpenAlex author ID,use_in_main_panel,openalex_author_id,False,exact_name_one_openalex_author_id,GREEN,Layer 1,Guido Salvaneschi,A5090555377,0000-0002-9324-8894,0000-0002-9324-8894,Guido Salvaneschi,A5090555377,,,,,,,
guilhemejaber,Guilhème Jaber,Guilhème Jaber,manual: accepted alternate cited-author name,use_in_main_panel_with_manual_flag,manual_accepted_name,True,name_not_found_in_referenced_authors,RED,Layer 2,,,,,,,accept,Guilhem Jaber,A5086987751,,27.0,23.0,10.0
guilhermeottoni,Guilherme Ottoni,Guilherme Ottoni,automatic: exact name -> one OpenAlex author ID,use_in_main_panel,openalex_author_id,False,exact_name_one_openalex_author_id,YELLOW,Layer 1,Guilherme Ottoni,A5070551934,,,Guilherme Ottoni,A5070551934,,,,,,,
guillaumeallais,Guillaume Allais,Guillaume Allais,automatic: exact name -> one OpenAlex author ID,use_in_main_panel,openalex_author_id,False,exact_name_one_openalex_author_id,GREEN,Layer 1,Guillaume Allais,A5012442288,0000-0002-4091-657X,0000-0002-4091-657X,Guillaume Allais,A5012442288,,,,,,,
guillaumebaudart,Guillaume Baudart,Guillaume Baudart,automatic: exact name -> one OpenAlex author ID,use_in_main_panel,openalex_author_id,False,exact_name_one_openalex_author_id,YELLOW,Layer 1,Guillaume Baudart,A5058638646,0000-0003-2230-1616,0000-0003-2230-1616,Guillaume Baudart,A5058638646,,,,,,,
guillaumemelquiond,Guillaume Melquiond,Guillaume Melquiond,automatic: exact name -> one OpenAlex author ID,use_in_main_panel,openalex_author_id,False,exact_name_one_openalex_author_id,YELLOW,Layer 1,Guillaume Melquiond,A5073473823,0000-0002-6697-1809,0000-0002-6697-1809,Guillaume Melquiond,A5073473823,,,,,,,
gustavopetri,Gustavo Petri,Gustavo Petri,automatic: exact name -> one OpenAlex author ID,use_in_main_panel,openalex_author_id,False,exact_name_one_openalex_author_id,YELLOW,Layer 1,Gustavo Petri,A5088681238,0000-0003-3289-4574,,Gustavo Petri,A5088681238,,,,,,,
gustavosoares,Gustavo Soares,Gustavo Soares,automatic: exact name -> one OpenAlex author ID,use_in_main_panel,openalex_author_id,False,exact_name_one_openalex_author_id,YELLOW,Layer 1,Gustavo Soares,A5025062647,0000-0002-8061-9000,,Gustavo Soares,A5025062647,,,,,,,
guygolangueta1,Guy Gueta,Guy Golan-Gueta,automatic: exact name -> one OpenAlex author ID,use_in_main_panel,openalex_author_id,False,exact_name_one_openalex_author_id,YELLOW,Layer 1,Guy Golan-Gueta,A5054069870,,0000-0002-9149-8080,Guy Golan-Gueta,A5054069870,,,,,,,
guylsteelejr,Guy L. Steele Jr.,Guy L. Steele Jr.,manual: accepted alternate cited-author name,use_in_main_panel_with_manual_flag,manual_accepted_name,True,name_not_found_in_referenced_authors,RED,Layer 2,,,,,,,acceptandmerge,Guy L. Steele; Jr. Guy L. Steele,A5003384855; A5072653508; A5113432827,0000-0002-1421-3811,79.0,67.0,39.0
hakjoooh,Hakjoo Oh,Hakjoo Oh,automatic: exact name -> one OpenAlex author ID,use_in_main_panel,openalex_author_id,False,exact_name_one_openalex_author_id,GREEN,Layer 1,Hakjoo Oh,A5042036026,0000-0002-1900-7654,0000-0002-1900-7654,Hakjoo Oh,A5042036026,,,,,,,
hanjunkim1,Hanjun Kim,Hanjun Kim,automatic: exact name -> one OpenAlex author ID,use_in_main_panel,openalex_author_id,False,exact_name_one_openalex_author_id,YELLOW,Layer 1,Hanjun Kim,A5100722345,0000-0002-0762-7901,,Hanjun Kim,A5100722345,,,,,,,
hannahgommerstadt,Hannah Gommerstadt,Hannah Gommerstadt,automatic: exact name -> one OpenAlex author ID,use_in_main_panel,openalex_author_id,False,exact_name_one_openalex_author_id,YELLOW,Layer 1,Hannah Gommerstadt,A5007114870,,0000-0003-2544-5009,Hannah Gommerstadt,A5007114870,,,,,,,
hansjboehm,Hans-J. Boehm,Hans-J. Boehm,manual: accepted alternate cited-author name,use_in_main_panel_with_manual_flag,manual_accepted_name,True,name_not_found_in_referenced_authors,RED,Layer 2,,,,,,,acceptandmerge,Hans J. Boehm; Hans‐J. Boehm; Hans‐Juergen Boehm,A5111851229; A5112708332; A5112771800,,170.0,92.0,36.0
harleydeadesiii,Harley D. Eades III,Harley D. Eades III,manual: accepted alternate cited-author name,use_in_main_panel_with_manual_flag,manual_accepted_name,True,name_not_found_in_referenced_authors,RED,Layer 2,,,,,,,accept,Harley Eades,A5005740055,0000-0001-8474-5971,59.0,39.0,11.0
harrisonjgoldstein,Harrison Goldstein,Harrison Goldstein,automatic: exact name -> one OpenAlex author ID,use_in_main_panel,openalex_author_id,False,exact_name_one_openalex_author_id,GREEN,Layer 1,Harrison Goldstein,A5079995663,0000-0001-9631-1169,0000-0001-9631-1169,Harrison Goldstein,A5079995663,,,,,,,
harryxu,Guoqing Harry Xu,Guoqing Harry Xu,manual: accepted alternate cited-author name,use_in_main_panel_with_manual_flag,manual_accepted_name,True,name_not_found_in_referenced_authors,RED,Layer 2,,,,,,,accept,Guoqing Xu,A5101967307,0000-0003-4737-2146,147.0,80.0,48.0
heathermiller,Heather Miller,Heather Miller,automatic: exact name -> one OpenAlex author ID,use_in_main_panel,openalex_author_id,False,exact_name_one_openalex_author_id,YELLOW,Layer 1,Heather Miller,A5021433095,0000-0002-2059-5406,,Heather Miller,A5021433095,,,,,,,
henriknilsson,Henrik Nilsson,Henrik Nilsson,automatic: exact name -> one OpenAlex author ID,use_in_main_panel,openalex_author_id,False,exact_name_one_openalex_author_id,YELLOW,Layer 1,Henrik Nilsson,A5014442955,0000-0001-5045-8691,,Henrik Nilsson,A5014442955,,,,,,,
hezhu,He Zhu,He Zhu,automatic: exact name -> one OpenAlex author ID,use_in_main_panel,openalex_author_id,False,exact_name_one_openalex_author_id,YELLOW,Layer 1,He Zhu,A5004145814,0000-0001-9606-150X,,He Zhu,A5004145814,,,,,,,
hidehikomasuhara,Hidehiko Masuhara,Hidehiko Masuhara,automatic: exact name -> one OpenAlex author ID,use_in_main_panel,openalex_author_id,False,exact_name_one_openalex_author_id,GREEN,Layer 1,Hidehiko Masuhara,A5079977725,0000-0002-8837-5303,0000-0002-8837-5303,Hidehiko Masuhara,A5079977725,,,,,,,
hilapeleg,Hila Peleg,Hila Peleg,automatic: exact name -> one OpenAlex author ID,use_in_main_panel,openalex_author_id,False,exact_name_one_openalex_author_id,GREEN,Layer 1,Hila Peleg,A5079058381,0000-0002-0107-5659,0000-0002-0107-5659,Hila Peleg,A5079058381,,,,,,,
hiroshiunno,Hiroshi Unno,Hiroshi Unno,automatic: exact name -> one OpenAlex author ID,use_in_main_panel,openalex_author_id,False,exact_name_one_openalex_author_id,YELLOW,Layer 1,Hiroshi Unno,A5044643168,0000-0002-4225-8195,,Hiroshi Unno,A5044643168,,,,,,,
hoannguyen1,Hoan Nguyen,Hoan Anh Nguyen,automatic: exact name -> one OpenAlex author ID,use_in_main_panel,openalex_author_id,False,exact_name_one_openalex_author_id,YELLOW,Layer 1,Hoan Anh Nguyen,A5044339946,0000-0002-6194-7930,,Hoan Anh Nguyen,A5044339946,,,,,,,
hongjinliang,Hongjin Liang,Hongjin Liang,automatic but ambiguous: exact name -> multiple OpenAlex IDs,use_in_main_panel_with_name_based_flag,ambiguous_name_match,True,exact_name_multiple_openalex_author_ids,RED,Layer 2,Hongjin Liang,,0000-0003-2630-6756,,Hongjin Liang,A5102821301; A5113904546,,,,,,,
hongseokyang,Hongseok Yang,Hongseok Yang,automatic: exact name -> one OpenAlex author ID,use_in_main_panel,openalex_author_id,False,exact_name_one_openalex_author_id,YELLOW,Layer 1,Hongseok Yang,A5101612744,0000-0003-1502-2942,,Hongseok Yang,A5101612744,,,,,,,
hsiangshangko,Hsiang-Shang ‘Josh’ Ko,Hsiang-Shang ‘Josh’ Ko,manual: accepted alternate cited-author name,use_in_main_panel_with_manual_flag,manual_accepted_name,True,name_not_found_in_referenced_authors,RED,Layer 2,,,,,,,accept,Hsiang−Shang Ko,A5041557082,0000-0002-2439-1048,22.0,13.0,12.0
hughleather,Hugh Leather,Hugh Leather,automatic: exact name -> one OpenAlex author ID,use_in_main_panel,openalex_author_id,False,exact_name_one_openalex_author_id,GREEN,Layer 1,Hugh Leather,A5053757097,0000-0003-0664-4176,0000-0003-0664-4176,Hugh Leather,A5053757097,,,,,,,
hugoherbelin,Hugo Herbelin,Hugo Herbelin,automatic: exact name -> one OpenAlex author ID,use_in_main_panel,openalex_author_id,False,exact_name_one_openalex_author_id,YELLOW,Layer 1,Hugo Herbelin,A5060487163,0009-0004-6927-3346,0009-0004-6927-3346,Hugo Herbelin,A5060487163,,,,,,,
huiguan,Hui Guan,Hui Guan,automatic: exact name -> one OpenAlex author ID,use_in_main_panel,openalex_author_id,False,exact_name_one_openalex_author_id,YELLOW,Layer 1,Hui Guan,A5085489377,0000-0001-9128-2231,,Hui Guan,A5085489377,,,,,,,
ichirohasuo,Ichiro Hasuo,Ichiro Hasuo,automatic: exact name -> one OpenAlex author ID,use_in_main_panel,openalex_author_id,False,exact_name_one_openalex_author_id,YELLOW,Layer 1,Ichiro Hasuo,A5013382452,0000-0002-8300-4650,0000-0002-8300-4650,Ichiro Hasuo,A5013382452,,,,,,,
ignaciolaguna,Ignacio Laguna,Ignacio Laguna,automatic: exact name -> one OpenAlex author ID,use_in_main_panel,openalex_author_id,False,exact_name_one_openalex_author_id,YELLOW,Layer 1,Ignacio Laguna,A5033868370,0000-0002-9374-4433,,Ignacio Laguna,A5033868370,,,,,,,
ilyasergey,Ilya Sergey,Ilya Sergey,automatic: exact name -> one OpenAlex author ID,use_in_main_panel,openalex_author_id,False,exact_name_one_openalex_author_id,YELLOW,Layer 1,ILYA SERGEY,A5009639508,0000-0003-4250-5392,0000-0003-4250-5392,ILYA SERGEY; Ilya Sergey,A5009639508,,,,,,,
irenefinocchi,Irene Finocchi,Irene Finocchi,automatic: exact name -> one OpenAlex author ID,use_in_main_panel,openalex_author_id,False,exact_name_one_openalex_author_id,GREEN,Layer 1,Irene Finocchi,A5044822150,0000-0002-6394-6798,0000-0002-6394-6798,Irene Finocchi,A5044822150,,,,,,,
ireneyoon,Irene Yoon,Irene Yoon,automatic: exact name -> one OpenAlex author ID,use_in_main_panel,openalex_author_id,False,exact_name_one_openalex_author_id,YELLOW,Layer 1,Irene Yoon,A5072259548,0000-0003-3388-1257,,Irene Yoon,A5072259548,,,,,,,
isabellamastroeni,Isabella Mastroeni,Isabella Mastroeni,automatic: exact name -> one OpenAlex author ID,use_in_main_panel,openalex_author_id,False,exact_name_one_openalex_author_id,YELLOW,Layer 1,Isabella Mastroeni,A5031780173,0000-0003-1213-536X,,Isabella Mastroeni,A5031780173,,,,,,,
isildillig,Işıl Dillig,Işıl Dillig,automatic: exact name -> one OpenAlex author ID,use_in_main_panel,openalex_author_id,False,exact_name_one_openalex_author_id,YELLOW,Layer 1,Işıl Dillig,A5006424908,0000-0001-8006-1230,,Işıl Dillig,A5006424908,,,,,,,
iulianneamtiu,Iulian Neamtiu,Iulian Neamtiu,automatic: exact name -> one OpenAlex author ID,use_in_main_panel,openalex_author_id,False,exact_name_one_openalex_author_id,YELLOW,Layer 1,Iulian Neamtiu,A5012137980,0000-0001-9730-9650,0000-0001-9730-9650,Iulian Neamtiu,A5012137980,,,,,,,
jacquescarette,Jacques Carette,Jacques Carette,automatic: exact name -> one OpenAlex author ID,use_in_main_panel,openalex_author_id,False,exact_name_one_openalex_author_id,GREEN,Layer 1,Jacques Carette,A5074007281,0000-0001-8993-9804,0000-0001-8993-9804,Jacques Carette,A5074007281,,,,,,,
jacquesgarrigue,Jacques Garrigue,Jacques Garrigue,automatic: exact name -> one OpenAlex author ID,use_in_main_panel,openalex_author_id,False,exact_name_one_openalex_author_id,YELLOW,Layer 1,Jacques Garrigue,A5089640715,0000-0001-8056-5519,0000-0001-8056-5519,Jacques Garrigue,A5089640715,,,,,,,
jacqueshenrijourdan,Jacques-Henri Jourdan,Jacques-Henri Jourdan,automatic: exact name -> one OpenAlex author ID,use_in_main_panel,openalex_author_id,False,exact_name_one_openalex_author_id,YELLOW,Layer 1,Jacques-Henri Jourdan,A5040467057,0000-0002-9781-7097,0000-0002-9781-7097,Jacques-Henri Jourdan,A5040467057,,,,,,,
jadealglave,Jade Alglave,Jade Alglave,automatic: exact name -> one OpenAlex author ID,use_in_main_panel,openalex_author_id,False,exact_name_one_openalex_author_id,GREEN,Layer 1,Jade Alglave,A5020411788,0000-0002-8335-0852,0000-0002-8335-0852,Jade Alglave,A5020411788,,,,,,,
jaejinlee,Jaejin Lee,Jaejin Lee,automatic: exact name -> one OpenAlex author ID,use_in_main_panel,openalex_author_id,False,exact_name_one_openalex_author_id,YELLOW,Layer 1,Jaejin Lee,A5100767182,0000-0003-4638-8170,,Jaejin Lee,A5100767182,,,,,,,
jamesbornholt,James Bornholt,James Bornholt,automatic: exact name -> one OpenAlex author ID,use_in_main_panel,openalex_author_id,False,exact_name_one_openalex_author_id,GREEN,Layer 1,James Bornholt,A5055964348,0000-0002-3258-3226,0000-0002-3258-3226,James Bornholt,A5055964348,,,,,,,
jameschapman1,James Chapman,James Chapman,automatic but ambiguous: exact name -> multiple OpenAlex IDs,use_in_main_panel_with_name_based_flag,ambiguous_name_match,True,exact_name_multiple_openalex_author_ids,RED,Layer 2,James Chapman,,,,James Chapman,A5027681613; A5071284944,,,,,,,
jamescheney,James Cheney,James Cheney,automatic: exact name -> one OpenAlex author ID,use_in_main_panel,openalex_author_id,False,exact_name_one_openalex_author_id,YELLOW,Layer 1,James Cheney,A5056138547,0000-0002-1307-9286,,James Cheney,A5056138547,,,,,,,
jamesmckinna,James McKinna,James McKinna,automatic: exact name -> one OpenAlex author ID,use_in_main_panel,openalex_author_id,False,exact_name_one_openalex_author_id,YELLOW,Layer 1,James McKinna,A5047695892,0000-0001-6745-2560,0000-0001-6745-2560,James McKinna; James Mckinna,A5047695892,,,,,,,
jamesnoble,James Noble,James Noble,automatic: exact name -> one OpenAlex author ID,use_in_main_panel,openalex_author_id,False,exact_name_one_openalex_author_id,YELLOW,Layer 1,James Noble,A5078368556,0000-0001-9036-5692,,James Noble,A5078368556,,,,,,,
jamesriely,James Riely,James Riely,automatic: exact name -> one OpenAlex author ID,use_in_main_panel,openalex_author_id,False,exact_name_one_openalex_author_id,GREEN,Layer 1,James Riely,A5089477252,0000-0002-8731-1463,0000-0002-8731-1463,James Riely,A5089477252,,,,,,,
jamesrwilcox,James R. Wilcox,James R. Wilcox,automatic: exact name -> one OpenAlex author ID,use_in_main_panel,openalex_author_id,False,exact_name_one_openalex_author_id,YELLOW,Layer 1,James R. Wilcox,A5101839396,0000-0003-3182-2093,0000-0003-3182-2093,James R. Wilcox,A5101839396,,,,,,,
janadunfield,Jana Dunfield,Jana Dunfield,automatic: exact name -> one OpenAlex author ID,use_in_main_panel,openalex_author_id,False,exact_name_one_openalex_author_id,YELLOW,Layer 1,JANA DUNFIELD,A5007554264,0000-0002-3718-3395,0000-0002-3718-3395,JANA DUNFIELD; Jana Dunfield,A5007554264,,,,,,,
janhoffmann,Jan Hoffmann,Jan Hoffmann,automatic but ambiguous: exact name -> multiple OpenAlex IDs,use_in_main_panel_with_name_based_flag,ambiguous_name_match,True,exact_name_multiple_openalex_author_ids,RED,Layer 2,Jan Hoffmann,,0000-0001-8326-0788,,Jan Hoffmann,A5101496943; A5103328158,,,,,,,
janmidtgaard,Jan Midtgaard,Jan Midtgaard,automatic: exact name -> one OpenAlex author ID,use_in_main_panel,openalex_author_id,False,exact_name_one_openalex_author_id,GREEN,Layer 1,Jan Midtgaard,A5065278196,0000-0002-6506-5468,0000-0002-6506-5468,Jan Midtgaard,A5065278196,,,,,,,
janvitek,Jan Vitek,Jan Vitek,automatic: exact name -> one OpenAlex author ID,use_in_main_panel,openalex_author_id,False,exact_name_one_openalex_author_id,YELLOW,Layer 1,Jan Vitek,A5084307280,0000-0003-4052-3458,,Jan Vitek; Jan Vítek,A5084307280,,,,,,,
jasminblanchette1,Jasmin Blanchette,Jasmin Blanchette,manual: accepted alternate cited-author name,use_in_main_panel_with_manual_flag,manual_accepted_name,True,name_not_found_in_referenced_authors,RED,Layer 2,,,,0000-0002-8367-0936,,,accept,Jasmin Christian Blanchette,A5079200257,0000-0002-8367-0936,42.0,28.0,22.0
jasonansel,Jason Ansel,Jason Ansel,automatic: exact name -> one OpenAlex author ID,use_in_main_panel,openalex_author_id,False,exact_name_one_openalex_author_id,GREEN,Layer 1,Jason Ansel,A5089997788,0009-0007-5207-2179,0009-0007-5207-2179,Jason Ansel,A5089997788,,,,,,,
jasonmars,Jason Mars,Jason Mars,automatic: exact name -> one OpenAlex author ID,use_in_main_panel,openalex_author_id,False,exact_name_one_openalex_author_id,GREEN,Layer 1,Jason Mars,A5053236545,0000-0002-7029-5292,0000-0002-7029-5292,Jason Mars,A5053236545,,,,,,,
jayligatti,Jay Ligatti,Jay Ligatti,automatic: exact name -> one OpenAlex author ID,use_in_main_panel,openalex_author_id,False,exact_name_one_openalex_author_id,YELLOW,Layer 1,Jay Ligatti,A5071104685,,,Jay Ligatti,A5071104685,,,,,,,
jaymccarthy,Jay McCarthy,Jay McCarthy,automatic: exact name -> one OpenAlex author ID,use_in_main_panel,openalex_author_id,False,exact_name_one_openalex_author_id,YELLOW,Layer 1,Jay McCarthy,A5015730860,0000-0002-2061-7396,,Jay McCarthy,A5015730860,,,,,,,
jayplim,Jay P. Lim,Jay P. Lim,automatic: exact name -> one OpenAlex author ID,use_in_main_panel,openalex_author_id,False,exact_name_one_openalex_author_id,YELLOW,Layer 1,Jay P. Lim,A5064410077,0000-0002-7572-4017,,Jay P. Lim,A5064410077,,,,,,,
jeanbaptistetristan,Jean-Baptiste Tristan,Jean-Baptiste Tristan,automatic: exact name -> one OpenAlex author ID,use_in_main_panel,openalex_author_id,False,exact_name_one_openalex_author_id,GREEN,Layer 1,Jean-Baptiste Tristan,A5031329578,0000-0003-2574-7883,0000-0003-2574-7883,Jean-Baptiste Tristan,A5031329578,,,,,,,
jeanmariemadiot,Jean-Marie Madiot,Jean-Marie Madiot,automatic: exact name -> one OpenAlex author ID,use_in_main_panel,openalex_author_id,False,exact_name_one_openalex_author_id,YELLOW,Layer 1,Jean-Marie Madiot,A5043157937,,0009-0009-2723-8418,Jean-Marie Madiot,A5043157937,,,,,,,
jeanphilippebernardy,Jean-Philippe Bernardy,Jean-Philippe Bernardy,automatic: exact name -> one OpenAlex author ID,use_in_main_panel,openalex_author_id,False,exact_name_one_openalex_author_id,YELLOW,Layer 1,Jean-Philippe Bernardy,A5070681215,0000-0002-8469-5617,0000-0002-8469-5617,Jean-Philippe Bernardy,A5070681215,,,,,,,
jeanpichonpharabod1,Jean Pichon-Pharabod,Jean Pichon-Pharabod,automatic: exact name -> one OpenAlex author ID,use_in_main_panel,openalex_author_id,False,exact_name_one_openalex_author_id,GREEN,Layer 1,Jean Pichon-Pharabod,A5027766872,0000-0002-4442-6543,0000-0002-4442-6543,Jean Pichon-Pharabod,A5027766872,,,,,,,
jeanyang,Jean Yang,Jean Yang,automatic but ambiguous: exact name -> multiple OpenAlex IDs,use_in_main_panel_with_name_based_flag,ambiguous_name_match,True,exact_name_multiple_openalex_author_ids,RED,Layer 2,Jean Yang,,0000-0002-5271-2603,,Jean Yang,A5028524705; A5105875045; A5112869680,,,,,,,
jedidiahmcclurg,Jedidiah McClurg,Jedidiah McClurg,automatic: exact name -> one OpenAlex author ID,use_in_main_panel,openalex_author_id,False,exact_name_one_openalex_author_id,GREEN,Layer 1,Jedidiah McClurg,A5035476830,0000-0002-0598-8199,0000-0002-0598-8199,Jedidiah McClurg,A5035476830,,,,,,,
jeehoonkang,Jeehoon Kang,Jeehoon Kang,automatic: exact name -> one OpenAlex author ID,use_in_main_panel,openalex_author_id,False,exact_name_one_openalex_author_id,YELLOW,Layer 1,Jeehoon Kang,A5078763719,0000-0002-2115-0871,,Jeehoon Kang,A5078763719,,,,,,,
jeevanapriyainala,Jeevana Priya Inala,Jeevana Priya Inala,automatic: exact name -> one OpenAlex author ID,use_in_main_panel,openalex_author_id,False,exact_name_one_openalex_author_id,GREEN,Layer 1,Jeevana Priya Inala,A5020203532,0000-0003-1843-589X,0000-0003-1843-589X,Jeevana Priya Inala,A5020203532,,,,,,,
jeffhuang,Jeff Huang,Jeff Huang,automatic but ambiguous: exact name -> multiple OpenAlex IDs,use_in_main_panel_with_name_based_flag,ambiguous_name_match,True,exact_name_multiple_openalex_author_ids,RED,Layer 2,Jeff Huang,,,,Jeff Huang,A5052381120; A5103035835,,,,,,,
jeffreysfoster,Jeffrey S. Foster,Jeffrey S. Foster,automatic: exact name -> one OpenAlex author ID,use_in_main_panel,openalex_author_id,False,exact_name_one_openalex_author_id,YELLOW,Layer 1,Jeffrey S. Foster,A5038702707,0000-0001-8043-1166,,Jeffrey S. Foster,A5038702707,,,,,,,
jennadivincenzowise,Jenna DiVincenzo (Wise),Jenna DiVincenzo (Wise),manual: accepted alternate cited-author name,use_in_main_panel_with_manual_flag,manual_accepted_name,True,name_not_found_in_referenced_authors,RED,Layer 2,,,,,,,accept,Jenna DiVincenzo,A5023497951,0000-0003-3029-2617,8.0,6.0,3.0
jenniferpaykin,Jennifer Paykin,Jennifer Paykin,automatic: exact name -> one OpenAlex author ID,use_in_main_panel,openalex_author_id,False,exact_name_one_openalex_author_id,YELLOW,Layer 1,Jennifer Paykin,A5034557410,,0009-0008-9502-3219,Jennifer Paykin,A5034557410,,,,,,,
jennifersartor,Jennifer B. Sartor,Jennifer B. Sartor,automatic: exact name -> one OpenAlex author ID,use_in_main_panel,openalex_author_id,False,exact_name_one_openalex_author_id,YELLOW,Layer 1,Jennifer B. Sartor,A5032224428,,,Jennifer B. Sartor,A5032224428,,,,,,,
jensdietrich,Jens Dietrich,Jens Dietrich,automatic: exact name -> one OpenAlex author ID,use_in_main_panel,openalex_author_id,False,exact_name_one_openalex_author_id,YELLOW,Layer 1,Jens Dietrich,A5075091948,0000-0001-9019-6550,,Jens Dietrich,A5075091948,,,,,,,
jenspalsberg,Jens Palsberg,Jens Palsberg,automatic: exact name -> one OpenAlex author ID,use_in_main_panel,openalex_author_id,False,exact_name_one_openalex_author_id,YELLOW,Layer 1,Jens Palsberg,A5011356414,0000-0003-4747-365X,,Jens Palsberg,A5011356414,,,,,,,
jeremygibbons,Jeremy Gibbons,Jeremy Gibbons,automatic but ambiguous: exact name -> multiple OpenAlex IDs,use_in_main_panel_with_name_based_flag,ambiguous_name_match,True,exact_name_multiple_openalex_author_ids,RED,Layer 2,Jeremy Gibbons,,0000-0002-8426-9917,,Jeremy Gibbons,A5086558126; A5108741201,,,,,,,
jeremysiek,Jeremy G. Siek,Jeremy G. Siek,automatic: exact name -> one OpenAlex author ID,use_in_main_panel,openalex_author_id,False,exact_name_one_openalex_author_id,YELLOW,Layer 1,Jeremy G. Siek,A5033999458,0000-0002-9894-4856,,Jeremy G. Siek,A5033999458,,,,,,,
jeremyyallop,Jeremy Yallop,Jeremy Yallop,automatic: exact name -> one OpenAlex author ID,use_in_main_panel,openalex_author_id,False,exact_name_one_openalex_author_id,YELLOW,Layer 1,Jeremy Yallop,A5020576379,0009-0002-1650-6340,0009-0002-1650-6340,Jeremy Yallop,A5020576379,,,,,,,
jespercockx,Jesper Cockx,Jesper Cockx,automatic: exact name -> one OpenAlex author ID,use_in_main_panel,openalex_author_id,False,exact_name_one_openalex_author_id,GREEN,Layer 1,Jesper Cockx,A5065497509,0000-0003-3862-4073,0000-0003-3862-4073,Jesper Cockx,A5065497509,,,,,,,
jgarrettmorris,J. Garrett Morris,J. Garrett Morris,automatic: exact name -> one OpenAlex author ID,use_in_main_panel,openalex_author_id,False,exact_name_one_openalex_author_id,YELLOW,Layer 1,J. Garrett Morris,A5067671067,0000-0002-3992-1080,0000-0002-3992-1080,J. Garrett Morris,A5067671067,,,,,,,
jialuzhang,Jialu Zhang,Jialu Zhang,automatic but ambiguous: exact name -> multiple OpenAlex IDs,use_in_main_panel_with_name_based_flag,ambiguous_name_match,True,exact_name_multiple_openalex_author_ids,RED,Layer 2,Jialu Zhang,,,,Jialu Zhang,A5014754883; A5100764599; A5100764602,,,,,,,
jiasishen,Jiasi Shen,Jiasi Shen,automatic: exact name -> one OpenAlex author ID,use_in_main_panel,openalex_author_id,False,exact_name_one_openalex_author_id,YELLOW,Layer 1,Jiasi Shen,A5024117197,0000-0002-5904-3641,,Jiasi Shen,A5024117197,,,,,,,
jihyeokpark1,Jihyeok Park,Jihyeok Park,automatic: exact name -> one OpenAlex author ID,use_in_main_panel,openalex_author_id,False,exact_name_one_openalex_author_id,YELLOW,Layer 1,Jihyeok Park,A5086668734,0000-0001-8387-1984,,Jihyeok Park,A5086668734,,,,,,,
jimlarus,James Larus,James Larus,manual: accepted alternate cited-author name,use_in_main_panel_with_manual_flag,manual_accepted_name,True,name_not_found_in_referenced_authors,RED,Layer 2,,,,0000-0002-5820-2524,,,accept,James R. Larus,A5089781126,0000-0002-5820-2524,102.0,70.0,46.0
jinglingxue,Jingling Xue,Jingling Xue,automatic: exact name -> one OpenAlex author ID,use_in_main_panel,openalex_author_id,False,exact_name_one_openalex_author_id,GREEN,Layer 1,Jingling Xue,A5024664385,0000-0003-0380-3506,0000-0003-0380-3506,Jingling Xue,A5024664385,,,,,,,
jingmeihu1,Jingmei Hu,Jingmei Hu,automatic: exact name -> one OpenAlex author ID,use_in_main_panel,openalex_author_id,False,exact_name_one_openalex_author_id,YELLOW,Layer 1,Jingmei Hu,A5070358948,0000-0002-4434-5057,,Jingmei Hu,A5070358948,,,,,,,
joachimbreitner,Joachim Breitner,Joachim Breitner,automatic: exact name -> one OpenAlex author ID,use_in_main_panel,openalex_author_id,False,exact_name_one_openalex_author_id,YELLOW,Layer 1,Joachim Breitner,A5049741143,0000-0003-3753-6821,0000-0003-3753-6821,Joachim Breitner,A5049741143,,,,,,,
joannasantos,Joanna C. S. Santos,Joanna C. S. Santos,automatic: exact name -> one OpenAlex author ID,use_in_main_panel,openalex_author_id,False,exact_name_one_openalex_author_id,GREEN,Layer 1,Joanna C. S. Santos,A5043541139,0000-0001-8743-2516,0000-0001-8743-2516,Joanna C. S. Santos,A5043541139,,,,,,,
johannesborgstrom,Johannes Borgström,Johannes Borgström,automatic: exact name -> one OpenAlex author ID,use_in_main_panel,openalex_author_id,False,exact_name_one_openalex_author_id,GREEN,Layer 1,Johannes Borgström,A5038036076,0000-0001-5990-5742,0000-0001-5990-5742,Johannes Borgström,A5038036076,,,,,,,
johnhughes,John Hughes,John Hughes,automatic: exact name -> one OpenAlex author ID,use_in_main_panel,openalex_author_id,False,exact_name_one_openalex_author_id,YELLOW,Layer 1,JOHN HUGHES,A5068339489,0000-0001-8042-0969,,JOHN HUGHES; John Hughes,A5068339489,,,,,,,
johnregehr,John Regehr,John Regehr,automatic: exact name -> one OpenAlex author ID,use_in_main_panel,openalex_author_id,False,exact_name_one_openalex_author_id,YELLOW,Layer 1,John Regehr,A5066046345,0000-0001-7025-4610,,John Regehr,A5066046345,,,,,,,
johnreppy,John Reppy,John Reppy,automatic: exact name -> one OpenAlex author ID,use_in_main_panel,openalex_author_id,False,exact_name_one_openalex_author_id,GREEN,Layer 1,John Reppy,A5030967328,0000-0002-5881-298X,0000-0002-5881-298X,John Reppy,A5030967328,,,,,,,
johnsarracino,John Sarracino,John Sarracino,automatic: exact name -> one OpenAlex author ID,use_in_main_panel,openalex_author_id,False,exact_name_one_openalex_author_id,GREEN,Layer 1,John Sarracino,A5034346490,0000-0002-8575-6434,0000-0002-8575-6434,John Sarracino,A5034346490,,,,,,,
johnvilk,John Vilk,John Vilk,automatic: exact name -> one OpenAlex author ID,use_in_main_panel,openalex_author_id,False,exact_name_one_openalex_author_id,YELLOW,Layer 1,John Vilk,A5063109055,,0009-0008-6150-3871,John Vilk,A5063109055,,,,,,,
johnwickerson,John Wickerson,John Wickerson,automatic: exact name -> one OpenAlex author ID,use_in_main_panel,openalex_author_id,False,exact_name_one_openalex_author_id,YELLOW,Layer 1,John Wickerson,A5002846450,0000-0001-6735-5533,0000-0001-6735-5533,John Wickerson,A5002846450,,,,,,,
jonathanaldrich,Jonathan Aldrich,Jonathan Aldrich,automatic: exact name -> one OpenAlex author ID,use_in_main_panel,openalex_author_id,False,exact_name_one_openalex_author_id,GREEN,Layer 1,Jonathan Aldrich,A5091372985,0000-0003-0631-5591,0000-0003-0631-5591,Jonathan Aldrich,A5091372985,,,,,,,
jonathanbalkind,Jonathan Balkind,Jonathan Balkind,automatic: exact name -> one OpenAlex author ID,use_in_main_panel,openalex_author_id,False,exact_name_one_openalex_author_id,GREEN,Layer 1,Jonathan Balkind,A5015529604,0000-0003-1443-1373,0000-0003-1443-1373,Jonathan Balkind,A5015529604,,,,,,,
jonathanbell,Jonathan Bell,Jonathan Bell,automatic: exact name -> one OpenAlex author ID,use_in_main_panel,openalex_author_id,False,exact_name_one_openalex_author_id,YELLOW,Layer 1,Jonathan Bell,A5053080959,0000-0002-1187-9298,,Jonathan Bell,A5053080959,,,,,,,
jonathanbrachthauser,Jonathan Immanuel Brachthäuser,Jonathan Immanuel Brachthäuser,automatic: exact name -> one OpenAlex author ID,use_in_main_panel,openalex_author_id,False,exact_name_one_openalex_author_id,GREEN,Layer 1,Jonathan Immanuel Brachthäuser,A5027088540,0000-0001-9128-0391,0000-0001-9128-0391,Jonathan Immanuel Brachthäuser,A5027088540,,,,,,,
jonathanprotzenko,Jonathan Protzenko,Jonathan Protzenko,automatic: exact name -> one OpenAlex author ID,use_in_main_panel,openalex_author_id,False,exact_name_one_openalex_author_id,GREEN,Layer 1,Jonathan Protzenko,A5055019834,0000-0001-7347-3050,0000-0001-7347-3050,Jonathan Protzenko,A5055019834,,,,,,,
jonathanragankelley,Jonathan Ragan-Kelley,Jonathan Ragan-Kelley,manual: accepted alternate cited-author name,use_in_main_panel_with_manual_flag,manual_accepted_name,True,name_not_found_in_referenced_authors,RED,Layer 2,,,,,,,accept,Jonathan Ragan‐Kelley,A5023577472,0000-0001-6243-9543,191.0,93.0,36.0
jonathansterling,Jonathan Sterling,Jonathan Sterling,automatic: exact name -> one OpenAlex author ID,use_in_main_panel,openalex_author_id,False,exact_name_one_openalex_author_id,YELLOW,Layer 1,Jonathan Sterling,A5016658166,0000-0002-0585-5564,0000-0002-0585-5564,Jonathan Sterling,A5016658166,,,,,,,
joonwonchoi,Joonwon Choi,Joonwon Choi,automatic: exact name -> one OpenAlex author ID,use_in_main_panel,openalex_author_id,False,exact_name_one_openalex_author_id,YELLOW,Layer 1,Joonwon Choi,A5003461001,0000-0002-1084-881X,,Joonwon Choi,A5003461001,,,,,,,
joostpieterkatoen,Joost-Pieter Katoen,Joost-Pieter Katoen,automatic: exact name -> one OpenAlex author ID,use_in_main_panel,openalex_author_id,False,exact_name_one_openalex_author_id,YELLOW,Layer 1,Joost-Pieter Katoen,A5090819329,0000-0002-6143-1926,,Joost-Pieter Katoen,A5090819329,,,,,,,
jorgeanavas,Jorge A. Navas,Jorge A. Navas,automatic: exact name -> one OpenAlex author ID,use_in_main_panel,openalex_author_id,False,exact_name_one_openalex_author_id,YELLOW,Layer 1,JORGE A. NAVAS,A5026684100,0000-0002-0516-1167,0000-0002-0516-1167,JORGE A. NAVAS; Jorge A. Navas,A5026684100,,,,,,,
jorgeaperez,Jorge A. Pérez,Jorge A. Pérez,automatic: exact name -> one OpenAlex author ID,use_in_main_panel,openalex_author_id,False,exact_name_one_openalex_author_id,YELLOW,Layer 1,Jorge A. Pérez,A5034548013,0000-0002-1452-6180,,Jorge A. Pérez,A5034548013,,,,,,,
josepedromagalhaes,José Pedro Magalhães,José Pedro Magalhães,automatic: exact name -> one OpenAlex author ID,use_in_main_panel,openalex_author_id,False,exact_name_one_openalex_author_id,YELLOW,Layer 1,José Pedro Magalhães,A5100879511,,,José Pedro Magalhães,A5100879511,,,,,,,
josephdevietti,Joseph Devietti,Joseph Devietti,automatic: exact name -> one OpenAlex author ID,use_in_main_panel,openalex_author_id,False,exact_name_one_openalex_author_id,GREEN,Layer 1,Joseph Devietti,A5031917049,0000-0002-9330-7233,0000-0002-9330-7233,Joseph Devietti,A5031917049,,,,,,,
josephtassarotti,Joseph Tassarotti,Joseph Tassarotti,automatic: exact name -> one OpenAlex author ID,use_in_main_panel,openalex_author_id,False,exact_name_one_openalex_author_id,YELLOW,Layer 1,Joseph Tassarotti,A5073987903,0000-0001-5692-3347,0000-0001-5692-3347,Joseph Tassarotti,A5073987903,,,,,,,
josesantos,José Fragoso Santos,José Fragoso Santos,automatic: exact name -> one OpenAlex author ID,use_in_main_panel,openalex_author_id,False,exact_name_one_openalex_author_id,YELLOW,Layer 1,José Fragoso Santos,A5061566620,0000-0001-5077-300X,,José Fragoso Santos,A5061566620,,,,,,,
joshberdine,Josh Berdine,Josh Berdine,automatic: exact name -> one OpenAlex author ID,use_in_main_panel,openalex_author_id,False,exact_name_one_openalex_author_id,GREEN,Layer 1,Josh Berdine,A5061050156,0000-0002-9691-1348,0000-0002-9691-1348,Josh Berdine,A5061050156,,,,,,,
joshuagancher,Joshua Gancher,Joshua Gancher,automatic: exact name -> one OpenAlex author ID,use_in_main_panel,openalex_author_id,False,exact_name_one_openalex_author_id,GREEN,Layer 1,Joshua Gancher,A5043190101,0000-0003-2257-7073,0000-0003-2257-7073,Joshua Gancher,A5043190101,,,,,,,
joshuasunshine,Joshua Sunshine,Joshua Sunshine,automatic: exact name -> one OpenAlex author ID,use_in_main_panel,openalex_author_id,False,exact_name_one_openalex_author_id,GREEN,Layer 1,Joshua Sunshine,A5039972599,0000-0002-9672-5297,0000-0002-9672-5297,Joshua Sunshine,A5039972599,,,,,,,
josiahhester,Josiah Hester,Josiah Hester,automatic: exact name -> one OpenAlex author ID,use_in_main_panel,openalex_author_id,False,exact_name_one_openalex_author_id,YELLOW,Layer 1,Josiah Hester,A5026852792,0000-0002-1680-085X,,Josiah Hester,A5026852792,,,,,,,
joxanjaffar,Joxan Jaffar,Joxan Jaffar,automatic: exact name -> one OpenAlex author ID,use_in_main_panel,openalex_author_id,False,exact_name_one_openalex_author_id,GREEN,Layer 1,Joxan Jaffar,A5058689103,0000-0001-9988-6144,0000-0001-9988-6144,Joxan Jaffar,A5058689103,,,,,,,
jubitaneja,Jubi Taneja,Jubi Taneja,automatic: exact name -> one OpenAlex author ID,use_in_main_panel,openalex_author_id,False,exact_name_one_openalex_author_id,YELLOW,Layer 1,Jubi Taneja,A5090282403,,0009-0003-9321-7320,Jubi Taneja,A5090282403,,,,,,,
julesjacobs,Jules Jacobs,Jules Jacobs,automatic: exact name -> one OpenAlex author ID,use_in_main_panel,openalex_author_id,False,exact_name_one_openalex_author_id,GREEN,Layer 1,Jules Jacobs,A5066303700,0000-0003-1976-3182,0000-0003-1976-3182,Jules Jacobs,A5066303700,,,,,,,
julesvillard2,Jules Villard,Jules Villard,automatic: exact name -> one OpenAlex author ID,use_in_main_panel,openalex_author_id,False,exact_name_one_openalex_author_id,GREEN,Layer 1,Jules Villard,A5084908329,0000-0001-8637-0712,0000-0001-8637-0712,Jules Villard,A5084908329,,,,,,,
juliabelyakova,Julia Belyakova,Julia Belyakova,automatic: exact name -> one OpenAlex author ID,use_in_main_panel,openalex_author_id,False,exact_name_one_openalex_author_id,GREEN,Layer 1,Julia Belyakova,A5075571308,0000-0002-7490-8500,0000-0002-7490-8500,Julia Belyakova,A5075571308,,,,,,,
julianafranco,Juliana Franco,Juliana Franco,automatic: exact name -> one OpenAlex author ID,use_in_main_panel,openalex_author_id,False,exact_name_one_openalex_author_id,YELLOW,Layer 1,Juliana Franco,A5006668787,,,Juliana Franco,A5006668787,,,,,,,
juliandolby,Julian Dolby,Julian Dolby,automatic: exact name -> one OpenAlex author ID,use_in_main_panel,openalex_author_id,False,exact_name_one_openalex_author_id,YELLOW,Layer 1,Julian Dolby,A5012855077,0000-0002-6658-2678,0000-0002-6658-2678,Julian Dolby,A5012855077,,,,,,,
julianshun,Julian Shun,Julian Shun,automatic: exact name -> one OpenAlex author ID,use_in_main_panel,openalex_author_id,False,exact_name_one_openalex_author_id,YELLOW,Layer 1,Julian Shun,A5051583907,0000-0001-6163-6625,,Julian Shun,A5051583907,,,,,,,
julienverlaguet,Julien Verlaguet,Julien Verlaguet,manual review still needed,do_not_use_until_reviewed,unresolved_not_counted,False,name_not_found_in_referenced_authors,RED,Layer 2,,,,,,,,,,,0.0,0.0,0.0
juneandronick,June Andronick,June Andronick,automatic: exact name -> one OpenAlex author ID,use_in_main_panel,openalex_author_id,False,exact_name_one_openalex_author_id,YELLOW,Layer 1,June Andronick,A5069964343,,0009-0001-3085-6067,June Andronick,A5069964343,,,,,,,
juneyounglee2,Juneyoung Lee,Juneyoung Lee,automatic but ambiguous: exact name -> multiple OpenAlex IDs,use_in_main_panel_with_name_based_flag,ambiguous_name_match,True,exact_name_multiple_openalex_author_ids,RED,Layer 2,Juneyoung Lee,,,,Juneyoung Lee,A5009604611; A5100318692,,,,,,,
junfengyang,Junfeng Yang,Junfeng Yang,automatic but ambiguous: exact name -> multiple OpenAlex IDs,use_in_main_panel_with_name_based_flag,ambiguous_name_match,True,exact_name_multiple_openalex_author_ids,RED,Layer 2,Junfeng Yang,,,,Junfeng Yang,A5056288677; A5101783316; A5112881523,,,,,,,
jurriaanhage,Jurriaan Hage,Jurriaan Hage,automatic: exact name -> one OpenAlex author ID,use_in_main_panel,openalex_author_id,False,exact_name_one_openalex_author_id,YELLOW,Layer 1,Jurriaan Hage,A5101615144,0000-0002-3580-6069,0000-0002-3580-6069,Jurriaan Hage,A5101615144,,,,,,,
justingottschlich,Justin Gottschlich,Justin Gottschlich,automatic: exact name -> one OpenAlex author ID,use_in_main_panel,openalex_author_id,False,exact_name_one_openalex_author_id,YELLOW,Layer 1,Justin Gottschlich,A5005286439,0000-0003-2742-9205,0000-0003-2742-9205,Justin Gottschlich,A5005286439,,,,,,,
justinhsu,Justin Hsu,Justin Hsu,automatic: exact name -> one OpenAlex author ID,use_in_main_panel,openalex_author_id,False,exact_name_one_openalex_author_id,YELLOW,Layer 1,Justin Hsu,A5033286190,0000-0002-8953-7060,,Justin Hsu,A5033286190,,,,,,,
kapilvaswani,Kapil Vaswani,Kapil Vaswani,automatic: exact name -> one OpenAlex author ID,use_in_main_panel,openalex_author_id,False,exact_name_one_openalex_author_id,YELLOW,Layer 1,Kapil Vaswani,A5011779401,,0000-0003-0769-9769,Kapil Vaswani,A5011779401,,,,,,,
karimali,Karim Ali,Karim Ali,automatic: exact name -> one OpenAlex author ID,use_in_main_panel,openalex_author_id,False,exact_name_one_openalex_author_id,YELLOW,Layer 1,Karim Ali,A5038781215,0000-0002-5516-1376,,Karim Ali,A5038781215,,,,,,,
karineevenmendoza,Karine Even-Mendoza,Karine Even-Mendoza,automatic: exact name -> one OpenAlex author ID,use_in_main_panel,openalex_author_id,False,exact_name_one_openalex_author_id,YELLOW,Layer 1,Karine Even-Mendoza,A5068864058,0000-0002-3099-1189,,Karine Even-Mendoza,A5068864058,,,,,,,
karlcrary,Karl Crary,Karl Crary,automatic: exact name -> one OpenAlex author ID,use_in_main_panel,openalex_author_id,False,exact_name_one_openalex_author_id,GREEN,Layer 1,Karl Crary,A5045900536,0000-0002-1556-2183,0000-0002-1556-2183,Karl Crary,A5045900536,,,,,,,
karlpalmskog,Karl Palmskog,Karl Palmskog,automatic: exact name -> one OpenAlex author ID,use_in_main_panel,openalex_author_id,False,exact_name_one_openalex_author_id,YELLOW,Layer 1,Karl Palmskog,A5015320417,,0000-0003-0228-1240,Karl Palmskog,A5015320417,,,,,,,
karthikeyanbhargavan,Karthikeyan Bhargavan,Karthikeyan Bhargavan,automatic: exact name -> one OpenAlex author ID,use_in_main_panel,openalex_author_id,False,exact_name_one_openalex_author_id,GREEN,Layer 1,Karthikeyan Bhargavan,A5026297326,0000-0002-3152-8997,0000-0002-3152-8997,Karthikeyan Bhargavan,A5026297326,,,,,,,
kartiknagar1,Kartik Nagar,Kartik Nagar,automatic: exact name -> one OpenAlex author ID,use_in_main_panel,openalex_author_id,False,exact_name_one_openalex_author_id,YELLOW,Layer 1,Kartik Nagar,A5046570178,0000-0002-0679-226X,0000-0002-0679-226X,Kartik Nagar,A5046570178,,,,,,,
kathleenfisher,Kathleen Fisher,Kathleen Fisher,automatic but ambiguous: exact name -> multiple OpenAlex IDs,use_in_main_panel_with_name_based_flag,ambiguous_name_match,True,exact_name_multiple_openalex_author_ids,RED,Layer 2,Kathleen Fisher,,,,Kathleen Fisher,A5047373593; A5056099984,,,,,,,
kathrinstark,Kathrin Stark,Kathrin Stark,automatic: exact name -> one OpenAlex author ID,use_in_main_panel,openalex_author_id,False,exact_name_one_openalex_author_id,GREEN,Layer 1,Kathrin Stark,A5054275908,0000-0002-7086-6518,0000-0002-7086-6518,Kathrin Stark,A5054275908,,,,,,,
kathrynegray,Kathryn E. Gray,Kathryn E. Gray,automatic: exact name -> one OpenAlex author ID,use_in_main_panel,openalex_author_id,False,exact_name_one_openalex_author_id,YELLOW,Layer 1,Kathryn E. Gray,A5064632723,,,Kathryn E. Gray,A5064632723,,,,,,,
kathrynsmckinley,Kathryn S McKinley,Kathryn S McKinley,automatic: exact name -> one OpenAlex author ID,use_in_main_panel,openalex_author_id,False,exact_name_one_openalex_author_id,GREEN,Layer 1,Kathryn S. McKinley,A5087054368,0000-0002-7188-2501,0000-0002-7188-2501,Kathryn S. McKinley,A5087054368,,,,,,,
katsuhiroueno,Katsuhiro Ueno,Katsuhiro Ueno,automatic: exact name -> one OpenAlex author ID,use_in_main_panel,openalex_author_id,False,exact_name_one_openalex_author_id,YELLOW,Layer 1,Katsuhiro Ueno,A5103178472,0009-0007-3180-9960,,Katsuhiro Ueno,A5103178472,,,,,,,
kazutakamatsuda,Kazutaka Matsuda,Kazutaka Matsuda,automatic: exact name -> one OpenAlex author ID,use_in_main_panel,openalex_author_id,False,exact_name_one_openalex_author_id,GREEN,Layer 1,Kazutaka Matsuda,A5004575068,0000-0002-9747-4899,0000-0002-9747-4899,Kazutaka Matsuda,A5004575068,,,,,,,
kcsivaramakrishnan,KC Sivaramakrishnan,KC Sivaramakrishnan,automatic: exact name -> one OpenAlex author ID,use_in_main_panel,openalex_author_id,False,exact_name_one_openalex_author_id,GREEN,Layer 1,KC Sivaramakrishnan,A5010633349,0000-0002-3491-1780,0000-0002-3491-1780,KC Sivaramakrishnan,A5010633349,,,,,,,
kedarnamjoshi,Kedar Namjoshi,Kedar Namjoshi,manual: accepted alternate cited-author name,use_in_main_panel_with_manual_flag,manual_accepted_name,True,name_not_found_in_referenced_authors,RED,Layer 2,,,,0000-0002-6379-2442,,,acceptandmerge,"Kedar S. Namjoshi; Namjoshi, Kedar S",A5031527903,0000-0002-6379-2442,28.0,25.0,17.0
kenjimaillard,Kenji Maillard,Kenji Maillard,automatic: exact name -> one OpenAlex author ID,use_in_main_panel,openalex_author_id,False,exact_name_one_openalex_author_id,GREEN,Layer 1,Kenji Maillard,A5083750560,0000-0001-5554-3203,0000-0001-5554-3203,Kenji Maillard,A5083750560,,,,,,,
kennethlmcmillan,Kenneth L. McMillan,Kenneth L. McMillan,automatic: exact name -> one OpenAlex author ID,use_in_main_panel,openalex_author_id,False,exact_name_one_openalex_author_id,YELLOW,Layer 1,Kenneth L. McMillan,A5047507250,0009-0000-9380-1939,,Kenneth L. McMillan,A5047507250,,,,,,,
keshahietala,Kesha Hietala,Kesha Hietala,automatic: exact name -> one OpenAlex author ID,use_in_main_panel,openalex_author_id,False,exact_name_one_openalex_author_id,YELLOW,Layer 1,Kesha Hietala,A5002449883,0000-0002-2724-0974,0000-0002-2724-0974,Kesha Hietala,A5002449883,,,,,,,
kevinellis,Kevin Ellis,Kevin Ellis,automatic: exact name -> one OpenAlex author ID,use_in_main_panel,openalex_author_id,False,exact_name_one_openalex_author_id,YELLOW,Layer 1,Kevin Ellis,A5009201646,0000-0001-6586-0632,,Kevin Ellis,A5009201646,,,,,,,
kewang,Ke Wang,Ke Wang,automatic but ambiguous: exact name -> multiple OpenAlex IDs,use_in_main_panel_with_name_based_flag,ambiguous_name_match,True,exact_name_multiple_openalex_author_ids,RED,Layer 2,Ke Wang,,,,Ke Wang,A5001578135; A5052144233; A5068556410; A5100360109; A5100360129; A5100360130; A5100360148; A5101445828,,,,,,,
kihongheo,Kihong Heo,Kihong Heo,automatic: exact name -> one OpenAlex author ID,use_in_main_panel,openalex_author_id,False,exact_name_one_openalex_author_id,GREEN,Layer 1,Kihong Heo,A5071661688,0000-0003-2671-0142,0000-0003-2671-0142,Kihong Heo,A5071661688,,,,,,,
kimbruce,Kim Bruce,Kim Bruce,manual: accepted alternate cited-author name,use_in_main_panel_with_manual_flag,manual_accepted_name,True,name_not_found_in_referenced_authors,RED,Layer 2,,,,,,,acceptandmerge,K.B. Bruce; Kim B. Bruce,A5070781869; A5111954167,,20.0,11.0,15.0
kirangopinathan1,Kiran Gopinathan,Kiran Gopinathan,automatic: exact name -> one OpenAlex author ID,use_in_main_panel,openalex_author_id,False,exact_name_one_openalex_author_id,YELLOW,Layer 1,Kiran Gopinathan,A5037850706,0000-0002-1877-9871,,Kiran Gopinathan,A5037850706,,,,,,,
kirshanthansundararajah,Kirshanthan Sundararajah,Kirshanthan Sundararajah,automatic: exact name -> one OpenAlex author ID,use_in_main_panel,openalex_author_id,False,exact_name_one_openalex_author_id,GREEN,Layer 1,Kirshanthan Sundararajah,A5028997869,0000-0001-6384-062X,0000-0001-6384-062X,Kirshanthan Sundararajah,A5028997869,,,,,,,
klausostermann,Klaus Ostermann,Klaus Ostermann,automatic: exact name -> one OpenAlex author ID,use_in_main_panel,openalex_author_id,False,exact_name_one_openalex_author_id,GREEN,Layer 1,Klaus Ostermann,A5049077225,0000-0001-5294-5506,0000-0001-5294-5506,Klaus Ostermann,A5049077225,,,,,,,
klausvgleissenthall,Klaus v. Gleissenthall,Klaus v. Gleissenthall,manual: accepted alternate cited-author name,use_in_main_panel_with_manual_flag,manual_accepted_name,True,name_not_found_in_referenced_authors,RED,Layer 2,,,,0000-0003-0826-4425,,,acceptandmerge,"Gleissenthall, Klaus; Klaus von Gleissenthall",A5055000720,0000-0003-0826-4425,47.0,37.0,10.0
koenclaessen,Koen Claessen,Koen Claessen,automatic: exact name -> one OpenAlex author ID,use_in_main_panel,openalex_author_id,False,exact_name_one_openalex_author_id,YELLOW,Layer 1,Koen Claessen,A5058771102,0000-0002-8113-4478,0000-0002-8113-4478,Koen Claessen,A5058771102,,,,,,,
koheisuenaga,Kohei Suenaga,Kohei Suenaga,automatic: exact name -> one OpenAlex author ID,use_in_main_panel,openalex_author_id,False,exact_name_one_openalex_author_id,GREEN,Layer 1,Kohei Suenaga,A5064121410,0000-0002-7466-8789,0000-0002-7466-8789,Kohei Suenaga,A5064121410,,,,,,,
kokomuroya,Koko Muroya,Koko Muroya,automatic: exact name -> one OpenAlex author ID,use_in_main_panel,openalex_author_id,False,exact_name_one_openalex_author_id,GREEN,Layer 1,Koko Muroya,A5076471067,0000-0003-0454-6900,0000-0003-0454-6900,Koko Muroya,A5076471067,,,,,,,
konstantinoskallas,Konstantinos Kallas,Konstantinos Kallas,name-only: exact/mapped cited-author name but no OpenAlex ID,use_in_main_panel_with_name_based_flag,name_only_match,True,exact_name_no_openalex_author_id,RED,Layer 2,Konstantinos Kallas,,,0000-0002-8984-6648,Konstantinos Kallas,,,,,,,,
konstantinosmamouras1,Konstantinos Mamouras,Konstantinos Mamouras,automatic: exact name -> one OpenAlex author ID,use_in_main_panel,openalex_author_id,False,exact_name_one_openalex_author_id,YELLOW,Layer 1,Konstantinos Mamouras,A5052392314,0000-0003-1209-7738,0000-0003-1209-7738,Konstantinos Mamouras,A5052392314,,,,,,,
kostasferles,Kostas Ferles,Kostas Ferles,automatic: exact name -> one OpenAlex author ID,use_in_main_panel,openalex_author_id,False,exact_name_one_openalex_author_id,GREEN,Layer 1,Kostas Ferles,A5022616286,0000-0002-8370-5465,0000-0002-8370-5465,Kostas Ferles,A5022616286,,,,,,,
koushiksen,Koushik Sen,Koushik Sen,automatic: exact name -> one OpenAlex author ID,use_in_main_panel,openalex_author_id,False,exact_name_one_openalex_author_id,YELLOW,Layer 1,Koushik Sen,A5101569699,0000-0002-4539-9188,,Koushik Sen,A5101569699,,,,,,,
kristinasojakova,Kristina Sojakova,Kristina Sojakova,automatic: exact name -> one OpenAlex author ID,use_in_main_panel,openalex_author_id,False,exact_name_one_openalex_author_id,GREEN,Layer 1,Kristina Sojakova,A5084186768,0000-0003-4880-1416,0000-0003-4880-1416,Kristina Sojakova,A5084186768,,,,,,,
kristofmarussy,Kristóf Marussy,Kristóf Marussy,manual review still needed,do_not_use_until_reviewed,unresolved_not_counted,False,name_not_found_in_referenced_authors,RED,Layer 2,,,,0000-0002-9135-8256,,,,,,,0.0,0.0,0.0
kuenbanghoufavonia,Kuen-Bang Hou (Favonia),Kuen-Bang Hou (Favonia),name-only: exact/mapped cited-author name but no OpenAlex ID,use_in_main_panel_with_name_based_flag,name_only_match,True,exact_name_no_openalex_author_id,RED,Layer 2,Kuen-Bang Hou (Favonia),,,0000-0002-2310-3673,Kuen-Bang Hou (Favonia),,,,,,,,
kwangkeunyi,Kwangkeun Yi,Kwangkeun Yi,automatic: exact name -> one OpenAlex author ID,use_in_main_panel,openalex_author_id,False,exact_name_one_openalex_author_id,GREEN,Layer 1,Kwangkeun Yi,A5101789148,0009-0007-5027-2177,0009-0007-5027-2177,Kwangkeun Yi,A5101789148,,,,,,,
larsbirkedal,Lars Birkedal,Lars Birkedal,automatic: exact name -> one OpenAlex author ID,use_in_main_panel,openalex_author_id,False,exact_name_one_openalex_author_id,YELLOW,Layer 1,Lars Birkedal,A5055959064,0000-0003-1320-0098,0000-0003-1320-0098,Lars Birkedal,A5055959064,,,,,,,
laurabocchi,Laura Bocchi,Laura Bocchi,automatic: exact name -> one OpenAlex author ID,use_in_main_panel,openalex_author_id,False,exact_name_one_openalex_author_id,GREEN,Layer 1,Laura Bocchi,A5087949298,0000-0002-7177-9395,0000-0002-7177-9395,Laura Bocchi,A5087949298,,,,,,,
laurakovacs,Laura Kovacs,Laura Kovács,automatic: exact name -> one OpenAlex author ID,use_in_main_panel,openalex_author_id,False,exact_name_one_openalex_author_id,YELLOW,Layer 1,Laura Kovács,A5071158512,,,Laura Kovács,A5071158512,,,,,,,
lauramcastro,Laura M. Castro,Laura M. Castro,automatic: exact name -> one OpenAlex author ID,use_in_main_panel,openalex_author_id,False,exact_name_one_openalex_author_id,YELLOW,Layer 1,Laura M. Castro,A5058853148,0000-0002-3028-1523,,Laura M. Castro,A5058853148,,,,,,,
lauregonnord,Laure Gonnord,Laure Gonnord,automatic: exact name -> one OpenAlex author ID,use_in_main_panel,openalex_author_id,False,exact_name_one_openalex_author_id,GREEN,Layer 1,Laure Gonnord,A5059186408,0000-0002-8013-1611,0000-0002-8013-1611,Laure Gonnord,A5059186408,,,,,,,
laurencetratt,Laurence Tratt,Laurence Tratt,automatic: exact name -> one OpenAlex author ID,use_in_main_panel,openalex_author_id,False,exact_name_one_openalex_author_id,YELLOW,Layer 1,Laurence Tratt,A5005368647,0000-0002-5258-3805,0000-0002-5258-3805,Laurence Tratt,A5005368647,,,,,,,
laurenpick,Lauren Pick,Lauren Pick,automatic: exact name -> one OpenAlex author ID,use_in_main_panel,openalex_author_id,False,exact_name_one_openalex_author_id,GREEN,Layer 1,Lauren Pick,A5026041828,0000-0003-1605-5383,0000-0003-1605-5383,Lauren Pick,A5026041828,,,,,,,
lennartaugustsson,Lennart Augustsson,Lennart Augustsson,automatic: exact name -> one OpenAlex author ID,use_in_main_panel,openalex_author_id,False,exact_name_one_openalex_author_id,GREEN,Layer 1,Lennart Augustsson,A5030072776,0009-0008-6894-4020,0009-0008-6894-4020,Lennart Augustsson,A5030072776,,,,,,,
lennartberinger,Lennart Beringer,Lennart Beringer,automatic: exact name -> one OpenAlex author ID,use_in_main_panel,openalex_author_id,False,exact_name_one_openalex_author_id,GREEN,Layer 1,Lennart Beringer,A5075091834,0000-0002-1570-3492,0000-0002-1570-3492,Lennart Beringer,A5075091834,,,,,,,
leonidaslampropoulos,Leonidas Lampropoulos,Leonidas Lampropoulos,automatic: exact name -> one OpenAlex author ID,use_in_main_panel,openalex_author_id,False,exact_name_one_openalex_author_id,YELLOW,Layer 1,LEONIDAS LAMPROPOULOS,A5075217645,0000-0003-0269-9815,0000-0003-0269-9815,LEONIDAS LAMPROPOULOS; Leonidas Lampropoulos,A5075217645,,,,,,,
leonidryzhyk,Leonid Ryzhyk,Leonid Ryzhyk,automatic: exact name -> one OpenAlex author ID,use_in_main_panel,openalex_author_id,False,exact_name_one_openalex_author_id,YELLOW,Layer 1,Leonid Ryzhyk,A5001598240,,0000-0002-9944-6955,Leonid Ryzhyk,A5001598240,,,,,,,
leowhite,Leo White,Leo White,automatic: exact name -> one OpenAlex author ID,use_in_main_panel,openalex_author_id,False,exact_name_one_openalex_author_id,YELLOW,Layer 1,Leo White,A5034258018,0009-0003-7046-3035,,Leo White,A5034258018,,,,,,,
liamoconnor,Liam O'Connor,Liam O'Connor,automatic: exact name -> one OpenAlex author ID,use_in_main_panel,openalex_author_id,False,exact_name_one_openalex_author_id,YELLOW,Layer 1,Liam O'Connor,A5091677658,0000-0003-2765-4269,,Liam O'Connor; Liam O’Connor,A5091677658,,,,,,,
liangtingchen,Liang-Ting Chen,Liang-Ting Chen,manual: accepted alternate cited-author name,use_in_main_panel_with_manual_flag,manual_accepted_name,True,name_not_found_in_referenced_authors,RED,Layer 2,,,,,,,accept,Liang Chen,A5100334644; A5100334684; A5101957211,0000-0002-3149-0239; 0000-0003-0712-4738; 0009-0009-3500-1808,4.0,3.0,3.0
liminjia,Limin Jia,Limin Jia,automatic: exact name -> one OpenAlex author ID,use_in_main_panel,openalex_author_id,False,exact_name_one_openalex_author_id,YELLOW,Layer 1,Limin Jia,A5087946116,0000-0002-8160-349X,,Limin Jia,A5087946116,,,,,,,
lindseykuper,Lindsey Kuper,Lindsey Kuper,automatic: exact name -> one OpenAlex author ID,use_in_main_panel,openalex_author_id,False,exact_name_one_openalex_author_id,GREEN,Layer 1,Lindsey Kuper,A5065115190,0000-0002-1374-7715,0000-0002-1374-7715,Lindsey Kuper,A5065115190,,,,,,,
lingmingzhang1,Lingming Zhang,Lingming Zhang,automatic but ambiguous: exact name -> multiple OpenAlex IDs,use_in_main_panel_with_name_based_flag,ambiguous_name_match,True,exact_name_multiple_openalex_author_ids,RED,Layer 2,Lingming Zhang,,,,Lingming Zhang,A5028946205; A5043546718; A5113160035,,,,,,,
lionelparreaux,Lionel Parreaux,Lionel Parreaux,automatic: exact name -> one OpenAlex author ID,use_in_main_panel,openalex_author_id,False,exact_name_one_openalex_author_id,GREEN,Layer 1,Lionel Parreaux,A5002106868,0000-0002-8805-0728,0000-0002-8805-0728,Lionel Parreaux,A5002106868,,,,,,,
liyili1,Liyi Li,Liyi Li,automatic: exact name -> one OpenAlex author ID,use_in_main_panel,openalex_author_id,False,exact_name_one_openalex_author_id,YELLOW,Layer 1,Liyi Li,A5100767880,0000-0001-8184-0244,,Liyi Li,A5100767880,,,,,,,
lorisdantoni,Loris D'Antoni,Loris D'Antoni,automatic: exact name -> one OpenAlex author ID,use_in_main_panel,openalex_author_id,False,exact_name_one_openalex_author_id,YELLOW,Layer 1,Loris D'Antoni,A5089920000,0000-0001-9625-4037,,Loris D'Antoni; Loris D’Antoni,A5089920000,,,,,,,
louisnoelpouchet,Louis-Noël Pouchet,Louis-Noël Pouchet,automatic: exact name -> one OpenAlex author ID,use_in_main_panel,openalex_author_id,False,exact_name_one_openalex_author_id,GREEN,Layer 1,Louis-Noël Pouchet,A5040769038,0000-0001-5103-3097,0000-0001-5103-3097,Louis-Noël Pouchet,A5040769038,,,,,,,
lucmaranget,Luc Maranget,Luc Maranget,automatic: exact name -> one OpenAlex author ID,use_in_main_panel,openalex_author_id,False,exact_name_one_openalex_author_id,GREEN,Layer 1,Luc Maranget,A5002264496,0000-0001-5312-7759,0000-0001-5312-7759,Luc Maranget,A5002264496,,,,,,,
luispina,Luís Pina,Luís Pina,automatic: exact name -> one OpenAlex author ID,use_in_main_panel,openalex_author_id,False,exact_name_one_openalex_author_id,YELLOW,Layer 1,Luís Pina,A5060601788,0000-0003-4585-5259,,Luís Pina,A5060601788,,,,,,,
lukeong,C.-H. Luke Ong,C.-H. Luke Ong,automatic: exact name -> one OpenAlex author ID,use_in_main_panel,openalex_author_id,False,exact_name_one_openalex_author_id,RED,Layer 1,C.-H. Luke Ong,A5025152913,0000-0001-7509-680X,0000-0002-9179-5827,C.-H. Luke Ong,A5025152913,,,,,,,
luzhang,Lu Zhang,Lu Zhang,automatic but ambiguous: exact name -> multiple OpenAlex IDs,use_in_main_panel_with_name_based_flag,ambiguous_name_match,True,exact_name_multiple_openalex_author_ids,RED,Layer 2,Lu Zhang,,,,Lu Zhang,A5100388550; A5100388576; A5100388581; A5100388597; A5100753041; A5101556967; A5101660937; A5115587872,,,,,,,
maazbinsafeerahmad,Maaz Bin Safeer Ahmad,Maaz Bin Safeer Ahmad,name-only: exact/mapped cited-author name but no OpenAlex ID,use_in_main_panel_with_name_based_flag,name_only_match,True,exact_name_no_openalex_author_id,RED,Layer 2,Maaz Bin Safeer Ahmad,,,0000-0002-8113-7580,Maaz Bin Safeer Ahmad,,,,,,,,
madanmusuvathi,Madan Musuvathi,Madan Musuvathi,automatic: exact name -> one OpenAlex author ID,use_in_main_panel,openalex_author_id,False,exact_name_one_openalex_author_id,YELLOW,Layer 1,Madan Musuvathi,A5011198874,0000-0002-2482-7892,,Madan Musuvathi,A5011198874,,,,,,,
maemilano,Mae Milano,Mae Milano,automatic: exact name -> one OpenAlex author ID,use_in_main_panel,openalex_author_id,False,exact_name_one_openalex_author_id,GREEN,Layer 1,Mae Milano,A5053205507,0000-0003-3126-7771,0000-0003-3126-7771,Mae Milano,A5053205507,,,,,,,
magnusmadsen,Magnus Madsen,Magnus Madsen,automatic: exact name -> one OpenAlex author ID,use_in_main_panel,openalex_author_id,False,exact_name_one_openalex_author_id,GREEN,Layer 1,Magnus Madsen,A5034330109,0000-0002-7510-8724,0000-0002-7510-8724,Magnus Madsen,A5034330109,,,,,,,
magnusomyreen,Magnus O. Myreen,Magnus O. Myreen,automatic: exact name -> one OpenAlex author ID,use_in_main_panel,openalex_author_id,False,exact_name_one_openalex_author_id,GREEN,Layer 1,Magnus O. Myreen,A5001651911,0000-0002-9504-4107,0000-0002-9504-4107,Magnus O. Myreen,A5001651911,,,,,,,
mahmuttaylankandemir,Mahmut Taylan Kandemir,Mahmut Taylan Kandemir,manual: accepted alternate cited-author name,use_in_main_panel_with_manual_flag,manual_accepted_name,True,name_not_found_in_referenced_authors,RED,Layer 2,,,,,,,acceptandmerge,"Kandemir, Mahmut Taylan; M. Kandemir; Mahmut Kademir; Mahmut Kandemir",A5007116603; A5063455579; A5098116492,0000-0002-9940-9951; 0000-0003-1598-5108,97.0,28.0,56.0
makotohamana,Makoto Hamana,Makoto Hamana,automatic: exact name -> one OpenAlex author ID,use_in_main_panel,openalex_author_id,False,exact_name_one_openalex_author_id,GREEN,Layer 1,Makoto Hamana,A5081721784,0000-0002-3064-8225,0000-0002-3064-8225,Makoto Hamana,A5081721784,,,,,,,
malavikasamak,Malavika Samak,Malavika Samak,automatic: exact name -> one OpenAlex author ID,use_in_main_panel,openalex_author_id,False,exact_name_one_openalex_author_id,YELLOW,Layer 1,Malavika Samak,A5062670070,,0009-0007-9572-4675,Malavika Samak,A5062670070,,,,,,,
malgorzatabiernacka,Malgorzata Biernacka,Malgorzata Biernacka,automatic: exact name -> one OpenAlex author ID,use_in_main_panel,openalex_author_id,False,exact_name_one_openalex_author_id,GREEN,Layer 1,Malgorzata Biernacka,A5084400751,0000-0001-8094-0980,0000-0001-8094-0980,Malgorzata Biernacka; Małgorzata Biernacka,A5084400751,,,,,,,
manasijmukherjee,Manasij Mukherjee,Manasij Mukherjee,automatic: exact name -> one OpenAlex author ID,use_in_main_panel,openalex_author_id,False,exact_name_one_openalex_author_id,GREEN,Layer 1,Manasij Mukherjee,A5017201533,0009-0007-8460-6745,0009-0007-8460-6745,Manasij Mukherjee,A5017201533,,,,,,,
manasthakur,Manas Thakur,Manas Thakur,automatic: exact name -> one OpenAlex author ID,use_in_main_panel,openalex_author_id,False,exact_name_one_openalex_author_id,YELLOW,Layer 1,Manas Thakur,A5037950146,0000-0002-0740-9701,,Manas Thakur,A5037950146,,,,,,,
mandanavaziri,Mandana Vaziri,Mandana Vaziri,automatic: exact name -> one OpenAlex author ID,use_in_main_panel,openalex_author_id,False,exact_name_one_openalex_author_id,GREEN,Layer 1,Mandana Vaziri,A5014301891,0009-0002-9165-3500,0009-0002-9165-3500,Mandana Vaziri,A5014301891,,,,,,,
manoskapritsos,Manos Kapritsos,Manos Kapritsos,automatic: exact name -> one OpenAlex author ID,use_in_main_panel,openalex_author_id,False,exact_name_one_openalex_author_id,GREEN,Layer 1,Manos Kapritsos,A5083609711,0000-0002-4368-7418,0000-0002-4368-7418,Manos Kapritsos,A5083609711,,,,,,,
manuelrigger,Manuel Rigger,Manuel Rigger,automatic: exact name -> one OpenAlex author ID,use_in_main_panel,openalex_author_id,False,exact_name_one_openalex_author_id,YELLOW,Layer 1,Manuel Rigger,A5066738024,0000-0001-8303-2099,,Manuel Rigger,A5066738024,,,,,,,
manuelserrano,Manuel Serrano,Manuel Serrano,automatic but ambiguous: exact name -> multiple OpenAlex IDs,use_in_main_panel_with_name_based_flag,ambiguous_name_match,True,exact_name_multiple_openalex_author_ids,RED,Layer 2,Manuel Serrano,,,,Manuel Serrano,A5029403444; A5102890645,,,,,,,
manusridharan,Manu Sridharan,Manu Sridharan,automatic: exact name -> one OpenAlex author ID,use_in_main_panel,openalex_author_id,False,exact_name_one_openalex_author_id,YELLOW,Layer 1,Manu Sridharan,A5038828346,0000-0001-7993-302X,0000-0001-7993-302X,Manu Sridharan,A5038828346,,,,,,,
marcbrockschmidt,Marc Brockschmidt,Marc Brockschmidt,automatic: exact name -> one OpenAlex author ID,use_in_main_panel,openalex_author_id,False,exact_name_one_openalex_author_id,YELLOW,Layer 1,Marc Brockschmidt,A5040207663,,0000-0001-6277-2768,Marc Brockschmidt,A5040207663,,,,,,,
marcogaboardi,Marco Gaboardi,Marco Gaboardi,automatic: exact name -> one OpenAlex author ID,use_in_main_panel,openalex_author_id,False,exact_name_one_openalex_author_id,YELLOW,Layer 1,MARCO GABOARDI,A5021948795,0000-0002-5235-7066,0000-0002-5235-7066,MARCO GABOARDI; Marco Gaboardi,A5021948795,,,,,,,
marcopatrignani,Marco Patrignani,Marco Patrignani,automatic: exact name -> one OpenAlex author ID,use_in_main_panel,openalex_author_id,False,exact_name_one_openalex_author_id,GREEN,Layer 1,Marco Patrignani,A5023276491,0000-0003-3411-9678,0000-0003-3411-9678,Marco Patrignani,A5023276491,,,,,,,
marcopistoia,Marco Pistoia,Marco Pistoia,automatic: exact name -> one OpenAlex author ID,use_in_main_panel,openalex_author_id,False,exact_name_one_openalex_author_id,YELLOW,Layer 1,Marco Pistoia,A5066501364,0000-0001-9002-1128,,Marco Pistoia,A5066501364,,,,,,,
marcosviera,Marcos Viera,Marcos Viera,automatic: exact name -> one OpenAlex author ID,use_in_main_panel,openalex_author_id,False,exact_name_one_openalex_author_id,GREEN,Layer 1,Marcos Viera,A5026040673,0000-0003-2291-6151,0000-0003-2291-6151,Marcos Viera,A5026040673,,,,,,,
marcovassena,Marco Vassena,Marco Vassena,automatic: exact name -> one OpenAlex author ID,use_in_main_panel,openalex_author_id,False,exact_name_one_openalex_author_id,YELLOW,Layer 1,Marco Vassena,A5065850135,0000-0002-4795-0236,0000-0002-4795-0236,Marco Vassena,A5065850135,,,,,,,
margusveanes,Margus Veanes,Margus Veanes,automatic: exact name -> one OpenAlex author ID,use_in_main_panel,openalex_author_id,False,exact_name_one_openalex_author_id,GREEN,Layer 1,Margus Veanes,A5060114046,0009-0008-8427-7977,0009-0008-8427-7977,Margus Veanes,A5060114046,,,,,,,
mariachristakis,Maria Christakis,Maria Christakis,automatic: exact name -> one OpenAlex author ID,use_in_main_panel,openalex_author_id,False,exact_name_one_openalex_author_id,GREEN,Layer 1,Maria Christakis,A5064181052,0000-0002-2649-1958,0000-0002-2649-1958,Maria Christakis,A5064181052,,,,,,,
mariannarapoport,Marianna Rapoport,Marianna Rapoport,automatic: exact name -> one OpenAlex author ID,use_in_main_panel,openalex_author_id,False,exact_name_one_openalex_author_id,YELLOW,Layer 1,Marianna Rapoport,A5027027438,,,Marianna Rapoport,A5027027438,,,,,,,
maribelfernandez,Maribel Fernandez,Maribel Fernandez,automatic: exact name -> one OpenAlex author ID,use_in_main_panel,openalex_author_id,False,exact_name_one_openalex_author_id,YELLOW,Layer 1,Maribel Fernández,A5072769917,0000-0001-8325-5815,,Maribel Fernández,A5072769917,,,,,,,
mariekehuisman,Marieke Huisman,Marieke Huisman,automatic: exact name -> one OpenAlex author ID,use_in_main_panel,openalex_author_id,False,exact_name_one_openalex_author_id,YELLOW,Layer 1,Marieke Huisman,A5045181048,0000-0003-4467-072X,0000-0003-4467-072X,Marieke Huisman,A5045181048,,,,,,,
mariekerjean1,Marie Kerjean,Marie Kerjean,manual review still needed,do_not_use_until_reviewed,unresolved_not_counted,False,name_not_found_in_referenced_authors,RED,Layer 2,,,,0000-0001-6141-6251,,,,,,,0.0,0.0,0.0
markbatty,Mark Batty,Mark Batty,automatic: exact name -> one OpenAlex author ID,use_in_main_panel,openalex_author_id,False,exact_name_one_openalex_author_id,YELLOW,Layer 1,Mark Batty,A5043076240,0000-0001-7053-4364,,Mark Batty,A5043076240,,,,,,,
markjones,Mark Jones,Mark Jones,manual: accepted alternate cited-author name,use_in_main_panel_with_manual_flag,manual_accepted_name,True,name_not_found_in_referenced_authors,RED,Layer 2,,,,,,,accept,Mark P. Jones,A5109230348,,98.0,73.0,23.0
marksantolucito,Mark Santolucito,Mark Santolucito,automatic: exact name -> one OpenAlex author ID,use_in_main_panel,openalex_author_id,False,exact_name_one_openalex_author_id,GREEN,Layer 1,Mark Santolucito,A5031902968,0000-0001-8646-4364,0000-0001-8646-4364,Mark Santolucito,A5031902968,,,,,,,
markuspuschel,Markus Püschel,Markus Püschel,automatic: exact name -> one OpenAlex author ID,use_in_main_panel,openalex_author_id,False,exact_name_one_openalex_author_id,GREEN,Layer 1,Markus Püschel,A5076407181,0000-0001-8834-8551,0000-0001-8834-8551,Markus Püschel,A5076407181,,,,,,,
martinabadi,Martin Abadi,Martin Abadi,name-only: exact/mapped cited-author name but no OpenAlex ID,use_in_main_panel_with_name_based_flag,name_only_match,True,exact_name_no_openalex_author_id,RED,Layer 2,Martín Abadi,,,,Martín Abadi,,,,,,,,
martinelsman,Martin Elsman,Martin Elsman,automatic: exact name -> one OpenAlex author ID,use_in_main_panel,openalex_author_id,False,exact_name_one_openalex_author_id,GREEN,Layer 1,Martin Elsman,A5081028559,0000-0002-6061-5993,0000-0002-6061-5993,Martin Elsman,A5081028559,,,,,,,
martinerwig,Martin Erwig,Martin Erwig,automatic but ambiguous: exact name -> multiple OpenAlex IDs,use_in_main_panel_with_name_based_flag,ambiguous_name_match,True,exact_name_multiple_openalex_author_ids,RED,Layer 2,Martin Erwig,,0000-0002-7471-4554,,Martin Erwig,A5078733350; A5105469807,,,,,,,
martinhirzel,Martin Hirzel,Martin Hirzel,automatic: exact name -> one OpenAlex author ID,use_in_main_panel,openalex_author_id,False,exact_name_one_openalex_author_id,GREEN,Layer 1,Martin Hirzel,A5079080602,0009-0006-8840-6065,0009-0006-8840-6065,Martin Hirzel,A5079080602,,,,,,,
martinmaas,Martin Maas,Martin Maas,automatic: exact name -> one OpenAlex author ID,use_in_main_panel,openalex_author_id,False,exact_name_one_openalex_author_id,YELLOW,Layer 1,Martin Maas,A5013891231,0000-0001-7653-8139,,Martin Maas,A5013891231,,,,,,,
martinrinard,Martin C. Rinard,Martin C. Rinard,name-only: exact/mapped cited-author name but no OpenAlex ID,use_in_main_panel_with_name_based_flag,name_only_match,True,exact_name_no_openalex_author_id,RED,Layer 2,Martin C. Rinard,,,0000-0001-8095-8523,Martin C. Rinard,,,,,,,,
martinvechev,Martin Vechev,Martin Vechev,automatic: exact name -> one OpenAlex author ID,use_in_main_panel,openalex_author_id,False,exact_name_one_openalex_author_id,GREEN,Layer 1,Martin Vechev,A5069901599,0000-0002-0054-9568,0000-0002-0054-9568,Martin Vechev,A5069901599,,,,,,,
maryammehridehnavi,Maryam Mehri Dehnavi,Maryam Mehri Dehnavi,automatic: exact name -> one OpenAlex author ID,use_in_main_panel,openalex_author_id,False,exact_name_one_openalex_author_id,YELLOW,Layer 1,Maryam Mehri Dehnavi,A5003682451,0000-0002-2719-8788,0000-0002-2719-8788,Maryam Mehri Dehnavi,A5003682451,,,,,,,
maryhall,Mary Hall,Mary Hall,automatic: exact name -> one OpenAlex author ID,use_in_main_panel,openalex_author_id,False,exact_name_one_openalex_author_id,YELLOW,Layer 1,Mary Hall,A5030152493,0000-0002-3058-7573,,Mary Hall,A5030152493,,,,,,,
maryshe,Mary Sheeran,Mary Sheeran,automatic: exact name -> one OpenAlex author ID,use_in_main_panel,openalex_author_id,False,exact_name_one_openalex_author_id,GREEN,Layer 1,Mary Sheeran,A5037308838,0000-0003-2509-0957,0000-0003-2509-0957,Mary Sheeran,A5037308838,,,,,,,
matiastoro,Matías Toro,Matías Toro,automatic: exact name -> one OpenAlex author ID,use_in_main_panel,openalex_author_id,False,exact_name_one_openalex_author_id,GREEN,Layer 1,Matías Toro,A5073103554,0000-0002-5315-0198,0000-0002-5315-0198,Matías Toro,A5073103554,,,,,,,
matijapretnar,Matija Pretnar,Matija Pretnar,automatic: exact name -> one OpenAlex author ID,use_in_main_panel,openalex_author_id,False,exact_name_one_openalex_author_id,YELLOW,Layer 1,MATIJA PRETNAR,A5078127242,0000-0001-7755-2303,0000-0001-7755-2303,MATIJA PRETNAR; Matija Pretnar,A5078127242,,,,,,,
matteocimini,Matteo Cimini,Matteo Cimini,automatic: exact name -> one OpenAlex author ID,use_in_main_panel,openalex_author_id,False,exact_name_one_openalex_author_id,YELLOW,Layer 1,Matteo Cimini,A5074262851,0000-0003-0162-9997,,Matteo Cimini,A5074262851,,,,,,,
matteomaffei,Matteo Maffei,Matteo Maffei,automatic: exact name -> one OpenAlex author ID,use_in_main_panel,openalex_author_id,False,exact_name_one_openalex_author_id,YELLOW,Layer 1,Matteo Maffei,A5059351004,0000-0001-8061-1685,0000-0001-8061-1685,Matteo Maffei,A5059351004,,,,,,,
matthewflatt,Matthew Flatt,Matthew Flatt,automatic: exact name -> one OpenAlex author ID,use_in_main_panel,openalex_author_id,False,exact_name_one_openalex_author_id,GREEN,Layer 1,Matthew Flatt,A5033713909,0000-0001-8994-2552,0000-0001-8994-2552,Matthew Flatt,A5033713909,,,,,,,
matthewfluet,Matthew Fluet,Matthew Fluet,automatic: exact name -> one OpenAlex author ID,use_in_main_panel,openalex_author_id,False,exact_name_one_openalex_author_id,YELLOW,Layer 1,Matthew Fluet,A5029478793,0000-0002-4194-7618,0000-0002-4194-7618,Matthew Fluet,A5029478793,,,,,,,
matthewhague,Matthew Hague,Matthew Hague,automatic: exact name -> one OpenAlex author ID,use_in_main_panel,openalex_author_id,False,exact_name_one_openalex_author_id,YELLOW,Layer 1,Matthew Hague,A5083664380,0000-0003-4913-3800,,Matthew Hague,A5083664380,,,,,,,
matthewhammer,Matthew Hammer,Matthew Hammer,manual: accepted alternate cited-author name,use_in_main_panel_with_manual_flag,manual_accepted_name,True,name_not_found_in_referenced_authors,RED,Layer 2,,,,,,,accept,Matthew A. Hammer,A5030683830,,49.0,34.0,13.0
matthewmight,Matthew Might,Matthew Might,automatic: exact name -> one OpenAlex author ID,use_in_main_panel,openalex_author_id,False,exact_name_one_openalex_author_id,YELLOW,Layer 1,MATTHEW MIGHT,A5086121459,0000-0002-8430-5316,,MATTHEW MIGHT; Matthew Might,A5086121459,,,,,,,
matthewparkinson,Matthew J. Parkinson,Matthew J. Parkinson,manual: accepted alternate cited-author name,use_in_main_panel_with_manual_flag,manual_accepted_name,True,name_not_found_in_referenced_authors,RED,Layer 2,,,,0009-0004-3937-1260,,,acceptandmerge,"J Parkinson; Matthew J. Parkinson J; Matthew Parkinson; Parkinson, Matthew; Parkinson, Matthew J.",A5001725251; A5033231992,0009-0004-3937-1260,271.0,132.0,50.0
matthiashauswirth,Matthias Hauswirth,Matthias Hauswirth,automatic: exact name -> one OpenAlex author ID,use_in_main_panel,openalex_author_id,False,exact_name_one_openalex_author_id,GREEN,Layer 1,Matthias Hauswirth,A5078770676,0000-0001-5527-5931,0000-0001-5527-5931,Matthias Hauswirth,A5078770676,,,,,,,
matthiasheizmann,Matthias Heizmann,Matthias Heizmann,automatic: exact name -> one OpenAlex author ID,use_in_main_panel,openalex_author_id,False,exact_name_one_openalex_author_id,GREEN,Layer 1,Matthias Heizmann,A5077581460,0000-0003-4252-3558,0000-0003-4252-3558,Matthias Heizmann,A5077581460,,,,,,,
matthieusozeau,Matthieu Sozeau,Matthieu Sozeau,automatic: exact name -> one OpenAlex author ID,use_in_main_panel,openalex_author_id,False,exact_name_one_openalex_author_id,YELLOW,Layer 1,Matthieu Sozeau,A5065124885,0000-0001-6452-8806,0000-0001-6452-8806,Matthieu Sozeau,A5065124885,,,,,,,
matthijsvakar,Matthijs Vákár,Matthijs Vákár,automatic: exact name -> one OpenAlex author ID,use_in_main_panel,openalex_author_id,False,exact_name_one_openalex_author_id,YELLOW,Layer 1,Matthijs Vákár,A5031234153,0000-0003-4603-0523,,Matthijs Vákár,A5031234153,,,,,,,
maxnew,Max S. New,Max S. New,automatic: exact name -> one OpenAlex author ID,use_in_main_panel,openalex_author_id,False,exact_name_one_openalex_author_id,YELLOW,Layer 1,Max S. New,A5050680882,0000-0001-8141-195X,0000-0001-8141-195X,Max S. New,A5050680882,,,,,,,
maxschaefer,Max Schaefer,Max Schaefer,automatic: exact name -> one OpenAlex author ID,use_in_main_panel,openalex_author_id,False,exact_name_one_openalex_author_id,YELLOW,Layer 1,Max Schaefer,A5080291195,0000-0001-7454-5327,,Max Schaefer,A5080291195,,,,,,,
maxwillsey,Max Willsey,Max Willsey,automatic: exact name -> one OpenAlex author ID,use_in_main_panel,openalex_author_id,False,exact_name_one_openalex_author_id,YELLOW,Layer 1,Max Willsey,A5048760480,0000-0001-8066-4218,0000-0001-8066-4218,Max Willsey,A5048760480,,,,,,,
mayurnaik,Mayur Naik,Mayur Naik,automatic: exact name -> one OpenAlex author ID,use_in_main_panel,openalex_author_id,False,exact_name_one_openalex_author_id,YELLOW,Layer 1,Mayur Naik,A5075879790,0000-0003-1348-8618,,Mayur Naik,A5075879790,,,,,,,
mengwang,Meng Wang,Meng Wang,automatic but ambiguous: exact name -> multiple OpenAlex IDs,use_in_main_panel_with_name_based_flag,ambiguous_name_match,True,exact_name_multiple_openalex_author_ids,RED,Layer 2,Meng Wang,,,,Meng Wang,A5074307489; A5083328834; A5100377147,,,,,,,
michaelbond,Michael D. Bond,Michael D. Bond,automatic: exact name -> one OpenAlex author ID,use_in_main_panel,openalex_author_id,False,exact_name_one_openalex_author_id,YELLOW,Layer 1,Michael D. Bond,A5044161672,0000-0002-8971-4944,0000-0002-8971-4944,Michael D. Bond,A5044161672,,,,,,,
michaelcarbin,Michael Carbin,Michael Carbin,automatic: exact name -> one OpenAlex author ID,use_in_main_panel,openalex_author_id,False,exact_name_one_openalex_author_id,YELLOW,Layer 1,Michael Carbin,A5091194125,0000-0002-6928-0456,0000-0002-6928-0456,Michael Carbin,A5091194125,,,,,,,
michaelcoblenz,Michael Coblenz,Michael Coblenz,automatic: exact name -> one OpenAlex author ID,use_in_main_panel,openalex_author_id,False,exact_name_one_openalex_author_id,GREEN,Layer 1,Michael Coblenz,A5044646652,0000-0002-9369-4069,0000-0002-9369-4069,Michael Coblenz,A5044646652,,,,,,,
michaeldadams,Michael D. Adams,Michael D. Adams,automatic but ambiguous: exact name -> multiple OpenAlex IDs,use_in_main_panel_with_name_based_flag,ambiguous_name_match,True,exact_name_multiple_openalex_author_ids,RED,Layer 2,Michael D. Adams,,,,Michael D. Adams,A5014296250; A5101495354,,,,,,,
michaelemmi,Michael Emmi,Michael Emmi,automatic: exact name -> one OpenAlex author ID,use_in_main_panel,openalex_author_id,False,exact_name_one_openalex_author_id,GREEN,Layer 1,Michael Emmi,A5061209906,0009-0002-6283-5890,0009-0002-6283-5890,Michael Emmi,A5061209906,,,,,,,
michaelfranz,Michael Franz,Michael Franz,automatic but ambiguous: exact name -> multiple OpenAlex IDs,use_in_main_panel_with_name_based_flag,ambiguous_name_match,True,exact_name_multiple_openalex_author_ids,RED,Layer 2,Michael Franz,,,,Michael Franz,A5103069673; A5107250730,,,,,,,
michaelgreenberg,Michael Greenberg,Michael Greenberg,automatic: exact name -> one OpenAlex author ID,use_in_main_panel,openalex_author_id,False,exact_name_one_openalex_author_id,YELLOW,Layer 1,Michael Greenberg,A5075185353,0000-0003-0014-7670,,Michael Greenberg,A5075185353,,,,,,,
michaelhicks,Michael Hicks,Michael Hicks,automatic but ambiguous: exact name -> multiple OpenAlex IDs,use_in_main_panel_with_name_based_flag,ambiguous_name_match,True,exact_name_multiple_openalex_author_ids,RED,Layer 2,Michael Hicks,,0000-0002-2759-9223,,Michael Hicks,A5046625836; A5111458229,,,,,,,
michaelmarcozzi1,Michaël Marcozzi,Michaël Marcozzi,automatic: exact name -> one OpenAlex author ID,use_in_main_panel,openalex_author_id,False,exact_name_one_openalex_author_id,GREEN,Layer 1,Michaël Marcozzi,A5032640551,0000-0002-8087-0537,0000-0002-8087-0537,Michaël Marcozzi,A5032640551,,,,,,,
michaeloboyle,Michael F. P. O'Boyle,Michael F. P. O'Boyle,name-only: exact/mapped cited-author name but no OpenAlex ID,use_in_main_panel_with_name_based_flag,name_only_match,True,exact_name_no_openalex_author_id,RED,Layer 2,Michael F. P. O'Boyle,,0000-0003-1619-5052,,Michael F. P. O'Boyle; Michael F.P. O'Boyle,,,,,,,,
michaelpradel,Michael Pradel,Michael Pradel,automatic: exact name -> one OpenAlex author ID,use_in_main_panel,openalex_author_id,False,exact_name_one_openalex_author_id,YELLOW,Layer 1,Michael Pradel,A5013438083,0000-0003-1623-498X,,Michael Pradel,A5013438083,,,,,,,
michaelsammler,Michael Sammler,Michael Sammler,automatic: exact name -> one OpenAlex author ID,use_in_main_panel,openalex_author_id,False,exact_name_one_openalex_author_id,GREEN,Layer 1,Michael Sammler,A5060508628,0000-0003-4591-743X,0000-0003-4591-743X,Michael Sammler,A5060508628,,,,,,,
michaelsperber,Michael Sperber,Michael Sperber,automatic: exact name -> one OpenAlex author ID,use_in_main_panel,openalex_author_id,False,exact_name_one_openalex_author_id,GREEN,Layer 1,Michael Sperber,A5070201963,0000-0002-5280-9632,0000-0002-5280-9632,Michael Sperber,A5070201963,,,,,,,
michelechiari,Michele Chiari,Michele Chiari,automatic: exact name -> one OpenAlex author ID,use_in_main_panel,openalex_author_id,False,exact_name_one_openalex_author_id,GREEN,Layer 1,Michele Chiari,A5090191859,0000-0001-7742-9233,0000-0001-7742-9233,Michele Chiari,A5090191859,,,,,,,
michelepagani,Michele Pagani,Michele Pagani,automatic: exact name -> one OpenAlex author ID,use_in_main_panel,openalex_author_id,False,exact_name_one_openalex_author_id,YELLOW,Layer 1,Michele Pagani,A5014578218,0000-0002-4142-2037,,Michele Pagani,A5014578218,,,,,,,
michellemillsstrout,Michelle Mills Strout,Michelle Mills Strout,automatic: exact name -> one OpenAlex author ID,use_in_main_panel,openalex_author_id,False,exact_name_one_openalex_author_id,YELLOW,Layer 1,Michelle Mills Strout,A5022191670,0000-0001-7646-4766,,Michelle Mills Strout,A5022191670,,,,,,,
michelsteuwer,Michel Steuwer,Michel Steuwer,automatic: exact name -> one OpenAlex author ID,use_in_main_panel,openalex_author_id,False,exact_name_one_openalex_author_id,YELLOW,Layer 1,Michel Steuwer,A5016319844,0000-0001-5048-0741,,Michel Steuwer,A5016319844,,,,,,,
mihaibudiu,Mihai Budiu,Mihai Budiu,automatic: exact name -> one OpenAlex author ID,use_in_main_panel,openalex_author_id,False,exact_name_one_openalex_author_id,YELLOW,Layer 1,Mihai Budiu,A5089558228,,0000-0003-0701-9487,Mihai Budiu,A5089558228,,,,,,,
mikedodds,Mike Dodds,Mike Dodds,automatic: exact name -> one OpenAlex author ID,use_in_main_panel,openalex_author_id,False,exact_name_one_openalex_author_id,GREEN,Layer 1,Mike Dodds,A5085860278,0000-0002-4439-0130,0000-0002-4439-0130,Mike Dodds,A5085860278,,,,,,,
mikerainey,Mike Rainey,Mike Rainey,automatic: exact name -> one OpenAlex author ID,use_in_main_panel,openalex_author_id,False,exact_name_one_openalex_author_id,YELLOW,Layer 1,Mike Rainey,A5009476343,0009-0002-9659-1636,,Mike Rainey,A5009476343,,,,,,,
miladallapreda,Mila Dalla Preda,Mila Dalla Preda,automatic: exact name -> one OpenAlex author ID,use_in_main_panel,openalex_author_id,False,exact_name_one_openalex_author_id,GREEN,Layer 1,Mila Dalla Preda,A5005632682,0000-0003-2761-4347,0000-0003-2761-4347,Mila Dalla Preda,A5005632682,,,,,,,
milijanasurbatovich1,Milijana Surbatovich,Milijana Surbatovich,automatic: exact name -> one OpenAlex author ID,use_in_main_panel,openalex_author_id,False,exact_name_one_openalex_author_id,YELLOW,Layer 1,Milijana Surbatovich,A5021370119,0009-0004-6948-6683,0009-0004-6948-6683,Milijana Surbatovich,A5021370119,,,,,,,
milindkulkarni,Milind Kulkarni,Milind Kulkarni,automatic: exact name -> one OpenAlex author ID,use_in_main_panel,openalex_author_id,False,exact_name_one_openalex_author_id,YELLOW,Layer 1,Milind Kulkarni,A5075916086,0000-0001-6827-345X,,Milind Kulkarni,A5075916086,,,,,,,
milosgligoric,Milos Gligoric,Milos Gligoric,automatic: exact name -> one OpenAlex author ID,use_in_main_panel,openalex_author_id,False,exact_name_one_openalex_author_id,GREEN,Layer 1,Milos Gligoric,A5063052820,0000-0002-5894-7649,0000-0002-5894-7649,Milos Gligoric,A5063052820,,,,,,,
mingshengying,Mingsheng Ying,Mingsheng Ying,automatic: exact name -> one OpenAlex author ID,use_in_main_panel,openalex_author_id,False,exact_name_one_openalex_author_id,YELLOW,Layer 1,Mingsheng Ying,A5023088481,0000-0003-4847-702X,0000-0003-4847-702X,Mingsheng Ying,A5023088481,,,,,,,
minseokjeon,Minseok Jeon,Minseok Jeon,automatic: exact name -> one OpenAlex author ID,use_in_main_panel,openalex_author_id,False,exact_name_one_openalex_author_id,YELLOW,Layer 1,Minseok Jeon,A5046062654,0000-0001-8320-8509,,Minseok Jeon,A5046062654,,,,,,,
miramezini,Mira Mezini,Mira Mezini,automatic: exact name -> one OpenAlex author ID,use_in_main_panel,openalex_author_id,False,exact_name_one_openalex_author_id,YELLOW,Layer 1,Mira Mezini,A5078067853,0000-0001-6563-7537,0000-0001-6563-7537,Mira Mezini,A5078067853,,,,,,,
mircotribastone,Mirco Tribastone,Mirco Tribastone,automatic: exact name -> one OpenAlex author ID,use_in_main_panel,openalex_author_id,False,exact_name_one_openalex_author_id,GREEN,Layer 1,Mirco Tribastone,A5037431084,0000-0002-6018-5989,0000-0002-6018-5989,Mirco Tribastone,A5037431084,,,,,,,
mitchellwand,Mitchell Wand,Mitchell Wand,automatic: exact name -> one OpenAlex author ID,use_in_main_panel,openalex_author_id,False,exact_name_one_openalex_author_id,YELLOW,Layer 1,Mitchell Wand,A5109074035,,0000-0001-6878-1999,Mitchell Wand,A5109074035,,,,,,,
mohamedfaouziatig,Mohamed Faouzi Atig,Mohamed Faouzi Atig,automatic: exact name -> one OpenAlex author ID,use_in_main_panel,openalex_author_id,False,exact_name_one_openalex_author_id,GREEN,Layer 1,Mohamed Faouzi Atig,A5047278328,0000-0001-8229-3481,0000-0001-8229-3481,Mohamed Faouzi Atig,A5047278328,,,,,,,
mohsenlesani,Mohsen Lesani,Mohsen Lesani,automatic: exact name -> one OpenAlex author ID,use_in_main_panel,openalex_author_id,False,exact_name_one_openalex_author_id,YELLOW,Layer 1,Mohsen Lesani,A5088825348,0000-0002-3165-2322,,Mohsen Lesani,A5088825348,,,,,,,
moolysagiv,Mooly Sagiv,Mooly Sagiv,automatic: exact name -> one OpenAlex author ID,use_in_main_panel,openalex_author_id,False,exact_name_one_openalex_author_id,YELLOW,Layer 1,Mooly Sagiv,A5002512849,,,Mooly Sagiv,A5002512849,,,,,,,
mukundraghotaman,Mukund Raghothaman,Mukund Raghothaman,automatic: exact name -> one OpenAlex author ID,use_in_main_panel,openalex_author_id,False,exact_name_one_openalex_author_id,YELLOW,Layer 1,Mukund Raghothaman,A5024988696,0000-0003-2879-0932,0000-0003-2879-0932,Mukund Raghothaman,A5024988696,,,,,,,
muralidaranvijayaraghavan,Muralidaran Vijayaraghavan,Murali Vijayaraghavan,name-only: exact/mapped cited-author name but no OpenAlex ID,use_in_main_panel_with_name_based_flag,name_only_match,True,name_not_found_in_referenced_authors,RED,Layer 2,,,,,,,,,,,,,
muralikrishnaramanathan,Murali Krishna Ramanathan,Murali Krishna Ramanathan,automatic: exact name -> one OpenAlex author ID,use_in_main_panel,openalex_author_id,False,exact_name_one_openalex_author_id,GREEN,Layer 1,Murali Krishna Ramanathan,A5107242862,0000-0002-6568-017X,0000-0002-6568-017X,Murali Krishna Ramanathan,A5107242862,,,,,,,
nachiappanvalliappan,Nachiappan Valliappan,Nachiappan Valliappan,automatic but ambiguous: exact name -> multiple OpenAlex IDs,use_in_main_panel_with_name_based_flag,ambiguous_name_match,True,exact_name_multiple_openalex_author_ids,RED,Layer 2,Nachiappan Valliappan,,0000-0002-9358-3852,,Nachiappan Valliappan,A5076882327; A5112789797,,,,,,,
nadaamin,Nada Amin,Nada Amin,automatic: exact name -> one OpenAlex author ID,use_in_main_panel,openalex_author_id,False,exact_name_one_openalex_author_id,YELLOW,Layer 1,Nada Amin,A5054275386,0000-0002-0830-7248,,Nada Amin,A5054275386,,,,,,,
nadiapolikarpova,Nadia Polikarpova,Nadia Polikarpova,automatic: exact name -> one OpenAlex author ID,use_in_main_panel,openalex_author_id,False,exact_name_one_openalex_author_id,GREEN,Layer 1,Nadia Polikarpova,A5090671359,0000-0001-5571-173X,0000-0001-5571-173X,Nadia Polikarpova,A5090671359,,,,,,,
nameng,Na Meng,Na Meng,automatic: exact name -> one OpenAlex author ID,use_in_main_panel,openalex_author_id,False,exact_name_one_openalex_author_id,YELLOW,Layer 1,Na Meng,A5070152860,0000-0002-0230-5524,,Na Meng,A5070152860,,,,,,,
naokikobayashi,Naoki Kobayashi,Naoki Kobayashi,automatic but ambiguous: exact name -> multiple OpenAlex IDs,use_in_main_panel_with_name_based_flag,ambiguous_name_match,True,exact_name_multiple_openalex_author_ids,RED,Layer 2,Naoki Kobayashi,,,,Naoki Kobayashi,A5100772472; A5100772473,,,,,,,
natefoster,Nate Foster,Nate Foster,automatic: exact name -> one OpenAlex author ID,use_in_main_panel,openalex_author_id,False,exact_name_one_openalex_author_id,YELLOW,Layer 1,Nate Foster,A5013378091,0000-0002-6557-684X,,Nate Foster,A5013378091,,,,,,,
nathanchong,Nathan Chong,Nathan Chong,automatic: exact name -> one OpenAlex author ID,use_in_main_panel,openalex_author_id,False,exact_name_one_openalex_author_id,YELLOW,Layer 1,Nathan Chong,A5073793617,0000-0001-7843-9556,,Nathan Chong,A5073793617,,,,,,,
neelakantankrishnaswami,Neel Krishnaswami,Neel Krishnaswami,automatic: exact name -> one OpenAlex author ID,use_in_main_panel,openalex_author_id,False,exact_name_one_openalex_author_id,GREEN,Layer 1,Neel Krishnaswami,A5085047206,0000-0003-2838-5865,0000-0003-2838-5865,Neel Krishnaswami,A5085047206,,,,,,,
nehaagarwal,Neha Agarwal,Neha Agarwal,manual review still needed,do_not_use_until_reviewed,unresolved_not_counted,False,name_not_found_in_referenced_authors,RED,Layer 2,,,,,,,,,,,0.0,0.0,0.0
neiljulienross,Neil Julien Ross,Neil Julien Ross,manual: accepted alternate cited-author name,use_in_main_panel_with_manual_flag,manual_accepted_name,True,name_not_found_in_referenced_authors,RED,Layer 2,,,,,,,accept,Neil J. Ross,A5004989555,0000-0003-0941-4333,61.0,42.0,9.0
nevillegrech,Neville Grech,Neville Grech,automatic: exact name -> one OpenAlex author ID,use_in_main_panel,openalex_author_id,False,exact_name_one_openalex_author_id,YELLOW,Layer 1,Neville Grech,A5068595267,0000-0002-6790-2872,0000-0002-6790-2872,Neville Grech,A5068595267,,,,,,,
niccoloveltri,Niccolò Veltri,Niccolò Veltri,automatic: exact name -> one OpenAlex author ID,use_in_main_panel,openalex_author_id,False,exact_name_one_openalex_author_id,GREEN,Layer 1,Niccolò Veltrì,A5012979981,0000-0002-7230-3436,0000-0002-7230-3436,Niccolò Veltrì,A5012979981,,,,,,,
nickbenton1,Nick Benton,Nick Benton,automatic: exact name -> one OpenAlex author ID,use_in_main_panel,openalex_author_id,False,exact_name_one_openalex_author_id,YELLOW,Layer 1,Nick Benton,A5023252122,,,Nick Benton,A5023252122,,,,,,,
nickgiannarakis,Nick Giannarakis,Nick Giannarakis,automatic: exact name -> one OpenAlex author ID,use_in_main_panel,openalex_author_id,False,exact_name_one_openalex_author_id,YELLOW,Layer 1,Nick Giannarakis,A5055675515,,,Nick Giannarakis,A5055675515,,,,,,,
nicolastabareau,Nicolas Tabareau,Nicolas Tabareau,automatic: exact name -> one OpenAlex author ID,use_in_main_panel,openalex_author_id,False,exact_name_one_openalex_author_id,YELLOW,Layer 1,Nicolas Tabareau,A5033499088,0000-0003-3366-2273,0000-0003-3366-2273,Nicolas Tabareau,A5033499088,,,,,,,
nicolaswu,Nicolas Wu,Nicolas Wu,automatic: exact name -> one OpenAlex author ID,use_in_main_panel,openalex_author_id,False,exact_name_one_openalex_author_id,YELLOW,Layer 1,Nicolas Wu,A5072641397,0000-0002-4161-985X,0000-0002-4161-985X,Nicolas Wu,A5072641397,,,,,,,
nikhilswamy,Nikhil Swamy,Nikhil Swamy,automatic but ambiguous: exact name -> multiple OpenAlex IDs,use_in_main_panel_with_name_based_flag,ambiguous_name_match,True,exact_name_multiple_openalex_author_ids,RED,Layer 2,Nikhil Swamy,,,0000-0002-9254-3015,Nikhil Swamy,A5039334115; A5109559439,,,,,,,
nikitakoval,Nikita Koval,Nikita Koval,automatic: exact name -> one OpenAlex author ID,use_in_main_panel,openalex_author_id,False,exact_name_one_openalex_author_id,YELLOW,Layer 1,Nikita Koval,A5047006729,0000-0002-1260-4616,,Nikita Koval,A5047006729,,,,,,,
nikivazou,Niki Vazou,Niki Vazou,automatic: exact name -> one OpenAlex author ID,use_in_main_panel,openalex_author_id,False,exact_name_one_openalex_author_id,YELLOW,Layer 1,Niki Vazou,A5078144924,0000-0003-0732-5476,0000-0003-0732-5476,Niki Vazou,A5078144924,,,,,,,
nikostzevelekos,Nikos Tzevelekos,Nikos Tzevelekos,automatic: exact name -> one OpenAlex author ID,use_in_main_panel,openalex_author_id,False,exact_name_one_openalex_author_id,GREEN,Layer 1,Nikos Tzevelekos,A5041266426,0000-0001-8509-8059,0000-0001-8509-8059,Nikos Tzevelekos,A5041266426,,,,,,,
nikosvasilakis,Nikos Vasilakis,Nikos Vasilakis,automatic but ambiguous: exact name -> multiple OpenAlex IDs,use_in_main_panel_with_name_based_flag,ambiguous_name_match,True,exact_name_multiple_openalex_author_ids,RED,Layer 2,Nikos Vasilakis,,,,Nikos Vasilakis,A5034441711; A5073156357,,,,,,,
nilsandersdanielsson,Nils Anders Danielsson,Nils Anders Danielsson,automatic: exact name -> one OpenAlex author ID,use_in_main_panel,openalex_author_id,False,exact_name_one_openalex_author_id,YELLOW,Layer 1,Nils Anders Danielsson,A5016464590,0000-0001-8688-0333,,Nils Anders Danielsson,A5016464590,,,,,,,
ninanarodytska,Nina Narodytska,Nina Narodytska,automatic: exact name -> one OpenAlex author ID,use_in_main_panel,openalex_author_id,False,exact_name_one_openalex_author_id,GREEN,Layer 1,Nina Narodytska,A5034897040,0000-0002-5181-4560,0000-0002-5181-4560,Nina Narodytska,A5034897040,,,,,,,
ningluo1,Ning Luo,Ning Luo,automatic: exact name -> one OpenAlex author ID,use_in_main_panel,openalex_author_id,False,exact_name_one_openalex_author_id,YELLOW,Layer 1,Ning Luo,A5061101152,0000-0003-4772-0382,,Ning Luo,A5061101152,,,,,,,
ningningxie,Ningning Xie,Ningning Xie,automatic: exact name -> one OpenAlex author ID,use_in_main_panel,openalex_author_id,False,exact_name_one_openalex_author_id,YELLOW,Layer 1,Ningning Xie,A5008249278,0000-0002-5961-1493,,Ningning Xie,A5008249278,,,,,,,
noamrinetzky,Noam Rinetzky,Noam Rinetzky,automatic: exact name -> one OpenAlex author ID,use_in_main_panel,openalex_author_id,False,exact_name_one_openalex_author_id,GREEN,Layer 1,Noam Rinetzky,A5082349206,0000-0002-7750-4085,0000-0002-7750-4085,Noam Rinetzky,A5082349206,,,,,,,
noamzeilberger,Noam Zeilberger,Noam Zeilberger,automatic: exact name -> one OpenAlex author ID,use_in_main_panel,openalex_author_id,False,exact_name_one_openalex_author_id,GREEN,Layer 1,Noam Zeilberger,A5008964203,0000-0002-5945-4184,0000-0002-5945-4184,Noam Zeilberger,A5008964203,,,,,,,
nobukoyoshida,Nobuko Yoshida,Nobuko Yoshida,automatic: exact name -> one OpenAlex author ID,use_in_main_panel,openalex_author_id,False,exact_name_one_openalex_author_id,YELLOW,Layer 1,Nobuko Yoshida,A5054171989,0000-0002-3925-8557,,Nobuko Yoshida,A5054171989,,,,,,,
normandanner,Norman Danner,Norman Danner,automatic: exact name -> one OpenAlex author ID,use_in_main_panel,openalex_author_id,False,exact_name_one_openalex_author_id,YELLOW,Layer 1,Norman Danner,A5056512208,0000-0003-1119-4982,0000-0003-1119-4982,Norman Danner,A5056512208,,,,,,,
normanramsey,Norman Ramsey,Norman Ramsey,manual: accepted alternate cited-author name,use_in_main_panel_with_manual_flag,manual_accepted_name,True,name_not_found_in_referenced_authors,RED,Layer 2,,,,,,,acceptandmerge,"Norman F. Ramsey; Ramsey, Norman",A5068702687,0000-0002-5435-1135,43.0,38.0,15.0
nunoplopes,Nuno P. Lopes,Nuno P. Lopes,automatic: exact name -> one OpenAlex author ID,use_in_main_panel,openalex_author_id,False,exact_name_one_openalex_author_id,YELLOW,Layer 1,Nuno P. Lopes,A5088560717,0000-0002-3160-1672,,Nuno P. Lopes,A5088560717,,,,,,,
odedpadon,Oded Padon,Oded Padon,automatic: exact name -> one OpenAlex author ID,use_in_main_panel,openalex_author_id,False,exact_name_one_openalex_author_id,YELLOW,Layer 1,Oded Padon,A5064997169,0009-0006-4209-1635,0009-0006-4209-1635,Oded Padon,A5064997169,,,,,,,
ohadkammar,Ohad Kammar,Ohad Kammar,automatic: exact name -> one OpenAlex author ID,use_in_main_panel,openalex_author_id,False,exact_name_one_openalex_author_id,YELLOW,Layer 1,OHAD KAMMAR,A5058873268,0000-0002-2071-0929,,OHAD KAMMAR; Ohad Kammar,A5058873268,,,,,,,
oliverbracevac,Oliver Bračevac,Oliver Bračevac,automatic: exact name -> one OpenAlex author ID,use_in_main_panel,openalex_author_id,False,exact_name_one_openalex_author_id,GREEN,Layer 1,Oliver Bračevac,A5019063975,0000-0003-3569-4869,0000-0003-3569-4869,Oliver Bračevac,A5019063975,,,,,,,
ondrejlhotak,Ondřej Lhoták,Ondřej Lhoták,automatic: exact name -> one OpenAlex author ID,use_in_main_panel,openalex_author_id,False,exact_name_one_openalex_author_id,YELLOW,Layer 1,Ondřej Lhoták,A5039616179,,0000-0001-9066-1889,Ondřej Lhoták,A5039616179,,,,,,,
onurmutlu1,Onur Mutlu,Onur Mutlu,automatic: exact name -> one OpenAlex author ID,use_in_main_panel,openalex_author_id,False,exact_name_one_openalex_author_id,YELLOW,Layer 1,Onur Mutlu,A5050695684,0000-0002-0075-2312,,Onur Mutlu,A5050695684,,,,,,,
orilahav,Ori Lahav,Ori Lahav,automatic: exact name -> one OpenAlex author ID,use_in_main_panel,openalex_author_id,False,exact_name_one_openalex_author_id,YELLOW,Layer 1,Ori Lahav,A5102734862,0000-0003-4305-6998,,Ori Lahav,A5102734862,,,,,,,
orneladardha,Ornela Dardha,Ornela Dardha,automatic: exact name -> one OpenAlex author ID,use_in_main_panel,openalex_author_id,False,exact_name_one_openalex_author_id,YELLOW,Layer 1,Ornela Dardha,A5050784078,0000-0001-9927-7875,0000-0001-9927-7875,Ornela Dardha,A5050784078,,,,,,,
osbertbastani,Osbert Bastani,Osbert Bastani,automatic: exact name -> one OpenAlex author ID,use_in_main_panel,openalex_author_id,False,exact_name_one_openalex_author_id,GREEN,Layer 1,Osbert Bastani,A5029243071,0000-0001-9990-7566,0000-0001-9990-7566,Osbert Bastani,A5029243071,,,,,,,
owenarden,Owen Arden,Owen Arden,automatic: exact name -> one OpenAlex author ID,use_in_main_panel,openalex_author_id,False,exact_name_one_openalex_author_id,YELLOW,Layer 1,Owen Arden,A5062865397,,0000-0001-9585-3126,Owen Arden,A5062865397,,,,,,,
owolabilegunsen,Owolabi Legunsen,Owolabi Legunsen,automatic: exact name -> one OpenAlex author ID,use_in_main_panel,openalex_author_id,False,exact_name_one_openalex_author_id,GREEN,Layer 1,Owolabi Legunsen,A5070516536,0000-0001-5631-4816,0000-0001-5631-4816,Owolabi Legunsen,A5070516536,,,,,,,
pamelazave,Pamela Zave,Pamela Zave,automatic: exact name -> one OpenAlex author ID,use_in_main_panel,openalex_author_id,False,exact_name_one_openalex_author_id,GREEN,Layer 1,Pamela Zave,A5086291871,0000-0002-6568-2052,0000-0002-6568-2052,Pamela Zave,A5086291871,,,,,,,
paroshazizabdulla,Parosh Aziz Abdulla,Parosh Aziz Abdulla,automatic: exact name -> one OpenAlex author ID,use_in_main_panel,openalex_author_id,False,exact_name_one_openalex_author_id,GREEN,Layer 1,Parosh Aziz Abdulla,A5002478680,0000-0001-6832-6611,0000-0001-6832-6611,Parosh Aziz Abdulla,A5002478680,,,,,,,
pascalweisenburger,Pascal Weisenburger,Pascal Weisenburger,automatic: exact name -> one OpenAlex author ID,use_in_main_panel,openalex_author_id,False,exact_name_one_openalex_author_id,YELLOW,Layer 1,Pascal Weisenburger,A5008442460,0000-0003-1288-1485,,Pascal Weisenburger,A5008442460,,,,,,,
patricegodefroid,Patrice Godefroid,Patrice Godefroid,automatic: exact name -> one OpenAlex author ID,use_in_main_panel,openalex_author_id,False,exact_name_one_openalex_author_id,YELLOW,Layer 1,Patrice Godefroid,A5069392259,,,Patrice Godefroid,A5069392259,,,,,,,
patriciapatriciajohann,Patricia Johann,Patricia Johann,automatic: exact name -> one OpenAlex author ID,use_in_main_panel,openalex_author_id,False,exact_name_one_openalex_author_id,GREEN,Layer 1,Patricia Johann,A5044007936,0000-0002-8075-3904,0000-0002-8075-3904,Patricia Johann,A5044007936,,,,,,,
patrickbahr,Patrick Bahr,Patrick Bahr,automatic: exact name -> one OpenAlex author ID,use_in_main_panel,openalex_author_id,False,exact_name_one_openalex_author_id,GREEN,Layer 1,Patrick Bahr,A5015853763,0000-0003-1600-8261,0000-0003-1600-8261,Patrick Bahr,A5015853763,,,,,,,
patrickeugster,Patrick Eugster,Patrick Eugster,automatic: exact name -> one OpenAlex author ID,use_in_main_panel,openalex_author_id,False,exact_name_one_openalex_author_id,YELLOW,Layer 1,Patrick Eugster,A5024420075,0000-0003-3864-9078,,Patrick Eugster,A5024420075,,,,,,,
patricklam,Patrick Lam,Patrick Lam,automatic: exact name -> one OpenAlex author ID,use_in_main_panel,openalex_author_id,False,exact_name_one_openalex_author_id,YELLOW,Layer 1,Patrick Lam,A5016375266,0000-0001-8278-5400,,Patrick Lam,A5016375266,,,,,,,
patrikjansson,Patrik Jansson,Patrik Jansson,automatic: exact name -> one OpenAlex author ID,use_in_main_panel,openalex_author_id,False,exact_name_one_openalex_author_id,YELLOW,Layer 1,Patrik Jansson,A5032737176,0000-0003-3078-1437,,Patrik Jansson,A5032737176,,,,,,,
pauldownen,Paul Downen,Paul Downen,automatic: exact name -> one OpenAlex author ID,use_in_main_panel,openalex_author_id,False,exact_name_one_openalex_author_id,GREEN,Layer 1,Paul Downen,A5020454182,0000-0003-0165-9387,0000-0003-0165-9387,Paul Downen,A5020454182,,,,,,,
paulgazzillo,Paul Gazzillo,Paul Gazzillo,automatic: exact name -> one OpenAlex author ID,use_in_main_panel,openalex_author_id,False,exact_name_one_openalex_author_id,YELLOW,Layer 1,Paul Gazzillo,A5016175378,0000-0003-1425-8873,,Paul Gazzillo,A5016175378,,,,,,,
pavelchuprikov,Pavel Chuprikov,Pavel Chuprikov,automatic: exact name -> one OpenAlex author ID,use_in_main_panel,openalex_author_id,False,exact_name_one_openalex_author_id,GREEN,Layer 1,Pavel Chuprikov,A5033247681,0000-0002-6673-1143,0000-0002-6673-1143,Pavel Chuprikov,A5033247681,,,,,,,
pavelpanchekha,Pavel Panchekha,Pavel Panchekha,automatic: exact name -> one OpenAlex author ID,use_in_main_panel,openalex_author_id,False,exact_name_one_openalex_author_id,YELLOW,Layer 1,Pavel Panchekha,A5022031348,0000-0003-2621-3592,0000-0003-2621-3592,Pavel Panchekha,A5022031348,,,,,,,
pavelparizek,Pavel Parizek,Pavel Parízek,manual: accepted alternate cited-author name,use_in_main_panel_with_manual_flag,manual_accepted_name,True,name_not_found_in_referenced_authors,RED,Layer 2,,,,0000-0003-0714-7446,,,accept,Pavel Křížek,A5001769065,,1.0,1.0,1.0
pavolbielik,Pavol Bielik,Pavol Bielik,automatic: exact name -> one OpenAlex author ID,use_in_main_panel,openalex_author_id,False,exact_name_one_openalex_author_id,YELLOW,Layer 1,Pavol Bielik,A5090644266,,0009-0007-5330-404X,Pavol Bielik,A5090644266,,,,,,,
pavolcerny,Pavol Cerny,Pavol Cerny,automatic: exact name -> one OpenAlex author ID,use_in_main_panel,openalex_author_id,False,exact_name_one_openalex_author_id,YELLOW,Layer 1,Pavol Černý,A5072396662,,0000-0002-0123-3303,Pavol Černý,A5072396662,,,,,,,
peisenyao,Peisen Yao,Peisen Yao,automatic: exact name -> one OpenAlex author ID,use_in_main_panel,openalex_author_id,False,exact_name_one_openalex_author_id,YELLOW,Layer 1,Peisen Yao,A5045907091,0000-0003-0342-9518,,Peisen Yao,A5045907091,,,,,,,
pengwu,Peng Wu,Peng Wu,automatic but ambiguous: exact name -> multiple OpenAlex IDs,use_in_main_panel_with_name_based_flag,ambiguous_name_match,True,exact_name_multiple_openalex_author_ids,RED,Layer 2,Peng Wu,,,,Peng Wu,A5030772308; A5032693575; A5101608169; A5101621116; A5102910910; A5108630261,,,,,,,
petartsankov,Petar Tsankov,Petar Tsankov,automatic: exact name -> one OpenAlex author ID,use_in_main_panel,openalex_author_id,False,exact_name_one_openalex_author_id,YELLOW,Layer 1,Petar Tsankov,A5073801126,,0009-0007-2799-1085,Petar Tsankov,A5073801126,,,,,,,
peteralvaro,Peter Alvaro,Peter Alvaro,automatic: exact name -> one OpenAlex author ID,use_in_main_panel,openalex_author_id,False,exact_name_one_openalex_author_id,GREEN,Layer 1,Peter Alvaro,A5065602825,0000-0001-6672-240X,0000-0001-6672-240X,Peter Alvaro,A5065602825,,,,,,,
peterhawkins,Peter Hawkins,Peter Hawkins,automatic: exact name -> one OpenAlex author ID,use_in_main_panel,openalex_author_id,False,exact_name_one_openalex_author_id,YELLOW,Layer 1,Peter Hawkins,A5111910004,,,Peter Hawkins,A5111910004,,,,,,,
petermichaelosera,Peter-Michael Osera,Peter-Michael Osera,automatic: exact name -> one OpenAlex author ID,use_in_main_panel,openalex_author_id,False,exact_name_one_openalex_author_id,GREEN,Layer 1,Peter-Michael Osera,A5020115127,0000-0001-6890-8339,0000-0001-6890-8339,Peter-Michael Osera,A5020115127,,,,,,,
petermller,Peter Müller,Peter Müller,automatic but ambiguous: exact name -> multiple OpenAlex IDs,use_in_main_panel_with_name_based_flag,ambiguous_name_match,True,exact_name_multiple_openalex_author_ids,RED,Layer 2,Peter Müller,,,,Peter Müller; Péter Müller,A5014189899; A5073853337; A5109230478,,,,,,,
peterohearn,Peter O'Hearn,Peter O'Hearn,manual: accepted alternate cited-author name,use_in_main_panel_with_manual_flag,manual_accepted_name,True,name_not_found_in_referenced_authors,RED,Layer 2,,,,,,,acceptandmerge,"O'Hearn, Peter; Peter W. O'Hearn; Peter W. O’Hearn",A5068136684,0000-0001-8730-5496,654.0,258.0,70.0
peterohmann1,Peter Ohmann,Peter Ohmann,automatic: exact name -> one OpenAlex author ID,use_in_main_panel,openalex_author_id,False,exact_name_one_openalex_author_id,GREEN,Layer 1,Peter Ohmann,A5080785784,0000-0002-7670-7374,0000-0002-7670-7374,Peter Ohmann,A5080785784,,,,,,,
peterselinger,Peter Selinger,Peter Selinger,automatic: exact name -> one OpenAlex author ID,use_in_main_panel,openalex_author_id,False,exact_name_one_openalex_author_id,YELLOW,Layer 1,Peter Selinger,A5015712724,0000-0003-3161-856X,,Peter Selinger,A5015712724,,,,,,,
petersewell,Peter Sewell,Peter Sewell,automatic: exact name -> one OpenAlex author ID,use_in_main_panel,openalex_author_id,False,exact_name_one_openalex_author_id,YELLOW,Layer 1,Peter Sewell,A5083405043,0000-0001-9352-1013,,Peter Sewell,A5083405043,,,,,,,
peterthiemann,Peter Thiemann,Peter Thiemann,automatic: exact name -> one OpenAlex author ID,use_in_main_panel,openalex_author_id,False,exact_name_one_openalex_author_id,YELLOW,Layer 1,Peter Thiemann,A5000384936,0000-0002-9000-1239,0000-0002-9000-1239,Peter Thiemann,A5000384936,,,,,,,
philippagardner,Philippa Gardner,Philippa Gardner,automatic: exact name -> one OpenAlex author ID,use_in_main_panel,openalex_author_id,False,exact_name_one_openalex_author_id,YELLOW,Layer 1,Philippa Gardner,A5047951273,0000-0002-4187-0585,,Philippa Gardner,A5047951273,,,,,,,
philippghaselwarter,Philipp G. Haselwarter,Philipp G. Haselwarter,automatic: exact name -> one OpenAlex author ID,use_in_main_panel,openalex_author_id,False,exact_name_one_openalex_author_id,GREEN,Layer 1,Philipp G. Haselwarter,A5012595992,0000-0003-0198-7751,0000-0003-0198-7751,Philipp G. Haselwarter,A5012595992,,,,,,,
philipphaller,Philipp Haller,Philipp Haller,automatic: exact name -> one OpenAlex author ID,use_in_main_panel,openalex_author_id,False,exact_name_one_openalex_author_id,YELLOW,Layer 1,Philipp Haller,A5044900918,0000-0002-2659-5271,,Philipp Haller,A5044900918,,,,,,,
philippruemmer,Philipp Ruemmer,Philipp Ruemmer,automatic but ambiguous: exact name -> multiple OpenAlex IDs,use_in_main_panel_with_name_based_flag,ambiguous_name_match,True,exact_name_multiple_openalex_author_ids,RED,Layer 2,Philipp Ruemmer,,0000-0002-2733-7098,,Philipp Ruemmer; Philipp Rüemmer,A5068090484; A5109657310,,,,,,,
philipwadler,Philip Wadler,Philip Wadler,automatic: exact name -> one OpenAlex author ID,use_in_main_panel,openalex_author_id,False,exact_name_one_openalex_author_id,YELLOW,Layer 1,Philip Wadler,A5018878077,0000-0001-7619-6378,,Philip Wadler,A5018878077,,,,,,,
phitchayamangpophothilimthana,Phitchaya Mangpo Phothilimthana,Phitchaya Mangpo Phothilimthana,automatic: exact name -> one OpenAlex author ID,use_in_main_panel,openalex_author_id,False,exact_name_one_openalex_author_id,GREEN,Layer 1,Phitchaya Mangpo Phothilimthana,A5046321852,0000-0003-3492-3690,0000-0003-3492-3690,Phitchaya Mangpo Phothilimthana,A5046321852,,,,,,,
pierreclairambault,Pierre Clairambault,Pierre Clairambault,automatic: exact name -> one OpenAlex author ID,use_in_main_panel,openalex_author_id,False,exact_name_one_openalex_author_id,YELLOW,Layer 1,PIERRE CLAIRAMBAULT,A5008333115,0000-0002-3285-6028,0000-0002-3285-6028,PIERRE CLAIRAMBAULT; Pierre Clairambault,A5008333115,,,,,,,
pierreevaristedagand,Pierre-Evariste Dagand,Pierre-Evariste Dagand,automatic but ambiguous: exact name -> multiple OpenAlex IDs,use_in_main_panel_with_name_based_flag,ambiguous_name_match,True,exact_name_multiple_openalex_author_ids,RED,Layer 2,PIERRE-ÉVARISTE DAGAND,,,0009-0000-8345-155X,PIERRE-ÉVARISTE DAGAND; Pierre-Évariste Dagand,A5047227539; A5067823073,,,,,,,
pierreganty,Pierre Ganty,Pierre Ganty,automatic but ambiguous: exact name -> multiple OpenAlex IDs,use_in_main_panel_with_name_based_flag,ambiguous_name_match,True,exact_name_multiple_openalex_author_ids,RED,Layer 2,Pierre Ganty,,0000-0002-3625-6003,0000-0002-3625-6003,Pierre Ganty,A5030085363; A5106696065,,,,,,,
pierregeneves,Pierre Geneves,Pierre Geneves,automatic: exact name -> one OpenAlex author ID,use_in_main_panel,openalex_author_id,False,exact_name_one_openalex_author_id,GREEN,Layer 1,Pierre Genevès,A5007570521,0000-0001-7676-2755,0000-0001-7676-2755,Pierre Genevès,A5007570521,,,,,,,
pierremariepedrot,Pierre-Marie Pédrot,Pierre-Marie Pédrot,automatic: exact name -> one OpenAlex author ID,use_in_main_panel,openalex_author_id,False,exact_name_one_openalex_author_id,YELLOW,Layer 1,Pierre-Marie Pédrot,A5067464824,0009-0002-8006-6239,0009-0002-8006-6239,Pierre-Marie Pédrot,A5067464824,,,,,,,
pierreyvesstrub,Pierre-Yves Strub,Pierre-Yves Strub,automatic: exact name -> one OpenAlex author ID,use_in_main_panel,openalex_author_id,False,exact_name_one_openalex_author_id,YELLOW,Layer 1,Pierre-Yves Strub,A5033447950,0000-0002-8196-7875,,Pierre-Yves Strub,A5033447950,,,,,,,
pietroferrara1,Pietro Ferrara,Pietro Ferrara,automatic: exact name -> one OpenAlex author ID,use_in_main_panel,openalex_author_id,False,exact_name_one_openalex_author_id,YELLOW,Layer 1,Pietro Ferrara,A5070919681,0000-0002-4678-933X,,Pietro Ferrara,A5070919681,,,,,,,
pinjiahe,Pinjia He,Pinjia He,automatic: exact name -> one OpenAlex author ID,use_in_main_panel,openalex_author_id,False,exact_name_one_openalex_author_id,GREEN,Layer 1,Pinjia He,A5101941950,0000-0003-3377-8129,0000-0003-3377-8129,Pinjia He,A5101941950,,,,,,,
pmadhusudan,P. Madhusudan,P. Madhusudan,automatic but ambiguous: exact name -> multiple OpenAlex IDs,use_in_main_panel_with_name_based_flag,ambiguous_name_match,True,exact_name_multiple_openalex_author_ids,RED,Layer 2,P. Madhusudan,,0000-0002-9782-721X,0000-0001-5201-885X,P. Madhusudan,A5082165802; A5112870293,,,,,,,
qirunzhang,Qirun Zhang,Qirun Zhang,automatic: exact name -> one OpenAlex author ID,use_in_main_panel,openalex_author_id,False,exact_name_one_openalex_author_id,YELLOW,Layer 1,Qirun Zhang,A5078231842,0000-0001-5367-9377,,Qirun Zhang,A5078231842,,,,,,,
quentinstievenart,Quentin Stiévenart,Quentin Stiévenart,automatic: exact name -> one OpenAlex author ID,use_in_main_panel,openalex_author_id,False,exact_name_one_openalex_author_id,GREEN,Layer 1,Quentin Stiévenart,A5061688363,0000-0001-9985-9808,0000-0001-9985-9808,Quentin Stiévenart,A5061688363,,,,,,,
rachitnigam,Rachit Nigam,Rachit Nigam,automatic: exact name -> one OpenAlex author ID,use_in_main_panel,openalex_author_id,False,exact_name_one_openalex_author_id,YELLOW,Layer 1,Rachit Nigam,A5078421643,0000-0003-0983-5867,,Rachit Nigam,A5078421643,,,,,,,
radhajagadeesan,Radha Jagadeesan,Radha Jagadeesan,automatic: exact name -> one OpenAlex author ID,use_in_main_panel,openalex_author_id,False,exact_name_one_openalex_author_id,YELLOW,Layer 1,Radha Jagadeesan,A5108192878,,0000-0002-4525-1589,Radha Jagadeesan,A5108192878,,,,,,,
radugrigore,Radu Grigore,Radu Grigore,automatic: exact name -> one OpenAlex author ID,use_in_main_panel,openalex_author_id,False,exact_name_one_openalex_author_id,YELLOW,Layer 1,Radu Grigore,A5049957994,0000-0003-1128-0311,,Radu Grigore,A5049957994,,,,,,,
raghuprabhakar,Raghu Prabhakar,Raghu Prabhakar,automatic: exact name -> one OpenAlex author ID,use_in_main_panel,openalex_author_id,False,exact_name_one_openalex_author_id,YELLOW,Layer 1,Raghu Prabhakar,A5111746097,,0000-0003-0230-4377,Raghu Prabhakar,A5111746097,,,,,,,
ragnarmogk,Ragnar Mogk,Ragnar Mogk,automatic: exact name -> one OpenAlex author ID,use_in_main_panel,openalex_author_id,False,exact_name_one_openalex_author_id,YELLOW,Layer 1,Ragnar Mogk,A5035682481,,0000-0003-4583-1791,Ragnar Mogk,A5035682481,,,,,,,
rahulgopinath,Rahul Gopinath,Rahul Gopinath,automatic: exact name -> one OpenAlex author ID,use_in_main_panel,openalex_author_id,False,exact_name_one_openalex_author_id,GREEN,Layer 1,Rahul Gopinath,A5050311714,0000-0001-9953-0930,0000-0001-9953-0930,Rahul Gopinath,A5050311714,,,,,,,
rahulsharma,Rahul Sharma,Rahul Sharma,automatic but ambiguous: exact name -> multiple OpenAlex IDs,use_in_main_panel_with_name_based_flag,ambiguous_name_match,True,exact_name_multiple_openalex_author_ids,RED,Layer 2,Rahul Sharma,,,,Rahul Sharma,A5047705301; A5054300851; A5091151406; A5101769895; A5101845444; A5101845446; A5103065972,,,,,,,
rajivgupta,Rajiv Gupta,Rajiv Gupta,automatic: exact name -> one OpenAlex author ID,use_in_main_panel,openalex_author_id,False,exact_name_one_openalex_author_id,YELLOW,Layer 1,Rajiv Gupta,A5100699251,0000-0002-9348-3974,,Rajiv Gupta,A5100699251,,,,,,,
ralfhinze,Ralf Hinze,Ralf Hinze,automatic: exact name -> one OpenAlex author ID,use_in_main_panel,openalex_author_id,False,exact_name_one_openalex_author_id,GREEN,Layer 1,Ralf Hinze,A5063247380,0000-0001-5678-0286,0000-0001-5678-0286,Ralf Hinze,A5063247380,,,,,,,
ralfjung,Ralf Jung,Ralf Jung,automatic: exact name -> one OpenAlex author ID,use_in_main_panel,openalex_author_id,False,exact_name_one_openalex_author_id,YELLOW,Layer 1,Ralf Jung,A5025527323,0000-0001-7669-6348,0000-0001-7669-6348,Ralf Jung,A5025527323,,,,,,,
ranjitjhala,Ranjit Jhala,Ranjit Jhala,automatic: exact name -> one OpenAlex author ID,use_in_main_panel,openalex_author_id,False,exact_name_one_openalex_author_id,YELLOW,Layer 1,Ranjit Jhala,A5002412544,0000-0002-1802-9421,0000-0002-1802-9421,Ranjit Jhala,A5002412544,,,,,,,
rastislavbodik,Rastislav Bodík,Rastislav Bodík,automatic: exact name -> one OpenAlex author ID,use_in_main_panel,openalex_author_id,False,exact_name_one_openalex_author_id,YELLOW,Layer 1,Rastislav Bodik,A5085160432,0000-0001-6639-1647,,Rastislav Bodik; Rastislav Bodík,A5085160432,,,,,,,
ravichugh,Ravi Chugh,Ravi Chugh,automatic: exact name -> one OpenAlex author ID,use_in_main_panel,openalex_author_id,False,exact_name_one_openalex_author_id,YELLOW,Layer 1,Ravi Chugh,A5004759757,0000-0002-1339-2889,0000-0002-1339-2889,Ravi Chugh,A5004759757,,,,,,,
retoachermann,Reto Achermann,Reto Achermann,automatic: exact name -> one OpenAlex author ID,use_in_main_panel,openalex_author_id,False,exact_name_one_openalex_author_id,GREEN,Layer 1,Reto Achermann,A5072557888,0000-0003-3263-7236,0000-0003-3263-7236,Reto Achermann,A5072557888,,,,,,,
rezwanakarim,Rezwana Karim,Rezwana Karim,automatic: exact name -> one OpenAlex author ID,use_in_main_panel,openalex_author_id,False,exact_name_one_openalex_author_id,YELLOW,Layer 1,Rezwana Karim,A5081413019,,,Rezwana Karim,A5081413019,,,,,,,
richardeisenberg,Richard A. Eisenberg,Richard A. Eisenberg,automatic: exact name -> one OpenAlex author ID,use_in_main_panel,openalex_author_id,False,exact_name_one_openalex_author_id,YELLOW,Layer 1,Richard A. Eisenberg,A5082913747,0000-0002-7669-9781,,Richard A. Eisenberg,A5082913747,,,,,,,
rishabhsingh,Rishabh Singh,Rishabh Singh,automatic: exact name -> one OpenAlex author ID,use_in_main_panel,openalex_author_id,False,exact_name_one_openalex_author_id,YELLOW,Layer 1,Rishabh Singh,A5045091456,0000-0003-1714-9656,,Rishabh Singh,A5045091456,,,,,,,
rishiyurnikhil,Rishiyur Nikhil,Rishiyur S. Nikhil,automatic: exact name -> one OpenAlex author ID,use_in_main_panel,openalex_author_id,False,exact_name_one_openalex_author_id,YELLOW,Layer 1,Rishiyur S. Nikhil,A5104054932,,,Rishiyur S. Nikhil,A5104054932,,,,,,,
robbertkrebbers,Robbert Krebbers,Robbert Krebbers,automatic: exact name -> one OpenAlex author ID,use_in_main_panel,openalex_author_id,False,exact_name_one_openalex_author_id,YELLOW,Layer 1,Robbert Krebbers,A5029418370,0000-0002-1185-5237,0000-0002-1185-5237,Robbert Krebbers,A5029418370,,,,,,,
robbyfindler,Robert Bruce Findler,Robert Bruce Findler,automatic: exact name -> one OpenAlex author ID,use_in_main_panel,openalex_author_id,False,exact_name_one_openalex_author_id,YELLOW,Layer 1,Robert Bruce Findler,A5081388086,0000-0002-4245-2000,0000-0002-4245-2000,Robert Bruce Findler,A5081388086,,,,,,,
robertagori1,Roberta Gori,Roberta Gori,automatic: exact name -> one OpenAlex author ID,use_in_main_panel,openalex_author_id,False,exact_name_one_openalex_author_id,GREEN,Layer 1,Roberta Gori,A5090195630,0000-0002-7424-9576,0000-0002-7424-9576,Roberta Gori,A5090195630,,,,,,,
robertatkey,Robert Atkey,Robert Atkey,automatic: exact name -> one OpenAlex author ID,use_in_main_panel,openalex_author_id,False,exact_name_one_openalex_author_id,GREEN,Layer 1,Robert Atkey,A5036444096,0000-0002-4414-5047,0000-0002-4414-5047,Robert Atkey,A5036444096,,,,,,,
robertharper1,Robert Harper,Robert Harper,automatic: exact name -> one OpenAlex author ID,use_in_main_panel,openalex_author_id,False,exact_name_one_openalex_author_id,YELLOW,Layer 1,Robert Harper,A5028720578,0000-0002-9400-2941,,Robert Harper,A5028720578,,,,,,,
roberthirschfeld,Robert Hirschfeld,Robert Hirschfeld,automatic: exact name -> one OpenAlex author ID,use_in_main_panel,openalex_author_id,False,exact_name_one_openalex_author_id,YELLOW,Layer 1,Robert Hirschfeld,A5079160871,0000-0002-4249-6003,,Robert Hirschfeld,A5079160871,,,,,,,
robertogiacobazzi,Roberto Giacobazzi,Roberto Giacobazzi,automatic: exact name -> one OpenAlex author ID,use_in_main_panel,openalex_author_id,False,exact_name_one_openalex_author_id,YELLOW,Layer 1,Roberto Giacobazzi,A5052881133,0000-0002-9582-3960,0000-0002-9582-3960,Roberto Giacobazzi,A5052881133,,,,,,,
robertrand,Robert Rand,Robert Rand,manual: accepted alternate cited-author name,use_in_main_panel_with_manual_flag,manual_accepted_name,True,name_not_found_in_referenced_authors,RED,Layer 2,,,,,,,acceptandmerge,"Rand, Robert; Robert W. Rand",A5032684269,0000-0001-6842-5505,114.0,63.0,19.0
robsison,Rob Sison,Rob Sison,manual: accepted alternate cited-author name,use_in_main_panel_with_manual_flag,manual_accepted_name,True,name_not_found_in_referenced_authors,RED,Layer 2,,,,0000-0003-0313-9764,,,accept,Robert Sison,A5047843611,0000-0003-0313-9764,7.0,6.0,3.0
rodolphelepigre,Rodolphe Lepigre,Rodolphe Lepigre,automatic: exact name -> one OpenAlex author ID,use_in_main_panel,openalex_author_id,False,exact_name_one_openalex_author_id,GREEN,Layer 1,Rodolphe Lepigre,A5068441844,0000-0002-2849-5338,0000-0002-2849-5338,Rodolphe Lepigre,A5068441844,,,,,,,
rohanbavishi,Rohan Bavishi,Rohan Bavishi,automatic: exact name -> one OpenAlex author ID,use_in_main_panel,openalex_author_id,False,exact_name_one_openalex_author_id,GREEN,Layer 1,Rohan Bavishi,A5053047136,0000-0002-0307-0384,0000-0002-0307-0384,Rohan Bavishi,A5053047136,,,,,,,
rohanpadhye,Rohan Padhye,Rohan Padhye,automatic: exact name -> one OpenAlex author ID,use_in_main_panel,openalex_author_id,False,exact_name_one_openalex_author_id,YELLOW,Layer 1,Rohan Padhye,A5077787726,0000-0003-4939-033X,0000-0003-4939-033X,Rohan Padhye,A5077787726,,,,,,,
rolandmeyer,Roland Meyer,Roland Meyer,automatic but ambiguous: exact name -> multiple OpenAlex IDs,use_in_main_panel_with_name_based_flag,ambiguous_name_match,True,exact_name_multiple_openalex_author_ids,RED,Layer 2,Roland Meyer,,0000-0001-8495-671X,,Roland Meyer,A5085643838; A5102494505,,,,,,,
romainrobbes,Romain Robbes,Romain Robbes,automatic: exact name -> one OpenAlex author ID,use_in_main_panel,openalex_author_id,False,exact_name_one_openalex_author_id,GREEN,Layer 1,Romain Robbes,A5031712876,0000-0003-4569-6868,0000-0003-4569-6868,Romain Robbes,A5031712876,,,,,,,
ronaldgarcia,Ronald Garcia,Ronald Garcia,automatic: exact name -> one OpenAlex author ID,use_in_main_panel,openalex_author_id,False,exact_name_one_openalex_author_id,YELLOW,Layer 1,Ronald Garcia,A5051937731,0000-0002-0982-1118,,Ronald Garcia,A5051937731,,,,,,,
ronghuigu,Ronghui Gu,Ronghui Gu,automatic: exact name -> one OpenAlex author ID,use_in_main_panel,openalex_author_id,False,exact_name_one_openalex_author_id,YELLOW,Layer 1,Ronghui Gu,A5000031216,0000-0002-6812-6182,,Ronghui Gu,A5000031216,,,,,,,
roopshasamanta,Roopsha Samanta,Roopsha Samanta,automatic: exact name -> one OpenAlex author ID,use_in_main_panel,openalex_author_id,False,exact_name_one_openalex_author_id,GREEN,Layer 1,Roopsha Samanta,A5050507709,0009-0000-2456-217X,0009-0000-2456-217X,Roopsha Samanta,A5050507709,,,,,,,
rosstate,Ross Tate,Ross Tate,automatic: exact name -> one OpenAlex author ID,use_in_main_panel,openalex_author_id,False,exact_name_one_openalex_author_id,GREEN,Layer 1,Ross Tate,A5001655224,0000-0002-7608-4605,0000-0002-7608-4605,Ross Tate,A5001655224,,,,,,,
rubenmartins,Ruben Martins,Ruben Martins,automatic: exact name -> one OpenAlex author ID,use_in_main_panel,openalex_author_id,False,exact_name_one_openalex_author_id,YELLOW,Layer 1,Ruben Martins,A5101995804,0000-0003-1525-1382,,Ruben Martins,A5101995804,,,,,,,
rupakmajumdar,Rupak Majumdar,Rupak Majumdar,automatic: exact name -> one OpenAlex author ID,use_in_main_panel,openalex_author_id,False,exact_name_one_openalex_author_id,YELLOW,Layer 1,Rupak Majumdar,A5081010207,0000-0003-2136-0542,0000-0003-2136-0542,Rupak Majumdar,A5081010207,,,,,,,
ruzicapiskac,Ruzica Piskac,Ruzica Piskac,automatic: exact name -> one OpenAlex author ID,use_in_main_panel,openalex_author_id,False,exact_name_one_openalex_author_id,YELLOW,Layer 1,Ružica Piskač,A5045794652,0000-0002-3267-0776,,Ružica Piskač,A5045794652,,,,,,,
ryanbeckett1,Ryan Beckett,Ryan Beckett,automatic: exact name -> one OpenAlex author ID,use_in_main_panel,openalex_author_id,False,exact_name_one_openalex_author_id,YELLOW,Layer 1,Ryan Beckett,A5075133765,0000-0001-7844-2026,,Ryan Beckett,A5075133765,,,,,,,
ryanrnewton,Ryan R. Newton,Ryan R. Newton,name-only: exact/mapped cited-author name but no OpenAlex ID,use_in_main_panel_with_name_based_flag,name_only_match,True,exact_name_no_openalex_author_id,RED,Layer 2,Ryan R. Newton,,,,Ryan R. Newton,,,,,,,,
ryosukesato,Ryosuke Sato,Ryosuke Sato,automatic: exact name -> one OpenAlex author ID,use_in_main_panel,openalex_author_id,False,exact_name_one_openalex_author_id,YELLOW,Layer 1,Ryosuke Sato,A5040489279,0000-0001-8679-2747,,Ryosuke Sato,A5040489279,,,,,,,
saeedmaleki,Saeed Maleki,Saeed Maleki,automatic: exact name -> one OpenAlex author ID,use_in_main_panel,openalex_author_id,False,exact_name_one_openalex_author_id,YELLOW,Layer 1,Saeed Maleki,A5077514991,0000-0003-1107-1827,,Saeed Maleki,A5077514991,,,,,,,
samanamarasinghe,Saman Amarasinghe,Saman Amarasinghe,automatic: exact name -> one OpenAlex author ID,use_in_main_panel,openalex_author_id,False,exact_name_one_openalex_author_id,YELLOW,Layer 1,Saman Amarasinghe,A5046791216,0000-0002-7231-7643,,Saman Amarasinghe,A5046791216,,,,,,,
samguyer,Sam Guyer,Samuel Z. Guyer,automatic: exact name -> one OpenAlex author ID,use_in_main_panel,openalex_author_id,False,exact_name_one_openalex_author_id,YELLOW,Layer 1,Samuel Z. Guyer,A5004167701,,,Samuel Z. Guyer,A5004167701,,,,,,,
samlindley,Sam Lindley,Sam Lindley,automatic: exact name -> one OpenAlex author ID,use_in_main_panel,openalex_author_id,False,exact_name_one_openalex_author_id,YELLOW,Layer 1,Sam Lindley,A5061903791,0000-0002-1360-4714,0000-0002-1360-4714,Sam Lindley,A5061903791,,,,,,,
samstaton,Sam Staton,Sam Staton,automatic: exact name -> one OpenAlex author ID,use_in_main_panel,openalex_author_id,False,exact_name_one_openalex_author_id,YELLOW,Layer 1,Sam Staton,A5068183682,,0000-0002-7149-3805,Sam Staton,A5068183682,,,,,,,
samtobinhochstadt,Sam Tobin-Hochstadt,Sam Tobin-Hochstadt,automatic: exact name -> one OpenAlex author ID,use_in_main_panel,openalex_author_id,False,exact_name_one_openalex_author_id,YELLOW,Layer 1,Sam Tobin-Hochstadt,A5043677781,0000-0003-1302-6499,0000-0003-1302-6499,Sam Tobin-Hochstadt,A5043677781,,,,,,,
samuelgruetter,Samuel Gruetter,Samuel Gruetter,automatic: exact name -> one OpenAlex author ID,use_in_main_panel,openalex_author_id,False,exact_name_one_openalex_author_id,GREEN,Layer 1,Samuel Gruetter,A5028002789,0000-0001-8369-9117,0000-0001-8369-9117,Samuel Gruetter,A5028002789,,,,,,,
samwestrick,Sam Westrick,Sam Westrick,automatic: exact name -> one OpenAlex author ID,use_in_main_panel,openalex_author_id,False,exact_name_one_openalex_author_id,YELLOW,Layer 1,Sam Westrick,A5052738437,0000-0003-2848-9808,0000-0003-2848-9808,Sam Westrick,A5052738437,,,,,,,
sandeepdasgupta,Sandeep Dasgupta,Sandeep Dasgupta,automatic: exact name -> one OpenAlex author ID,use_in_main_panel,openalex_author_id,False,exact_name_one_openalex_author_id,YELLOW,Layer 1,Sandeep Dasgupta,A5016183413,,0000-0002-6483-2055,Sandeep Dasgupta,A5016183413,,,,,,,
sandrineblazy,Sandrine Blazy,Sandrine Blazy,automatic: exact name -> one OpenAlex author ID,use_in_main_panel,openalex_author_id,False,exact_name_one_openalex_author_id,YELLOW,Layer 1,Sandrine Blazy,A5017440499,0000-0002-0189-0223,0000-0002-0189-0223,Sandrine Blazy,A5017440499,,,,,,,
santiagozanellabeguelin,Santiago Zanella-Béguelin,Santiago Zanella-Béguelin,automatic: exact name -> one OpenAlex author ID,use_in_main_panel,openalex_author_id,False,exact_name_one_openalex_author_id,GREEN,Layer 1,Santiago Zanella-Béguelin,A5088954009,0000-0003-0479-9967,0000-0003-0479-9967,Santiago Zanella-Béguelin,A5088954009,,,,,,,
santoshnagarakatte,Santosh Nagarakatte,Santosh Nagarakatte,automatic: exact name -> one OpenAlex author ID,use_in_main_panel,openalex_author_id,False,exact_name_one_openalex_author_id,GREEN,Layer 1,Santosh Nagarakatte,A5011881274,0000-0002-5048-8548,0000-0002-5048-8548,Santosh Nagarakatte,A5011881274,,,,,,,
santoshpande1,Santosh Pande,Santosh Pande,automatic: exact name -> one OpenAlex author ID,use_in_main_panel,openalex_author_id,False,exact_name_one_openalex_author_id,YELLOW,Layer 1,Santosh Pande,A5061235810,0000-0001-6723-8062,,Santosh Pande,A5061235810,,,,,,,
saraachour,Sara Achour,Sara Achour,automatic: exact name -> one OpenAlex author ID,use_in_main_panel,openalex_author_id,False,exact_name_one_openalex_author_id,YELLOW,Layer 1,Sara Achour,A5060778165,0000-0003-3444-1544,,Sara Achour,A5060778165,,,,,,,
sarahchasins,Sarah E. Chasins,Sarah E. Chasins,manual: accepted alternate cited-author name,use_in_main_panel_with_manual_flag,manual_accepted_name,True,name_not_found_in_referenced_authors,RED,Layer 2,,,,,,,acceptandmerge,"Chasins, Sarah; Chasins, Sarah E.; Sarah Chasins",A5090728813,0000-0003-0557-3580,71.0,44.0,21.0
sarahnadi,Sarah Nadi,Sarah Nadi,automatic: exact name -> one OpenAlex author ID,use_in_main_panel,openalex_author_id,False,exact_name_one_openalex_author_id,YELLOW,Layer 1,Sarah Nadi,A5054083284,0000-0002-0091-6030,,Sarah Nadi,A5054083284,,,,,,,
sasamisailovic,Sasa Misailovic,Sasa Misailovic,automatic: exact name -> one OpenAlex author ID,use_in_main_panel,openalex_author_id,False,exact_name_one_openalex_author_id,GREEN,Layer 1,Saša Misailovíc,A5057462458,0000-0001-7319-8845,0000-0001-7319-8845,Saša Misailovíc,A5057462458,,,,,,,
saswatpadhi,Saswat Padhi,Saswat Padhi,automatic: exact name -> one OpenAlex author ID,use_in_main_panel,openalex_author_id,False,exact_name_one_openalex_author_id,YELLOW,Layer 1,Saswat Padhi,A5091401512,0000-0001-6865-4359,0000-0001-6865-4359,Saswat Padhi,A5091401512,,,,,,,
satishchandra,Satish Chandra,Satish Chandra,automatic but ambiguous: exact name -> multiple OpenAlex IDs,use_in_main_panel_with_name_based_flag,ambiguous_name_match,True,exact_name_multiple_openalex_author_ids,RED,Layer 2,Satish Chandra,,,,Satish Chandra,A5101965118; A5104084134,,,,,,,
satishnarayanasamy,Satish Narayanasamy,Satish Narayanasamy,automatic: exact name -> one OpenAlex author ID,use_in_main_panel,openalex_author_id,False,exact_name_one_openalex_author_id,GREEN,Layer 1,Satish Narayanasamy,A5075649670,0000-0001-5016-1214,0000-0001-5016-1214,Satish Narayanasamy,A5075649670,,,,,,,
satnamsingh,Satnam Singh,Satnam Singh,automatic but ambiguous: exact name -> multiple OpenAlex IDs,use_in_main_panel_with_name_based_flag,ambiguous_name_match,True,exact_name_multiple_openalex_author_ids,RED,Layer 2,Satnam Singh,,0009-0006-4229-0554,,Satnam Singh,A5101711903; A5109562655,,,,,,,
saumyadebray,Saumya Debray,Saumya Debray,automatic: exact name -> one OpenAlex author ID,use_in_main_panel,openalex_author_id,False,exact_name_one_openalex_author_id,YELLOW,Layer 1,Saumya Debray,A5108542327,,0000-0003-4351-5832,Saumya Debray,A5108542327,,,,,,,
sauravmuralidharan,Saurav Muralidharan,Saurav Muralidharan,automatic: exact name -> one OpenAlex author ID,use_in_main_panel,openalex_author_id,False,exact_name_one_openalex_author_id,GREEN,Layer 1,Saurav Muralidharan,A5033185286,0000-0003-4024-3958,0000-0003-4024-3958,Saurav Muralidharan,A5033185286,,,,,,,
scottowens,Scott Owens,Scott Owens,automatic: exact name -> one OpenAlex author ID,use_in_main_panel,openalex_author_id,False,exact_name_one_openalex_author_id,YELLOW,Layer 1,Scott Owens,A5049346665,0000-0002-7437-4780,,Scott Owens,A5049346665,,,,,,,
seanmoss,Sean Moss,Sean Moss,automatic: exact name -> one OpenAlex author ID,use_in_main_panel,openalex_author_id,False,exact_name_one_openalex_author_id,YELLOW,Layer 1,Sean Moss,A5033995077,0009-0005-3930-5340,,Sean Moss,A5033995077,,,,,,,
seantreichler,Sean Treichler,Sean Treichler,automatic: exact name -> one OpenAlex author ID,use_in_main_panel,openalex_author_id,False,exact_name_one_openalex_author_id,GREEN,Layer 1,Sean Treichler,A5005774998,0000-0003-2189-4026,0000-0003-2189-4026,Sean Treichler,A5005774998,,,,,,,
sebastianburckhardt,Sebastian Burckhardt,Sebastian Burckhardt,automatic: exact name -> one OpenAlex author ID,use_in_main_panel,openalex_author_id,False,exact_name_one_openalex_author_id,YELLOW,Layer 1,Sebastian Burckhardt,A5045088961,,0009-0003-8873-7268,Sebastian Burckhardt,A5045088961,,,,,,,
sebastianerdweg,Sebastian Erdweg,Sebastian Erdweg,automatic: exact name -> one OpenAlex author ID,use_in_main_panel,openalex_author_id,False,exact_name_one_openalex_author_id,YELLOW,Layer 1,Sebastian Erdweg,A5059992246,0000-0002-1974-5956,0000-0002-1974-5956,Sebastian Erdweg,A5059992246,,,,,,,
sebastianhack,Sebastian Hack,Sebastian Hack,automatic: exact name -> one OpenAlex author ID,use_in_main_panel,openalex_author_id,False,exact_name_one_openalex_author_id,YELLOW,Layer 1,Sebastian Hack,A5018809145,0000-0002-3387-2134,0000-0002-3387-2134,Sebastian Hack,A5018809145,,,,,,,
sebastienbardin,Sébastien Bardin,Sébastien Bardin,automatic: exact name -> one OpenAlex author ID,use_in_main_panel,openalex_author_id,False,exact_name_one_openalex_author_id,GREEN,Layer 1,Sébastien Bardin,A5018746962,0000-0002-6509-3506,0000-0002-6509-3506,Sébastien Bardin,A5018746962,,,,,,,
senchen,Sen Chen,Sen Chen,automatic: exact name -> one OpenAlex author ID,use_in_main_panel,openalex_author_id,False,exact_name_one_openalex_author_id,YELLOW,Layer 1,Sen Chen,A5100658276,0000-0001-9477-4100,,Sen Chen,A5100658276,,,,,,,
shacharitzhaky,Shachar Itzhaky,Shachar Itzhaky,automatic: exact name -> one OpenAlex author ID,use_in_main_panel,openalex_author_id,False,exact_name_one_openalex_author_id,YELLOW,Layer 1,Shachar Itzhaky,A5010920313,0000-0002-7276-7644,,Shachar Itzhaky,A5010920313,,,,,,,
shanemcintosh,Shane McIntosh,Shane McIntosh,automatic: exact name -> one OpenAlex author ID,use_in_main_panel,openalex_author_id,False,exact_name_one_openalex_author_id,YELLOW,Layer 1,Shane McIntosh,A5043053174,0000-0002-0193-3975,,Shane McIntosh,A5043053174,,,,,,,
shanlu,Shan Lu,Shan Lu,automatic: exact name -> one OpenAlex author ID,use_in_main_panel,openalex_author_id,False,exact_name_one_openalex_author_id,YELLOW,Layer 1,Shan Lu,A5061448314,0000-0002-0757-4600,,Shan Lu,A5061448314,,,,,,,
shaohuali,Shaohua Li,Shaohua Li,automatic but ambiguous: exact name -> multiple OpenAlex IDs,use_in_main_panel_with_name_based_flag,ambiguous_name_match,True,exact_name_multiple_openalex_author_ids,RED,Layer 2,Shaohua Li,,,,Shaohua Li,A5022863629; A5100367943,,,,,,,
sharadmalik,Sharad Malik,Sharad Malik,automatic: exact name -> one OpenAlex author ID,use_in_main_panel,openalex_author_id,False,exact_name_one_openalex_author_id,YELLOW,Layer 1,Sharad Malik,A5085975362,0000-0002-0837-5443,0000-0002-0837-5443,Sharad Malik,A5085975362,,,,,,,
sharonshoham,Sharon Shoham,Sharon Shoham Buchbinder,name-only: exact/mapped cited-author name but no OpenAlex ID,use_in_main_panel_with_name_based_flag,name_only_match,True,name_not_found_in_referenced_authors,RED,Layer 2,,,,0000-0002-7226-3526,,,,,,,,,
shazqadeer,Shaz Qadeer,Shaz Qadeer,automatic: exact name -> one OpenAlex author ID,use_in_main_panel,openalex_author_id,False,exact_name_one_openalex_author_id,YELLOW,Layer 1,Shaz Qadeer,A5072464909,,0000-0002-3060-9592,Shaz Qadeer,A5072464909,,,,,,,
shengchen1,Sheng Chen,Sheng Chen,automatic but ambiguous: exact name -> multiple OpenAlex IDs,use_in_main_panel_with_name_based_flag,ambiguous_name_match,True,exact_name_multiple_openalex_author_ids,RED,Layer 2,Sheng Chen,,,,Sheng Chen,A5100320969; A5100321009,,,,,,,
shigeruchiba,Shigeru Chiba,Shigeru Chiba,automatic: exact name -> one OpenAlex author ID,use_in_main_panel,openalex_author_id,False,exact_name_one_openalex_author_id,YELLOW,Layer 1,Shigeru Chiba,A5026542200,0000-0001-9458-5713,,Shigeru Chiba,A5026542200,,,,,,,
shinchengmu,Shin-Cheng Mu,Shin-Cheng Mu,automatic: exact name -> one OpenAlex author ID,use_in_main_panel,openalex_author_id,False,exact_name_one_openalex_author_id,GREEN,Layer 1,Shin-Cheng Mu,A5002724938,0000-0002-4755-601X,0000-0002-4755-601X,Shin-Cheng Mu,A5002724938,,,,,,,
shinyakatsumata,Shin-ya Katsumata,Shin-ya Katsumata,automatic: exact name -> one OpenAlex author ID,use_in_main_panel,openalex_author_id,False,exact_name_one_openalex_author_id,GREEN,Layer 1,Shin-ya Katsumata,A5041431787,0000-0001-7529-5489,0000-0001-7529-5489,Shin-ya Katsumata,A5041431787,,,,,,,
shoaibkamil,Shoaib Kamil,Shoaib Kamil,automatic: exact name -> one OpenAlex author ID,use_in_main_panel,openalex_author_id,False,exact_name_one_openalex_author_id,YELLOW,Layer 1,Shoaib Kamil,A5039453861,0000-0001-5965-3717,,Shoaib Kamil,A5039453861,,,,,,,
shriramkrishnamurthi,Shriram Krishnamurthi,Shriram Krishnamurthi,automatic: exact name -> one OpenAlex author ID,use_in_main_panel,openalex_author_id,False,exact_name_one_openalex_author_id,YELLOW,Layer 1,Shriram Krishnamurthi,A5024394821,0000-0001-5184-1975,0000-0001-5184-1975,Shriram Krishnamurthi,A5024394821,,,,,,,
shumochu,Shumo Chu,Shumo Chu,automatic: exact name -> one OpenAlex author ID,use_in_main_panel,openalex_author_id,False,exact_name_one_openalex_author_id,YELLOW,Layer 1,Shumo Chu,A5102141433,,0000-0002-3301-0200,Shumo Chu,A5102141433,,,,,,,
shuvendulahiri,Shuvendu K. Lahiri,Shuvendu K. Lahiri,automatic: exact name -> one OpenAlex author ID,use_in_main_panel,openalex_author_id,False,exact_name_one_openalex_author_id,YELLOW,Layer 1,Shuvendu K. Lahiri,A5041084431,0000-0002-4446-4777,,Shuvendu K. Lahiri,A5041084431,,,,,,,
silviaghilezan,Silvia Ghilezan,Silvia Ghilezan,automatic but ambiguous: exact name -> multiple OpenAlex IDs,use_in_main_panel_with_name_based_flag,ambiguous_name_match,True,exact_name_multiple_openalex_author_ids,RED,Layer 2,Silvia Ghilezan,,0000-0003-2253-8285,0000-0003-2253-8285,Silvia Ghilezan,A5031880141; A5058331186,,,,,,,
simonjgay,Simon J. Gay,Simon J. Gay,automatic: exact name -> one OpenAlex author ID,use_in_main_panel,openalex_author_id,False,exact_name_one_openalex_author_id,YELLOW,Layer 1,Simon J. Gay,A5069757996,0000-0003-3033-9091,,Simon J. Gay,A5069757996,,,,,,,
simonpeytonjones,Simon Peyton Jones,Simon Peyton Jones,automatic but ambiguous: exact name -> multiple OpenAlex IDs,use_in_main_panel_with_name_based_flag,ambiguous_name_match,True,exact_name_multiple_openalex_author_ids,RED,Layer 2,Simon Peyton Jones,,0000-0002-6085-1435,0000-0002-6085-1435,Simon Peyton Jones,A5027817074; A5111426939,,,,,,,
sohamchakraborty,Soham Chakraborty,Soham Chakraborty,automatic but ambiguous: exact name -> multiple OpenAlex IDs,use_in_main_panel_with_name_based_flag,ambiguous_name_match,True,exact_name_multiple_openalex_author_ids,RED,Layer 2,Soham Chakraborty,,,,Soham Chakraborty,A5057239424; A5076643620; A5101626748,,,,,,,
someshjha,Somesh Jha,Somesh Jha,automatic: exact name -> one OpenAlex author ID,use_in_main_panel,openalex_author_id,False,exact_name_one_openalex_author_id,YELLOW,Layer 1,Somesh Jha,A5088826068,0000-0001-5877-0436,,Somesh Jha,A5088826068,,,,,,,
soniamarin,Sonia Marin,Sonia Marı́n,automatic: exact name -> one OpenAlex author ID,use_in_main_panel,openalex_author_id,False,exact_name_one_openalex_author_id,YELLOW,Layer 1,Sonia Marı́n,A5002636759,0000-0002-0714-6155,,Sonia Marı́n,A5002636759,,,,,,,
sooyoungcha1,Sooyoung Cha,Sooyoung Cha,automatic: exact name -> one OpenAlex author ID,use_in_main_panel,openalex_author_id,False,exact_name_one_openalex_author_id,YELLOW,Layer 1,Sooyoung Cha,A5054815114,0000-0002-4697-8536,,Sooyoung Cha,A5054815114,,,,,,,
sophiadrossopoulou,Sophia Drossopoulou,Sophia Drossopoulou,automatic: exact name -> one OpenAlex author ID,use_in_main_panel,openalex_author_id,False,exact_name_one_openalex_author_id,YELLOW,Layer 1,Sophia Drossopoulou,A5026471462,0000-0002-1993-1142,0000-0002-1993-1142,Sophia Drossopoulou,A5026471462,,,,,,,
soravbansal1,Sorav Bansal,Sorav Bansal,automatic: exact name -> one OpenAlex author ID,use_in_main_panel,openalex_author_id,False,exact_name_one_openalex_author_id,GREEN,Layer 1,Sorav Bansal,A5101727565,0009-0004-2006-9635,0009-0004-2006-9635,Sorav Bansal,A5101727565,,,,,,,
sorinlerner,Sorin Lerner,Sorin Lerner,automatic: exact name -> one OpenAlex author ID,use_in_main_panel,openalex_author_id,False,exact_name_one_openalex_author_id,GREEN,Layer 1,Sorin Lerner,A5043665959,0000-0003-3957-0628,0000-0003-3957-0628,Sorin Lerner,A5043665959,,,,,,,
sotirisapostolakis,Sotiris Apostolakis,Sotiris Apostolakis,automatic: exact name -> one OpenAlex author ID,use_in_main_panel,openalex_author_id,False,exact_name_one_openalex_author_id,GREEN,Layer 1,Sotiris Apostolakis,A5042788966,0000-0003-4716-9332,0000-0003-4716-9332,Sotiris Apostolakis,A5042788966,,,,,,,
sreepathipai,Sreepathi Pai,Sreepathi Pai,automatic: exact name -> one OpenAlex author ID,use_in_main_panel,openalex_author_id,False,exact_name_one_openalex_author_id,GREEN,Layer 1,Sreepathi Pai,A5006053754,0000-0002-3691-7238,0000-0002-3691-7238,Sreepathi Pai,A5006053754,,,,,,,
sriramkrishnamoorthy,Sriram Krishnamoorthy,Sriram Krishnamoorthy,automatic but ambiguous: exact name -> multiple OpenAlex IDs,use_in_main_panel_with_name_based_flag,ambiguous_name_match,True,exact_name_multiple_openalex_author_ids,RED,Layer 2,Sriram Krishnamoorthy,,,,Sriram Krishnamoorthy,A5006650430; A5101425092,,,,,,,
sriramrajamani,Sriram Rajamani,Sriram Rajamani,manual: accepted alternate cited-author name,use_in_main_panel_with_manual_flag,manual_accepted_name,True,name_not_found_in_referenced_authors,RED,Layer 2,,,,0000-0002-1400-7065,,,acceptandmerge,S Rajamani; Sriram K. Rajamani,A5076139746,0000-0002-1400-7065,231.0,155.0,56.0
sriramsankaranarayanan,Sriram Sankaranarayanan,Sriram Sankaranarayanan,automatic but ambiguous: exact name -> multiple OpenAlex IDs,use_in_main_panel_with_name_based_flag,ambiguous_name_match,True,exact_name_multiple_openalex_author_ids,RED,Layer 2,Sriram Sankaranarayanan,,,,Sriram Sankaranarayanan,A5083421065; A5103106502,,,,,,,
stefanbrunthaler,Stefan Brunthaler,Stefan Brunthaler,automatic: exact name -> one OpenAlex author ID,use_in_main_panel,openalex_author_id,False,exact_name_one_openalex_author_id,GREEN,Layer 1,Stefan Brunthaler,A5058365944,0000-0001-9766-4871,0000-0001-9766-4871,Stefan Brunthaler,A5058365944,,,,,,,
stefankmuller,Stefan K. Muller,Stefan K. Muller,automatic: exact name -> one OpenAlex author ID,use_in_main_panel,openalex_author_id,False,exact_name_one_openalex_author_id,GREEN,Layer 1,Stefan K. Muller,A5009393339,0000-0002-3210-9727,0000-0002-3210-9727,Stefan K. Muller,A5009393339,,,,,,,
stefanmarr,Stefan Marr,Stefan Marr,automatic: exact name -> one OpenAlex author ID,use_in_main_panel,openalex_author_id,False,exact_name_one_openalex_author_id,GREEN,Layer 1,Stefan Marr,A5015543736,0000-0001-9059-5180,0000-0001-9059-5180,Stefan Marr,A5015543736,,,,,,,
stefanmonnier,Stefan Monnier,Stefan Monnier,automatic: exact name -> one OpenAlex author ID,use_in_main_panel,openalex_author_id,False,exact_name_one_openalex_author_id,GREEN,Layer 1,Stefan Monnier,A5049966337,0000-0001-7597-5273,0000-0001-7597-5273,Stefan Monnier,A5049966337,,,,,,,
stephaniebalzer,Stephanie Balzer,Stephanie Balzer,automatic: exact name -> one OpenAlex author ID,use_in_main_panel,openalex_author_id,False,exact_name_one_openalex_author_id,GREEN,Layer 1,Stephanie Balzer,A5083850156,0000-0002-8347-3529,0000-0002-8347-3529,Stephanie Balzer,A5083850156,,,,,,,
stephanieweirich,Stephanie Weirich,Stephanie Weirich,automatic: exact name -> one OpenAlex author ID,use_in_main_panel,openalex_author_id,False,exact_name_one_openalex_author_id,YELLOW,Layer 1,Stephanie Weirich,A5049220962,0000-0002-6756-9168,0000-0002-6756-9168,Stephanie Weirich,A5049220962,,,,,,,
stephenchang,Stephen Chang,Stephen Chang,automatic: exact name -> one OpenAlex author ID,use_in_main_panel,openalex_author_id,False,exact_name_one_openalex_author_id,YELLOW,Layer 1,Stephen Chang,A5044510881,0000-0002-4760-0658,,Stephen Chang,A5044510881,,,,,,,
stephenchong,Stephen Chong,Stephen Chong,automatic: exact name -> one OpenAlex author ID,use_in_main_panel,openalex_author_id,False,exact_name_one_openalex_author_id,YELLOW,Layer 1,Stephen Chong,A5046383149,0000-0002-6734-5383,,Stephen Chong,A5046383149,,,,,,,
stephendolan,Stephen Dolan,Stephen Dolan,automatic: exact name -> one OpenAlex author ID,use_in_main_panel,openalex_author_id,False,exact_name_one_openalex_author_id,YELLOW,Layer 1,Stephen Dolan,A5093657661,0000-0002-4609-9101,,Stephen Dolan,A5093657661,,,,,,,
stephenfreund,Stephen N. Freund,Stephen N. Freund,automatic: exact name -> one OpenAlex author ID,use_in_main_panel,openalex_author_id,False,exact_name_one_openalex_author_id,YELLOW,Layer 1,Stephen N. Freund,A5110858761,0009-0000-6992-199X,,Stephen N. Freund,A5110858761,,,,,,,
stephenkell,Stephen Kell,Stephen Kell,automatic: exact name -> one OpenAlex author ID,use_in_main_panel,openalex_author_id,False,exact_name_one_openalex_author_id,GREEN,Layer 1,Stephen Kell,A5006974433,0000-0002-2702-5983,0000-0002-2702-5983,Stephen Kell,A5006974433,,,,,,,
steveblackburn,Steve Blackburn,Steve Blackburn,manual: accepted alternate cited-author name,use_in_main_panel_with_manual_flag,manual_accepted_name,True,name_not_found_in_referenced_authors,RED,Layer 2,,,,0000-0001-6632-6001,,,accept,Stephen M. Blackburn,A5021388582,0000-0001-6632-6001,177.0,102.0,48.0
stevenholtzen,Steven Holtzen,Steven Holtzen,automatic: exact name -> one OpenAlex author ID,use_in_main_panel,openalex_author_id,False,exact_name_one_openalex_author_id,GREEN,Layer 1,Steven Holtzen,A5066166509,0000-0002-8190-5412,0000-0002-8190-5412,Steven Holtzen,A5066166509,,,,,,,
stevenramsay,Steven Ramsay,Steven Ramsay,automatic: exact name -> one OpenAlex author ID,use_in_main_panel,openalex_author_id,False,exact_name_one_openalex_author_id,GREEN,Layer 1,Steven Ramsay,A5035196790,0000-0002-0825-8386,0000-0002-0825-8386,Steven Ramsay,A5035196790,,,,,,,
stevezdancewic,Steve Zdancewic,Steve Zdancewic,automatic: exact name -> one OpenAlex author ID,use_in_main_panel,openalex_author_id,False,exact_name_one_openalex_author_id,YELLOW,Layer 1,Steve Zdancewic,A5041830534,0000-0002-3516-1512,0000-0002-3516-1512,Steve Zdancewic,A5041830534,,,,,,,
subhajitroy,Subhajit Roy,Subhajit Roy,automatic but ambiguous: exact name -> multiple OpenAlex IDs,use_in_main_panel_with_name_based_flag,ambiguous_name_match,True,exact_name_multiple_openalex_author_ids,RED,Layer 2,Subhajit Roy,,,,Subhajit Roy,A5014601092; A5101699843,,,,,,,
sugumanbansal1,Suguman Bansal,Suguman Bansal,automatic: exact name -> one OpenAlex author ID,use_in_main_panel,openalex_author_id,False,exact_name_one_openalex_author_id,GREEN,Layer 1,Suguman Bansal,A5063106552,0000-0002-0405-073X,0000-0002-0405-073X,Suguman Bansal,A5063106552,,,,,,,
sukyoungryu,Sukyoung Ryu,Sukyoung Ryu,automatic: exact name -> one OpenAlex author ID,use_in_main_panel,openalex_author_id,False,exact_name_one_openalex_author_id,YELLOW,Layer 1,Sukyoung Ryu,A5087492388,0000-0002-0019-9772,,Sukyoung Ryu,A5087492388,,,,,,,
suparnabhattacharya,Suparna Bhattacharya,Suparna Bhattacharya,manual review still needed,do_not_use_until_reviewed,unresolved_not_counted,False,name_not_found_in_referenced_authors,RED,Layer 2,,,,,,,,,,,0.0,0.0,0.0
sureshjagannathan,Suresh Jagannathan,Suresh Jagannathan,automatic: exact name -> one OpenAlex author ID,use_in_main_panel,openalex_author_id,False,exact_name_one_openalex_author_id,YELLOW,Layer 1,Suresh Jagannathan,A5034957233,0000-0001-6871-2424,0000-0001-6871-2424,Suresh Jagannathan,A5034957233,,,,,,,
susmitjha1,Susmit Jha,Susmit Jha,automatic: exact name -> one OpenAlex author ID,use_in_main_panel,openalex_author_id,False,exact_name_one_openalex_author_id,GREEN,Layer 1,Susmit Jha,A5035902535,0000-0001-5983-9095,0000-0001-5983-9095,Susmit Jha,A5035902535,,,,,,,
susmitsarkar,Susmit Sarkar,Susmit Sarkar,automatic: exact name -> one OpenAlex author ID,use_in_main_panel,openalex_author_id,False,exact_name_one_openalex_author_id,GREEN,Layer 1,Susmit Sarkar,A5073254249,0000-0002-4259-9213,0000-0002-4259-9213,Susmit Sarkar,A5073254249,,,,,,,
swaratchaudhuri,Swarat Chaudhuri,Swarat Chaudhuri,automatic: exact name -> one OpenAlex author ID,use_in_main_panel,openalex_author_id,False,exact_name_one_openalex_author_id,YELLOW,Layer 1,Swarat Chaudhuri,A5057341982,0000-0002-6859-1391,,Swarat Chaudhuri,A5057341982,,,,,,,
swarnendubiswas,Swarnendu Biswas,Swarnendu Biswas,automatic: exact name -> one OpenAlex author ID,use_in_main_panel,openalex_author_id,False,exact_name_one_openalex_author_id,YELLOW,Layer 1,Swarnendu Biswas,A5089244894,0000-0001-6839-8586,,Swarnendu Biswas,A5089244894,,,,,,,
sylvanclebsch,Sylvan Clebsch,Sylvan Clebsch,automatic: exact name -> one OpenAlex author ID,use_in_main_panel,openalex_author_id,False,exact_name_one_openalex_author_id,GREEN,Layer 1,Sylvan Clebsch,A5059345262,0009-0004-4049-134X,0009-0004-4049-134X,Sylvan Clebsch,A5059345262,,,,,,,
sylvieputot,Sylvie Putot,Sylvie Putot,automatic: exact name -> one OpenAlex author ID,use_in_main_panel,openalex_author_id,False,exact_name_one_openalex_author_id,YELLOW,Layer 1,Sylvie Putot,A5042626840,0000-0001-5624-3755,0000-0001-5624-3755,Sylvie Putot,A5042626840,,,,,,,
tachioterauchi,Tachio Terauchi,Tachio Terauchi,automatic: exact name -> one OpenAlex author ID,use_in_main_panel,openalex_author_id,False,exact_name_one_openalex_author_id,YELLOW,Layer 1,Tachio Terauchi,A5031661604,0000-0001-5305-4916,0000-0001-5305-4916,Tachio Terauchi,A5031661604,,,,,,,
tahinaramananandro,Tahina Ramananandro,Tahina Ramananandro,automatic: exact name -> one OpenAlex author ID,use_in_main_panel,openalex_author_id,False,exact_name_one_openalex_author_id,GREEN,Layer 1,Tahina Ramananandro,A5083160984,0000-0003-4590-9712,0000-0003-4590-9712,Tahina Ramananandro,A5083160984,,,,,,,
takeshitsukada,Takeshi Tsukada,Takeshi Tsukada,automatic: exact name -> one OpenAlex author ID,use_in_main_panel,openalex_author_id,False,exact_name_one_openalex_author_id,GREEN,Layer 1,Takeshi Tsukada,A5090766554,0000-0002-2824-8708,0000-0002-2824-8708,Takeshi Tsukada,A5090766554,,,,,,,
taliaringer,Talia Ringer,Talia Ringer,automatic: exact name -> one OpenAlex author ID,use_in_main_panel,openalex_author_id,False,exact_name_one_openalex_author_id,YELLOW,Layer 1,Talia Ringer,A5078343798,0000-0003-1854-3321,0000-0003-1854-3321,Talia Ringer,A5078343798,,,,,,,
tamararezk,Tamara Rezk,Tamara Rezk,automatic: exact name -> one OpenAlex author ID,use_in_main_panel,openalex_author_id,False,exact_name_one_openalex_author_id,GREEN,Layer 1,Tamara Rezk,A5087729716,0000-0003-3744-0248,0000-0003-3744-0248,Tamara Rezk,A5087729716,,,,,,,
tamasszabo1,Tamás Szabó,Tamás Szabó,automatic: exact name -> one OpenAlex author ID,use_in_main_panel,openalex_author_id,False,exact_name_one_openalex_author_id,YELLOW,Layer 1,Tamás Szabó,A5010111965,0000-0001-9422-8142,,Tamás Szabó,A5010111965,,,,,,,
tarosekiyama,Taro Sekiyama,Taro Sekiyama,automatic: exact name -> one OpenAlex author ID,use_in_main_panel,openalex_author_id,False,exact_name_one_openalex_author_id,GREEN,Layer 1,Taro Sekiyama,A5018002187,0000-0001-9286-230X,0000-0001-9286-230X,Taro Sekiyama,A5018002187,,,,,,,
tatianashpeisman,Tatiana Shpeisman,Tatiana Shpeisman,automatic: exact name -> one OpenAlex author ID,use_in_main_panel,openalex_author_id,False,exact_name_one_openalex_author_id,GREEN,Layer 1,Tatiana Shpeisman,A5076969648,0000-0002-4225-8734,0000-0002-4225-8734,Tatiana Shpeisman,A5076969648,,,,,,,
tejchajed,Tej Chajed,Tej Chajed,automatic: exact name -> one OpenAlex author ID,use_in_main_panel,openalex_author_id,False,exact_name_one_openalex_author_id,GREEN,Layer 1,Tej Chajed,A5010436566,0000-0002-9889-4828,0000-0002-9889-4828,Tej Chajed,A5010436566,,,,,,,
thanhvunguyen,ThanhVu Nguyen,ThanhVu Nguyen,automatic: exact name -> one OpenAlex author ID,use_in_main_panel,openalex_author_id,False,exact_name_one_openalex_author_id,YELLOW,Layer 1,ThanhVu Nguyen,A5069411288,0000-0002-4255-4592,0000-0002-4255-4592,ThanhVu Nguyen; Thanhvu Nguyen,A5069411288,,,,,,,
theowinterhalter,Théo Winterhalter,Théo Winterhalter,automatic: exact name -> one OpenAlex author ID,use_in_main_panel,openalex_author_id,False,exact_name_one_openalex_author_id,GREEN,Layer 1,Théo Winterhalter,A5066566147,0000-0002-9881-3696,0000-0002-9881-3696,Théo Winterhalter,A5066566147,,,,,,,
thodorissotiropoulos,Thodoris Sotiropoulos,Thodoris Sotiropoulos,automatic: exact name -> one OpenAlex author ID,use_in_main_panel,openalex_author_id,False,exact_name_one_openalex_author_id,YELLOW,Layer 1,Thodoris Sotiropoulos,A5090354733,0000-0002-9906-3073,0000-0002-9906-3073,Thodoris Sotiropoulos,A5090354733,,,,,,,
thomasball,Thomas Ball,Thomas Ball,automatic: exact name -> one OpenAlex author ID,use_in_main_panel,openalex_author_id,False,exact_name_one_openalex_author_id,YELLOW,Layer 1,Thomas Ball,A5114248503,,,Thomas Ball,A5114248503,,,,,,,
thomasbourgeat2,Thomas Bourgeat,Thomas Bourgeat,automatic: exact name -> one OpenAlex author ID,use_in_main_panel,openalex_author_id,False,exact_name_one_openalex_author_id,YELLOW,Layer 1,Thomas Bourgeat,A5031573662,0000-0002-8468-8409,,Thomas Bourgeat,A5031573662,,,,,,,
thomaskoehler,Thomas Koehler,Thomas Koehler,automatic: exact name -> one OpenAlex author ID,use_in_main_panel,openalex_author_id,False,exact_name_one_openalex_author_id,YELLOW,Layer 1,Thomas Kœhler,A5101638400,0000-0001-8461-8075,,Thomas Kœhler,A5101638400,,,,,,,
thomaspjensen,Thomas P. Jensen,Thomas P. Jensen,manual: accepted alternate cited-author name,use_in_main_panel_with_manual_flag,manual_accepted_name,True,name_not_found_in_referenced_authors,RED,Layer 2,,,,,,,accept,Thomas Jensen,A5112861754,,12.0,12.0,2.0
thomasreps,Thomas Reps,Thomas Reps,automatic: exact name -> one OpenAlex author ID,use_in_main_panel,openalex_author_id,False,exact_name_one_openalex_author_id,YELLOW,Layer 1,Thomas Reps,A5066155126,0000-0002-5676-9949,0000-0002-5676-9949,Thomas Reps,A5066155126,,,,,,,
thomasshull,Thomas Shull,Thomas Shull,automatic: exact name -> one OpenAlex author ID,use_in_main_panel,openalex_author_id,False,exact_name_one_openalex_author_id,YELLOW,Layer 1,Thomas Shull,A5090891852,,,Thomas Shull,A5090891852,,,,,,,
thomaswahl,Thomas Wahl,Thomas Wahl,automatic: exact name -> one OpenAlex author ID,use_in_main_panel,openalex_author_id,False,exact_name_one_openalex_author_id,YELLOW,Layer 1,Thomas Wahl,A5002008766,0000-0003-3643-5463,,Thomas Wahl,A5002008766,,,,,,,
thomaswies,Thomas Wies,Thomas Wies,automatic: exact name -> one OpenAlex author ID,use_in_main_panel,openalex_author_id,False,exact_name_one_openalex_author_id,GREEN,Layer 1,Thomas Wies,A5003819403,0000-0003-4051-5968,0000-0003-4051-5968,Thomas Wies,A5003819403,,,,,,,
thorstenaltenkirch,Thorsten Altenkirch,Thorsten Altenkirch,automatic: exact name -> one OpenAlex author ID,use_in_main_panel,openalex_author_id,False,exact_name_one_openalex_author_id,YELLOW,Layer 1,Thorsten Altenkirch,A5056420469,0000-0002-6582-5025,,Thorsten Altenkirch,A5056420469,,,,,,,
tiagocogumbreiro,Tiago Cogumbreiro,Tiago Cogumbreiro,automatic: exact name -> one OpenAlex author ID,use_in_main_panel,openalex_author_id,False,exact_name_one_openalex_author_id,GREEN,Layer 1,Tiago Cogumbreiro,A5080492532,0000-0002-3209-9258,0000-0002-3209-9258,Tiago Cogumbreiro,A5080492532,,,,,,,
tiarkrompf,Tiark Rompf,Tiark Rompf,automatic: exact name -> one OpenAlex author ID,use_in_main_panel,openalex_author_id,False,exact_name_one_openalex_author_id,GREEN,Layer 1,Tiark Rompf,A5003153354,0000-0002-2068-3238,0000-0002-2068-3238,Tiark Rompf,A5003153354,,,,,,,
tiennguyen,Tien N. Nguyen,Tien N. Nguyen,automatic: exact name -> one OpenAlex author ID,use_in_main_panel,openalex_author_id,False,exact_name_one_openalex_author_id,RED,Layer 1,Tien N. Nguyen,A5089000736,0009-0006-7962-6090,0009-0008-3949-3195,Tien N. Nguyen,A5089000736,,,,,,,
tijsvanderstorm,Tijs van der Storm,Tijs van der Storm,automatic but ambiguous: exact name -> multiple OpenAlex IDs,use_in_main_panel_with_name_based_flag,ambiguous_name_match,True,exact_name_multiple_openalex_author_ids,RED,Layer 2,Tijs van der Storm,,0000-0001-8853-7934,0000-0001-8853-7934,Tijs van der Storm,A5014852863; A5105775590; A5105972252,,,,,,,
timharris,Tim Harris,Tim Harris,automatic: exact name -> one OpenAlex author ID,use_in_main_panel,openalex_author_id,False,exact_name_one_openalex_author_id,YELLOW,Layer 1,Tim Harris,A5018504427,0000-0001-9628-130X,,Tim Harris,A5018504427,,,,,,,
timongehr,Timon Gehr,Timon Gehr,automatic: exact name -> one OpenAlex author ID,use_in_main_panel,openalex_author_id,False,exact_name_one_openalex_author_id,YELLOW,Layer 1,Timon Gehr,A5045044745,0009-0000-7470-0489,0009-0000-7470-0489,Timon Gehr,A5045044745,,,,,,,
tingcao,Ting Cao,Ting Cao,automatic but ambiguous: exact name -> multiple OpenAlex IDs,use_in_main_panel_with_name_based_flag,ambiguous_name_match,True,exact_name_multiple_openalex_author_ids,RED,Layer 2,Ting Cao,,,,Ting Cao,A5101534161; A5101945161,,,,,,,
tobiasgrosser,Tobias Grosser,Tobias Grosser,automatic: exact name -> one OpenAlex author ID,use_in_main_panel,openalex_author_id,False,exact_name_one_openalex_author_id,YELLOW,Layer 1,Tobias Grosser,A5055618037,0000-0003-3874-6003,0000-0003-3874-6003,Tobias Grosser,A5055618037,,,,,,,
tobiaswrigstad,Tobias Wrigstad,Tobias Wrigstad,automatic: exact name -> one OpenAlex author ID,use_in_main_panel,openalex_author_id,False,exact_name_one_openalex_author_id,YELLOW,Layer 1,Tobias Wrigstad,A5053132997,0000-0002-4269-5408,0000-0002-4269-5408,Tobias Wrigstad,A5053132997,,,,,,,
tobymurray,Toby Murray,Toby Murray,automatic: exact name -> one OpenAlex author ID,use_in_main_panel,openalex_author_id,False,exact_name_one_openalex_author_id,YELLOW,Layer 1,Toby Murray,A5043210393,0000-0002-8271-0289,,Toby Murray,A5043210393,,,,,,,
toddmillstein,Todd Millstein,Todd Millstein,automatic: exact name -> one OpenAlex author ID,use_in_main_panel,openalex_author_id,False,exact_name_one_openalex_author_id,YELLOW,Layer 1,Todd Millstein,A5014067492,0000-0002-2031-1514,0000-0002-2031-1514,Todd Millstein,A5014067492,,,,,,,
toddmytkowicz,Todd Mytkowicz,Todd Mytkowicz,automatic: exact name -> one OpenAlex author ID,use_in_main_panel,openalex_author_id,False,exact_name_one_openalex_author_id,YELLOW,Layer 1,Todd Mytkowicz,A5013212213,,0009-0009-0395-855X,Todd Mytkowicz,A5013212213,,,,,,,
tomaspetricek,Tomas Petricek,Tomas Petricek,name-only: exact/mapped cited-author name but no OpenAlex ID,use_in_main_panel_with_name_based_flag,name_only_match,True,exact_name_no_openalex_author_id,RED,Layer 2,Tomas Petricek,,,,Tomas Petricek,,,,,,,,
tomofumiyuki,Tomofumi Yuki,Tomofumi Yuki,automatic: exact name -> one OpenAlex author ID,use_in_main_panel,openalex_author_id,False,exact_name_one_openalex_author_id,GREEN,Layer 1,Tomofumi Yuki,A5001146686,0000-0002-5737-6178,0000-0002-5737-6178,Tomofumi Yuki,A5001146686,,,,,,,
tomokinakamaru,Tomoki Nakamaru,Tomoki Nakamaru,automatic: exact name -> one OpenAlex author ID,use_in_main_panel,openalex_author_id,False,exact_name_one_openalex_author_id,GREEN,Layer 1,Tomoki Nakamaru,A5083973204,0000-0002-9451-5595,0000-0002-9451-5595,Tomoki Nakamaru,A5083973204,,,,,,,
tomvancutsem,Tom Van Cutsem,Tom Van Cutsem,automatic: exact name -> one OpenAlex author ID,use_in_main_panel,openalex_author_id,False,exact_name_one_openalex_author_id,YELLOW,Layer 1,Tom Van Cutsem,A5083977662,0000-0003-4116-4290,,Tom Van Cutsem,A5083977662,,,,,,,
tongpingliu1,Tongping Liu,Tongping Liu,automatic: exact name -> one OpenAlex author ID,use_in_main_panel,openalex_author_id,False,exact_name_one_openalex_author_id,YELLOW,Layer 1,Tongping Liu,A5038870570,0000-0002-1968-4081,,Tongping Liu,A5038870570,,,,,,,
tonyhosking,Tony Hosking,Tony Hosking,manual: accepted alternate cited-author name,use_in_main_panel_with_manual_flag,manual_accepted_name,True,name_not_found_in_referenced_authors,RED,Layer 2,,,,0000-0002-8159-0297,,,accept,Anthony Hosking,A5072222246,,2.0,2.0,1.0
tylersorensen,Tyler Sorensen,Tyler Sorensen,automatic: exact name -> one OpenAlex author ID,use_in_main_panel,openalex_author_id,False,exact_name_one_openalex_author_id,YELLOW,Layer 1,Tyler Sorensen,A5052590511,0000-0003-1646-7935,,Tyler Sorensen,A5052590511,,,,,,,
udaybondhugula,Uday Bondhugula,Uday Bondhugula,automatic: exact name -> one OpenAlex author ID,use_in_main_panel,openalex_author_id,False,exact_name_one_openalex_author_id,GREEN,Layer 1,Uday Bondhugula,A5025342111,0000-0002-8297-6159,0000-0002-8297-6159,Uday Bondhugula,A5025342111,,,,,,,
ugodallago,Ugo Dal Lago,Ugo Dal Lago,automatic: exact name -> one OpenAlex author ID,use_in_main_panel,openalex_author_id,False,exact_name_one_openalex_author_id,YELLOW,Layer 1,Ugo Dal Lago,A5084450516,0000-0001-9200-070X,,Ugo Dal Lago,A5084450516,,,,,,,
ulfnorell,Ulf Norell,Ulf Norell,automatic: exact name -> one OpenAlex author ID,use_in_main_panel,openalex_author_id,False,exact_name_one_openalex_author_id,YELLOW,Layer 1,Ulf Norell,A5017689034,,0000-0003-2999-0637,Ulf Norell,A5017689034,,,,,,,
umangmathur,Umang Mathur,Umang Mathur,automatic: exact name -> one OpenAlex author ID,use_in_main_panel,openalex_author_id,False,exact_name_one_openalex_author_id,YELLOW,Layer 1,Umang Mathur,A5016958234,0000-0002-7610-0660,,Umang Mathur,A5016958234,,,,,,,
umutacar,Umut A. Acar,Umut A. Acar,automatic: exact name -> one OpenAlex author ID,use_in_main_panel,openalex_author_id,False,exact_name_one_openalex_author_id,YELLOW,Layer 1,Umut A. Acar,A5015051107,0000-0002-2623-4986,0000-0002-2623-4986,Umut A. Acar,A5015051107,,,,,,,
urialon,Uri Alon,Uri Alon,automatic but ambiguous: exact name -> multiple OpenAlex IDs,use_in_main_panel_with_name_based_flag,ambiguous_name_match,True,exact_name_multiple_openalex_author_ids,RED,Layer 2,Uri Alon,,,,Uri Alon,A5010209966; A5107243336,,,,,,,
vaishnavisundararajan,Vaishnavi Sundararajan,Vaishnavi Sundararajan,manual review still needed,do_not_use_until_reviewed,unresolved_not_counted,False,name_not_found_in_referenced_authors,RED,Layer 2,,,,0000-0002-5945-5208,,,,,,,0.0,0.0,0.0
vascotvasconcelos,Vasco T. Vasconcelos,Vasco T. Vasconcelos,automatic: exact name -> one OpenAlex author ID,use_in_main_panel,openalex_author_id,False,exact_name_one_openalex_author_id,YELLOW,Layer 1,Vasco T. Vasconcelos,A5016342119,0000-0002-9539-8861,0000-0002-9539-8861,Vasco T. Vasconcelos,A5016342119,,,,,,,
veselinraychev,Veselin Raychev,Veselin Raychev,automatic: exact name -> one OpenAlex author ID,use_in_main_panel,openalex_author_id,False,exact_name_one_openalex_author_id,YELLOW,Layer 1,Veselin Raychev,A5051227985,,,Veselin Raychev,A5051227985,,,,,,,
vijayaraghavanmurali,Vijayaraghavan Murali,Vijayaraghavan Murali,automatic: exact name -> one OpenAlex author ID,use_in_main_panel,openalex_author_id,False,exact_name_one_openalex_author_id,GREEN,Layer 1,Vijayaraghavan Murali,A5051545971,0009-0009-1374-7334,0009-0009-1374-7334,Vijayaraghavan Murali,A5051545971,,,,,,,
vijayganesh,Vijay Ganesh,Vijay Ganesh,automatic: exact name -> one OpenAlex author ID,use_in_main_panel,openalex_author_id,False,exact_name_one_openalex_author_id,YELLOW,Layer 1,Vijay Ganesh,A5052292970,0000-0002-6029-2047,,Vijay Ganesh,A5052292970,,,,,,,
vijaynagarajan,Vijay Nagarajan,Vijay Nagarajan,automatic: exact name -> one OpenAlex author ID,use_in_main_panel,openalex_author_id,False,exact_name_one_openalex_author_id,YELLOW,Layer 1,Vijay Nagarajan,A5056071760,0009-0000-5045-4754,,Vijay Nagarajan,A5056071760,,,,,,,
vikashmansinghka,Vikash K. Mansinghka,Vikash K. Mansinghka,automatic: exact name -> one OpenAlex author ID,use_in_main_panel,openalex_author_id,False,exact_name_one_openalex_author_id,YELLOW,Layer 1,Vikash K. Mansinghka,A5068340465,0000-0003-2507-0833,,Vikash K. Mansinghka,A5068340465,,,,,,,
viktorkuncak,Viktor Kunčak,Viktor Kunčak,automatic: exact name -> one OpenAlex author ID,use_in_main_panel,openalex_author_id,False,exact_name_one_openalex_author_id,YELLOW,Layer 1,Viktor Kuncak,A5008699657,0000-0001-7044-9522,0000-0001-7044-9522,Viktor Kuncak; Viktor Kunčak,A5008699657,,,,,,,
viktorvafeiadis,Viktor Vafeiadis,Viktor Vafeiadis,automatic: exact name -> one OpenAlex author ID,use_in_main_panel,openalex_author_id,False,exact_name_one_openalex_author_id,YELLOW,Layer 1,Viktor Vafeiadis,A5023359178,0000-0001-8436-0334,0000-0001-8436-0334,Viktor Vafeiadis,A5023359178,,,,,,,
vineethkashyap,Vineeth Kashyap,Vineeth Kashyap,automatic: exact name -> one OpenAlex author ID,use_in_main_panel,openalex_author_id,False,exact_name_one_openalex_author_id,GREEN,Layer 1,Vineeth Kashyap,A5103145520,0000-0003-0328-6297,0000-0003-0328-6297,Vineeth Kashyap,A5103145520,,,,,,,
vinodgrover,Vinod Grover,Vinod Grover,automatic: exact name -> one OpenAlex author ID,use_in_main_panel,openalex_author_id,False,exact_name_one_openalex_author_id,YELLOW,Layer 1,Vinod Grover,A5077691647,,0000-0003-0115-3896,Vinod Grover,A5077691647,,,,,,,
viveksarkar,Vivek Sarkar,Vivek Sarkar,automatic: exact name -> one OpenAlex author ID,use_in_main_panel,openalex_author_id,False,exact_name_one_openalex_author_id,YELLOW,Layer 1,Vivek Sarkar,A5043513001,0000-0002-3433-8830,,Vivek Sarkar,A5043513001,,,,,,,
vivianabono,Viviana Bono,Viviana Bono,automatic: exact name -> one OpenAlex author ID,use_in_main_panel,openalex_author_id,False,exact_name_one_openalex_author_id,GREEN,Layer 1,Viviana Bono,A5075230989,0000-0002-2533-0511,0000-0002-2533-0511,Viviana Bono,A5075230989,,,,,,,
vkrishnanandivada,V Krishna Nandivada,V Krishna Nandivada,automatic: exact name -> one OpenAlex author ID,use_in_main_panel,openalex_author_id,False,exact_name_one_openalex_author_id,GREEN,Layer 1,V. Krishna Nandivada,A5022804082,0000-0002-5949-0046,0000-0002-5949-0046,V. Krishna Nandivada,A5022804082,,,,,,,
vladimirzamdzhiev,Vladimir Zamdzhiev,Vladimir Zamdzhiev,automatic: exact name -> one OpenAlex author ID,use_in_main_panel,openalex_author_id,False,exact_name_one_openalex_author_id,YELLOW,Layer 1,Vladimir Zamdzhiev,A5047314189,0000-0002-9061-3921,0000-0002-9061-3921,Vladimir Zamdzhiev,A5047314189,,,,,,,
walterbinder,Walter Binder,Walter Binder,automatic: exact name -> one OpenAlex author ID,use_in_main_panel,openalex_author_id,False,exact_name_one_openalex_author_id,YELLOW,Layer 1,Walter Binder,A5074152163,0000-0002-2477-2182,,Walter Binder,A5074152163,,,,,,,
weihangwang,Weihang Wang,Weihang Wang,automatic: exact name -> one OpenAlex author ID,use_in_main_panel,openalex_author_id,False,exact_name_one_openalex_author_id,YELLOW,Layer 1,Weihang Wang,A5072088517,0000-0003-1175-4409,,Weihang Wang,A5072088517,,,,,,,
weile,Wei Le,Wei Le,automatic: exact name -> one OpenAlex author ID,use_in_main_panel,openalex_author_id,False,exact_name_one_openalex_author_id,YELLOW,Layer 1,Wei Le,A5074426991,0000-0002-6797-0648,,Wei Le,A5074426991,,,,,,,
weinganchin,Wei-Ngan Chin,Wei-Ngan Chin,automatic but ambiguous: exact name -> multiple OpenAlex IDs,use_in_main_panel_with_name_based_flag,ambiguous_name_match,True,exact_name_multiple_openalex_author_ids,RED,Layer 2,Wei-Ngan Chin,,0000-0002-9660-5682,0000-0002-9660-5682,Wei-Ngan Chin,A5016580696; A5047181479,,,,,,,
weizhang,Wei Zhang,Wei Zhang,automatic but ambiguous: exact name -> multiple OpenAlex IDs,use_in_main_panel_with_name_based_flag,ambiguous_name_match,True,exact_name_multiple_openalex_author_ids,RED,Layer 2,Wei Zhang,,,,Wei Zhang; Wěi Zhāng,A5023155310; A5061515087; A5069960498; A5100441535; A5100441570; A5100441789; A5100441817; A5100643324; A5100727539; A5100727546; A5101814390,,,,,,,
wenxiwang,Wenxi Wang,Wenxi Wang,automatic but ambiguous: exact name -> multiple OpenAlex IDs,use_in_main_panel_with_name_based_flag,ambiguous_name_match,True,exact_name_multiple_openalex_author_ids,RED,Layer 2,Wenxi Wang,,,,Wenxi Wang,A5100739654; A5102708544,,,,,,,
wernerdietl,Werner Dietl,Werner Dietl,automatic: exact name -> one OpenAlex author ID,use_in_main_panel,openalex_author_id,False,exact_name_one_openalex_author_id,YELLOW,Layer 1,Werner Dietl,A5073449487,0000-0002-9316-6952,0000-0002-9316-6952,Werner Dietl,A5073449487,,,,,,,
willcrichton,Will Crichton,Will Crichton,automatic: exact name -> one OpenAlex author ID,use_in_main_panel,openalex_author_id,False,exact_name_one_openalex_author_id,GREEN,Layer 1,Will Crichton,A5043562884,0000-0001-8639-6541,0000-0001-8639-6541,Will Crichton,A5043562884,,,,,,,
willemvisser,Willem Visser,Willem Visser,automatic: exact name -> one OpenAlex author ID,use_in_main_panel,openalex_author_id,False,exact_name_one_openalex_author_id,YELLOW,Layer 1,Willem Visser,A5088454541,0000-0002-0913-3091,,Willem Visser,A5088454541,,,,,,,
williamcook,William Cook,William Cook,manual: accepted alternate cited-author name,use_in_main_panel_with_manual_flag,manual_accepted_name,True,name_not_found_in_referenced_authors,RED,Layer 2,,,,,,,accept,William R. Cook,A5029147559,0000-0003-4918-8975,80.0,50.0,29.0
williamebyrd,William E. Byrd,William E. Byrd,automatic: exact name -> one OpenAlex author ID,use_in_main_panel,openalex_author_id,False,exact_name_one_openalex_author_id,YELLOW,Layer 1,William E. Byrd,A5005980154,0000-0003-4730-5293,,William E. Byrd,A5005980154,,,,,,,
williamjbowman,William J. Bowman,William J. Bowman,automatic: exact name -> one OpenAlex author ID,use_in_main_panel,openalex_author_id,False,exact_name_one_openalex_author_id,YELLOW,Layer 1,William J. Bowman,A5049942420,0000-0002-6402-4840,0000-0002-6402-4840,William J. Bowman,A5049942420,,,,,,,
williammansky,William Mansky,William Mansky,automatic: exact name -> one OpenAlex author ID,use_in_main_panel,openalex_author_id,False,exact_name_one_openalex_author_id,GREEN,Layer 1,William Mansky,A5013427753,0000-0002-5351-895X,0000-0002-5351-895X,William Mansky,A5013427753,,,,,,,
willowahrens,Willow Ahrens,Willow Ahrens,automatic: exact name -> one OpenAlex author ID,use_in_main_panel,openalex_author_id,False,exact_name_one_openalex_author_id,YELLOW,Layer 1,Willow Ahrens,A5060063626,0000-0002-4963-0869,0000-0002-4963-0869,Willow Ahrens,A5060063626,,,,,,,
wolfgangdemeuter,Wolfgang De Meuter,Wolfgang De Meuter,automatic: exact name -> one OpenAlex author ID,use_in_main_panel,openalex_author_id,False,exact_name_one_openalex_author_id,GREEN,Layer 1,Wolfgang De Meuter,A5090657641,0000-0002-5229-5627,0000-0002-5229-5627,Wolfgang De Meuter,A5090657641,,,,,,,
woosuklee,Woosuk Lee,Woosuk Lee,automatic: exact name -> one OpenAlex author ID,use_in_main_panel,openalex_author_id,False,exact_name_one_openalex_author_id,YELLOW,Layer 1,Woosuk Lee,A5076120088,0000-0002-1884-619X,,Woosuk Lee,A5076120088,,,,,,,
wouterswierstra,Wouter Swierstra,Wouter Swierstra,automatic: exact name -> one OpenAlex author ID,use_in_main_panel,openalex_author_id,False,exact_name_one_openalex_author_id,GREEN,Layer 1,Wouter Swierstra,A5019085361,0000-0002-0295-7944,0000-0002-0295-7944,Wouter Swierstra,A5019085361,,,,,,,
xavierleroy,Xavier Leroy,Xavier Leroy,automatic: exact name -> one OpenAlex author ID,use_in_main_panel,openalex_author_id,False,exact_name_one_openalex_author_id,YELLOW,Layer 1,Xavier Leroy,A5058330133,0000-0002-8971-9171,,Xavier Leroy,A5058330133,,,,,,,
xavierrival,Xavier Rival,Xavier Rival,automatic: exact name -> one OpenAlex author ID,use_in_main_panel,openalex_author_id,False,exact_name_one_openalex_author_id,GREEN,Layer 1,Xavier Rival,A5037983866,0000-0002-2875-6171,0000-0002-2875-6171,Xavier Rival,A5037983866,,,,,,,
xiangyuzhang,Xiangyu Zhang,Xiangyu Zhang,automatic but ambiguous: exact name -> multiple OpenAlex IDs,use_in_main_panel_with_name_based_flag,ambiguous_name_match,True,exact_name_multiple_openalex_author_ids,RED,Layer 2,Xiangyu Zhang,,,,Xiangyu Zhang,A5100362457; A5100362465; A5100362470; A5107249133,,,,,,,
xiaodiwu,Xiaodi Wu,Xiaodi Wu,automatic: exact name -> one OpenAlex author ID,use_in_main_panel,openalex_author_id,False,exact_name_one_openalex_author_id,YELLOW,Layer 1,Xiaodi Wu,A5044901410,0000-0001-8877-9802,,Xiaodi Wu,A5044901410,,,,,,,
xiaokangqiu,Xiaokang Qiu,Xiaokang Qiu,automatic: exact name -> one OpenAlex author ID,use_in_main_panel,openalex_author_id,False,exact_name_one_openalex_author_id,YELLOW,Layer 1,Xiaokang Qiu,A5041566154,0000-0001-9476-7349,,Xiaokang Qiu,A5041566154,,,,,,,
xiaoningdu,Xiaoning Du,Xiaoning Du,automatic: exact name -> one OpenAlex author ID,use_in_main_panel,openalex_author_id,False,exact_name_one_openalex_author_id,YELLOW,Layer 1,Xiaoning Du,A5102717874,0000-0003-3728-9541,,Xiaoning Du,A5102717874,,,,,,,
xinyufeng,Xinyu Feng,Xinyu Feng,automatic but ambiguous: exact name -> multiple OpenAlex IDs,use_in_main_panel_with_name_based_flag,ambiguous_name_match,True,exact_name_multiple_openalex_author_ids,RED,Layer 2,Xinyu Feng,,,,Xinyu Feng,A5101761507; A5101761508,,,,,,,
xinyuwang,Xinyu Wang,Xinyu Wang,automatic but ambiguous: exact name -> multiple OpenAlex IDs,use_in_main_panel_with_name_based_flag,ambiguous_name_match,True,exact_name_multiple_openalex_author_ids,RED,Layer 2,Xinyu Wang,,,,Xinyu Wang,A5100352782; A5100352786; A5100352800,,,,,,,
xinzhang,Xin Zhang,Xin Zhang,automatic but ambiguous: exact name -> multiple OpenAlex IDs,use_in_main_panel_with_name_based_flag,ambiguous_name_match,True,exact_name_multiple_openalex_author_ids,RED,Layer 2,Xin Zhang,,,,Xin Zhang,A5027743278; A5051085669; A5080314329; A5087502184; A5100327327; A5100327375; A5100327487; A5100327497; A5100327518; A5100327544; A5100327572; A5100327604; A5100763365; A5101966013; A5116410532,,,,,,,
xipengshen,Xipeng Shen,Xipeng Shen,automatic: exact name -> one OpenAlex author ID,use_in_main_panel,openalex_author_id,False,exact_name_one_openalex_author_id,YELLOW,Layer 1,Xipeng Shen,A5100624451,0000-0003-3599-8010,,Xipeng Shen,A5100624451,,,,,,,
xujiesi,Xujie Si,Xujie Si,automatic: exact name -> one OpenAlex author ID,use_in_main_panel,openalex_author_id,False,exact_name_one_openalex_author_id,GREEN,Layer 1,Xujie Si,A5059074509,0000-0002-3739-2269,0000-0002-3739-2269,Xujie Si,A5059074509,,,,,,,
xulongtang,Xulong Tang,Xulong Tang,automatic: exact name -> one OpenAlex author ID,use_in_main_panel,openalex_author_id,False,exact_name_one_openalex_author_id,YELLOW,Layer 1,Xulong Tang,A5087859795,0000-0002-3385-2053,,Xulong Tang,A5087859795,,,,,,,
yahuisong1,Yahui Song,Yahui Song,automatic: exact name -> one OpenAlex author ID,use_in_main_panel,openalex_author_id,False,exact_name_one_openalex_author_id,YELLOW,Layer 1,Yahui Song,A5055216402,0000-0002-9760-5895,,Yahui Song,A5055216402,,,,,,,
yakirvizel,Yakir Vizel,Yakir Vizel,automatic: exact name -> one OpenAlex author ID,use_in_main_panel,openalex_author_id,False,exact_name_one_openalex_author_id,GREEN,Layer 1,Yakir Vizel,A5024975162,0000-0002-5655-1667,0000-0002-5655-1667,Yakir Vizel,A5024975162,,,,,,,
yanivdavid,Yaniv David,Yaniv David,automatic: exact name -> one OpenAlex author ID,use_in_main_panel,openalex_author_id,False,exact_name_one_openalex_author_id,YELLOW,Layer 1,Yaniv David,A5023589581,,0000-0002-1630-7723,Yaniv David,A5023589581,,,,,,,
yanjuchen,Yanju Chen,Yanju Chen,automatic: exact name -> one OpenAlex author ID,use_in_main_panel,openalex_author_id,False,exact_name_one_openalex_author_id,YELLOW,Layer 1,Yanju Chen,A5101573237,0000-0002-6494-3126,,Yanju Chen,A5101573237,,,,,,,
yannherklotz,Yann Herklotz,Yann Herklotz,automatic: exact name -> one OpenAlex author ID,use_in_main_panel,openalex_author_id,False,exact_name_one_openalex_author_id,GREEN,Layer 1,Yann Herklotz,A5085695502,0000-0002-2329-1029,0000-0002-2329-1029,Yann Herklotz,A5085695502,,,,,,,
yannickforster,Yannick Forster,Yannick Forster,automatic: exact name -> one OpenAlex author ID,use_in_main_panel,openalex_author_id,False,exact_name_one_openalex_author_id,YELLOW,Layer 1,Yannick Forster,A5080496189,0000-0002-8676-9819,,Yannick Forster,A5080496189,,,,,,,
yannickzakowski1,Yannick Zakowski,Yannick Zakowski,automatic: exact name -> one OpenAlex author ID,use_in_main_panel,openalex_author_id,False,exact_name_one_openalex_author_id,YELLOW,Layer 1,Yannick Zakowski,A5041784780,0000-0003-4585-6470,0000-0003-4585-6470,Yannick Zakowski,A5041784780,,,,,,,
yannissmaragdakis,Yannis Smaragdakis,Yannis Smaragdakis,automatic: exact name -> one OpenAlex author ID,use_in_main_panel,openalex_author_id,False,exact_name_one_openalex_author_id,YELLOW,Layer 1,Yannis Smaragdakis,A5043949214,0000-0002-0499-0182,0000-0002-0499-0182,Yannis Smaragdakis,A5043949214,,,,,,,
yannregisgianas,Yann Régis-Gianas,Yann Régis-Gianas,automatic: exact name -> one OpenAlex author ID,use_in_main_panel,openalex_author_id,False,exact_name_one_openalex_author_id,GREEN,Layer 1,Yann Régis-Gianas,A5007052309,0000-0002-0745-8730,0000-0002-0745-8730,Yann Régis-Gianas,A5007052309,,,,,,,
yaoli,Yao Li,Yao Li,automatic: exact name -> one OpenAlex author ID,use_in_main_panel,openalex_author_id,False,exact_name_one_openalex_author_id,YELLOW,Layer 1,Yao Li,A5100411211,0000-0001-8720-883X,,Yao Li,A5100411211,,,,,,,
yatinmanerkar,Yatin Manerkar,Yatin A. Manerkar,automatic: exact name -> one OpenAlex author ID,use_in_main_panel,openalex_author_id,False,exact_name_one_openalex_author_id,GREEN,Layer 1,Yatin A. Manerkar,A5027050350,0000-0002-6954-2292,0000-0002-6954-2292,Yatin A. Manerkar,A5027050350,,,,,,,
yingfeixiong,Yingfei Xiong,Yingfei Xiong,automatic: exact name -> one OpenAlex author ID,use_in_main_panel,openalex_author_id,False,exact_name_one_openalex_author_id,YELLOW,Layer 1,Yingfei Xiong,A5100712724,0000-0001-8991-747X,,Yingfei Xiong,A5100712724,,,,,,,
yizhouzhang,Yizhou Zhang,Yizhou Zhang,automatic: exact name -> one OpenAlex author ID,use_in_main_panel,openalex_author_id,False,exact_name_one_openalex_author_id,YELLOW,Layer 1,Yizhou Zhang,A5100643391,0000-0002-8206-4694,,Yizhou Zhang,A5100643391,,,,,,,
youyoucong,Youyou Cong,Youyou Cong,automatic: exact name -> one OpenAlex author ID,use_in_main_panel,openalex_author_id,False,exact_name_one_openalex_author_id,GREEN,Layer 1,Youyou Cong,A5079543555,0000-0003-2315-6182,0000-0003-2315-6182,Youyou Cong,A5079543555,,,,,,,
yudavidliu,Yu David Liu,Yu David Liu,automatic: exact name -> one OpenAlex author ID,use_in_main_panel,openalex_author_id,False,exact_name_one_openalex_author_id,GREEN,Layer 1,Yu David Liu,A5068471814,0000-0002-2768-3898,0000-0002-2768-3898,Yu David Liu,A5068471814,,,,,,,
yuepengwang,Yuepeng Wang,Yuepeng Wang,automatic but ambiguous: exact name -> multiple OpenAlex IDs,use_in_main_panel_with_name_based_flag,ambiguous_name_match,True,exact_name_multiple_openalex_author_ids,RED,Layer 2,Yuepeng Wang,,,,Yuepeng Wang,A5024695395; A5101979875,,,,,,,
yufeiding,Yufei Ding,Yufei Ding,automatic: exact name -> one OpenAlex author ID,use_in_main_panel,openalex_author_id,False,exact_name_one_openalex_author_id,YELLOW,Layer 1,Yufei Ding,A5048052285,0000-0002-8716-5793,,Yufei Ding,A5048052285,,,,,,,
yufeng,Yu Feng,Yu Feng,automatic but ambiguous: exact name -> multiple OpenAlex IDs,use_in_main_panel_with_name_based_flag,ambiguous_name_match,True,exact_name_multiple_openalex_author_ids,RED,Layer 2,Yu Feng,,,,Yu Feng,A5070410939; A5071856444; A5101567136,,,,,,,
yukiyoshikameyama,Yukiyoshi Kameyama,Yukiyoshi Kameyama,automatic: exact name -> one OpenAlex author ID,use_in_main_panel,openalex_author_id,False,exact_name_one_openalex_author_id,GREEN,Layer 1,Yukiyoshi Kameyama,A5052312242,0000-0002-2693-5133,0000-0002-2693-5133,Yukiyoshi Kameyama,A5052312242,,,,,,,
yuleisui,Yulei Sui,Yulei Sui,automatic: exact name -> one OpenAlex author ID,use_in_main_panel,openalex_author_id,False,exact_name_one_openalex_author_id,YELLOW,Layer 1,Yulei Sui,A5053058502,0000-0002-9510-6574,,Yulei Sui,A5053058502,,,,,,,
yunhuizheng,Yunhui Zheng,Yunhui Zheng,automatic: exact name -> one OpenAlex author ID,use_in_main_panel,openalex_author_id,False,exact_name_one_openalex_author_id,YELLOW,Layer 1,Yunhui Zheng,A5039824895,0000-0002-6794-3199,,Yunhui Zheng,A5039824895,,,,,,,
zacharykincaid,Zachary Kincaid,Zachary Kincaid,automatic: exact name -> one OpenAlex author ID,use_in_main_panel,openalex_author_id,False,exact_name_one_openalex_author_id,YELLOW,Layer 1,Zachary Kincaid,A5041698482,0000-0002-7294-9165,,Zachary Kincaid,A5041698482,,,,,,,
zacharytatlock,Zachary Tatlock,Zachary Tatlock,automatic: exact name -> one OpenAlex author ID,use_in_main_panel,openalex_author_id,False,exact_name_one_openalex_author_id,YELLOW,Layer 1,Zachary Tatlock,A5042187082,0000-0002-4731-0124,0000-0002-4731-0124,Zachary Tatlock,A5042187082,,,,,,,
zenaariola,Zena M. Ariola,Zena M. Ariola,automatic: exact name -> one OpenAlex author ID,use_in_main_panel,openalex_author_id,False,exact_name_one_openalex_author_id,GREEN,Layer 1,Zena M. Ariola,A5064696313,0000-0001-5551-8294,0000-0001-5551-8294,Zena M. Ariola,A5064696313,,,,,,,
zhendongsu,Zhendong Su,Zhendong Su,automatic but ambiguous: exact name -> multiple OpenAlex IDs,use_in_main_panel_with_name_based_flag,ambiguous_name_match,True,exact_name_multiple_openalex_author_ids,RED,Layer 2,Zhendong Su,,0000-0002-2970-1391,,Zhendong Su,A5077610917; A5109597801,,,,,,,
zhengzhang,Zheng Zhang,Eddy (Zheng) Zhang,name-only: exact/mapped cited-author name but no OpenAlex ID,use_in_main_panel_with_name_based_flag,name_only_match,True,name_not_found_in_referenced_authors,RED,Layer 2,,,,,,,,,,,,,
zhenjianghu,Zhenjiang Hu,Zhenjiang Hu,automatic but ambiguous: exact name -> multiple OpenAlex IDs,use_in_main_panel_with_name_based_flag,ambiguous_name_match,True,exact_name_multiple_openalex_author_ids,RED,Layer 2,Zhenjiang Hu,,0000-0002-9034-205X,,Zhenjiang Hu,A5010096754; A5102717988,,,,,,,
zhihaojia1,Zhihao Jia,Zhihao Jia,automatic but ambiguous: exact name -> multiple OpenAlex IDs,use_in_main_panel_with_name_based_flag,ambiguous_name_match,True,exact_name_multiple_openalex_author_ids,RED,Layer 2,Zhihao Jia,,,,Zhihao Jia,A5039360973; A5062437461,,,,,,,
zhiqiangzuo,Zhiqiang Zuo,Zhiqiang Zuo,automatic but ambiguous: exact name -> multiple OpenAlex IDs,use_in_main_panel_with_name_based_flag,ambiguous_name_match,True,exact_name_multiple_openalex_author_ids,RED,Layer 2,Zhiqiang Zuo,,,,Zhiqiang Zuo,A5037713727; A5067825173,,,,,,,
zhongshao,Zhong Shao,Zhong Shao,automatic: exact name -> one OpenAlex author ID,use_in_main_panel,openalex_author_id,False,exact_name_one_openalex_author_id,YELLOW,Layer 1,Zhong Shao,A5070627140,0000-0001-8184-7649,,Zhong Shao,A5070627140,,,,,,,
zhoulaifu,Zhoulai Fu,Zhoulai Fu,automatic: exact name -> one OpenAlex author ID,use_in_main_panel,openalex_author_id,False,exact_name_one_openalex_author_id,GREEN,Layer 1,Zhoulai Fu,A5089294104,0000-0003-2073-0564,0000-0003-2073-0564,Zhoulai Fu,A5089294104,,,,,,,
zoeparaskevopoulou,Zoe Paraskevopoulou,Zoe Paraskevopoulou,automatic: exact name -> one OpenAlex author ID,use_in_main_panel,openalex_author_id,False,exact_name_one_openalex_author_id,GREEN,Layer 1,Zoe Paraskevopoulou,A5011183925,0009-0001-2352-9818,0009-0001-2352-9818,Zoe Paraskevopoulou,A5011183925,,,,,,,
zvonimirrakamaric,Zvonimir Rakamaric,Zvonimir Rakamaric,automatic: exact name -> one OpenAlex author ID,use_in_main_panel,openalex_author_id,False,exact_name_one_openalex_author_id,GREEN,Layer 1,Zvonimir Rakamarić,A5021217615,0000-0001-7946-0162,0000-0001-7946-0162,Zvonimir Rakamarić,A5021217615,,,,,,,
