title_key,n_openalex_work_ids,representative_title,work_ids,years,exploded_author_rows
tools and algorithms for the construction and analysis of systems,15,Tools and Algorithms for the Construction and Analysis of Systems,W1639713563; W1662203549; W2487425287; W2490811891; W2493946278; W2499905456; W2799644178; W2904270376; W2904982962; W3032952463; W4302078184; W4302155065; W4366379428; W4393943383; W4410034306,"1998, 2001, 2009, 2010, 2011, 2012, 2015, 2016, 2017, 2018, 2019, 2021, 2023, 2024, 2025",114
introduction to algorithms,12,Introduction to Algorithms,W2752573522; W2752885492; W2946046356; W3019365222; W3145128584; W3183881215; W4210727445; W4233225156; W4246219036; W4255405898; W4372046852; W7029321148,"1990, 1991, 1996, 2005, 2008, 2009, 2018, 2020, 2021, 2023",97
computer aided verification,12,Computer Aided Verification,W2238621239; W2496887306; W2498950568; W2499720498; W2504797558; W3151801563; W333239218; W4211190311; W4231545092; W4299694611; W4300004495; W4412544302,"1993, 1999, 2006, 2010, 2014, 2015, 2016, 2017, 2021, 2025",30
programming languages and systems,11,Programming Languages and Systems,W1587388778; W1611801415; W2490124688; W2491912653; W2493168904; W2611899580; W4226316596; W4388917161; W4403844439; W4410041842; W6959300197,"2006, 2009, 2010, 2012, 2014, 2016, 2022, 2023, 2024, 2025",68
the coq proof assistant,11,The Coq Proof Assistant,W4205631450; W6893240590; W6893793464; W6893957906; W6912190407; W6912435185; W6931325406; W6931651971; W6967597849; W6968821612; W6968929699,"2018, 2019, 2020, 2021, 2022, 2023, 2024",32
foundations of software science and computation structures,8,Foundations of Software Science and Computation Structures,W2136038607; W2476467509; W2487685844; W2489340449; W2504714231; W2796377482; W2954733742; W4409970543,"1999, 2002, 2006, 2013, 2018, 2019, 2023, 2025",37
experience report,7,Experience report,W2044948261; W2076015358; W2076668269; W2104644663; W2810740094; W4242465446; W4248114214,"2009, 2010, 2012, 2013, 2014, 2018",32
brief announcement,6,Brief announcement,W2009454615; W2098297530; W2470481370; W2738549499; W2809017009; W2809417046,"2012, 2014, 2016, 2017, 2018",85
probability and measure,6,Probability and Measure.,W2056099894; W2188564768; W4298443330; W4300577719; W4302114916; W616791181,"1983, 1987, 1996, 2009, 2010",24
dynamo,5,Dynamo,W2072737419; W2153704625; W4231002400; W4232576303; W4249823756,"2000, 2007, 2011",171
grace,5,GRace,W2117444998; W2145087641; W2149686793; W3163798569; W4249224771,"2009, 2011, 2012",44
transactional memory,5,Transactional memory,W2113751407; W2340530615; W2955325419; W4244083566; W4298077439,"1993, 2007, 2008, 2010",35
typed lambda calculi and applications,5,Typed Lambda Calculi and Applications,W1551845476; W2492925914; W2496237713; W4230690659; W4290007157,"1995, 2001, 2007, 2009, 2011",22
trends in functional programming,5,Trends in Functional Programming,W4205435528; W4290977268; W4406166094; W606382780; W78774630,"2013, 2016, 2019, 2021, 2025",19
distributed algorithms,5,Distributed Algorithms,W2762951336; W3106753174; W4214885550; W4376598654; W7056210342,"1988, 1991, 1996, 2007, 2017",16
practical aspects of declarative languages,5,Practical Aspects of Declarative Languages,W175992194; W2477687312; W2482434465; W2489015453; W4302790834,"2000, 2005, 2007, 2010, 2011",14
cirq,5,Cirq,W6892474053; W6892755627; W6912699698; W6912769805; W6969089189,"2021, 2022, 2023, 2024, 2025",9
combinatorial sketching for finite programs,4,Combinatorial sketching for finite programs,W2149236697; W2997049506; W3008793775; W3022427679,2006,455
nv heaps,4,NV-Heaps,W2150662965; W4205643817; W4244155122; W4254305400,"2011, 2012",196
scaling up superoptimization,4,Scaling up Superoptimization,W2330908417; W4229517606; W4235240618; W4251429682,2016,128
mnemosyne,4,Mnemosyne,W2113637091; W4229634447; W4241595689; W4241729479,"2011, 2012",87
weak ordering a new definition,4,Weak ordering—a new definition,W2152390090; W3004250778; W4206635466; W4229517165,"1990, 1998, 2002",48
automatic generation of peephole superoptimizers,4,Automatic generation of peephole superoptimizers,W2160145830; W3004705163; W3024487921; W4211105367,2006,42
failure atomic persistent memory updates via justdo logging,4,Failure-Atomic Persistent Memory Updates via JUSTDO Logging,W2318717892; W4231807366; W4235013433; W4241849989,2016,39
tardis,4,Tardis,W2168086664; W2168607538; W2440548006; W4236063690,"2014, 2015, 2016",34
preface,4,Preface,W2403093584; W4211067849; W4247695068; W6940759669,"2001, 2003, 2007, 2013",30
model checking,4,Model checking,W2166422915; W2340735175; W2913459036; W4242741415,"1996, 1997, 1999, 2009",23
language support for lightweight transactions,4,Language support for lightweight transactions,W2108204150; W4238611865; W4242949098; W4246251632,"2003, 2014",22
communicating sequential processes,4,Communicating sequential processes,W2110425399; W2176300081; W3144368627; W4211008702,"1978, 1983, 1985",19
functional pearl,4,Functional pearl,W1999260700; W2071866471; W2118502088; W2143934903,"2004, 2009, 2010",17
symbolic model checking,4,Symbolic model checking,W1503170978; W2344671925; W240055707; W4300021588,"1993, 1994, 1996",17
mathematics of program construction,4,Mathematics of Program Construction,W1678891027; W2248636262; W2482291115; W2736692911,"1995, 1998, 2010, 2015",16
theory of linear and integer programming,4,Theory of Linear and Integer Programming,W1963547452; W4233558979; W4298262456; W4301808069,"1987, 2000",16
domain specific languages,4,Domain-specific languages,W2060908487; W2155028447; W260703653; W4319867088,"2000, 2003, 2009, 2023",10
intel threading building blocks,4,Intel® threading building blocks,W160921400; W2498108729; W3016205154; W57462620,"2008, 2015, 2016",10
using redundancies to find errors,4,Using redundancies to find errors,W2108278741; W2146796140; W3010171591; W4249537162,"2002, 2003",10
randomized algorithms,4,Randomized Algorithms,W138321218; W2295428206; W4237476671; W4240897737,"1995, 1996, 2020, 2024",9
syntax guided synthesis,3,Syntax-Guided Synthesis,W1526922602; W2094878426; W2399923814,"2013, 2015",892
finding and understanding bugs in c compilers,3,Finding and understanding bugs in C compilers,W2098456636; W4238083723; W4245487037,"2011, 2012",444
halide,3,Halide,W2055312318; W2780077279; W4251637954,"2013, 2017",384
bringing the web up to speed with webassembly,3,Bringing the web up to speed with WebAssembly,W2625141509; W2901284989; W4232865065,"2017, 2018",333
abstract interpretation,3,Abstract interpretation,W2043100293; W2163563828; W2295244175,"1977, 1996, 2014",268
secure distributed programming with value dependent types,3,Secure distributed programming with value-dependent types,W2147778310; W2154005761; W4240226860,"2011, 2013",222
multiparty asynchronous session types,3,Multiparty asynchronous session types,W2040105559; W2325347394; W3008328790,"2008, 2016",198
chisel,3,Chisel,W1983394510; W2142096775; W4243061752,"2012, 2014",191
compositional shape analysis by means of bi abduction,3,Compositional Shape Analysis by Means of Bi-Abduction,W1992012690; W2154985136; W3015951847,"2009, 2011",188
probabilistic relational reasoning for differential privacy,3,Probabilistic Relational Reasoning for Differential Privacy,W2091015169; W2100877271; W3145555275,"2012, 2013",172
eraser,3,Eraser,W1972544179; W2016323637; W4233730906,1997,170
quickcheck,3,QuickCheck,W2119717320; W4242126179; W4244488020,"2000, 2011",170
stateless model checking for tso and pso,3,Stateless Model Checking for TSO and PSO,W1719093023; W2466104094; W2952092732,"2015, 2016",156
program synthesis using abstraction refinement,3,Program synthesis using abstraction refinement,W2765742677; W2899212285; W2951471155,2017,141
stochastic superoptimization,3,Stochastic superoptimization,W2294628582; W3037855651; W4299968636,2013,138
multivariate amortized resource analysis,3,Multivariate amortized resource analysis,W2073629816; W2137062096; W4242321992,"2011, 2012",126
program synthesis,3,Program Synthesis,W2976890614; W4229675450; W4234222550,2017,126
a randomized scheduler with probabilistic guarantees of finding bugs,3,A randomized scheduler with probabilistic guarantees of finding bugs,W2110852599; W3128783161; W4254906220,2010,124
blame for all,3,Blame for all,W2128496924; W2160241785; W3163012639,"2009, 2011",116
on the naturalness of software,3,On the naturalness of software,W2142403498; W2344444819; W3146720657,"2012, 2016",110
gps,3,GPS,W1969970763; W2168397157; W4245803861,"2013, 2014",104
high performance transactions for persistent memories,3,High-Performance Transactions for Persistent Memories,W2333451476; W4230081539; W4238227173,2016,100
pointer analysis,3,Pointer analysis,W2046699259; W2913068020; W4206770190,"2001, 2015",97
implicitly threaded parallelism in manticore,3,Implicitly threaded parallelism in Manticore,W1994257154; W2107766104; W4244257941,"2008, 2010",96
languages as libraries,3,Languages as libraries,W2101718506; W4235903093; W4244459302,"2011, 2012",95
stochastic invariants for probabilistic termination,3,Stochastic invariants for probabilistic termination,W2548604229; W2950486995; W4301523782,"2016, 2017",93
beginner s luck a language for property based generators,3,Beginner's luck: a language for property-based generators,W2476059279; W2952075001; W3006045359,"2016, 2017",90
making smart contracts smarter,3,Making Smart Contracts Smarter,W2539190473; W2951548499; W3174470544,"2016, 2021",90
fasttrack,3,FastTrack,W2089237839; W2167744164; W4238388226,"2009, 2010",82
an axiomatic basis for computer programming,3,An axiomatic basis for computer programming,W2111706174; W2987907651; W4302049037,"1969, 1983, 2001",81
graspan,3,Graspan,W2604520577; W4237417046; W4247073558,2017,80
valgrind,3,Valgrind,W1514171102; W2156858199; W4239035626,"2003, 2007",80
secure information flow by self composition,3,Secure information flow by self-composition,W2095840868; W2104658241; W4236991443,"2004, 2011",78
learning from mistakes,3,Learning from mistakes,W2101161997; W3009678450; W3023364199,2008,76
testing noninterference quickly,3,"Testing noninterference, quickly",W2159192310; W2329154668; W4250224788,"2013, 2016",75
featherweight java,3,Featherweight Java,W2033348393; W2168986107; W4244464581,"1999, 2001",72
linear dependent types and relative completeness,3,Linear Dependent Types and Relative Completeness,W1966928697; W2095867533; W4298195558,"2011, 2012",72
skeletal program enumeration for rigorous compiler testing,3,Skeletal program enumeration for rigorous compiler testing,W2530895108; W2952139678; W4306749256,"2016, 2017",72
thorn,3,Thorn,W2013449916; W2134720688; W4230441739,2009,72
lightweight modular staging,3,Lightweight modular staging,W2147578933; W2154697693; W2998145234,"2010, 2012",70
soft contract verification,3,Soft contract verification,W2081841061; W3099703838; W4230221903,"2014, 2016",69
operational semantics for multi language programs,3,Operational semantics for multi-language programs,W2014472261; W2020899082; W4245120671,"2007, 2009",68
reasoning about programs in continuation passing style,3,Reasoning about programs in continuation-passing style,W1975575519; W2017274604; W3005174853,"1992, 1993",68
rusthorn chc based verification for rust programs,3,RustHorn: CHC-Based Verification for Rust Programs,W3007744929; W3209913027; W4232182907,"2020, 2021",66
abstractions from proofs,3,Abstractions from proofs,W2151463894; W4212792638; W4254377784,"2004, 2014",64
resources concurrency and local reasoning,3,"Resources, Concurrency and Local Reasoning",W2121405115; W2132761501; W4233381151,"2004, 2007",62
abstracting abstract machines,3,Abstracting abstract machines,W2013885073; W2077255408; W2953057551,"2010, 2011",60
denali,3,Denali,W1977279860; W2150871888; W4235668804,"2002, 2006",60
verifying quantitative reliability for programs that execute on unreliable hardware,3,Verifying quantitative reliability for programs that execute on unreliable hardware,W2105544671; W2492105651; W4236934668,"2013, 2016",60
verifying strong eventual consistency in distributed systems,3,Verifying strong eventual consistency in distributed systems,W2727092525; W3123835709; W3161948876,2017,60
merlin,3,Merlin,W2021234005; W2113709047; W4248587618,"2009, 2014",58
blame and coercion together again for the first time,3,Blame and coercion: together again for the first time,W2088295995; W3000266772; W3205670054,"2015, 2021",57
algebraic decision diagrams and their applications,3,Algebraic Decision Diagrams and Their Applications,W2047650874; W2167435507; W4246239274,"1993, 1997, 2002",56
threesomes with and without blame,3,"Threesomes, with and without blame",W2034355944; W2123171027; W4213243340,"2009, 2010",56
a modal analysis of staged computation,3,A modal analysis of staged computation,W1988177568; W2029408547; W4238059151,"1996, 1999, 2001",52
bi as an assertion language for mutable data structures,3,BI as an assertion language for mutable data structures,W1974265510; W4243994983; W4256027310,"2001, 2011",50
satisfiability modulo theories,3,Satisfiability Modulo Theories,W1481397690; W2137351629; W4407878857,"2009, 2011, 2018",48
locksmith,3,LOCKSMITH,W2045238089; W2158449625; W4249000722,"2006, 2011",45
algorithms for algebraic path properties in concurrent systems of constant treewidth components,3,Algorithms for algebraic path properties in concurrent systems of constant treewidth components,W1821417028; W2880875791; W2949740838,"2016, 2018",44
on thin air reads towards an event structures model of relaxed memory,3,On Thin Air Reads Towards an Event Structures Model of Relaxed Memory,W2531502343; W2944209509; W2950964822,"2016, 2017, 2019",42
thread scheduling for multiprogrammed multiprocessors,3,Thread Scheduling for Multiprogrammed Multiprocessors,W1965708711; W2098147619; W4237877977,"1998, 2001",42
quantum computation and quantum information,3,Quantum computation and quantum information,W2170608991; W2764347725; W2990961515,"2001, 2007, 2012",41
safe zero cost coercions for haskell,3,Safe zero-cost coercions for Haskell,W2106226553; W2500959965; W4255629562,"2014, 2016",40
separating sessions smoothly,3,Separating Sessions Smoothly,W3163410185; W3193512299; W4287179812,"2021, 2023",40
abstraction guided synthesis of synchronization,3,Abstraction-guided synthesis of synchronization,W2069284995; W2122735631; W3216885170,"2010, 2012",39
newtonian program analysis via tensor product,3,Newtonian program analysis via tensor product,W2289508293; W2600895373; W4239564484,"2016, 2017",39
non parametric parametricity,3,Non-parametric parametricity,W2112121519; W2634443969; W4232387295,"2009, 2011",39
aeneas rust verification by functional translation,3,Aeneas: Rust verification by functional translation,W4283019774; W6912785687; W6929368195,2022,38
modular higher order cardinality analysis in theory and practice,3,"Modular, higher-order cardinality analysis in theory and practice",W2038401271; W2573436692; W4234739870,"2014, 2017",38
revised report on the algorithmic language algol 60,3,Revised report on the algorithmic language ALGOL 60,W2029785386; W2104416102; W2171727886,"1963, 1997",38
green,3,Green,W1990880047; W2114703523; W4238977659,"2010, 2012",37
dynamic witnesses for static type errors or ill typed programs usually go wrong,3,"Dynamic witnesses for static type errors (or, Ill-Typed Programs Usually Go Wrong)",W2804829712; W2953389284; W2996075572,"2016, 2018",36
efficient on the fly data race detection in multithreaded c programs,3,Efficient on-the-fly data race detection in multithreaded C++ programs,W1487375638; W2072419942; W3091178001,"2003, 2004",36
how to make ad hoc proof automation less ad hoc,3,How to make ad hoc proof automation less ad hoc,W2086221190; W2137076681; W4214826241,"2011, 2013",36
propositions as sessions,3,Propositions as sessions,W2138552902; W2153557668; W3005030212,"2012, 2014",36
precise subtyping for synchronous multiparty sessions,3,Precise subtyping for synchronous multiparty sessions,W2259090870; W2908355402; W2963326822,"2016, 2018",35
software transactional memory,3,Software transactional memory,W2045506295; W2092911542; W2769656678,"1995, 1997, 2008",33
a weakest pre expectation semantics for mixed sign expectations,3,A weakest pre-expectation semantics for mixed-sign expectations,W2605302905; W2949292350; W4292718140,2017,32
directed incremental symbolic execution,3,Directed Incremental Symbolic Execution,W2006860739; W2152565783; W4236799059,"2011, 2014",32
on the preciseness of subtyping in session types,3,On the Preciseness of Subtyping in Session Types,W2023127104; W2754865860; W2949178056,"2014, 2016, 2017",32
type and effect systems,3,Type and Effect Systems,W1558848517; W4238056673; W4248393243,1999,32
facade,3,FACADE,W2160768644; W2610299746; W4237645174,"2015, 2017",31
ccured,3,CCured,W2140611647; W4234020632; W4243885711,"2002, 2012",30
encore,3,Encore,W1982901858; W2042777048; W2130136915,"2011, 2014, 2015",30
vst a a foundationally sound annotation verifier,3,VST-A: A Foundationally Sound Annotation Verifier,W2972221491; W4390603519; W6967964281,"2019, 2023, 2024",30
games and strategies as event structures,3,Games and Strategies as Event Structures,W2537740402; W2571881501; W3104865824,"2016, 2017",28
improving neural network verification through spurious region guided refinement,3,Improving Neural Network Verification through Spurious Region Guided Refinement,W3092751871; W3147451797; W4298208958,"2020, 2021",28
precise widening operators for convex polyhedra,3,Precise Widening Operators for Convex Polyhedra,W3029115295; W4212935551; W4239558088,"2003, 2005",28
space profiling for parallel functional programs,3,Space profiling for parallel functional programs,W2149678462; W2167571567; W4231827376,"2008, 2010",28
from clarity to efficiency for distributed algorithms,3,From clarity to efficiency for distributed algorithms,W2096274181; W2617632007; W4248355514,"2012, 2017",27
s2e,3,S2E,W2137530017; W4244413641; W4244700344,2011,27
a data locality optimizing algorithm,3,A data locality optimizing algorithm,W2119609467; W4234392772; W4238109388,"1991, 2004",26
coredet,3,CoreDet,W2158794422; W4230574494; W4235385348,2010,25
on lexicographic proof rules for probabilistic termination,3,On Lexicographic Proof Rules for Probabilistic Termination,W3189389740; W3216994895; W4287028489,"2021, 2023",25
programming by demonstration for long horizon robot tasks,3,Programming-by-Demonstration for Long-Horizon Robot Tasks,W4375870244; W6894163877; W6948101663,"2023, 2024",25
a hardware design language for timing sensitive information flow security,3,A Hardware Design Language for Timing-Sensitive Information-Flow Security,W2116469687; W4238698725; W4247198503,2015,24
alloy a general purpose higher order relational constraint solver,3,Alloy*: A General-Purpose Higher-Order Relational Constraint Solver,W2139553864; W2582748022; W4245822332,"2015, 2017",24
data races vs data race bugs,3,Data races vs. data race bugs,W2162630235; W3010635687; W4246334639,2012,24
everything you always wanted to know about compiled and vectorized queries but were afraid to ask,3,Everything You Always Wanted to Know About Compiled and Vectorized Queries But Were Afraid to Ask,W2897173745; W3136655632; W4244768633,2018,24
linear capabilities for fully abstract compilation of separation logic verified code,3,Linear capabilities for fully abstract compilation of separation-logic-verified code,W2966793605; W3033665586; W3151508267,"2019, 2021",24
on the termination problem for probabilistic higher order recursive programs,3,On the Termination Problem for Probabilistic Higher-Order Recursive Programs,W2900311562; W2965667013; W4288079620,"2019, 2020",24
polymage,3,PolyMage,W2084917734; W4254778071; W4255653201,2015,24
program slicing,3,Program Slicing,W2293624369; W2913256667; W4241211222,"1981, 1984, 1996",24
respec,3,Respec,W2100889285; W3136721778; W4250276807,2010,24
semantics of transactional memory and automatic mutual exclusion,3,Semantics of transactional memory and automatic mutual exclusion,W2086512828; W2126484338; W3005952541,"2008, 2011",24
the octagon abstract domain,3,The octagon abstract domain,W2142481893; W2987077139; W3158747708,"2001, 2002, 2006",24
superoptimizer a look at the smallest program,3,Superoptimizer: a look at the smallest program,W2114012357; W3006102157; W4301666354,1987,23
a calculus for overloaded functions with subtyping,3,A Calculus for Overloaded Functions with Subtyping,W1994181029; W2161064529; W2998595502,"1992, 1995",21
categories for the working mathematician,3,Categories for the Working Mathematician,W2120713972; W2574983198; W4210839962,"1971, 1974, 1978",21
dynamic logic,3,Dynamic Logic,W4211125366; W4231430632; W4239007999,"2000, 2001",21
pads,3,PADS,W1990751139; W2113145044; W4246839229,"2005, 2006",21
separation and information hiding,3,Separation and information hiding,W2080769562; W2130111506; W4237593520,"2004, 2009",21
a knowledge compilation map,3,A Knowledge Compilation Map,W2105197197; W2999916861; W3099451540,2002,20
fast,3,Fast,W2000356331; W2103237321; W4243192843,"2014, 2015",20
understanding integer overflow in c c,3,Understanding Integer Overflow in C/C++,W2168096831; W2621026180; W3142903977,"2012, 2015",20
a combination framework for complexity,3,A combination framework for complexity,W148448369; W2247087096; W2952181553,"2013, 2016",18
an experimental analysis of self adjusting computation,3,An experimental analysis of self-adjusting computation,W2023614281; W2171901695; W4235858940,"2006, 2009",18
intensional polymorphism in type erasure semantics,3,Intensional polymorphism in type-erasure semantics,W1974398164; W2024398154; W3009279359,"1998, 2002",18
interprocedural constant propagation,3,Interprocedural constant propagation,W1977606188; W4235258810; W4242680074,"1986, 1993",18
monte carlo statistical methods,3,Monte Carlo Statistical Methods,W1985093013; W4292403327; W4292691288,"1999, 2000, 2004",18
regular expression types for xml,3,Regular expression types for XML,W2072137506; W2157821258; W3014278192,"2000, 2005",18
the elements of statistical learning,3,The Elements of Statistical Learning,W1480376833; W2787894218; W4298304654,"2001, 2009",18
trace theory,3,Trace theory,W2912084748; W2913202392; W4232306982,"1986, 1987",17
a kripke logical relation for effect based program transformations,3,A kripke logical relation for effect-based program transformations,W2036967823; W2461817804; W4244977193,"2011, 2016",16
an on the fly reference counting garbage collector for java,3,An on-the-fly reference counting garbage collector for Java,W2062730511; W2079043385; W2997887244,"2001, 2006",16
armor,3,ArMOR,W2086023529; W2138538875; W4234406920,"2011, 2015",16
communication and concurrency,3,Communication and Concurrency,W1503973138; W258022877; W88975855,"1989, 1990, 1991",16
nested session types,3,Nested Session Types,W3094570300; W3149247157; W4285489720,"2021, 2022",16
symbolic algorithms for language equivalence and kleene algebra with tests,3,Symbolic Algorithms for Language Equivalence and Kleene Algebra with Tests,W1975315464; W3015661654; W6922314710,"2014, 2015",16
call by name gradual type theory,3,Call-by-name Gradual Type Theory,W2787703111; W2963037676; W3095937340,"2018, 2020",14
classification and regression trees,3,Classification and Regression Trees.,W3085162807; W4237372041; W4297957988,"1986, 2009, 2017",14
languages and compilers for parallel computing,3,Languages and Compilers for Parallel Computing,W3009729791; W3146312719; W4300907407,"2015, 2019, 2022",14
capri,3,CApRI,W2152505265; W4234611484; W4283362440,"2014, 2022",13
control flow analysis,3,Control flow analysis,W2004944457; W2127637733; W4238983745,"1970, 1995",13
markov decision processes discrete stochastic dynamic programming,3,Markov Decision Processes: Discrete Stochastic Dynamic Programming.,W2119567691; W4233840023; W4298023569,1995,13
a method for obtaining digital signatures and public key cryptosystems,3,A method for obtaining digital signatures and public-key cryptosystems,W1996360405; W4232836212; W4248305857,"1978, 1983",12
a temporal logic approach to binding time analysis,3,A temporal-logic approach to binding-time analysis,W2134291411; W2354429974; W2601109700,"1995, 2002, 2017",12
certifying data in multiparty session types,3,Certifying data in multiparty session types,W2460202555; W3023979312; W4212940261,2016,12
checking type safety of foreign function calls,3,Checking type safety of foreign function calls,W1973020382; W2159388995; W4232645513,"2005, 2008",12
computational geometry,3,Computational Geometry,W2911302472; W4214494916; W4251391716,"1985, 1997, 2008",12
dynamic program slicing,3,Dynamic program slicing,W1984248430; W2110066339; W4231040899,"1988, 1990",12
dynamic software updating,3,Dynamic software updating,W2040015657; W2047401676; W4250201092,"2001, 2005",12
handbook of mathematical functions with formulas graphs and mathematical tables,3,"Handbook of Mathematical Functions with Formulas, Graphs and Mathematical Tables.",W2313299119; W2801179766; W4300223101,1965,12
model checking of correctness conditions for concurrent objects,3,Model-checking of correctness conditions for concurrent objects,W2149426263; W2672830324; W3216348976,"2000, 2002",12
the art of computer programming,3,The Art of Computer Programming,W2752061190; W2752853835; W2752908210,"1968, 1970",12
induction of decision trees,3,Induction of Decision Trees,W2149706766; W3139831614; W4236137412,"1986, 2003",11
a preliminary architecture for a basic data flow processor,3,A preliminary architecture for a basic data-flow processor,W2137380783; W4239997146; W4246838776,"1974, 1975, 1998",10
bayesian data analysis,3,Bayesian Data Analysis,W1999060469; W2045656233; W2501073849,"1995, 2009, 2010",10
bounded synthesis,3,Bounded synthesis,W2913192371; W4241616303; W4253380258,"2007, 2012",10
cost recurrences for dml programs,3,Cost recurrences for DML programs,W1980177715; W2998897849; W4237407359,2001,10
hamiltonian simulation using linear combinations of unitary operations,3,Hamiltonian simulation using linear combinations of unitary operations,W2600825956; W2963652075; W6910414955,2012,10
neural networks and deep learning,3,Neural Networks and Deep Learning,W2604990696; W2896556344; W3143855017,"2018, 2021, 2022",10
stochastic relaxation gibbs distributions and the bayesian restoration of images,3,"Stochastic relaxation, Gibbs distributions, and the Bayesian restoration of images",W161217653; W2020999234; W4241385190,"1984, 1987, 1988",10
type inference with subtypes,3,Type inference with subtypes,W1703087989; W2041659737; W4246881098,"1988, 1990",10
checking robustness between weak transactional consistency models,3,Checking Robustness Between Weak Transactional Consistency Models,W3122018842; W3139989314; W4287371501,2021,9
markov chains and stochastic stability,3,Markov Chains and Stochastic Stability,W1995713768; W267488415; W4302617909,"1993, 2007, 2009",9
network stack specialization for performance,3,Network stack specialization for performance,W2133987956; W2139367291; W4246595290,"2013, 2014",9
synthesizing transformations for locality enhancement of imperfectly nested loop nests,3,Synthesizing transformations for locality enhancement of imperfectly-nested loop nests,W2046351222; W2212640437; W4238611010,"2000, 2001, 2014",9
a complete co inductive syntactic theory of sequential control and state,3,"A Complete, Co-inductive Syntactic Theory of Sequential Control and State",W2099116867; W2100747331; W4230665378,"2007, 2009",8
exploratory data analysis,3,Exploratory Data Analysis,W2319794630; W2796353643; W3016054986,"1977, 1978, 1979",8
generation scavenging,3,Generation Scavenging,W2158364508; W4231060654; W4248121615,1984,8
introduction to modern cryptography,3,Introduction to Modern Cryptography,W1892798954; W4300349690; W4410352943,"2007, 2014, 2025",8
limitations of partial compaction,3,Limitations of partial compaction,W2035384491; W2591862005; W3183220139,"2013, 2017",8
monadic regions,3,Monadic regions,W2295162339; W2913305528; W4235392789,"2004, 2006",8
monte carlo sampling methods using markov chains and their applications,3,Monte Carlo sampling methods using Markov chains and their applications,W2138309709; W4246464108; W4388320658,"1970, 2001",8
rigorous benchmarking in reasonable time,3,Rigorous benchmarking in reasonable time,W2013901208; W3007762348; W4244520147,2013,8
frontiers of combining systems,3,Frontiers of Combining Systems,W2749429874; W2895500577; W4205914269,"1996, 2005, 2017",7
algebra and coalgebra in computer science,3,Algebra and Coalgebra in Computer Science,W196547133; W2484788748; W2806445177,"2009, 2011, 2013",6
automata and computability,3,Automata and Computability,W1563342424; W4246777216; W4299138792,"1977, 1997, 2019",6
automated verification of practical garbage collectors,3,Automated verification of practical garbage collectors,W2137484994; W2950302512; W3023729334,"2009, 2010",6
language oriented programming,3,Language-Oriented Programming,W277828896; W300550493; W4250612636,"2007, 2009, 2016",6
learning bayesian networks,3,Learning Bayesian Networks,W2080828514; W4248700314; W4300995828,"2005, 2007, 2017",6
meta programming through typeful code representation,3,Meta-programming through typeful code representation,W2120146214; W2137232178; W3163654609,"2003, 2005",6
decidability of second order theories and automata on infinite trees,3,Decidability of second-order theories and automata on infinite trees,W1965611063; W2162583406; W4240244556,"1968, 1969",5
dual context calculi for modal logic,3,Dual-Context Calculi for Modal Logic,W2578225362; W3099174632; W4409121885,"2017, 2020",5
hilbert s tenth problem,3,Hilbert's tenth problem,W2049207136; W2107308446; W649764538,"1975, 1995",5
pattern recognition and machine learning,3,Pattern Recognition and Machine Learning,W2009086942; W2037855648; W4411487126,"1963, 2007, 2025",5
programming pearls,3,Programming pearls,W1499824048; W1897795992; W1958582444,"1985, 1986",5
recursive structures for standard ml,3,Recursive structures for standard ML,W2102976859; W4233881619; W4255428192,"2001, 2012",5
approximation algorithms,3,Approximation Algorithms,W2611804663; W4230573295; W4300550233,"2000, 2003, 2011",4
principles of programming languages,3,Principles of Programming Languages,W1558824830; W2970659527; W3208714696,"2005, 2009, 2014",4
term rewriting systems,3,Term rewriting systems,W2126018011; W4388310154; W598205067,"1990, 1992, 2003",4
usability engineering,3,Usability Engineering,W2342091124; W4235855608; W4406284336,"1993, 1997, 2024",4
linear programming,3,Linear Programming,W4237397831; W4254191750; W4255863451,"2007, 2013, 2020",3
qiskit an open source framework for quantum computing,2,Qiskit: An Open-source Framework for Quantum Computing,W3209612530; W6912284476,2019,1974
the dacapo benchmarks,2,The DaCapo benchmarks,W2166091242; W3005566493,2006,1520
scipy 1 0 fundamental algorithms for scientific computing in python,2,SciPy 1.0: fundamental algorithms for scientific computing in Python,W3003257820; W3103145119,"2019, 2020",1155
array programming with numpy,2,Array programming with NumPy,W3035965352; W3099878876,2020,910
iris,2,Iris,W2147323041; W4239797127,"2014, 2015",819
dependent types and multi monadic effects in f,2,Dependent types and multi-monadic effects in F*,W2267469130; W3121106327,2016,792
quantum supremacy using a programmable superconducting processor,2,Quantum supremacy using a programmable superconducting processor,W2982169647; W3101479050,2019,693
in datacenter performance analysis of a tensor processing unit,2,In-Datacenter Performance Analysis of a Tensor Processing Unit,W2606722458; W2953212265,2017,608
sel4,2,seL4,W2076409494; W2136310957,"2009, 2010",598
tensorflow a system for large scale machine learning,2,TensorFlow: a system for large-scale machine learning,W2402144811; W2953384591,2016,440
mathematizing c concurrency,2,Mathematizing C++ concurrency,W2138074470; W4234066571,2011,425
ironfleet,2,IronFleet,W2091776255; W2732888418,"2015, 2017",408
deep specifications and certified abstraction layers,2,Deep Specifications and Certified Abstraction Layers,W2095770127; W3139619551,"2014, 2015",368
verdi a framework for implementing and formally verifying distributed systems,2,Verdi: a framework for implementing and formally verifying distributed systems,W2167814583; W4241316177,2015,364
flowdroid,2,FlowDroid,W2166743230; W4244726870,2014,360
certified concurrent abstraction layers,2,Certified concurrent abstraction layers,W2798365728; W4245180599,2018,342
retrofitting effect handlers onto ocaml,2,Retrofitting effect handlers onto OCaml,W3149432941; W3170236839,2021,324
refinement types for haskell,2,Refinement types for Haskell,W2045900383; W4239433846,2014,320
component based synthesis of table consolidation and transformation tasks from examples,2,Component-based synthesis of table consolidation and transformation tasks from examples,W2550471858; W2953054522,2017,305
repairing sequential consistency in c c 11,2,Repairing sequential consistency in C/C++11,W2626631502; W3011851329,2017,300
scikit learn machine learning in python,2,Scikit-learn: Machine Learning in Python,W2101234009; W2997591727,"2011, 2012",293
a promising semantics for relaxed memory concurrency,2,A promising semantics for relaxed-memory concurrency,W2564852534; W3024303244,"2016, 2017",285
synthesizing data structure transformations from input output examples,2,Synthesizing data structure transformations from input-output examples,W2093535699; W4253977062,2015,276
program synthesis from polymorphic refinement types,2,Program synthesis from polymorphic refinement types,W1858945639; W2949895386,2016,267
simplifying arm concurrency multicopy atomic axiomatic and operational models for armv8,2,Simplifying ARM concurrency: multicopy-atomic axiomatic and operational models for ARMv8,W2769194423; W2898839952,"2017, 2018",264
cakeml,2,CakeML,W2006731094; W4240497447,2014,252
higher order ghost state,2,Higher-order ghost state,W2509578035; W3049422318,2016,248
behavioral types in programming languages,2,Behavioral Types in Programming Languages,W2490211961; W4205907492,2016,247
retrofitting parallelism onto ocaml,2,Retrofitting parallelism onto OCaml,W3019259517; W3122002490,2020,243
the essence of compiling with continuations,2,The essence of compiling with continuations,W2073904768; W4252567017,1993,232
a static analyzer for large safety critical software,2,A static analyzer for large safety-critical software,W2170736936; W3100198463,2003,224
trace based just in time type specialization for dynamic languages,2,Trace-based just-in-time type specialization for dynamic languages,W2116136092; W4237352773,2009,224
interactive proofs in higher order concurrent separation logic,2,Interactive proofs in higher-order concurrent separation logic,W2562833768; W3119885031,"2016, 2017",222
netkat,2,NetKAT,W2130210899; W4233126987,2014,217
test case reduction for c compiler bugs,2,Test-case reduction for C compiler bugs,W2155877593; W3005142042,2012,216
liquid types,2,Liquid types,W2295923951; W4239420709,2008,210
dart,2,DART,W2096449544; W4237492309,2005,204
region based memory management in cyclone,2,Region-based memory management in cyclone,W1981962444; W3033992392,2002,204
tvm an automated end to end optimizing compiler for deep learning,2,TVM: an automated end-to-end optimizing compiler for deep learning,W2804032941; W2949251082,2018,204
component based synthesis for complex apis,2,Component-based synthesis for complex APIs,W2561055248; W4251125603,"2016, 2017",200
transit,2,TRANSIT,W2161159055; W4242239856,2013,198
concurrent abstract predicates,2,Concurrent abstract predicates,W2136739578; W4237730680,2010,195
quipper,2,Quipper,W2160347025; W2952568606,2013,195
a type and effect system for deterministic parallel java,2,A type and effect system for deterministic parallel Java,W2096403564; W4244157805,2009,180
program synthesis using conflict driven learning,2,Program synthesis using conflict-driven learning,W2768510408; W2964240296,2018,180
herding cats,2,Herding cats,W2026161190; W2738891045,2014,177
ivy safety verification by interactive generalization,2,Ivy: safety verification by interactive generalization,W2410019603; W4241197535,2016,175
refinement reflection complete verification with smt,2,Refinement reflection: complete verification with SMT,W2767258384; W2898994572,2017,175
understanding power multiprocessors,2,Understanding POWER multiprocessors,W2111858071; W4240322740,2011,175
spanner,2,Spanner,W2612488340; W3137759927,"2013, 2017",173
a very modal model of a modern major general type system,2,"A very modal model of a modern, major, general type system",W1965602413; W4229652664,2007,172
effective static race detection for java,2,Effective static race detection for Java,W2133662847; W4300810260,2006,171
tiramisu a polyhedral compiler for expressing fast and portable code,2,Tiramisu: a polyhedral compiler for expressing fast and portable code,W2905135312; W2949967139,2019,171
x10,2,X10,W2109065830; W4242946001,2005,168
linear haskell practical linearity in a higher order polymorphic language,2,Linear Haskell: practical linearity in a higher-order polymorphic language,W2766220735; W2898640692,2017,165
synthesis of loop free programs,2,Synthesis of loop-free programs,W2162960800; W4242364663,2011,164
is sound gradual typing dead,2,Is sound gradual typing dead?,W2295415424; W4247072772,2016,162
moving fast with software verification,2,Moving fast with software verification,W4250682300; W777621473,2015,161
views,2,Views,W2150224578; W4255856653,2013,160
demand driven points to analysis for java,2,Demand-driven points-to analysis for Java,W2110833886; W2997088857,2005,156
quantum chemistry in the age of quantum computing,2,Quantum Chemistry in the Age of Quantum Computing,W2906538035; W3099200606,2019,156
sound predictive race detection in polynomial time,2,Sound predictive race detection in polynomial time,W2120476011; W4236306709,2012,155
bridging the gap between programming languages and hardware weak memory models,2,Bridging the gap between programming languages and hardware weak memory models,W2884767181; W3122287721,2019,153
equality saturation,2,Equality saturation,W2152397470; W4246264663,2009,152
taming undefined behavior in llvm,2,Taming undefined behavior in LLVM,W2624178362; W4229901690,2017,152
relational cost analysis,2,Relational cost analysis,W2565334366; W3014043685,"2016, 2017",150
viper a verification infrastructure for permission based reasoning,2,Viper: A Verification Infrastructure for Permission-Based Reasoning,W2294722445; W2785797961,"2015, 2017",150
effective stateless model checking for c c concurrency,2,Effective stateless model checking for C/C++ concurrency,W2778029444; W2899402023,"2017, 2018",148
a verified optimizer for quantum circuits,2,A verified optimizer for Quantum circuits,W2993800728; W4384030121,"2021, 2023",147
compiler validation via equivalence modulo inputs,2,Compiler validation via equivalence modulo inputs,W2170737051; W2997653900,2014,147
scalable verification of probabilistic networks,2,Scalable verification of probabilistic networks,W2939574732; W3100227903,2019,147
synthesizing highly expressive sql queries from input output examples,2,Synthesizing highly expressive SQL queries from input-output examples,W2626990892; W4255584681,2017,147
flashmeta a framework for inductive program synthesis,2,FlashMeta: a framework for inductive program synthesis,W2060610732; W3012572620,2015,146
linear dependent types for differential privacy,2,Linear dependent types for differential privacy,W2027193703; W3013397595,2013,145
verifying higher order programs with the dijkstra monad,2,Verifying higher-order programs with the dijkstra monad,W2008880956; W3211574141,2013,145
a convenient category for higher order probability theory,2,A convenient category for higher-order probability theory,W2573614896; W2949151551,2017,144
pin,2,Pin,W2134633067; W4239813889,2005,144
a practical automatic polyhedral parallelizer and locality optimizer,2,A practical automatic polyhedral parallelizer and locality optimizer,W2034761517; W3151489216,2008,136
a trusted mechanised javascript specification,2,A trusted mechanised JavaScript specification,W2082841864; W4302500405,2014,136
formalizing the llvm intermediate representation for verified program transformations,2,Formalizing the LLVM intermediate representation for verified program transformations,W2167029843; W4298447450,2012,136
modularity for decidability of deductive verification with applications to distributed systems,2,Modularity for decidability of deductive verification with applications to distributed systems,W2808604898; W4245852955,2018,136
optimal dynamic partial order reduction,2,Optimal dynamic partial order reduction,W2008078972; W3009455989,2014,136
abstracting gradual typing,2,Abstracting gradual typing,W2295283668; W4248497488,2016,135
cogent,2,Cogent,W2195119025; W4250423498,2016,135
weakest precondition reasoning for expected run times of probabilistic programs,2,Weakest Precondition Reasoning for Expected Run–Times of Probabilistic Programs,W2222812367; W2952696670,2016,132
common compiler optimisations are invalid in the c11 memory model and what we can do about it,2,Common Compiler Optimisations are Invalid in the C11 Memory Model and what we can do about it,W2000659103; W4231136532,"2014, 2015",130
data centric dynamic partial order reduction,2,Data-centric dynamic partial order reduction,W2528919074; W2898988288,"2016, 2017",130
accelerating search based program synthesis using learned probabilistic models,2,Accelerating search-based program synthesis using learned probabilistic models,W2798628553; W4241222526,2018,128
design and evaluation of gradual typing for python,2,Design and evaluation of gradual typing for python,W2102473657; W4229717394,2014,128
example directed synthesis a type theoretic interpretation,2,Example-directed synthesis: a type-theoretic interpretation,W2263738566; W3107057621,2016,128
do be do be do,2,Do be do be do,W2184230987; W3010302451,"2016, 2017",126
handlers in action,2,Handlers in action,W1971752790; W3010987607,2013,126
into the depths of c elaborating the de facto standards,2,Into the depths of C: elaborating the de facto standards,W2414762192; W4235122555,2016,126
optimizing data structures in high level programs,2,Optimizing data structures in high-level programs,W2008070495; W3017193247,2013,126
pilsner a compositionally verified compiler for a higher order imperative language,2,Pilsner: a compositionally verified compiler for a higher-order imperative language,W2165594098; W3175970536,2015,126
quantitative robustness analysis of quantum programs,2,Quantitative robustness analysis of quantum programs,W2899524259; W3126124413,2019,126
cause i m strong enough reasoning about consistency choices in distributed systems,2,'Cause I'm strong enough: Reasoning about consistency choices in distributed systems,W2282477915; W3015745645,2016,125
engineering formal metatheory,2,Engineering formal metatheory,W2025431400; W3006681445,2008,125
replicated data types,2,Replicated data types,W2143725230; W3023105206,2014,124
a lightweight symbolic virtual machine for solver aided host languages,2,A lightweight symbolic virtual machine for solver-aided host languages,W2057156093; W3011737828,2014,122
type and example directed program synthesis,2,Type-and-example-directed program synthesis,W2013596093; W3009002422,2015,122
spatial a language and compiler for application accelerators,2,Spatial: a language and compiler for application accelerators,W2798482398; W4242052194,2018,121
fiat,2,Fiat,W1976978933; W4256299415,"2014, 2015",120
refinement types for secure implementations,2,Refinement types for secure implementations,W2036961426; W2161011930,"2008, 2011",120
automating string processing in spreadsheets using input output examples,2,Automating string processing in spreadsheets using input-output examples,W2132525863; W4237412827,2011,118
bounded expectations resource analysis for probabilistic programs,2,Bounded expectations: resource analysis for probabilistic programs,W2768683713; W2951490272,2018,117
from datalog to flix a declarative language for fixed points on lattices,2,From Datalog to flix: a declarative language for fixed points on lattices,W2417567569; W3005050519,2016,117
mixed size concurrency arm power c c 11 and sc,2,"Mixed-size concurrency: ARM, POWER, C/C++11, and SC",W2559594945; W4211236556,"2016, 2017",117
a logical relation for monadic encapsulation of state proving contextual equivalences in the presence of runst,2,A logical relation for monadic encapsulation of state: proving contextual equivalences in the presence of runST,W2776685097; W2898876634,"2017, 2018",116
reasoning about recursive probabilistic programs,2,Reasoning about Recursive Probabilistic Programs,W2294463722; W2949339429,2016,116
synthesis modulo recursive functions,2,Synthesis modulo recursive functions,W2091385303; W3013861782,2013,116
a reconfigurable fabric for accelerating large scale datacenter services,2,A reconfigurable fabric for accelerating large-scale datacenter services,W2133156997; W4256629673,2014,115
formal certification of code based cryptographic proofs,2,Formal certification of code-based cryptographic proofs,W2011086847; W2571169473,2009,114
pick your contexts well,2,Pick your contexts well,W1969599528; W4251478049,2011,114
probabilistic programming with programmable inference,2,Probabilistic programming with programmable inference,W2808311877; W4245429186,2018,114
standards for graph algorithm primitives,2,Standards for graph algorithm primitives,W1978979183; W3099706321,2013,114
step indexed kripke models over recursive worlds,2,Step-indexed kripke models over recursive worlds,W2130505204; W4235454363,2011,114
strictly declarative specification of sophisticated points to analyses,2,Strictly declarative specification of sophisticated points-to analyses,W2151562310; W4247889999,2009,114
automatically improving accuracy for floating point expressions,2,Automatically improving accuracy for floating point expressions,W2061091230; W4242955624,2015,112
continuing webassembly with effect handlers,2,Continuing WebAssembly with Effect Handlers,W4385965859; W4387667212,2023,112
inductive invariant generation via abductive inference,2,Inductive invariant generation via abductive inference,W1970168990; W3009272933,2013,112
inference and learning in probabilistic logic programs using weighted boolean formulas,2,Inference and learning in probabilistic logic programs using weighted Boolean formulas,W2102506621; W3104376605,"2014, 2015",112
non linear reasoning for invariant synthesis,2,Non-linear reasoning for invariant synthesis,W2780276625; W2899269697,"2017, 2018",112
optimizing synthesis with metasketches,2,Optimizing synthesis with metasketches,W2294286398; W4238194115,2016,112
logical step indexed logical relations,2,Logical Step-Indexed Logical Relations,W2123329569; W2949578585,"2009, 2011",111
the java memory model,2,The Java memory model,W2091085450; W2914127544,2005,111
on abstraction refinement for program analyses in datalog,2,On abstraction refinement for program analyses in Datalog,W2050680750; W4251521700,2014,110
a formal c memory model supporting integer pointer casts,2,A formal C memory model supporting integer-pointer casts,W1998263113; W3000582877,2015,108
a new proof rule for almost sure termination,2,A new proof rule for almost-sure termination,W2767778696; W2899428121,2017,108
compositional compcert,2,Compositional CompCert,W2294599249; W4254703195,"2014, 2015",108
cost analysis of nondeterministic probabilistic programs,2,Cost analysis of nondeterministic probabilistic programs,W2914740438; W2952940786,2019,108
higher order approximate relational refinement types for mechanism design and differential privacy,2,Higher-Order Approximate Relational Refinement Types for Mechanism Design and Differential Privacy,W2071592032; W4256210729,"2014, 2015",108
the tao of parallelism in algorithms,2,The tao of parallelism in algorithms,W2098903349; W4232836277,2011,108
unifying refinement and hoare style reasoning in a logic for higher order concurrency,2,Unifying refinement and hoare-style reasoning in a logic for higher-order concurrency,W2028861803; W3009161438,2013,108
gradual typing for objects,2,Gradual typing for objects,W1568983194; W3137596000,2007,106
code completion with statistical language models,2,Code completion with statistical language models,W2143861926; W3005855585,2014,105
effective typestate verification in the presence of aliasing,2,Effective typestate verification in the presence of aliasing,W1971327145; W2134311998,"2006, 2008",105
logical relations for fine grained concurrency,2,Logical relations for fine-grained concurrency,W2081281361; W4254183471,2013,105
monadic refinements for relational cost analysis,2,Monadic refinements for relational cost analysis,W2776364995; W2899028402,"2017, 2018",105
selective context sensitivity guided by impact pre analysis,2,Selective context-sensitivity guided by impact pre-analysis,W2122745100; W3015644425,2014,105
many core compiler fuzzing,2,Many-core compiler fuzzing,W1966021031; W4244688039,2015,104
synchronising c c and power,2,Synchronising C/C++ and POWER,W2117502039; W3005498883,2012,104
the rust language,2,The rust language,W2013892605; W4241006348,2014,104
introspective analysis,2,Introspective analysis,W1971859150; W4237737995,2014,102
towards automatic resource bound analysis for ocaml,2,Towards automatic resource bound analysis for OCaml,W2547267640; W2950483238,"2016, 2017",102
algorithmic analysis of qualitative and quantitative termination problems for affine probabilistic programs,2,Algorithmic analysis of qualitative and quantitative termination problems for affine probabilistic programs,W2233431969; W2807469900,"2016, 2018",100
provably correct peephole optimizations with alive,2,Provably correct peephole optimizations with alive,W2003164052; W4231865403,2015,100
run your research,2,Run your research,W2082334237; W4234122891,2012,100
codebert a pre trained model for programming and natural languages,2,CodeBERT: A Pre-Trained Model for Programming and Natural Languages,W3008088841; W3098605233,2020,99
ownership types for flexible alias protection,2,Ownership types for flexible alias protection,W2073407646; W4247699568,1998,99
practical partial evaluation for high performance dynamic language runtimes,2,Practical partial evaluation for high-performance dynamic language runtimes,W2731881248; W2998595860,2017,99
qwire a core language for quantum circuits,2,QWIRE: a core language for quantum circuits,W2563269605; W4233847666,"2016, 2017",99
a lambda calculus foundation for universal probabilistic programming,2,A lambda-calculus foundation for universal probabilistic programming,W2206718322; W2949804971,2016,96
automatically comparing memory consistency models,2,Automatically comparing memory consistency models,W2553522901; W4212915500,"2016, 2017",96
flashprofile a framework for synthesizing data profiles,2,FlashProfile: a framework for synthesizing data profiles,W2898335306; W3121841058,2018,96
mathematical foundations of the graphblas,2,Mathematical foundations of the GraphBLAS,W2461193710; W3098650335,2016,96
permission accounting in separation logic,2,Permission accounting in separation logic,W2061341742; W3006363542,2005,96
relational proofs for quantum programs,2,Relational proofs for quantum programs,W2995073199; W3122238375,"2019, 2020",95
ynot,2,Ynot,W2106229114; W4245524452,2008,95
smt based model checking for recursive programs,2,SMT-Based Model Checking for Recursive Programs,W2514073783; W2571456046,"2014, 2016",93
compositional recurrence analysis revisited,2,Compositional recurrence analysis revisited,W2625924363; W4249819097,2017,92
contracts for higher order functions,2,Contracts for higher-order functions,W2128303158; W4253591485,2002,92
fast algorithms for dyck cfl reachability with applications to alias analysis,2,Fast algorithms for Dyck-CFL-reachability with applications to alias analysis,W1966032455; W4235523389,2013,92
from system f to typed assembly language,2,From system F to typed assembly language,W2069107692; W2097166325,"1998, 1999",92
programming by sketching for bit streaming programs,2,Programming by sketching for bit-streaming programs,W1997199152; W4245234767,2005,92
rigorous estimation of floating point round off errors with symbolic taylor expansions,2,Rigorous Estimation of Floating-Point Round-off Errors with Symbolic Taylor Expansions,W2295915207; W2904117297,"2015, 2018",92
static determination of quantitative resource usage for higher order programs,2,Static determination of quantitative resource usage for higher-order programs,W2112969535; W3195620086,2010,92
flapjax,2,Flapjax,W2171267342; W4253360640,2009,91
monadic abstract interpreters,2,Monadic abstract interpreters,W2105443946; W3003375038,2013,91
data driven precondition inference with learned features,2,Data-driven precondition inference with learned features,W2416392025; W3004024657,2016,90
exe,2,EXE,W2011367000; W2132897303,"2006, 2008",90
lightweight verification of separate compilation,2,Lightweight verification of separate compilation,W2295752850; W3004681883,2016,90
polymorphic functions with set theoretic types,2,Polymorphic functions with set-theoretic types,W2047304692; W2087871591,2014,90
safe and amp efficient gradual typing for typescript,2,Safe &amp; Efficient Gradual Typing for TypeScript,W2091335641; W3003463695,"2014, 2015",90
semantic subtyping,2,Semantic subtyping,W1988897846; W2295020882,"2003, 2008",90
space efficient gradual typing,2,Space-efficient gradual typing,W2003969655; W2397711898,"2007, 2010",90
duet an expressive higher order language and linear type system for statically enforcing differential privacy,2,Duet: An Expressive Higher-order Language and Linear Type System for Statically Enforcing Differential Privacy,W2971812948; W2980019266,2019,88
jungloid mining,2,Jungloid mining,W2153943889; W4232188856,2005,88
refinement based context sensitive points to analysis for java,2,Refinement-based context-sensitive points-to analysis for Java,W2133497528; W4243644740,2006,88
the marriage of bisimulations and kripke logical relations,2,The marriage of bisimulations and Kripke logical relations,W2126834377; W4239690658,2012,88
a sound type system for secure flow analysis,2,A sound type system for secure flow analysis,W2150174204; W2997271062,1996,87
cute,2,CUTE,W2009489720; W4234542549,2005,87
mechanized verification of fine grained concurrent programs,2,Mechanized verification of fine-grained concurrent programs,W2132818695; W3043991989,2015,87
termination analysis of probabilistic programs through positivstellensatz s,2,Termination Analysis of Probabilistic Programs Through Positivstellensatz’s,W2435583538; W2951786136,2016,87
flashextract,2,FlashExtract,W2144951274; W4256244129,2014,86
the design and implementation of typed scheme,2,The design and implementation of typed scheme,W1973186567; W3014933227,2008,86
a relational logic for higher order programs,2,A relational logic for higher-order programs,W2602388145; W2951495951,"2017, 2019",85
combining effects and coeffects via grading,2,Combining effects and coeffects via grading,W2515656721; W3022418280,2016,85
a higher order logic for concurrent termination preserving refinement,2,A Higher-Order Logic for Concurrent Termination-Preserving Refinement,W2581223864; W2962148629,2017,84
an extension of system f with subtyping,2,An Extension of System F with Subtyping,W2165657834; W4206115163,"1991, 1994",84
dudetm,2,DudeTM,W2593354228; W4255867337,2017,84
enerj,2,EnerJ,W2143283746; W4240237526,2011,84
local type inference,2,Local type inference,W2025407135; W2036676170,"1998, 2000",84
optimizing database backed applications with query synthesis,2,Optimizing database-backed applications with query synthesis,W1970165929; W3085921543,2013,84
speed,2,SPEED,W2109863363; W4240835555,2009,84
dynamic race prediction in linear time,2,Dynamic race prediction in linear time,W2606910946; W2951734910,2017,81
taming release acquire consistency,2,Taming release-acquire consistency,W2293319505; W3123143515,2016,81
automatically eliminating speculative leaks from cryptographic code with blade,2,Automatically eliminating speculative leaks from cryptographic code with blade,W3045655459; W3114864185,2021,80
frightening small children and disconcerting grown ups,2,Frightening Small Children and Disconcerting Grown-ups,W2789383461; W3005008959,2018,80
futhark purely functional gpu programming with nested parallelism and in place array updates,2,Futhark: purely functional GPU-programming with nested parallelism and in-place array updates,W2644985445; W4235593108,2017,80
legup,2,LegUp,W1970032753; W2018055497,"2011, 2013",80
multi modal synthesis of regular expressions,2,Multi-modal Synthesis of Regular Expressions,W2966932844; W3033889389,"2019, 2020",80
programmatic and direct manipulation together at last,2,"Programmatic and direct manipulation, together at last",W2219864925; W3084042316,2016,80
proving expected sensitivity of probabilistic programs,2,Proving expected sensitivity of probabilistic programs,W2745179117; W2899000992,2017,80
rocksalt,2,RockSalt,W2009248821; W4253464116,2012,80
synthesizing transformations on hierarchically structured data,2,Synthesizing transformations on hierarchically structured data,W2416325154; W4252043682,2016,80
verified lifting of stencil computations,2,Verified lifting of stencil computations,W2412440871; W4231970275,2016,80
a critique of ansi sql isolation levels,2,A critique of ANSI SQL isolation levels,W2117917070; W3004616691,1995,78
bayonet probabilistic inference for networks,2,Bayonet: probabilistic inference for networks,W2799169208; W3007301222,2018,78
chlorophyll,2,Chlorophyll,W2110848488; W4233589520,2014,78
decoupling algorithms from schedules for easy optimization of image processing pipelines,2,Decoupling algorithms from schedules for easy optimization of image processing pipelines,W1989988531; W4246028237,2012,78
efficient and precise datarace detection for multithreaded object oriented programs,2,Efficient and precise datarace detection for multithreaded object-oriented programs,W2161600851; W3007730687,2002,78
finding deep compiler bugs via guided stochastic program mutation,2,Finding deep compiler bugs via guided stochastic program mutation,W2095445208; W3008321987,2015,78
psync a partially synchronous language for fault tolerant distributed algorithms,2,PSync: a partially synchronous language for fault-tolerant distributed algorithms,W2285931649; W4241760303,2016,78
summary based context sensitive data dependence analysis in presence of callbacks,2,Summary-Based Context-Sensitive Data-Dependence Analysis in Presence of Callbacks,W2035260626; W3008075797,"2014, 2015",78
timl a functional language for practical complexity analysis with invariants,2,TiML: a functional language for practical complexity analysis with invariants,W2763435855; W3201110005,2017,78
dynamic partial order reduction for model checking software,2,Dynamic partial-order reduction for model checking software,W2169870841; W2998259759,2005,76
hacl a verified modern cryptographic library,2,HACL*: A Verified Modern Cryptographic Library,W2767162229; W2949491614,2017,76
hierarchical memory management for parallel programs,2,Hierarchical memory management for parallel programs,W2508222108; W4240599878,2016,76
learning programs from noisy data,2,Learning programs from noisy data,W2238673293; W3003572584,2016,76
stratified synthesis automatically learning the x86 64 instruction set,2,Stratified synthesis: automatically learning the x86-64 instruction set,W2339276203; W4234318285,2016,76
boomerang,2,Boomerang,W1968796785; W4242934920,2008,75
finding compiler bugs via live code mutation,2,Finding compiler bugs via live code mutation,W2532737545; W2998740266,2016,75
gentrification gone too far affordable 2nd class values for fun and co effect,2,Gentrification gone too far? affordable 2nd-class values for fun and (co-)effect,W2538456393; W4232498739,2016,75
horn ice learning for synthesizing invariants and contracts,2,Horn-ICE learning for synthesizing invariants and contracts,W2779005308; W3102469351,"2017, 2018",75
intrinsically typed definitional interpreters for imperative languages,2,Intrinsically-typed definitional interpreters for imperative languages,W2777364118; W2898868394,"2017, 2018",75
predicting program properties from big code,2,"Predicting Program Properties from ""Big Code""",W2156981320; W3006491415,"2014, 2015",75
scalable and precise dynamic datarace detection for structured parallelism,2,Scalable and precise dynamic datarace detection for structured parallelism,W2105794846; W3016661384,2012,75
uniqueness and reference immutability for safe parallelism,2,Uniqueness and reference immutability for safe parallelism,W2138527110; W4230681750,2012,75
automatic differentiation in machine learning a survey,2,Automatic differentiation in machine learning: a survey,W1853291804; W2962727772,2015,72
cilk,2,Cilk,W2104861744; W4205190765,1995,72
copatterns,2,Copatterns,W2074592053; W4241907611,2013,72
dynamically discovering likely program invariants to support program evolution,2,Dynamically discovering likely program invariants to support program evolution,W2103318645; W3106729728,"1999, 2001",72
fast polyhedra abstract domain,2,Fast polyhedra abstract domain,W2566919497; W3041068747,"2016, 2017",72
gpu concurrency,2,GPU Concurrency,W2153636750; W4240047552,2015,72
mapreduce program synthesis,2,MapReduce program synthesis,W2409856616; W2998195985,2016,72
p,2,P,W1972433423; W4256348170,2013,72
simple unification based type inference for gadts,2,Simple unification-based type inference for GADTs,W2140647971; W4251772834,2006,72
synthesis of data completion scripts using finite tree automata,2,Synthesis of data completion scripts using finite tree automata,W2731197199; W2954348898,2017,72
the existence of refinement mappings,2,The existence of refinement mappings,W2124192263; W2132107743,"1991, 2003",72
the art of multiprocessor programming,2,The Art of Multiprocessor Programming,W1983572666; W4293763691,"2006, 2020",71
a monadic framework for relational verification applied to information security program equivalence and optimizations,2,"A monadic framework for relational verification: applied to information security, program equivalence, and optimizations",W2736133668; W2955321487,"2017, 2018",70
bayesian synthesis of probabilistic programs for automatic data modeling,2,Bayesian synthesis of probabilistic programs for automatic data modeling,W2900091806; W3123228431,2019,70
c4 verified transactional objects,2,C4: verified transactional objects,W4225157728; W6893894062,2022,70
clarifying and compiling c c concurrency,2,Clarifying and compiling C/C++ concurrency,W2132117132; W4256041698,2012,70
flatten and conquer a framework for efficient analysis of string constraints,2,Flatten and conquer: a framework for efficient analysis of string constraints,W2626453174; W4238877791,2017,70
language level persistency,2,Language-level persistency,W2625240777; W4231530354,2017,70
learning phrase representations using rnn encoder decoder for statistical machine translation,2,Learning Phrase Representations using RNN Encoder–Decoder for Statistical Machine Translation,W2157331557; W2950635152,2014,70
regular shape polymorphic parallel arrays in haskell,2,"Regular, shape-polymorphic, parallel arrays in Haskell",W2148599839; W4238358364,2010,70
hampi,2,HAMPI,W2044901139; W2110318050,"2009, 2012",69
first steps in synthetic guarded domain theory step indexing in the topos of trees,2,First steps in synthetic guarded domain theory: step-indexing in the topos of trees,W2020900140; W2143623703,"2011, 2012",68
higher order abstract syntax,2,Higher-order abstract syntax,W2009464583; W4237428230,1988,68
synthesizing program input grammars,2,Synthesizing program input grammars,W2499791918; W2952183208,2017,68
the next 700 relational program logics,2,The Next 700 Relational Program Logics,W2961533958; W2995690376,2019,68
why3 where programs meet provers,2,Why3 — Where Programs Meet Provers,W1820726602; W4290457287,2013,68
declarative probabilistic programming with datalog,2,Declarative Probabilistic Programming with Datalog,W1844453107; W2765370125,"2014, 2017",67
a monadic framework for delimited continuations,2,A monadic framework for delimited continuations,W2086744387; W2537365228,"2005, 2007",66
bounding data races in space and time,2,Bounding data races in space and time,W2799051758; W3046730857,2018,66
compositional certified resource bounds,2,Compositional certified resource bounds,W2058033966; W3014740296,2015,66
demystifying differentiable programming shift reset the penultimate backpropagator,2,Demystifying Differentiable Programming: Shift/Reset the Penultimate Backpropagator,W2794949442; W2966177220,"2018, 2019",66
guarded kleene algebra with tests verification of uninterpreted programs in nearly linear time,2,Guarded Kleene algebra with tests: verification of uninterpreted programs in nearly linear time,W2995123640; W3123988290,2019,66
lexicographic ranking supermartingales an efficient approach to termination of probabilistic programs,2,Lexicographic ranking supermartingales: an efficient approach to termination of probabilistic programs,W2755806184; W2898739661,2017,66
maximal sound predictive race detection with control flow abstraction,2,Maximal sound predictive race detection with control flow abstraction,W2046368282; W4235975350,2014,66
maximal specification synthesis,2,Maximal specification synthesis,W2267830770; W3006751250,2016,66
modal dependent type theory and dependent right adjoints,2,Modal dependent type theory and dependent right adjoints,W2796622197; W3105116513,2019,66
parameterized object sensitivity for points to and side effect analyses for java,2,Parameterized object sensitivity for points-to and side-effect analyses for Java,W2132685964; W4235278598,2002,66
precise dynamic information flow for database backed applications,2,"Precise, dynamic information flow for database-backed applications",W2202148857; W3100118001,2016,66
predicate abstraction and cegar for higher order model checking,2,Predicate abstraction and CEGAR for higher-order model checking,W2169417140; W4256174789,2011,66
reducing liveness to safety in first order logic,2,Reducing liveness to safety in first-order logic,W2780733723; W2899051451,"2017, 2018",66
sketching stencils,2,Sketching stencils,W2293033107; W4246873936,2007,66
static prediction of heap space usage for first order functional programs,2,Static prediction of heap space usage for first-order functional programs,W2068055184; W2997024788,2003,66
bidirectional type checking for relational properties,2,Bidirectional type checking for relational properties,W2904828193; W2954641079,2019,65
cantor meets scott semantic foundations for probabilistic networks,2,Cantor meets Scott: semantic foundations for probabilistic networks,W2551539219; W4236155685,"2016, 2017",65
taj,2,TAJ,W2125357166; W4240951837,2009,65
an equational theory for weak bisimulation via generalized parameterized coinduction,2,An equational theory for weak bisimulation via generalized parameterized coinduction,W2998895922; W3101797533,2020,64
data driven equivalence checking,2,Data-driven equivalence checking,W2149674423; W3010314744,2013,64
multimodal dependent type theory,2,Multimodal Dependent Type Theory,W3030119148; W3188877929,"2020, 2021",64
relaxed separation logic,2,Relaxed separation logic,W2014708731; W3016139730,2013,64
softbound,2,SoftBound,W2155851497; W4237907241,2009,64
the semantics of x86 cc multiprocessor machine code,2,The semantics of x86-CC multiprocessor machine code,W1995825057; W4240975960,2009,64
aspect oriented linearizability proofs,2,Aspect-oriented linearizability proofs,W1499110125; W1818449680,"2013, 2015",63
atlas,2,Atlas,W2041135949; W4247352113,2014,63
big types in little runtime open world soundness and collaborative blame for gradual type systems,2,Big types in little runtime: open-world soundness and collaborative blame for gradual type systems,W2561856298; W4233840857,"2016, 2017",63
denotational cost semantics for functional languages with inductive types,2,Denotational cost semantics for functional languages with inductive types,W2094647969; W2950779144,2015,63
explicit substitutions,2,Explicit substitutions,W2295866357; W4236324644,"1990, 1991",63
kjs a complete formal semantics of javascript,2,KJS: a complete formal semantics of JavaScript,W2117802778; W3008912813,2015,63
ownership types for safe programming,2,Ownership types for safe programming,W2156428492; W3008818728,2002,63
parametric shape analysis via 3 valued logic,2,Parametric shape analysis via 3-valued logic,W1991837261; W2170577595,"1999, 2002",63
racetrack,2,RaceTrack,W2105391037; W4248655060,2005,63
state dependent representation independence,2,State-dependent representation independence,W2100559921; W3016757878,2009,63
stochastic optimization of floating point programs with tunable precision,2,Stochastic optimization of floating-point programs with tunable precision,W2121344286; W3015537608,2014,63
a case for an sc preserving compiler,2,A case for an SC-preserving compiler,W1967564401; W4251987281,2011,60
a semantic account of metric preservation,2,A semantic account of metric preservation,W2562060745; W4230388387,"2016, 2017",60
abstraction for concurrent objects,2,Abstraction for concurrent objects,W2139533136; W2183354935,"2009, 2010",60
an integrated specification and verification technique for highly concurrent data structures,2,An Integrated Specification and Verification Technique for Highly Concurrent Data Structures,W1511438294; W2322058956,"2013, 2016",60
analysis of recursive state machines,2,Analysis of recursive state machines,W2151670874; W2158487182,"2001, 2005",60
bugs as deviant behavior,2,Bugs as deviant behavior,W2043811931; W3004040842,2001,60
cartesian hoare logic for verifying k safety properties,2,Cartesian hoare logic for verifying k-safety properties,W2418260908; W4230069715,2016,60
correct blame for contracts,2,Correct blame for contracts,W2107399697; W4247948196,2011,60
correctness of speculative optimizations with dynamic deoptimization,2,Correctness of speculative optimizations with dynamic deoptimization,W2767234833; W2899120827,2017,60
data migration using datalog program synthesis,2,Data Migration using Datalog Program Synthesis,W3009994680; W3014023550,2020,60
data representation synthesis,2,Data representation synthesis,W2137824953; W4214807841,2011,60
decision procedures for path feasibility of string manipulating programs with complex operations,2,Decision procedures for path feasibility of string-manipulating programs with complex operations,W2899573209; W2952847374,"2018, 2019",60
declarative programming over eventually consistent data stores,2,Declarative programming over eventually consistent data stores,W2127428602; W3016035540,2015,60
design and implementation of sparse global analyses for c like languages,2,Design and implementation of sparse global analyses for C-like languages,W2111996055; W3045575840,2012,60
expressing and verifying probabilistic assertions,2,Expressing and verifying probabilistic assertions,W2107399212; W4246535868,2014,60
freer monads more extensible effects,2,"Freer monads, more extensible effects",W2073001576; W3005412812,2015,60
from program verification to program synthesis,2,From program verification to program synthesis,W2101432564; W4240339708,2010,60
gigahorse thorough declarative decompilation of smart contracts,2,"Gigahorse: Thorough, Declarative Decompilation of Smart Contracts",W2955447707; W6912169094,2019,60
gradual typing for first class classes,2,Gradual typing for first-class classes,W2100759424; W4256113209,2012,60
guarded recursive datatype constructors,2,Guarded recursive datatype constructors,W1984514567; W3003303440,2003,60
implementing multi stage languages using asts gensym and reflection,2,"Implementing Multi-stage Languages Using ASTs, Gensym, and Reflection",W1528193315; W4240476803,2003,60
interval based memory reclamation,2,Interval-based memory reclamation,W2788506055; W4254471509,2018,60
lazy abstraction,2,Lazy abstraction,W2295903414; W4252150051,2002,60
lem,2,Lem,W2003556922; W4239564128,2014,60
optimal dyck reachability for data dependence and alias analysis,2,Optimal Dyck reachability for data-dependence and alias analysis,W2777662281; W2899166628,2017,60
orbit an optimizing compiler for scheme,2,ORBIT: an optimizing compiler for scheme,W2912126004; W3016921254,1986,60
polymorphism subtyping and type inference in mlsub,2,"Polymorphism, subtyping, and type inference in MLsub",W2563592207; W3027723509,"2016, 2017",60
probabilistic relational verification for cryptographic implementations,2,Probabilistic relational verification for cryptographic implementations,W2170528665; W3097493954,2014,60
semantics based program verifiers for all languages,2,Semantics-based program verifiers for all languages,W2535818195; W4253835178,2016,60
serializability for eventual consistency criterion analysis and applications,2,"Serializability for eventual consistency: criterion, analysis, and applications",W2567103853; W3013579840,"2016, 2017",60
smallcheck and lazy smallcheck,2,Smallcheck and lazy smallcheck,W2029976661; W3005608680,2008,60
specifying and checking file system crash consistency models,2,Specifying and Checking File System Crash-Consistency Models,W2332661323; W4246974801,2016,60
specifying and verifying concurrent algorithms with histories and subjectivity,2,Specifying and Verifying Concurrent Algorithms with Histories and Subjectivity,W1533529458; W2953307667,"2014, 2015",60
termination proofs for systems code,2,Termination proofs for systems code,W2124909257; W4232668957,2006,60
the essence of javascript,2,The essence of JavaScript,W1839269954; W3105116128,"2004, 2010",60
the power of parameterization in coinductive proof,2,The power of parameterization in coinductive proof,W2014364142; W3016930148,2013,60
cloning based context sensitive pointer alias analysis using binary decision diagrams,2,Cloning-based context-sensitive pointer alias analysis using binary decision diagrams,W2158600037; W4248889516,2004,58
gradual session types,2,Gradual session types,W2736821074; W2950679151,"2017, 2019",58
hyperproperties,2,Hyperproperties,W4243284147; W4250728693,"2008, 2010",58
template meta programming for haskell,2,Template meta-programming for Haskell,W2009775190; W4246781209,2002,58
cubical agda a dependently typed programming language with univalence and higher inductive types,2,Cubical agda: a dependently typed programming language with univalence and higher inductive types,W2964835846; W3141612224,"2019, 2021",57
decidability of conversion for type theory in type theory,2,Decidability of conversion for type theory in type theory,W2779668776; W2899394398,"2017, 2018",57
evaluating value graph translation validation for llvm,2,Evaluating value-graph translation validation for LLVM,W2108174561; W4206368310,2011,57
fully abstract compilation via universal embedding,2,Fully abstract compilation via universal embedding,W2514838807; W4242872895,2016,57
how to make a multiprocessor computer that correctly executes multiprocess programs,2,How to Make a Multiprocessor Computer That Correctly Executes Multiprocess Programs,W2054739713; W3022430991,"1979, 2019",57
library abstraction for c c concurrency,2,Library abstraction for C/C++ concurrency,W2058943117; W3016769689,2013,57
static analysis for probabilistic programs,2,Static analysis for probabilistic programs,W2048025009; W3089425725,2013,57
the implementation of the cilk 5 multithreaded language,2,The implementation of the Cilk-5 multithreaded language,W2072725684; W4234858060,1998,57
time clocks and the ordering of events in a distributed system,2,"Time, clocks, and the ordering of events in a distributed system",W1973501242; W3137220996,"1978, 2019",57
compositional may must program analysis,2,Compositional may-must program analysis,W2134875273; W2998601343,2010,56
coupling proofs are probabilistic product programs,2,Coupling proofs are probabilistic product programs,W2502685258; W4243039964,"2016, 2017",56
deriving divide and conquer dynamic programming algorithms using solver aided transformations,2,Deriving divide-and-conquer dynamic programming algorithms using solver-aided transformations,W2536320597; W4244423119,2016,56
gradual typing embedded securely in javascript,2,Gradual typing embedded securely in JavaScript,W2131242794; W3087747708,2014,56
hybrid context sensitivity for points to analysis,2,Hybrid context-sensitivity for points-to analysis,W2051527230; W3163546604,2013,56
loop transformations,2,Loop transformations,W2157099283; W4231316372,2011,56
migrating gradual types,2,Migrating gradual types,W2776911292; W2899089688,"2017, 2022",56
natural proofs for structure data and separation,2,"Natural proofs for structure, data, and separation",W2102928769; W3060081886,2013,56
resource aware ml,2,Resource Aware ML,W3033479789; W30585784,"2012, 2018",56
trillium higher order concurrent and distributed separation logic for intensional refinement,2,Trillium: Higher-Order Concurrent and Distributed Separation Logic for Intensional Refinement,W4388717524; W6910589874,"2021, 2024",56
type directed compilation of row typed algebraic effects,2,Type directed compilation of row-typed algebraic effects,W2561708922; W3006963970,"2016, 2017",56
asynchronous probabilistic couplings in higher order separation logic,2,Asynchronous Probabilistic Couplings in Higher-Order Separation Logic,W4318145701; W6967383190,"2023, 2024",55
automatic inversion generates divide and conquer parallel programs,2,Automatic inversion generates divide-and-conquer parallel programs,W2126693002; W3007981259,2007,55
reusability is firrtl ground hardware construction languages compiler frameworks and transformations,2,"Reusability is FIRRTL ground: hardware construction languages, compiler frameworks, and transformations",W2771610171; W4240172596,2017,55
a data driven chc solver,2,A data-driven CHC solver,W2798609500; W3011838635,2018,54
chapar certified causally consistent distributed key value stores,2,Chapar: certified causally consistent distributed key-value stores,W2288327952; W4255546732,2016,54
declarative networking,2,Declarative networking,W2136575791; W4296313421,"2006, 2009",54
demand driven alias analysis for c,2,Demand-driven alias analysis for C,W1971782746; W3013983845,2008,54
effect handlers in scope,2,Effect handlers in scope,W2048365843; W2997632994,2014,54
efficient and precise points to analysis modeling the heap by merging equivalent automata,2,Efficient and precise points-to analysis: modeling the heap by merging equivalent automata,W2626029330; W3010216686,2017,54
fast graph simplification for interleaved dyck reachability,2,Fast graph simplification for interleaved Dyck-reachability,W3033818254; W4225793633,"2020, 2022",54
go with the flow compositional abstractions for concurrent data structures,2,Go with the flow: compositional abstractions for concurrent data structures,W2780286008; W2899389232,"2017, 2018",54
l3 a linear language with locations,2,L3: A Linear Language with Locations,W1773735832; W3028779248,"2005, 2007",54
modular reasoning about heap paths via effectively propositional formulas,2,Modular reasoning about heap paths via effectively propositional formulas,W1976401986; W3030985742,2014,54
precise interprocedural dataflow analysis with applications to constant propagation,2,Precise interprocedural dataflow analysis with applications to constant propagation,W1608142476; W2036157748,"1995, 1996",54
synthesizing regular expressions from examples for introductory automata assignments,2,Synthesizing regular expressions from examples for introductory automata assignments,W2531982678; W3011649674,2016,54
system programming in rust,2,System Programming in Rust,W2737641195; W2756350061,2017,54
t ket a retargetable compiler for nisq devices,2,t|ket⟩: a retargetable compiler for NISQ devices,W3013348036; W3104914200,2020,54
tabular,2,Tabular,W2046536636; W4229626860,2014,54
the ins and outs of gradual type inference,2,The ins and outs of gradual type inference,W2113556560; W4244807040,2012,54
type soundness for dependent object types dot,2,Type soundness for dependent object types (DOT),W2536396847; W3116581745,2016,54
automatic predicate abstraction of c programs,2,Automatic predicate abstraction of C programs,W2162284942; W4242057943,"2001, 2012",52
complete and easy bidirectional typechecking for higher rank polymorphism,2,Complete and easy bidirectional typechecking for higher-rank polymorphism,W2076653850; W2949482260,2013,52
control flow integrity,2,Control-flow integrity,W2109219878; W2258876169,"2005, 2017",52
definitional interpreters for higher order programming languages,2,Definitional interpreters for higher-order programming languages,W2043416466; W2127114597,"1972, 1998",52
design and implementation of probabilistic programming language anglican,2,Design and Implementation of Probabilistic Programming Language Anglican,W2511514052; W2950991049,2016,52
dynamic typing in a statically typed language,2,Dynamic typing in a statically typed language,W1987203566; W2104216136,"1989, 1991",52
formal verification of ssa based optimizations for llvm,2,Formal verification of SSA-based optimizations for LLVM,W2085050643; W3004631746,2013,52
generating performance portable code using rewrite rules from high level functional expressions to high performance opencl code,2,Generating performance portable code using rewrite rules: from high-level functional expressions to high-performance OpenCL code,W1997978901; W3043123483,2015,52
legion expressing locality and independence with logical regions,2,Legion: expressing locality and independence with logical regions,W2036551003; W4248722156,2012,52
racerx,2,RacerX,W2149984854; W4251803824,2003,52
safety verification of deep neural networks,2,Safety Verification of Deep Neural Networks,W2543296129; W2952345740,"2016, 2017",52
stream fusion to completeness,2,"Stream fusion, to completeness",W2562640456; W3013997450,"2016, 2017",52
synthesizing database programs for schema refactoring,2,Synthesizing Database Programs for Schema Refactoring,W2938749287; W2963426888,2019,52
type soundness proofs with definitional interpreters,2,Type soundness proofs with definitional interpreters,W2560908054; W4234890740,"2016, 2017",52
debugging optimized code with dynamic deoptimization,2,Debugging optimized code with dynamic deoptimization,W2159558457; W3000286628,1992,51
generating constrained random data with uniform distribution,2,Generating Constrained Random Data with Uniform Distribution,W2176407799; W2278624804,"2014, 2015",51
lift a functional data parallel ir for high performance gpu code generation,2,Lift: a functional data-parallel IR for high-performance GPU code generation,W2594730095; W4240382083,2017,51
natural proofs for data structure manipulation in c using separation logic,2,Natural proofs for data structure manipulation in C using separation logic,W2148193377; W3139789547,2014,51
outcome logic a unifying foundation for correctness and incorrectness reasoning,2,Outcome Logic: A Unifying Foundation for Correctness and Incorrectness Reasoning,W4323570470; W6947969895,2023,51
software model checking via large block encoding,2,Software model checking via large-block encoding,W2120484044; W2951254455,2009,51
stream fusion,2,Stream fusion,W2081124914; W4249695041,2007,51
thin slicing,2,Thin slicing,W2295857493; W4244452712,2007,51
automatic patch generation by learning correct code,2,Automatic patch generation by learning correct code,W2274071363; W4240869246,2016,50
coverage directed differential testing of jvm implementations,2,Coverage-directed differential testing of JVM implementations,W2414287720; W3146215426,2016,50
efficient subcubic alias analysis for c,2,Efficient subcubic alias analysis for C,W2060439939; W3176441537,2014,50
equational reasoning about programs with general recursion and call by value semantics,2,Equational reasoning about programs with general recursion and call-by-value semantics,W2127389065; W2328797748,"2012, 2013",50
formal certification of a compiler back end or,2,Formal certification of a compiler back-end or,W2129695855; W3012896203,2006,50
javert javascript verification toolchain,2,JaVerT: JavaScript verification toolchain,W2780323212; W2898720410,"2017, 2018",50
learning to blame localizing novice type errors with data driven diagnosis,2,Learning to Blame: Localizing Novice Type Errors with Data-Driven Diagnosis,W2750491624; W2964296984,2017,50
no value restriction is needed for algebraic effects and handlers,2,No value restriction is needed for algebraic effects and handlers,W2404735976; W3101745982,2017,50
proving non termination,2,Proving non-termination,W1989813138; W4236847445,2008,50
searching entangled program spaces,2,Searching Entangled Program Spaces,W4283069876; W4293812875,2022,50
symbolic finite state transducers,2,Symbolic finite state transducers,W2099837287; W4242157899,2012,50
incremental computation with names,2,Incremental computation with names,W2050204069; W4254363650,2015,49
language support for fast and reliable message based communication in singularity os,2,Language support for fast and reliable message-based communication in singularity OS,W2137186143; W4247696553,2006,49
pycket a tracing jit for a functional language,2,Pycket: a tracing JIT for a functional language,W2097013380; W4243257852,2015,49
safe nondeterminism in a deterministic by default parallel language,2,Safe nondeterminism in a deterministic-by-default parallel language,W2157179926; W4240363966,2011,49
simple relational correctness proofs for static analyses and program transformations,2,Simple relational correctness proofs for static analyses and program transformations,W2149996206; W2997326335,2004,49
sl comp competition of solvers for separation logic,2,SL-COMP: Competition of Solvers for Separation Logic,W2929347481; W3170038930,"2019, 2021",49
a persistent lock free queue for non volatile memory,2,A persistent lock-free queue for non-volatile memory,W2787794676; W3003414027,2018,48
a rely guarantee based simulation for verifying concurrent program transformations,2,A rely-guarantee-based simulation for verifying concurrent program transformations,W2099470183; W4239018153,2012,48
adapton,2,Adapton,W2106656979; W4246397708,2014,48
debugging the data plane with anteater,2,Debugging the data plane with anteater,W2115526539; W4254605472,2011,48
decomposition instead of self composition for proving the absence of timing channels,2,Decomposition instead of self-composition for proving the absence of timing channels,W2626217303; W4248431727,2017,48
deep probabilistic programming,2,Deep Probabilistic Programming,W2574963492; W2962937106,2017,48
delay bounded scheduling,2,Delay-bounded scheduling,W2109819183; W4230480080,2011,48
finding root causes of floating point error,2,Finding root causes of floating point error,W2798954527; W3011856193,2018,48
flashrelate extracting relational data from semi structured spreadsheets using examples,2,FlashRelate: extracting relational data from semi-structured spreadsheets using examples,W2146753709; W4252980914,2015,48
flux liquid types for rust,2,Flux: Liquid Types for Rust,W4285070015; W4379536176,"2022, 2023",48
foundations of the c concurrency memory model,2,Foundations of the C++ concurrency memory model,W2152885346; W4229558017,2008,48
hottsql proving query rewrites with univalent sql semantics,2,HoTTSQL: proving query rewrites with univalent SQL semantics,W2503947316; W2953181121,2017,48
indexed containers,2,Indexed Containers,W2296612922; W4240072532,"2009, 2015",48
lava,2,Lava,W2049600101; W4251523731,1998,48
mapreduce,2,MapReduce,W2157355837; W2173213060,"2008, 2009",48
optimistic parallelism requires abstractions,2,Optimistic parallelism requires abstractions,W2097717378; W4244452791,2007,48
partial escape analysis and scalar replacement for java,2,Partial Escape Analysis and Scalar Replacement for Java,W2075675735; W4236519034,2014,48
pmaf an algebraic framework for static analysis of probabilistic programs,2,PMAF: an algebraic framework for static analysis of probabilistic programs,W2799052418; W3043182562,2018,48
proving optimizations correct using parameterized program equivalence,2,Proving optimizations correct using parameterized program equivalence,W2134087751; W3087458664,2009,48
python,2,Python,W1979370131; W4247936475,2013,48
race detection for event driven mobile applications,2,Race detection for event-driven mobile applications,W2117184262; W4249574990,2014,48
sk_p a neural program corrector for moocs,2,sk_p: a neural program corrector for MOOCs,W2474318526; W2950636304,2016,48
sketching concurrent data structures,2,Sketching concurrent data structures,W1974514467; W4230093315,2008,48
statistically rigorous java performance evaluation,2,Statistically rigorous java performance evaluation,W2149207009; W3006649941,2007,48
surgical precision jit compilers,2,Surgical precision JIT compilers,W2088840230; W4235832836,2014,48
symbolic model checking without bdds,2,Symbolic Model Checking without BDDs,W1787074469; W4231640108,1999,48
synthesizing software verifiers from proof rules,2,Synthesizing software verifiers from proof rules,W2158493209; W4243887386,2012,48
taxdc,2,TaxDC,W2327265941; W4245930787,2016,48
the design of a task parallel library,2,The design of a task parallel library,W2113563476; W4230609379,2009,48
translation validation for a verified os kernel,2,Translation validation for a verified OS kernel,W2126823808; W4239392788,2013,48
trinity,2,Trinity,W2160459668; W2971324190,"2013, 2019",48
verified compilation of quantum oracles,2,Verified Compilation of Quantum Oracles,W4225677178; W4307886648,"2021, 2022",48
when polyhedral transformations meet simd code generation,2,When polyhedral transformations meet SIMD code generation,W1991009705; W3140469843,2013,48
a probabilistic pdl,2,A probabilistic PDL,W1982800675; W2000108089,"1983, 1985",46
an effect system for algebraic effects and handlers,2,An Effect System for Algebraic Effects and Handlers,W1735825634; W2949330042,"2013, 2014",46
distance makes the types grow stronger,2,Distance makes the types grow stronger,W2097061283; W3009518942,2010,46
modular verification of linearizability with non fixed linearization points,2,Modular verification of linearizability with non-fixed linearization points,W1981439955; W4248844407,2013,46
principal type schemes for gradual programs,2,Principal Type Schemes for Gradual Programs,W1970075481; W3005147209,"2014, 2015",46
semantics of probabilistic programs,2,Semantics of probabilistic programs,W2024355065; W2161290831,"1979, 1981",46
a functional quantum programming language,2,A Functional Quantum Programming Language,W2157601714; W3105690832,"2004, 2006",45
cerise program verification on a capability machine in the presence of untrusted code,2,Cerise: Program Verification on a Capability Machine in the Presence of Untrusted Code,W2966329817; W4386746600,"2021, 2023",45
checking interference with fractional permissions,2,Checking interference with fractional permissions,W1861989620; W4245729501,2003,45
ct wasm type driven secure cryptography for the web ecosystem,2,CT-wasm: type-driven secure cryptography for the web ecosystem,W2885285030; W3122076682,2019,45
data driven invariant learning for probabilistic programs,2,Data-Driven Invariant Learning for Probabilistic Programs,W3167391728; W4384696681,"2022, 2023",45
defining the undefinedness of c,2,Defining the undefinedness of C,W1969064066; W3016422245,2015,45
explicit effect subtyping,2,Explicit Effect Subtyping,W2797487433; W3030705729,"2018, 2020",45
generating good generators for inductive relations,2,Generating good generators for inductive relations,W2777305358; W2899241746,"2017, 2018",45
handbook of floating point arithmetic,2,Handbook of Floating-Point Arithmetic,W2887397219; W605824955,"2009, 2018",45
ifrit,2,IFRit,W2121816623; W4252602476,2012,45
labels and event processes in the asbestos operating system,2,Labels and event processes in the asbestos operating system,W2132185316; W4238764625,2005,45
language independent sandboxing of just in time compilation and self modifying code,2,Language-independent sandboxing of just-in-time compilation and self-modifying code,W2149603369; W4236561850,2011,45
learning minimal abstractions,2,Learning minimal abstractions,W2136535855; W4252599801,2011,45
loop and data transformations for sparse matrix code,2,Loop and data transformations for sparse matrix code,W2049487370; W4245643018,2015,45
memory persistency,2,Memory persistency,W2610308442; W4250281317,2014,45
modular verification of a non blocking stack,2,Modular verification of a non-blocking stack,W2137507504; W4253344502,2007,45
property directed inference of universal invariants or proving their absence,2,Property-Directed Inference of Universal Invariants or Proving Their Absence,W2603705845; W944431708,"2015, 2017",45
proving that programs eventually do something good,2,Proving that programs eventually do something good,W2053262709; W3160870209,2007,45
qed at large a survey of engineering of formally verified software,2,QED at Large: A Survey of Engineering of Formally Verified Software,W2972031508; W3104549103,2019,45
relaxed memory concurrency and verified compilation,2,Relaxed-memory concurrency and verified compilation,W2162627428; W4247648759,2011,45
set theoretic types for polymorphic variants,2,Set-theoretic types for polymorphic variants,W2415457035; W3177942140,2016,45
statically verified refinements for multiparty protocols,2,Statically verified refinements for multiparty protocols,W3107309644; W6893851399,2020,45
the impact of higher order state and control effects on local relational reasoning,2,The impact of higher-order state and control effects on local relational reasoning,W2101443478; W2153128836,"2010, 2012",45
understanding and detecting real world performance bugs,2,Understanding and detecting real-world performance bugs,W2145458045; W3003877692,2012,45
a type system for borrowing permissions,2,A type system for borrowing permissions,W2042694844; W4241045451,2012,44
alone together compositional reasoning and inference for weak isolation,2,Alone together: compositional reasoning and inference for weak isolation,W2765382207; W2898836676,2017,44
architecting phase change memory as a scalable dram alternative,2,Architecting phase change memory as a scalable dram alternative,W2102449048; W2998915116,2009,44
cdschecker,2,CDSchecker,W1983206712; W4242194760,2013,44
efficient search for inputs causing high floating point errors,2,Efficient search for inputs causing high floating-point errors,W2122738744; W3005181937,2014,44
flexible dynamic information flow control in haskell,2,Flexible dynamic information flow control in Haskell,W2005525408; W4253277433,2011,44
iterative context bounding for systematic testing of multithreaded programs,2,Iterative context bounding for systematic testing of multithreaded programs,W2135948849; W3017319410,2007,44
parameterised multiparty session types,2,Parameterised Multiparty Session Types,W1859947016; W2003314287,"2010, 2012",44
partial online cycle elimination in inclusion constraint graphs,2,Partial online cycle elimination in inclusion constraint graphs,W2065088439; W4234849644,1998,44
precise and compact modular procedure summaries for heap manipulating programs,2,Precise and compact modular procedure summaries for heap manipulating programs,W2164151624; W4245321046,2011,44
replication aware linearizability,2,Replication-Aware Linearizability,W2932425787; W2963419690,2019,44
semfix program repair via semantic analysis,2,SemFix: program repair via semantic analysis,W2016027000; W4244452926,2013,44
soft contract verification for higher order stateful programs,2,Soft contract verification for higher-order stateful programs,W2767680799; W2898812172,2017,44
subtyping for session types in the pi calculus,2,Subtyping for session types in the pi calculus,W2088962847; W3029782483,2005,44
superion grammar aware greybox fuzzing,2,Superion: Grammar-Aware Greybox Fuzzing,W2903351947; W2963350015,"2018, 2019",44
the algorithmic foundations of differential privacy,2,The Algorithmic Foundations of Differential Privacy,W2027595342; W4205228770,"2013, 2014",44
verified peephole optimizations for compcert,2,Verified peephole optimizations for CompCert,W2410327772; W3015316918,2016,44
phase change memory,2,Phase-change memory,W2001217269; W2526202524,"2010, 2013",43
a calculus of atomic actions,2,A calculus of atomic actions,W2155487709; W3011177614,2009,42
a formally verified compiler for lustre,2,A formally verified compiler for Lustre,W2609686781; W3009630147,2017,42
associated type synonyms,2,Associated type synonyms,W2107214848; W4251000889,2005,42
bounded exhaustive test input generation from hybrid invariants,2,Bounded exhaustive test input generation from hybrid invariants,W1976484136; W4241810885,2014,42
colored local type inference,2,Colored local type inference,W2032220227; W3010001255,2001,42
decidability of parameterized verification,2,Decidability of Parameterized Verification,W1918351269; W4300743836,2015,42
emptyheaded,2,EmptyHeaded,W2232813226; W4244579861,"2016, 2017",42
example guided synthesis of relational queries,2,Example-Guided Synthesis of Relational Queries,W3173382652; W3174531561,2021,42
extensible effects,2,Extensible effects,W2084115964; W4231733625,2013,42
gklee,2,GKLEE,W2076960126; W4256019627,2012,42
goldilocks,2,Goldilocks,W2153174073; W4243332545,2007,42
liquidhaskell,2,LiquidHaskell,W2139143398; W4238823939,2014,42
literace,2,LiteRace,W2150602145; W4247819329,2009,42
managing update conflicts in bayou a weakly connected replicated storage system,2,"Managing update conflicts in Bayou, a weakly connected replicated storage system",W1602193077; W2117260615,1995,42
mibench a free commercially representative embedded benchmark suite,2,"MiBench: A free, commercially representative embedded benchmark suite",W1686420892; W4232751114,"2001, 2005",42
overhauling sc atomics in c11 and opencl,2,Overhauling SC atomics in C11 and OpenCL,W1945229733; W4241690861,2016,42
practical virtual method call resolution for java,2,Practical virtual method call resolution for Java,W1974608873; W3005412289,2000,42
probabilistic coherence spaces are fully abstract for probabilistic pcf,2,Probabilistic coherence spaces are fully abstract for probabilistic PCF,W2033104047; W3122223284,2014,42
probabilistic termination,2,Probabilistic Termination,W2166496828; W4235271643,"2014, 2015",42
refinement types for typescript,2,Refinement types for TypeScript,W2340618214; W2949969177,2016,42
type inference for static compilation of javascript,2,Type inference for static compilation of JavaScript,W2534815697; W4249072346,2016,42
a functional correspondence between evaluators and abstract machines,2,A functional correspondence between evaluators and abstract machines,W2102435409; W2490166346,2003,40
an equivalence preserving cps translation via multi language semantics,2,An equivalence-preserving CPS translation via multi-language semantics,W2168743513; W4249824250,2011,40
automatically classifying benign and harmful data races using replay analysis,2,Automatically classifying benign and harmful data races using replay analysis,W2135023759; W3085225935,2007,40
call by name call by value call by need and the linear lambda calculus,2,"Call-by-name, call-by-value, call-by-need and the linear lambda calculus",W1995338553; W2123733847,"1995, 1999",40
composable memory transactions,2,Composable memory transactions,W2076149580; W2129990308,"2005, 2008",40
context sensitive data dependence analysis via linear conjunctive language reachability,2,Context-sensitive data-dependence analysis via linear conjunctive language reachability,W2561266941; W3009945260,"2016, 2017",40
deepxplore,2,DeepXplore,W2616028256; W2982138961,"2017, 2019",40
don t sit on the fence,2,Don’t Sit on the Fence,W1588615233; W1915338469,"2014, 2017",40
drfx,2,DRFX,W2152621318; W4256623604,2010,40
functional reactive animation,2,Functional reactive animation,W2079512738; W2997671293,1997,40
funtal reasonably mixing a functional language with assembly,2,FunTAL: reasonably mixing a functional language with assembly,W2625268615; W2952419681,2017,40
hoare style specifications as correctness conditions for non linearizable concurrent objects,2,Hoare-style specifications as correctness conditions for non-linearizable concurrent objects,W2207337040; W2950427834,2016,40
information flow inference for ml,2,Information flow inference for ML,W2040669676; W2061056245,"2002, 2003",40
java without the coffee breaks,2,Java without the coffee breaks,W2146340823; W3006856834,2001,40
koka programming with row polymorphic effect types,2,Koka: Programming with Row Polymorphic Effect Types,W2109375905; W6948077401,2014,40
multiparty session types as coherence proofs,2,Multiparty Session Types as Coherence Proofs,W2246451781; W2553788418,"2015, 2016",40
octet,2,OCTET,W1963966612; W4251580636,2013,40
pattern synonyms,2,Pattern synonyms,W2555814573; W4238471821,2016,40
practical affine types,2,Practical affine types,W1971591193; W4242423436,2011,40
producing wrong data without doing anything obviously wrong,2,Producing wrong data without doing anything obviously wrong!,W2153530968; W4246438243,2009,40
ringer web automation by demonstration,2,Ringer: web automation by demonstration,W2537005436; W3101669531,2016,40
speeding up slicing,2,Speeding up slicing,W2088140535; W4235915479,1994,40
staged parser combinators for efficient data processing,2,Staged parser combinators for efficient data processing,W2135641942; W4249680514,2014,40
synthesis of interface specifications for java classes,2,Synthesis of interface specifications for Java classes,W2119467398; W3139990154,2005,40
synthesizing abstract transformers,2,Synthesizing abstract transformers,W3157256658; W4292120995,"2021, 2022",40
type preserving cps translation of σ and π types is not not possible,2,Type-preserving CPS translation of Σ and Π types is not not possible,W2779172326; W2898917546,"2017, 2018",40
typilus neural type hints,2,Typilus: neural type hints,W3018033251; W3105735055,2020,40
what is decidable about string constraints with the replaceall function,2,What Is Decidable about String Constraints with the ReplaceAll Function,W2768005116; W2963054422,2017,40
a dynamic program analysis to find floating point accuracy problems,2,A dynamic program analysis to find floating-point accuracy problems,W1986969990; W3110699689,2012,39
a framework for defining logics,2,A framework for defining logics,W1483170865; W1974190112,1993,39
a theory of gradual effect systems,2,A theory of gradual effect systems,W2045949477; W4251269212,2014,39
assigning meanings to programs,2,Assigning Meanings to Programs,W2069300761; W4251912342,"1967, 1993",39
building program optimizers with rewriting strategies,2,Building program optimizers with rewriting strategies,W1978948468; W3007997627,1998,39
continuity analysis of programs,2,Continuity analysis of programs,W2131275552; W3107963428,2010,39
foundations of path dependent types,2,Foundations of path-dependent types,W2103094658; W3014311131,2014,39
fph,2,FPH,W2058141320; W4231402167,2008,39
i structures data structures for parallel computing,2,I-Structures: Data structures for parallel computing,W1843718812; W1986804682,"1987, 1989",39
korat,2,Korat,W2162120832; W4253606798,2002,39
making context sensitive points to analysis with heap cloning practical for the real world,2,Making context-sensitive points-to analysis with heap cloning practical for the real world,W2048229966; W3009050206,2007,39
recursive proofs for inductive tree data structures,2,Recursive proofs for inductive tree data-structures,W2171339035; W4245933182,2012,39
representing control in the presence of one shot continuations,2,Representing control in the presence of one-shot continuations,W2033675214; W4242142379,1996,39
static contract checking for haskell,2,Static contract checking for Haskell,W2059703978; W4229527230,2009,39
theorem proving in higher order logics,2,Theorem Proving in Higher Order Logics,W1624142974; W4298072213,"1999, 2009",39
a concurrency semantics for relaxed atomics that permits optimisation and avoids thin air executions,2,A concurrency semantics for relaxed atomics that permits optimisation and avoids thin-air executions,W2293159724; W3125539909,2016,38
a deductive approach to program synthesis,2,A Deductive Approach to Program Synthesis,W1541573578; W2012436850,"1980, 1981",38
eliminating array bound checking through dependent types,2,Eliminating array bound checking through dependent types,W2024914463; W3015747443,1998,38
smartcheck,2,SmartCheck,W2017114730; W2805827286,"2014, 2018",38
snap,2,SNAP,W2256352919; W2982176300,"2016, 2019",38
tequila a platform for rapid development of quantum algorithms,2,TEQUILA: a platform for rapid development of quantum algorithms,W3101038858; W3132847260,2021,37
a constraint based approach to solving games on infinite graphs,2,A constraint-based approach to solving games on infinite graphs,W2140673956; W3032958005,2014,36
a practical framework for type inference error explanation,2,A practical framework for type inference error explanation,W2537680118; W3024847434,2016,36
a relational model of types and effects in higher order concurrent separation logic,2,A relational model of types-and-effects in higher-order concurrent separation logic,W2567502494; W3087579680,"2016, 2017",36
a short counterexample property for safety and liveness verification of fault tolerant distributed algorithms,2,A short counterexample property for safety and liveness verification of fault-tolerant distributed algorithms,W2518474658; W2999609829,"2016, 2017",36
a type and effect system for atomicity,2,A type and effect system for atomicity,W2102640269; W4235116491,2003,36
a type theory for probability density functions,2,A type theory for probability density functions,W2135181456; W4230647180,2012,36
an executable formal semantics of c with applications,2,An executable formal semantics of C with applications,W2162604396; W4255006224,2012,36
automated mutual explicit induction proof in separation logic,2,Automated Mutual Explicit Induction Proof in Separation Logic,W2512685755; W2953221142,2016,36
automated synthesis of comprehensive memory model litmus test suites,2,Automated Synthesis of Comprehensive Memory Model Litmus Test Suites,W2605308338; W3019068005,2017,36
automatic patch generation learned from human written patches,2,Automatic patch generation learned from human-written patches,W2076719273; W4255632703,2013,36
automatically learning shape specifications,2,Automatically learning shape specifications,W2414616261; W4238096783,2016,36
backtracking interleaving and terminating monad transformers,2,"Backtracking, interleaving, and terminating monad transformers",W1979039632; W2999365512,2005,36
bidirectionalizing graph transformations,2,Bidirectionalizing graph transformations,W2046832714; W4245974437,2010,36
c4,2,C4,W2064091303; W4241990458,2011,36
cets,2,CETS,W2122757982; W4230177578,2010,36
context transformations for pointer analysis,2,Context transformations for pointer analysis,W2626356917; W4253459289,2017,36
control flow refinement and progress invariants for bound analysis,2,Control-flow refinement and progress invariants for bound analysis,W2159756689; W3009765366,2009,36
coverage based greybox fuzzing as markov chain,2,Coverage-based Greybox Fuzzing as Markov Chain,W2535617737; W2777430404,"2016, 2017",36
end to end verification of stack space bounds for c programs,2,End-to-end verification of stack-space bounds for C programs,W1963833875; W3003830046,2014,36
equality saturation for tensor graph superoptimization,2,Equality Saturation for Tensor Graph Superoptimization,W3120853372; W3139406790,2021,36
formal verification of translation validators,2,Formal verification of translation validators,W1981899763; W3216594676,"2008, 2009",36
fully abstract compilation to javascript,2,Fully abstract compilation to JavaScript,W2108416936; W3013655058,2013,36
getting f bounded polymorphism into shape,2,Getting F-bounded polymorphism into shape,W1981173279; W3010880730,2014,36
halo,2,HALO,W2120172501; W4241135032,2013,36
hybrid dynamic data race detection,2,Hybrid dynamic data race detection,W2127989655; W3023641965,2003,36
imagenet large scale visual recognition challenge,2,ImageNet Large Scale Visual Recognition Challenge,W2117539524; W4299619069,"2015, 2021",36
integrating linear and dependent types,2,Integrating Linear and Dependent Types,W2114058479; W4233723952,"2014, 2015",36
learning a strategy for adapting a program analysis via bayesian optimisation,2,Learning a strategy for adapting a program analysis via bayesian optimisation,W2028284083; W3015754276,2015,36
logical types for untyped languages,2,Logical types for untyped languages,W2096368963; W4238738727,2010,36
making the future safe for the past,2,Making the future safe for the past,W2137417304; W2998644885,1998,36
meta theory à la carte,2,Meta-theory à la carte,W2128448167; W3014685094,2013,36
mining specifications,2,Mining specifications,W2295399529; W4241531852,2002,36
modular monadic meta theory,2,Modular monadic meta-theory,W2104422179; W4206260558,2013,36
modular type classes,2,Modular type classes,W2151275061; W4237270226,2007,36
neurosymbolic programming,2,Neurosymbolic Programming,W4205702708; W4206647573,2021,36
openpiton,2,OpenPiton,W2333603443; W4253751283,2016,36
ownership types for safe region based memory management in real time java,2,Ownership types for safe region-based memory management in real-time Java,W2116318340; W4238698576,2003,36
pacer,2,PACER,W2078197548; W4248333643,2010,36
path oram,2,Path ORAM,W2170993700; W2796933658,"2013, 2018",36
proving acceptability properties of relaxed nondeterministic approximate programs,2,Proving acceptability properties of relaxed nondeterministic approximate programs,W2156745311; W4253627437,2012,36
safe haskell,2,Safe haskell,W2296133386; W4256299095,2012,36
schism,2,Schism,W1977365631; W4246720585,2010,36
self optimizing ast interpreters,2,Self-optimizing AST interpreters,W2091228796; W2998420272,2012,36
session types revisited,2,Session types revisited,W2128280268; W4232327061,"2012, 2017",36
snugglebug,2,Snugglebug,W2114337691; W4250336630,2009,36
stencil computation optimization and auto tuning on state of the art multicore architectures,2,Stencil computation optimization and auto-tuning on state-of-the-art multicore architectures,W2154786353; W3152199537,2008,36
system fc with explicit kind equality,2,System FC with explicit kind equality,W1968424997; W4254471976,2013,36
taming the parallel effect zoo,2,Taming the parallel effect zoo,W2025442455; W3178808021,2014,36
test driven synthesis,2,Test-driven synthesis,W1965446936; W3004239592,2014,36
the data locality of work stealing,2,The data locality of work stealing,W1968020161; W1995873479,"2000, 2002",36
the set constraint cfl reachability connection in practice,2,The set constraint/CFL reachability connection in practice,W2135565307; W2998965762,2004,36
the superblock an effective technique for vliw and superscalar compilation,2,The superblock: An effective technique for VLIW and superscalar compilation,W2063255488; W2244332765,1993,36
there is no fork,2,There is no fork,W2068873267; W3010222729,2014,36
threadscan,2,ThreadScan,W2053990855; W2799964882,"2015, 2017",36
til,2,TIL,W2171691057; W4243990976,"1996, 2004",36
towards a program logic for javascript,2,Towards a program logic for JavaScript,W2063692999; W4242904834,2012,36
a coq library for internal verification of running times,2,A Coq Library for Internal Verification of Running-Times,W2408675243; W2615175639,"2016, 2017",35
accepting blame for safe tunneled exceptions,2,Accepting blame for safe tunneled exceptions,W2410807300; W4232769257,2016,35
ethainter a smart contract security analyzer for composite vulnerabilities,2,Ethainter: a smart contract security analyzer for composite vulnerabilities,W3034136313; W3039413122,2020,35
frenetic,2,Frenetic,W2099501333; W4234045312,2011,35
hails protecting data privacy in untrusted web applications,2,Hails: Protecting Data Privacy in Untrusted Web Applications,W2122167991; W2625599531,"2012, 2017",35
idle time garbage collection scheduling,2,Idle time garbage collection scheduling,W2417309458; W3158712548,2016,35
it s alive continuous feedback in ui programming,2,It's alive! continuous feedback in UI programming,W2051834506; W4238434630,2013,35
ott,2,Ott,W1994736245; W4231312288,2007,35
overcode,2,OverCode,W2020638820; W2076771354,"2014, 2015",35
programming heterogeneous systems from an image processing dsl,2,Programming Heterogeneous Systems from an Image Processing DSL,W2544002786; W2952949371,"2016, 2017",35
pushdown flow analysis with abstract garbage collection,2,Pushdown flow analysis with abstract garbage collection,W1984188064; W3098054590,2014,35
quantified class constraints,2,Quantified class constraints,W2751718667; W3128717498,2017,35
runtime pointer disambiguation,2,Runtime pointer disambiguation,W2066535672; W4237416213,2015,35
secure web applications via automatic partitioning,2,Secure web applications via automatic partitioning,W2166510103; W4246597393,2007,35
specifying and verifying sparse matrix codes,2,Specifying and verifying sparse matrix codes,W2130586555; W4233661064,2010,35
symbolic optimization with smt solvers,2,Symbolic optimization with SMT solvers,W2157056800; W3029402327,2014,35
terra,2,Terra,W2132598718; W4241563291,2013,35
toward compositional verification of interruptible os kernels and device drivers,2,Toward compositional verification of interruptible OS kernels and device drivers,W2412857152; W2781213257,"2016, 2017",35
toward semantic foundations for program editors,2,Toward Semantic Foundations for Program Editors,W2604229470; W2950862646,2017,35
verifying reliable network components in a distributed separation logic with dependent separation protocols,2,Verifying Reliable Network Components in a Distributed Separation Logic with Dependent Separation Protocols,W4386317072; W6968998399,2023,35
a program logic for concurrent objects under fair scheduling,2,A program logic for concurrent objects under fair scheduling,W2236913981; W3207370208,2016,34
expressive modular fine grained concurrency specification,2,Expressive modular fine-grained concurrency specification,W2135820369; W4249110288,2011,34
gradual refinement types,2,Gradual refinement types,W2561537655; W3160402515,"2016, 2017",34
interacting quantum observables categorical algebra and diagrammatics,2,Interacting quantum observables: categorical algebra and diagrammatics,W2096331363; W3104500086,"2008, 2011",34
purely functional data structures,2,Purely functional data structures,W1580184003; W2105045857,"1998, 1999",34
scaling abstraction refinement via pruning,2,Scaling abstraction refinement via pruning,W2152791745; W4235421007,2011,34
type theory in type theory using quotient inductive types,2,Type theory in type theory using quotient inductive types,W2274485505; W3138202147,2016,34
weighted pushdown systems and their application to interprocedural dataflow analysis,2,Weighted Pushdown Systems and Their Application to Interprocedural Dataflow Analysis,W4230104298; W4244831445,"2003, 2005",34
a language for automatically enforcing privacy policies,2,A language for automatically enforcing privacy policies,W1972999341; W4243963980,2012,33
a library for light weight information flow security in haskell,2,A library for light-weight information-flow security in haskell,W2027961147; W2997403635,2008,33
a practical construction for decomposing numerical abstract domains,2,A practical construction for decomposing numerical abstract domains,W2780061171; W2898998338,"2017, 2018",33
a scalable commodity data center network architecture,2,"A scalable, commodity data center network architecture",W2130531694; W4238465620,2008,33
a virtual class calculus,2,A virtual class calculus,W2057779758; W4233314181,2006,33
abstract acceleration of general linear loops,2,Abstract acceleration of general linear loops,W2095810701; W3119451573,2014,33
an operational semantics for c c 11 concurrency,2,An operational semantics for C/C++11 concurrency,W2533070090; W3005302725,2016,33
compiling markov chain monte carlo algorithms for probabilistic modeling,2,Compiling Markov chain Monte Carlo algorithms for probabilistic modeling,W2624999081; W3006162436,2017,33
contracts made manifest,2,Contracts made manifest,W2027189949; W2079636731,"2010, 2012",33
decision procedures for algebraic data types with abstractions,2,Decision procedures for algebraic data types with abstractions,W2162315884; W3012238446,2010,33
disjoint intersection types,2,Disjoint intersection types,W2517607333; W4252408024,2016,33
dynamic partial order reduction for relaxed memory models,2,Dynamic partial order reduction for relaxed memory models,W2024875714; W3005401021,2015,33
environmental bisimulations for higher order languages,2,Environmental bisimulations for higher-order languages,W2023149698; W2144562508,"2007, 2011",33
feat,2,Feat,W2031872041; W4243922950,2012,33
higher order functional reactive programming in bounded space,2,Higher-order functional reactive programming in bounded space,W2096936728; W4236134058,2012,33
interactive parser synthesis by example,2,Interactive parser synthesis by example,W1982239607; W3042240372,2015,33
katch a fast symbolic verifier for netkat,2,KATch: A Fast Symbolic Verifier for NetKAT,W4394661176; W6948934285,2024,33
modular product programs,2,Modular Product Programs,W2797766813; W2995573473,"2018, 2019",33
polymorphism and separation in hoare type theory,2,Polymorphism and separation in hoare type theory,W2109772966; W3142658169,2006,33
practical probabilistic programming with monads,2,Practical probabilistic programming with monads,W2030213839; W4238303928,2015,33
proving hypersafety compositionally,2,Proving hypersafety compositionally,W4307886450; W6891912751,2022,33
specification inference using context free language reachability,2,Specification Inference Using Context-Free Language Reachability,W2132481916; W3005667672,"2014, 2015",33
ssprove a foundational framework for modular cryptographic proofs in coq,2,SSProve: A Foundational Framework for Modular Cryptographic Proofs in Coq,W3159613676; W3187205106,"2021, 2023",33
symmetric lenses,2,Symmetric lenses,W2294683416; W4244238952,2011,33
towards a mechanized metatheory of standard ml,2,Towards a mechanized metatheory of standard ML,W1987755707; W3163573021,2007,33
verifying read copy update in a logic for weak memory,2,Verifying read-copy-update in a logic for weak memory,W2063666348; W3015474483,2015,33
λs computable semantics for differentiable programming with higher order functions and datatypes,2,𝜆ₛ: computable semantics for differentiable programming with higher-order functions and datatypes,W3043507022; W3118180050,2021,33
a fast abstract syntax tree interpreter for r,2,A fast abstract syntax tree interpreter for R,W2026489303; W3033264920,2014,32
a kripke logical relation between ml and assembly,2,A kripke logical relation between ML and assembly,W2091779700; W4252501555,2011,32
a model learner pattern for bayesian reasoning,2,A model-learner pattern for bayesian reasoning,W2059802626; W4237267501,2013,32
analytical modeling of cache behavior for affine programs,2,Analytical modeling of cache behavior for affine programs,W2779253217; W2898885257,"2017, 2018",32
associated types with class,2,Associated types with class,W2168938117; W4235669620,2005,32
asynchronous functional reactive programming for guis,2,Asynchronous functional reactive programming for GUIs,W2113112607; W3006529926,2013,32
closed type families with overlapping equations,2,Closed type families with overlapping equations,W2129777450; W4231010649,2014,32
complete functional synthesis,2,Complete functional synthesis,W2105315191; W3149892921,2010,32
conditionally correct superoptimization,2,Conditionally correct superoptimization,W1979660747; W3015790292,2015,32
dependently typed programming in agda,2,Dependently typed programming in Agda,W1982209843; W4242767025,2009,32
efficient synthesis of probabilistic programs,2,Efficient synthesis of probabilistic programs,W2048027175; W4235951092,2015,32
flow sensitive pointer analysis for millions of lines of code,2,Flow-sensitive pointer analysis for millions of lines of code,W2134569009; W3147482974,2011,32
forward and backward simulations,2,Forward and Backward Simulations,W2041617655; W2328819335,"1995, 1996",32
generative type abstraction and type level computation,2,Generative type abstraction and type-level computation,W2029422023; W4213422035,2011,32
gradual typestate,2,Gradual typestate,W2912880222; W4254551474,2011,32
ice based refinement type discovery for higher order functional programs,2,ICE-Based Refinement Type Discovery for Higher-Order Functional Programs,W2798232457; W3046473740,"2018, 2020",32
introspective pushdown analysis of higher order programs,2,Introspective pushdown analysis of higher-order programs,W1990810662; W2952465326,2012,32
iterative optimization in the polyhedral model,2,Iterative optimization in the polyhedral model,W2031775479; W3009106325,2008,32
multi stage programming with explicit annotations,2,Multi-stage programming with explicit annotations,W2096314727; W3163302786,1997,32
on the bright side of type classes,2,On the bright side of type classes,W1975664374; W4213453328,2011,32
practical foundations for programming languages,2,Practical Foundations for Programming Languages,W1760139041; W4302984605,"2012, 2016",32
probability type inference for flexible approximate programming,2,Probability type inference for flexible approximate programming,W2049451779; W3035298925,2015,32
randomized accuracy aware program transformations for efficient approximate computations,2,Randomized accuracy-aware program transformations for efficient approximate computations,W2165964040; W4239588330,2012,32
refactoring using type constraints,2,Refactoring Using Type Constraints,W1847665756; W2000952465,"2007, 2011",32
static serializability analysis for causal consistency,2,Static serializability analysis for causal consistency,W2798647014; W3119689521,2018,32
sugarj,2,SugarJ,W2078200248; W4240177611,2011,32
tada live compositional reasoning for termination of fine grained concurrent programs,2,TaDA Live: Compositional Reasoning for Termination of Fine-grained Concurrent Programs,W2909610028; W3211705538,"2019, 2021",32
the ant and the grasshopper,2,The ant and the grasshopper,W2153578567; W3005402394,2007,32
the behavior of gradual types a user study,2,The behavior of gradual types: a user study,W2898103424; W4229581335,"2018, 2020",32
the gentle art of levitation,2,The gentle art of levitation,W2012619465; W3003433637,2010,32
the gradualizer a methodology and algorithm for generating gradual type systems,2,The gradualizer: a methodology and algorithm for generating gradual type systems,W2296599395; W4253164464,2016,32
total haskell is reasonable coq,2,Total Haskell is reasonable Coq,W2769582192; W4248709884,"2017, 2018",32
type base flow analysis,2,Type-base flow analysis,W2079752311; W3033694951,2001,32
using dynamic analysis to discover polynomial and array invariants,2,Using dynamic analysis to discover polynomial and array invariants,W2098278465; W3140308147,2012,32
a semantics for concurrent separation logic,2,A semantics for concurrent separation logic,W2125398300; W2168690953,"2004, 2007",31
synthesis of reactive 1 designs,2,Synthesis of Reactive(1) designs,W2041701185; W3023554972,"2005, 2011",31
a massively parallel tensor contraction framework for coupled cluster computations,2,A massively parallel tensor contraction framework for coupled-cluster computations,W2006973305; W4233314536,2014,30
adaptive functional programming,2,Adaptive functional programming,W1971597822; W1995307698,"2002, 2006",30
an efficient implementation of self a dynamically typed object oriented language based on prototypes,2,An efficient implementation of SELF a dynamically-typed object-oriented language based on prototypes,W2058639022; W3162802155,1989,30
asynchronous programming analysis and testing with state machines,2,"Asynchronous programming, analysis and testing with state machines",W2114823082; W4238280899,2015,30
automated atomicity violation fixing,2,Automated atomicity-violation fixing,W2100627043; W4210712189,2011,30
automated error diagnosis using abductive inference,2,Automated error diagnosis using abductive inference,W2144196848; W3104094248,2012,30
bounded refinement types,2,Bounded refinement types,W2152456366; W3171551060,2015,30
consolidation of queries with user defined functions,2,Consolidation of queries with user-defined functions,W2169698083; W3007973663,2014,30
constraints as control,2,Constraints as control,W2115261880; W4243882797,2012,30
contracts for system design,2,Contracts for System Design,W2264340030; W4205178436,2018,30
crosscat a fully bayesian nonparametric method for analyzing heterogeneous high dimensional data,2,"CrossCat: A Fully Bayesian Nonparametric Method for Analyzing Heterogeneous, High Dimensional Data",W2183668859; W2964283485,"2015, 2016",30
data extraction via semantic regular expression synthesis,2,Data Extraction via Semantic Regular Expression Synthesis,W4387667125; W6894151968,2023,30
demand interprocedural dataflow analysis,2,Demand interprocedural dataflow analysis,W2098645109; W4248607285,1995,30
drdebug,2,DrDebug,W1973842602; W4242346613,2014,30
effective automatic parallelization of stencil computations,2,Effective automatic parallelization of stencil computations,W2003798513; W3149084271,2007,30
effective race detection for event driven programs,2,Effective race detection for event-driven programs,W2156370972; W3014461055,2013,30
efficient construction of approximate call graphs for javascript ide services,2,Efficient construction of approximate call graphs for JavaScript IDE services,W2023753091; W4247387602,2013,30
energy efficient computing for wildlife tracking,2,Energy-efficient computing for wildlife tracking,W2123825896; W3003535479,2002,30
esp,2,ESP,W2103714221; W4237087841,2002,30
extensible access control with authorization contracts,2,Extensible access control with authorization contracts,W2535658741; W4248071075,2016,30
formalizing the concurrency semantics of an llvm fragment,2,Formalizing the concurrency semantics of an LLVM fragment,W2592137786; W2743924600,2017,30
freezeml complete and easy type inference for first class polymorphism,2,FreezeML: complete and easy type inference for first-class polymorphism,W3015074823; W6948070472,2020,30
fully abstract compilation by approximate back translation,2,Fully-abstract compilation by approximate back-translation,W2293692853; W3116746739,2016,30
gradual c0 symbolic execution for gradual verification,2,Gradual C0: Symbolic Execution for Gradual Verification,W4303441855; W4405079879,"2022, 2024",30
gradual type theory,2,Gradual type theory,W2900045822; W3205784599,"2019, 2021",30
hypercollecting semantics and its application to static analysis of information flow,2,Hypercollecting semantics and its application to static analysis of information flow,W2509308157; W4232090216,"2016, 2017",30
improving javascript performance by deconstructing the type system,2,Improving JavaScript performance by deconstructing the type system,W2057510141; W3015760907,2014,30
intersection types and computational effects,2,Intersection types and computational effects,W2128529251; W3101847013,2000,30
linearity and the pi calculus,2,Linearity and the pi-calculus,W2042360145; W2092952058,"1996, 1999",30
mechanized semantics for the clight subset of the c language,2,Mechanized Semantics for the Clight Subset of the C Language,W2084175640; W3106373601,2009,30
monads need not be endofunctors,2,Monads Need Not Be Endofunctors,W2161616972; W2402322558,"2010, 2015",30
non linear loop invariant generation using gröbner bases,2,Non-linear loop invariant generation using Gröbner bases,W2098045685; W4246575101,2004,30
parametric effect monads and semantics of effect systems,2,Parametric effect monads and semantics of effect systems,W2007738069; W3125045354,2014,30
parsing with derivatives,2,Parsing with derivatives,W1971841096; W2188521969,2011,30
polyhedral specification and code generation of sparse tensor contraction with co iteration,2,Polyhedral Specification and Code Generation of Sparse Tensor Contraction with Co-Iteration,W4293329542; W4307380766,2022,30
program analysis as constraint solving,2,Program analysis as constraint solving,W2098022036; W3005318059,2008,30
prorace,2,ProRace,W2604695547; W4240347746,2017,30
quantitative analysis of assertion violations in probabilistic programs,2,Quantitative Analysis of Assertion Violations in Probabilistic Programs,W3107839218; W3166047986,"2020, 2021",30
quantum phases of matter on a 256 atom programmable quantum simulator,2,Quantum phases of matter on a 256-atom programmable quantum simulator,W3117469420; W3180039530,2021,30
reconciling event structures with modern multiprocessors,2,Reconciling Event Structures with Modern Multiprocessors,W2986998565; W3108655499,"2019, 2020",30
resolving and exploiting the i k i cfa paradox,2,Resolving and exploiting the <i>k</i> -CFA paradox,W2140430779; W3115018234,2010,30
scalable atomic visibility with ramp transactions,2,Scalable atomic visibility with RAMP transactions,W1995339490; W2497521232,"2014, 2016",30
semi symbolic inference for efficient streaming probabilistic programming,2,Semi-symbolic inference for efficient streaming probabilistic programming,W4307887253; W6968894248,2022,30
spl sup lift sup,2,SPL <sup>LIFT</sup>,W2069283169; W4235417919,2013,30
synthesis of divide and conquer parallelism for loops,2,Synthesis of divide and conquer parallelism for loops,W2626245353; W3006309927,2017,30
synthesizing coupling proofs of differential privacy,2,Synthesizing coupling proofs of differential privacy,W2754729435; W2898734375,2017,30
synthesizing quotient lenses,2,Synthesizing quotient lenses,W2885066046; W4249045153,2018,30
transition invariants,2,Transition invariants,W2293708017; W4248689402,2004,30
type systems as macros,2,Type systems as macros,W2564970793; W4232261649,"2016, 2017",30
types bytes and separation logic,2,"Types, bytes, and separation logic",W2130970533; W4232666937,2007,30
validation of memory accesses through symbolic analyses,2,Validation of memory accesses through symbolic analyses,W1985774614; W4237159548,2014,30
verifying that web pages have accessible layout,2,Verifying that web pages have accessible layout,W2798604085; W4254308815,2018,30
program analysis via graph reachability,2,Program Analysis via Graph Reachability,W1576925855; W2093080079,"1997, 1998",29
reduction,2,Reduction,W1972537186; W2072062729,1975,29
a generic deriving mechanism for haskell,2,A generic deriving mechanism for Haskell,W2007492338; W4251631464,2010,28
a randomized dynamic program analysis technique for detecting real deadlocks,2,A randomized dynamic program analysis technique for detecting real deadlocks,W2119494620; W3017218903,2009,28
abstractions from tests,2,Abstractions from tests,W2113964673; W4252015082,2012,28
an energy interference free hardware software debugger for intermittent energy harvesting systems,2,An Energy-interference-free Hardware-Software Debugger for Intermittent Energy-harvesting Systems,W2324544651; W4241262309,2016,28
automated soundness proofs for dataflow analyses and transformations via local rules,2,Automated soundness proofs for dataflow analyses and transformations via local rules,W2144540543; W4247319954,2005,28
automatic detection of floating point exceptions,2,Automatic detection of floating-point exceptions,W1966151649; W4248729839,2013,28
b4,2,B4,W2126822952; W4236202168,2013,28
bwe,2,BwE,W2009266039; W4232013398,2015,28
confined gradual typing,2,Confined gradual typing,W2163533732; W3009600509,2014,28
deriving probability density functions from probabilistic functional programs,2,Deriving Probability Density Functions from Probabilistic Functional Programs,W184493040; W2736831476,"2013, 2017",28
dire a neural approach to decompiled identifier naming,2,DIRE: A Neural Approach to Decompiled Identifier Naming,W2973871154; W3000168638,2019,28
distributed memory code generation for mixed irregular regular computations,2,Distributed memory code generation for mixed Irregular/Regular computations,W1977461164; W4254728533,2015,28
don t sweat the small stuff,2,Don't sweat the small stuff,W2066997989; W3049663443,2014,28
doubleplay,2,DoublePlay,W2115855199; W4249972030,2011,28
from invariant checking to invariant inference using randomized search,2,From Invariant Checking to Invariant Inference Using Randomized Search,W2247845964; W2311603331,"2014, 2016",28
handbook of satisfiability,2,Handbook of Satisfiability,W1586677474; W4206807714,2021,28
hybrid type checking,2,Hybrid type checking,W2141210774; W2144160229,"2006, 2010",28
internally deterministic parallel algorithms can be fast,2,Internally deterministic parallel algorithms can be fast,W1979201594; W4256739278,2012,28
large scale formal verification in practice a process perspective,2,Large-scale formal verification in practice: A process perspective,W2099161642; W3145226404,"2012, 2013",28
lost in the middle how language models use long contexts,2,Lost in the Middle: How Language Models Use Long Contexts,W4383605243; W4391876619,"2023, 2024",28
memento mori dynamic allocation site based optimizations,2,Memento mori: dynamic allocation-site-based optimizations,W1974715526; W3022703667,2015,28
model checking for symbolic heap separation logic with inductive predicates,2,Model checking for symbolic-heap separation logic with inductive predicates,W2284409231; W3137061681,2016,28
mostly automated verification of low level programs in computational separation logic,2,Mostly-automated verification of low-level programs in computational separation logic,W2098959411; W4246191294,2011,28
on reducing linearizability to state reachability,2,On Reducing Linearizability to State Reachability,W1717387230; W2953158016,2015,28
optimal neural program synthesis from multimodal specifications,2,Optimal Neural Program Synthesis from Multimodal Specifications,W3092838946; W3214514975,"2020, 2021",28
points to analysis with efficient strong updates,2,Points-to analysis with efficient strong updates,W2136271630; W4241352414,2011,28
reim and amp reiminfer,2,Reim &amp; ReImInfer,W2118004641; W4249302518,2012,28
satcheck sat directed stateless model checking for sc and tso,2,SATCheck: SAT-directed stateless model checking for SC and TSO,W2036316394; W3021368500,2015,28
scalable parallel programming with cuda,2,Scalable parallel programming with CUDA,W2028499920; W3138798301,2008,28
slicing probabilistic programs,2,Slicing probabilistic programs,W2066486177; W4240949783,2014,28
the transmeta code morphing spl trade software using speculation recovery and adaptive retranslation to address real life challenges,2,"The Transmeta Code Morphing/spl trade/ Software: using speculation, recovery, and adaptive retranslation to address real-life challenges",W2148865465; W4241410512,2003,28
translating imperative code to mapreduce,2,Translating imperative code to MapReduce,W2040943118; W4233804642,2014,28
triggered instructions,2,Triggered instructions,W2074812550; W4231369534,2013,28
typed closure conversion preserves observational equivalence,2,Typed closure conversion preserves observational equivalence,W2114702512; W4242150334,2008,28
valor efficient software only region conflict exceptions,2,"Valor: efficient, software-only region conflict exceptions",W2068530820; W4247549414,2015,28
actors,2,Actors,W4241999184; W4256363426,"1986, 2011",27
analysis of pointers and structures,2,Analysis of pointers and structures,W1975914482; W4250522981,"1990, 2004",27
automatically proving the correctness of compiler optimizations,2,Automatically proving the correctness of compiler optimizations,W2125346056; W4247332426,2003,27
automating relatively complete verification of higher order functional programs,2,Automating relatively complete verification of higher-order functional programs,W2078578987; W3010566592,2013,27
bounded model checking,2,Bounded Model Checking,W1583869287; W2401003083,"2003, 2009",27
compiler testing via a theory of sound optimisations in the c11 c 11 memory model,2,Compiler testing via a theory of sound optimisations in the C11/C++11 memory model,W2164264520; W4232620454,2013,27
compiler verification meets cross language linking via data abstraction,2,Compiler verification meets cross-language linking via data abstraction,W2074630311; W3014241878,2014,27
consistent subtyping for all,2,Consistent Subtyping for All,W2799110842; W2990278710,"2018, 2019",27
cross language compiler benchmarking are we fast yet,2,Cross-language compiler benchmarking: are we fast yet?,W2533990317; W3004910747,2016,27
deep learning,2,Deep Learning,W2557283755; W2919115771,"2015, 2016",27
dreamcoder growing generalizable interpretable knowledge with wake sleep bayesian program learning,2,"DreamCoder: growing generalizable, interpretable knowledge with wake–sleep Bayesian program learning",W3034789704; W4287757334,"2020, 2023",27
fidex filtering spreadsheet data using examples,2,FIDEX: filtering spreadsheet data using examples,W2536870052; W3082233550,2016,27
formal reasoning about layered monadic interpreters,2,Formal reasoning about layered monadic interpreters,W4293813138; W6894056043,2022,27
guaranteed bounds for posterior inference in universal probabilistic programming,2,Guaranteed Bounds for Posterior Inference in Universal Probabilistic Programming,W4226026446; W4281938159,2022,27
making numerical program analysis fast,2,Making numerical program analysis fast,W2135384260; W3021342296,2015,27
mementos,2,Mementos,W2164298032; W4256601485,"2011, 2012",27
programming with enumerable sets of structures,2,Programming with enumerable sets of structures,W1990069336; W3034246121,2015,27
regression test selection for java software,2,Regression test selection for Java software,W1978546859; W4234018049,2001,27
sound complete and scalable path sensitive analysis,2,"Sound, complete and scalable path-sensitive analysis",W2140809377; W3000661531,2008,27
sound probabilistic inference via guide types,2,Sound Probabilistic Inference via Guide Types,W3143845920; W3171599899,2021,27
temporal higher order contracts,2,Temporal higher-order contracts,W2040615980; W4238764673,2011,27
thorough static analysis of device drivers,2,Thorough static analysis of device drivers,W2131195907; W4240621788,2006,27
towards haskell in the cloud,2,Towards Haskell in the cloud,W2143847610; W4250303599,2011,27
type classes as objects and implicits,2,Type classes as objects and implicits,W2026323010; W4239384405,2010,27
verified software toolchain,2,Verified Software Toolchain,W2183096388; W2213989452,"2011, 2012",27
visualization of test information to assist fault localization,2,Visualization of test information to assist fault localization,W2162045655; W4243127898,2002,27
defunctionalization at work,2,Defunctionalization at work,W2139626883; W2406605894,2001,26
just do it,2,Just do it,W2142098311; W4235410435,2011,26
noninterference for free,2,Noninterference for free,W1979413599; W4251824284,2015,26
programming semantics for multiprogrammed computations,2,Programming semantics for multiprogrammed computations,W2113350481; W4249212548,"1966, 1983",26
pyzx large scale automated diagrammatic reasoning,2,PyZX: Large Scale Automated Diagrammatic Reasoning,W2938353722; W6948475268,"2019, 2020",26
reducing concurrent analysis under a context bound to sequential analysis,2,Reducing Concurrent Analysis Under a Context Bound to Sequential Analysis,W1554834491; W2087046173,"2008, 2009",26
sound compilation of reals,2,Sound compilation of reals,W2103953062; W3107039920,2014,26
subjective auxiliary state for coarse grained concurrency,2,Subjective auxiliary state for coarse-grained concurrency,W2137554739; W3019787512,2013,26
synthesizing imperative programs from examples guided by static analysis,2,Synthesizing Imperative Programs from Examples Guided by Static Analysis,W2626584434; W2952270548,2017,26
the duality of computation,2,The duality of computation,W2016326123; W3006524471,2000,26
a convex relaxation barrier to tight robustness verification of neural networks,2,A Convex Relaxation Barrier to Tight Robustness Verification of Neural Networks,W2917875722; W2970297683,2019,25
a statistical test suite for random and pseudorandom number generators for cryptographic applications,2,A statistical test suite for random and pseudorandom number generators for cryptographic applications,W1517403092; W4243494487,"2000, 2010",25
diderot,2,Diderot,W2162569557; W4232858216,2012,25
dynamic synthesis for relaxed memory models,2,Dynamic synthesis for relaxed memory models,W2096004601; W2998579349,2012,25
efficient processor support for drfx a memory model with exceptions,2,"Efficient processor support for DRFx, a memory model with exceptions",W2117069557; W3160702073,2011,25
exact bayesian inference for loopy probabilistic programs using generating functions,2,Exact Bayesian Inference for Loopy Probabilistic Programs using Generating Functions,W4384812105; W4396214226,"2023, 2024",25
exploiting the commutativity lattice,2,Exploiting the commutativity lattice,W1964273033; W4251656607,2011,25
formal security analysis of neural networks using symbolic intervals,2,Formal Security Analysis of Neural Networks using Symbolic Intervals,W2798356176; W2963735478,2018,25
fully composable and adequate verified compilation with direct refinements between open modules,2,Fully Composable and Adequate Verified Compilation with Direct Refinements between Open Modules,W4322716434; W6911081899,"2023, 2024",25
fully polynomial time parameterized computations for graphs and matrices of low treewidth,2,Fully polynomial-time parameterized computations for graphs and matrices of low treewidth,W2224152264; W4230551286,"2017, 2018",25
hawkeye,2,HAWKEYE,W2100763950; W2891235722,"2011, 2018",25
hybrid hexagonal classical tiling for gpus,2,Hybrid Hexagonal/Classical Tiling for GPUs,W1973532523; W4235662649,2014,25
hybrid static dynamic analysis for statically bounded region serializability,2,Hybrid Static–Dynamic Analysis for Statically Bounded Region Serializability,W2171745083; W4230964626,2015,25
incremental inference for probabilistic programs,2,Incremental inference for probabilistic programs,W2799093299; W4249202457,2018,25
krust a formal executable semantics of rust,2,KRust: A Formal Executable Semantics of Rust,W2798577254; W2963104396,2018,25
learning quick fixes from code repositories,2,Learning Quick Fixes from Code Repositories,W2790321077; W3204538577,"2018, 2021",25
lightweight semiformal time complexity analysis for purely functional data structures,2,Lightweight semiformal time complexity analysis for purely functional data structures,W1982529770; W4235964071,2008,25
modeling the time variability of sdss stripe 82 quasars as a damped random walk,2,MODELING THE TIME VARIABILITY OF SDSS STRIPE 82 QUASARS AS A DAMPED RANDOM WALK,W1967715705; W3099304242,2010,25
on the expressive power of programming languages,2,On the expressive power of programming languages,W2102222848; W4256135566,"1990, 1991",25
phase gadget synthesis for shallow circuits,2,Phase Gadget Synthesis for Shallow Circuits,W2948156386; W3105463217,"2019, 2020",25
portable inter workgroup barrier synchronisation for gpus,2,Portable inter-workgroup barrier synchronisation for GPUs,W2535050116; W4249127270,2016,25
quantitative synthesis for concurrent programs,2,Quantitative Synthesis for Concurrent Programs,W1839854015; W2953166082,2011,25
revirt,2,ReVirt,W2142892618; W4256483320,2002,25
scalable statistical bug isolation,2,Scalable statistical bug isolation,W2162376048; W4233319527,2005,25
scaling network verification using symmetry and surgery,2,Scaling network verification using symmetry and surgery,W2278179621; W4214931874,2016,25
step by step towards creating a safe smart contract lessons and insights from a cryptocurrency lab,2,Step by Step Towards Creating a Safe Smart Contract: Lessons and Insights from a Cryptocurrency Lab,W2293230997; W2950088007,"2015, 2016",25
streamqre modular specification and efficient evaluation of quantitative queries over streaming data,2,StreamQRE: modular specification and efficient evaluation of quantitative queries over streaming data,W2625056554; W4251276277,2017,25
tensor decompositions for learning latent variable models,2,Tensor decompositions for learning latent variable models,W2105724942; W2950741027,"2012, 2014",25
type safe eventful sessions in java,2,Type-Safe Eventful Sessions in Java,W1883854985; W4235655521,2010,25
using threads in interactive systems,2,Using threads in interactive systems,W2129494270; W3005505974,1993,25
a collaborative dependence analysis framework,2,A collaborative dependence analysis framework,W2594337292; W2752111507,2017,24
a graph based approach to api usage adaptation,2,A graph-based approach to API usage adaptation,W1988281920; W4243227753,2010,24
a study of concurrent real time garbage collectors,2,A study of concurrent real-time garbage collectors,W2126763866; W3015218457,2008,24
a theory of changes for higher order languages,2,A theory of changes for higher-order languages,W2015995083; W3033035528,2014,24
addressing covert termination and timing channels in concurrent information flow systems,2,Addressing covert termination and timing channels in concurrent information flow systems,W2099878912; W4237179759,2012,24
an analysis of persistent memory use with whisper,2,An Analysis of Persistent Memory Use with WHISPER,W2604204172; W4229841172,2017,24
an analysis of the dynamic behavior of javascript programs,2,An analysis of the dynamic behavior of JavaScript programs,W1999753800; W3008162052,2010,24
automated expected amortised cost analysis of probabilistic data structures,2,Automated Expected Amortised Cost Analysis of Probabilistic Data Structures,W4281838472; W4289874378,2022,24
automatic generation of efficient accelerators for reconfigurable hardware,2,Automatic generation of efficient accelerators for reconfigurable hardware,W2515406844; W4245440340,2016,24
automating grammar comparison,2,Automating grammar comparison,W2228938473; W3109562041,2015,24
bolt a practical binary optimizer for data centers and beyond,2,BOLT: A Practical Binary Optimizer for Data Centers and Beyond,W2952416601; W4289752579,"2018, 2019",24
bug isolation via remote program sampling,2,Bug isolation via remote program sampling,W2155479707; W4233793161,2003,24
cache miss equations,2,Cache miss equations,W2142252451; W2158737060,"1997, 1999",24
central moment analysis for cost accumulators in probabilistic programs,2,Central Moment Analysis for Cost Accumulators in Probabilistic Programs,W3145311906; W3175066792,"2020, 2021",24
cfa2 a context free approach to control flow analysis,2,CFA2: A Context-Free Approach to Control-Flow Analysis,W2112836639; W2952100912,"2010, 2011",24
codet5 identifier aware unified pre trained encoder decoder models for code understanding and generation,2,CodeT5: Identifier-aware Unified Pre-trained Encoder-Decoder Models for Code Understanding and Generation,W3198685994; W3212375327,2021,24
coherence of type class resolution,2,Coherence of type class resolution,W2953494301; W3125199342,2019,24
correct and efficient work stealing for weak memory models,2,Correct and efficient work-stealing for weak memory models,W2109639089; W4214820317,2013,24
deforestation transforming programs to eliminate trees,2,Deforestation: transforming programs to eliminate trees,W2208923056; W4248695203,"1988, 1990",24
efficient and reliable lock free memory reclamation based on reference counting,2,Efficient and Reliable Lock-Free Memory Reclamation Based on Reference Counting,W2137140687; W2562187073,"2006, 2008",24
exact analysis of the cache behavior of nested loops,2,Exact analysis of the cache behavior of nested loops,W2065705265; W4245394119,2001,24
exploring and enforcing security guarantees via program dependence graphs,2,Exploring and enforcing security guarantees via program dependence graphs,W2014950794; W3015681498,2015,24
fast concurrent lock free binary search trees,2,Fast concurrent lock-free binary search trees,W2117572751; W3006329258,2014,24
finding application errors and security flaws using pql,2,Finding application errors and security flaws using PQL,W2134429122; W3033482452,2005,24
forwarding metamorphosis,2,Forwarding metamorphosis,W2134519279; W4253731216,2013,24
generics of a higher kind,2,Generics of a higher kind,W2156426055; W3006653989,2008,24
gradual verification of recursive heap data structures,2,Gradual verification of recursive heap data structures,W3108916415; W6912348706,2020,24
grammar based whitebox fuzzing,2,Grammar-based whitebox fuzzing,W2065948900; W4232884709,2008,24
gunrock,2,Gunrock,W2951135776; W4240241667,2016,24
high level separation logic for low level code,2,High-level separation logic for low-level code,W2163806865; W4249171328,2013,24
hipspec automating inductive proofs of program properties,2,HipSpec : Automating Inductive Proofs of Program Properties,W2408152518; W3151824926,"2012, 2018",24
inferring method specifications from natural language api descriptions,2,Inferring method specifications from natural language API descriptions,W2124279581; W3149821397,2012,24
java and scala s type systems are unsound the existential crisis of null pointers,2,Java and scala's type systems are unsound: the existential crisis of null pointers,W2533631495; W4230932126,2016,24
language and compiler support for auto tuning variable accuracy algorithms,2,Language and compiler support for auto-tuning variable-accuracy algorithms,W2094190665; W4251875201,2011,24
lase locating and applying systematic edits by learning from examples,2,LASE: Locating and Applying Systematic Edits by Learning from Examples,W2090111344; W4256028358,2013,24
laws of order,2,Laws of order,W2163121173; W4244624509,2011,24
lazy functional state threads,2,Lazy functional state threads,W2074802267; W4239099388,1994,24
learning disentangled representations with semi supervised deep generative models,2,Learning Disentangled Representations with Semi-Supervised Deep Generative Models,W2621357189; W2963264829,"2017, 2018",24
learning refinement types,2,Learning refinement types,W2089805963; W4253311446,2015,24
lightdp towards automating differential privacy proofs,2,LightDP: towards automating differential privacy proofs,W2565203757; W3016856519,"2016, 2017",24
lilac a modal separation logic for conditional probability,2,Lilac: A Modal Separation Logic for Conditional Probability,W4362655455; W4379518563,2023,24
lock free reference counting,2,Lock-free reference counting,W2009098105; W4246292616,"2001, 2002",24
making data structures persistent,2,Making data structures persistent,W2142947709; W4213048098,"1986, 1989",24
maximal causality reduction for tso and pso,2,Maximal causality reduction for TSO and PSO,W2534587298; W3010429320,2016,24
memsat,2,MemSAT,W2098643127; W4249196662,2010,24
ml sup f sup,2,ML <sup>F</sup>,W4250583525; W4255950761,2003,24
modular fully abstract compilation by approximate back translation,2,"Modular, Fully-abstract Compilation by Approximate Back-translation",W2604853937; W3100937765,2017,24
optimal approximate sampling from discrete probability distributions,2,Optimal approximate sampling from discrete probability distributions,W2995933598; W3122677508,"2019, 2020",24
optimistic stack allocation and dynamic heapification for managed runtimes,2,Optimistic Stack Allocation and Dynamic Heapification for Managed Runtimes,W4399851393; W6911260927,2024,24
path based inductive synthesis for program inversion,2,Path-based inductive synthesis for program inversion,W2131146089; W4243125208,2011,24
perfectly parallel fairness certification of neural networks,2,Perfectly Parallel Fairness Certification of Neural Networks,W2991957560; W3108851260,"2019, 2020",24
permission based separation logic for message passing concurrency,2,Permission-Based Separation Logic for Message-Passing Concurrency,W2081058753; W3103866264,"2010, 2011",24
precise reasoning for programs using containers,2,Precise reasoning for programs using containers,W2121457325; W4235733131,2011,24
precondition inference from intermittent assertions and application to contracts on collections,2,Precondition Inference from Intermittent Assertions and Application to Contracts on Collections,W2133832333; W3196044867,2011,24
probabilistic model for code with decision trees,2,Probabilistic model for code with decision trees,W2533695286; W3022049116,2016,24
reactive probabilistic programming,2,Reactive probabilistic programming,W2969935473; W3034025806,2020,24
search align and repair data driven feedback generation for introductory programming exercises,2,"Search, align, and repair: data-driven feedback generation for introductory programming exercises",W2798812031; W3009805852,2018,24
signature restriction for polymorphic algebraic effects,2,Signature restriction for polymorphic algebraic effects,W3011364959; W3047070038,2020,24
ssd single shot multibox detector,2,SSD: Single Shot MultiBox Detector,W2193145675; W3106250896,2016,24
staging for generic programming in space and time,2,Staging for generic programming in space and time,W2761495671; W4249124297,2017,24
stochastic lambda calculus and monads of probability distributions,2,Stochastic lambda calculus and monads of probability distributions,W2050509196; W3005561798,2002,24
synthesizing memory models from framework sketches and litmus tests,2,Synthesizing memory models from framework sketches and Litmus tests,W2625764229; W4245618235,2017,24
the geometry of types,2,The geometry of types,W2010790229; W4240773488,2013,24
the prospects of quantum computing in computational molecular biology,2,The prospects of quantum computing in computational molecular biology,W3028293372; W3104097946,2020,24
the relationship between separation logic and implicit dynamic frames,2,The Relationship between Separation Logic and Implicit Dynamic Frames,W1522925810; W2761469021,"2011, 2012",24
thread level parallelism and interactive performance of desktop applications,2,Thread-level parallelism and interactive performance of desktop applications,W2114904741; W4247386277,2000,24
towards verifying ethereum smart contract bytecode in isabelle hol,2,Towards verifying ethereum smart contract bytecode in Isabelle/HOL,W2778144710; W4255703437,"2017, 2018",24
type checking with open type functions,2,Type checking with open type functions,W1982230416; W4213090963,2008,24
variational inference a review for statisticians,2,Variational Inference: A Review for Statisticians,W2225156818; W3101380508,"2017, 2023",24
verifying gpu kernels by test amplification,2,Verifying GPU kernels by test amplification,W2167995056; W3135555903,2012,24
lambda calculus notation with nameless dummies a tool for automatic formula manipulation with application to the church rosser theorem,2,"Lambda Calculus Notation with Nameless Dummies, a Tool for Automatic Formula Manipulation, with Application to the Church-Rosser Theorem",W2109703800; W2568721247,"1972, 1994",23
the sparc architecture manual version 9,2,The SPARC architecture manual (version 9),W2097465082; W2104932676,"1992, 1994",23
a generic type system for the pi calculus,2,A generic type system for the Pi-calculus,W1972836343; W2154581630,"2001, 2003",22
a simple graph based intermediate representation,2,A simple graph-based intermediate representation,W2100111786; W3160056598,1995,22
algebraic foundations for effect dependent optimisations,2,Algebraic foundations for effect-dependent optimisations,W2152407649; W3160062581,2012,22
amortised resource analysis with separation logic,2,Amortised Resource Analysis with Separation Logic,W2138657070; W2408512871,"2010, 2011",22
automatically generating the dynamic semantics of gradually typed languages,2,Automatically generating the dynamic semantics of gradually typed languages,W2566906701; W4251615680,"2016, 2017",22
behavioural types from theory to tools,2,Behavioural Types: from Theory to Tools,W2606661747; W2740956688,2017,22
biorthogonality step indexing and compiler correctness,2,"Biorthogonality, step-indexing and compiler correctness",W2104795876; W3118490272,2009,22
conformer convolution augmented transformer for speech recognition,2,Conformer: Convolution-augmented Transformer for Speech Recognition,W3025165719; W3097777922,2020,22
deepbugs a learning approach to name based bug detection,2,DeepBugs: a learning approach to name-based bug detection,W2806718802; W2952829418,2018,22
dependently typed programming with singletons,2,Dependently typed programming with singletons,W2156285626; W4253057161,2012,22
efficient context sensitive pointer analysis for c programs,2,Efficient context-sensitive pointer analysis for C programs,W2087612811; W2914074464,1995,22
efficient matlab computations with sparse and factored tensors,2,Efficient MATLAB Computations with Sparse and Factored Tensors,W2108138101; W4232448985,"2006, 2007",22
enforcing high level protocols in low level software,2,Enforcing high-level protocols in low-level software,W1998070736; W3035622664,2001,22
freedom before commitment,2,Freedom before commitment,W2128769069; W3145844969,2011,22
higher order symbolic execution via contracts,2,Higher-order symbolic execution via contracts,W2153036969; W2949105534,2012,22
k java,2,K-Java,W2082036516; W4239953003,"2014, 2015",22
koala,2,Koala,W2107387337; W2119661598,"2007, 2009",22
persistence programming models for non volatile memory,2,Persistence programming models for non-volatile memory,W2410477657; W4252067096,2016,22
quantum complexity theory,2,Quantum complexity theory,W1993688167; W2033216491,"1993, 1997",22
sat based model checking without unrolling,2,SAT-based model checking without unrolling,W1549166962; W3138459719,"2011, 2013",22
streaming transducers for algorithmic verification of single pass list processing programs,2,Streaming transducers for algorithmic verification of single-pass list-processing programs,W2032823354; W4251691259,2011,22
strong mixed integer programming formulations for trained neural networks,2,Strong mixed-integer programming formulations for trained neural networks,W2901816197; W3022023007,"2019, 2020",22
the no u turn sampler adaptively setting path lengths in hamiltonian monte carlo,2,The No-U-Turn Sampler: Adaptively Setting Path Lengths in Hamiltonian Monte Carlo,W2129728285; W2963977107,"2011, 2014",22
the reachability bound problem,2,The reachability-bound problem,W2122917953; W3136358674,2010,22
type error slicing in implicitly typed higher order languages,2,Type error slicing in implicitly typed higher-order languages,W2068336423; W4230662430,"2003, 2004",22
a new approach to probabilistic programming inference,2,A new approach to probabilistic programming inference,W2112820511; W2950113781,"2014, 2015",21
a scheduling framework for general purpose parallel languages,2,A scheduling framework for general-purpose parallel languages,W2151792522; W4248901744,2008,21
a type theory for incremental computational complexity with control flow changes,2,A type theory for incremental computational complexity with control flow changes,W2514317887; W3004472005,2016,21
an infrastructure for adaptive dynamic optimization,2,An Infrastructure for Adaptive Dynamic Optimization,W2161992906; W4250948891,2003,21
artificial intelligence a modern approach,2,Artificial intelligence: a modern approach,W2122410182; W2623293810,"1995, 1996",21
asynchronized concurrency,2,Asynchronized Concurrency,W2139559481; W4230839805,2015,21
aura,2,AURA,W2096692976; W4252361379,2008,21
automated detection of under constrained circuits in zero knowledge proofs,2,Automated Detection of Under-constrained Circuits in Zero-Knowledge Proofs,W4361028448; W4379537474,2023,21
binders unbound,2,Binders unbound,W2296677810; W4212957569,2011,21
building efficient query engines in a high level language,2,Building efficient query engines in a high-level language,W2156000708; W2797202077,"2014, 2018",21
cast insertion strategies for gradually typed objects,2,Cast insertion strategies for gradually-typed objects,W2028349555; W3132961142,2013,21
cduce,2,CDuce,W2075994573; W4244794541,2003,21
certified self modifying code,2,Certified self-modifying code,W2112460268; W3020408162,2007,21
compiling with continuations continued,2,"Compiling with continuations, continued",W1981830935; W3001474023,2007,21
complexity verification using guided theorem enumeration,2,Complexity verification using guided theorem enumeration,W2565511473; W4254838945,"2016, 2017",21
composable asynchronous events,2,Composable asynchronous events,W2148481016; W4244329725,2011,21
context bounded analysis for concurrent programs with dynamic creation of threads,2,Context-Bounded Analysis For Concurrent Programs With Dynamic Creation of Threads,W2044772623; W2148778089,"2009, 2011",21
cyclic proofs of program termination in separation logic,2,Cyclic proofs of program termination in separation logic,W1983496086; W3007078806,2008,21
dcatch,2,DCatch,W2604985896; W4251483768,2017,21
extending homotopy type theory with strict equality,2,Extending Homotopy Type Theory with Strict Equality,W2227737483; W2337679798,"2015, 2016",21
foundational integration verification of a cryptographic server,2,Foundational Integration Verification of a Cryptographic Server,W4399851201; W6929937957,2024,21
from non preemptive to preemptive scheduling using synchronization synthesis,2,From non-preemptive to preemptive scheduling using synchronization synthesis,W1865886283; W2734444937,"2015, 2016",21
gpu based nfa implementation for memory efficient high speed regular expression matching,2,GPU-based NFA implementation for memory efficient high speed regular expression matching,W2058950969; W2999246549,2012,21
gradual synthesis for static parallelization of single pass array processing programs,2,Gradual synthesis for static parallelization of single-pass array-processing programs,W2626931523; W4251036225,2017,21
grounded copilot how programmers interact with code generating models,2,Grounded Copilot: How Programmers Interact with Code-Generating Models,W4362659486; W4393454178,2023,21
imperative self adjusting computation,2,Imperative self-adjusting computation,W2163690888; W4235725220,2008,21
implementing first class polymorphic delimited continuations by a type directed selective cps transform,2,Implementing first-class polymorphic delimited continuations by a type-directed selective CPS-transform,W2133051483; W3008353026,2009,21
invariants of quantum programs characterisations and generation,2,Invariants of quantum programs: characterisations and generation,W2562491126; W3006960967,"2016, 2017",21
kickstarter,2,KickStarter,W2604668004; W4246025410,2017,21
learning representations by back propagating errors,2,Learning representations by back-propagating errors,W1498436455; W4235765578,"1986, 2002",21
leveled fully homomorphic encryption without bootstrapping,2,(Leveled) fully homomorphic encryption without bootstrapping,W2152926062; W2177209050,"2012, 2014",21
maintaining views incrementally,2,Maintaining views incrementally,W2012670464; W4230201548,1993,21
makalu fast recoverable allocation of non volatile memory,2,Makalu: fast recoverable allocation of non-volatile memory,W2538785949; W4247726910,2016,21
maple,2,Maple,W2111413199; W4253586965,"2012, 2013",21
occurrence typing modulo theories,2,Occurrence typing modulo theories,W2273111921; W2949550571,2016,21
on probabilistic term rewriting,2,On Probabilistic Term Rewriting,W2788405769; W2982085742,"2018, 2019",21
pattern matching without k,2,Pattern matching without K,W2158830522; W3045781805,2014,21
polyadic approximations fibrations and intersection types,2,"Polyadic approximations, fibrations and intersection types",W2779912584; W2898747740,"2017, 2018",21
practical smt based type error localization,2,Practical SMT-based type error localization,W2026790447; W2949120661,2015,21
proofs that count,2,Proofs that count,W2014175609; W4250583308,2014,21
reasoning about a machine with local capabilities,2,Reasoning About a Machine with Local Capabilities,W2796499075; W2995538315,"2018, 2019",21
revisiting iso recursive subtyping,2,Revisiting iso-recursive subtyping,W3106544059; W4287832609,"2020, 2022",21
scribble,2,Scribble,W2049946917; W4233661059,2009,21
static analysis of event driven node js javascript applications,2,Static analysis of event-driven Node.js JavaScript applications,W1989147905; W3003638206,2015,21
taming wildcards in java s type system,2,Taming wildcards in Java's type system,W1978680769; W4244046502,2011,21
termination and non termination specification inference,2,Termination and non-termination specification inference,W2085428535; W4237325055,2015,21
trace abstraction modulo probability,2,Trace abstraction modulo probability,W2899277098; W2952749249,"2018, 2019",21
tricorder building a program analysis ecosystem,2,Tricorder: Building a Program Analysis Ecosystem,W2064296229; W4254666025,2015,21
a categorical approach to probability theory,2,A Categorical Approach to Probability Theory,W2008160048; W342302233,"1982, 2010",20
a gentle introduction to semantic subtyping,2,A gentle introduction to semantic subtyping,W2099281706; W4243596627,2005,20
a symmetric modal lambda calculus for distributed computing,2,A symmetric modal lambda calculus for distributed computing,W2091941856; W4239633670,2004,20
abstraction mechanisms in clu,2,Abstraction mechanisms in CLU,W2073544767; W4242657407,1977,20
adding nesting structure to words,2,Adding Nesting Structure to Words,W1492682035; W2131886132,"2006, 2009",20
adversarial examples attacks and defenses for deep learning,2,Adversarial Examples: Attacks and Defenses for Deep Learning,W2777449390; W2963178695,"2017, 2019",20
affine monads and lazy structures for bayesian programming,2,Affine Monads and Lazy Structures for Bayesian Programming,W4315606058; W6950427674,"2022, 2023",20
artifact for verified foundations for differential privacy,2,Artifact for Verified Foundations for Differential Privacy,W6911903915; W6930955963,2025,20
ascertaining uncertainty for efficient exact cache analysis,2,Ascertaining Uncertainty for Efficient Exact Cache Analysis,W2761823169; W3125984961,2017,20
cache conscious data placement,2,Cache-conscious data placement,W2153691881; W3030461153,1998,20
capabilities for uniqueness and borrowing,2,Capabilities for Uniqueness and Borrowing,W1871201330; W4234270404,"2009, 2010",20
catching bugs in the web of program invariants,2,Catching bugs in the web of program invariants,W1967698620; W3088121894,1996,20
checking correctness of typescript interfaces for javascript libraries,2,Checking correctness of TypeScript interfaces for JavaScript libraries,W2067104598; W3011105999,2014,20
clock directed modular code generation for synchronous data flow languages,2,Clock-directed modular code generation for synchronous data-flow languages,W2107605224; W3011728381,2008,20
coeffects for sharing and mutation,2,Coeffects for Sharing and Mutation,W4296154020; W4307731791,2022,20
combinators for bi directional tree transformations,2,Combinators for bi-directional tree transformations,W2125713144; W2997013378,2005,20
convolutional neural networks over tree structures for programming language processing,2,Convolutional Neural Networks over Tree Structures for Programming Language Processing,W2282866165; W2963371736,"2014, 2016",20
customization optimizing compiler technology for self a dynamically typed object oriented programming language,2,"Customization: optimizing compiler technology for SELF, a dynamically-typed object-oriented programming language",W2088494048; W3142323636,1989,20
dynamic deadlock verification for general barrier synchronisation,2,Dynamic deadlock verification for general barrier synchronisation,W2053840901; W2998338832,"2015, 2018",20
eagle,2,Eagle,W3185514416; W4284707748,"2021, 2022",20
efficient data race detection for async finish parallelism,2,Efficient Data Race Detection for Async-Finish Parallelism,W1577551647; W2101414345,"2010, 2012",20
efficient software based fault isolation,2,Efficient software-based fault isolation,W2079029390; W4245410964,1993,20
equation of state calculations by fast computing machines,2,Equation of State Calculations by Fast Computing Machines,W2056760934; W4247880210,1953,20
first class state change in plaid,2,First-class state change in plaid,W2094694891; W3032926401,2011,20
folding domain specific languages,2,Folding domain-specific languages,W1995618084; W3033736604,2014,20
function merging by sequence alignment,2,Function merging by sequence alignment,W2921888067; W4235002328,2019,20
gadts meet their match pattern matching warnings that account for gadts guards and laziness,2,"GADTs meet their match: pattern-matching warnings that account for GADTs, guards, and laziness",W2074096153; W4237016936,2015,20
higher order demand driven symbolic evaluation,2,Higher-order demand-driven symbolic evaluation,W3047503662; W4287750213,2020,20
hoard,2,Hoard,W4230708893; W4249713879,2000,20
iccta detecting inter component privacy leaks in android apps,2,IccTA: Detecting Inter-Component Privacy Leaks in Android Apps,W2077202047; W4245027182,2015,20
information effects,2,Information effects,W2295398892; W4231368424,2012,20
ireplayer in situ and identical record and replay for multithreaded applications,2,iReplayer: in-situ and identical record-and-replay for multithreaded applications,W2795667685; W4246729590,2018,20
jest n 1 version differential testing of both javascript engines and specification,2,JEST: N+1-Version Differential Testing of Both JavaScript Engines and Specification,W3131034920; W3163757474,2021,20
jstar,2,jStar,W2053154567; W4236287236,2008,20
leakchaser,2,LeakChaser,W1992841501; W4237257431,2011,20
learning to infer graphics programs from hand drawn images,2,Learning to Infer Graphics Programs from Hand-Drawn Images,W2740254106; W2963102152,"2017, 2018",20
leveraging rust types for program synthesis,2,Leveraging Rust Types for Program Synthesis,W4362728620; W4379537202,2023,20
multiple facets for dynamic information flow,2,Multiple facets for dynamic information flow,W2153684747; W4206358530,2012,20
numagic,2,NumaGiC,W2167889790; W4245078074,2015,20
oo7 low overhead defense against spectre attacks via program analysis,2,oo7: Low-overhead Defense against Spectre Attacks via Program Analysis,W2884530475; W2985509521,"2018, 2019",20
optimizing off chip accesses in multicores,2,Optimizing off-chip accesses in multicores,W2005881934; W3014226033,2015,20
overfitting in synthesis theory and practice,2,Overfitting in Synthesis: Theory and Practice,W2959263575; W2966676264,2019,20
parametric higher order abstract syntax for mechanized semantics,2,Parametric higher-order abstract syntax for mechanized semantics,W1969204136; W4246086292,2008,20
performance debugging in the large via mining millions of stack traces,2,Performance debugging in the large via mining millions of stack traces,W2130655713; W3151686641,2012,20
proving that non blocking algorithms don t block,2,Proving that non-blocking algorithms don't block,W2124945255; W3010298153,2009,20
quantum cryptography public key distribution and coin tossing,2,Quantum cryptography: Public key distribution and coin tossing,W2015179126; W2987687226,"2014, 2020",20
refinement types a tutorial,2,Refinement Types: A Tutorial,W3202806445; W4206639422,2021,20
relatively complete counterexamples for higher order programs,2,Relatively complete counterexamples for higher-order programs,W2063019130; W2949799707,2015,20
scala with explicit nulls,2,Scala with Explicit Nulls,W2997570186; W6966995401,2020,20
separation logic and abstraction,2,Separation logic and abstraction,W2171685273; W3006137651,2005,20
silver an extensible attribute grammar system,2,Silver: An extensible attribute grammar system,W2018009728; W2104690362,"2008, 2009",20
soft typing,2,Soft typing,W2293770661; W4233122656,1991,20
sound loop superoptimization for google native client,2,Sound Loop Superoptimization for Google Native Client,W2604766223; W4238306098,2017,20
spreadsheet table transformations from examples,2,Spreadsheet table transformations from examples,W2164611950; W4233189519,2011,20
stack based typed assembly language,2,Stack-based typed assembly language,W2151480972; W4242659600,"2002, 2003",20
stateless model checking concurrent programs with maximal causality reduction,2,Stateless model checking concurrent programs with maximal causality reduction,W2051016152; W3101794866,2015,20
subcubic algorithms for recursive state machines,2,Subcubic algorithms for recursive state machines,W2024779397; W3126200532,2008,20
superficially substructural types,2,Superficially substructural types,W2139289583; W4235868899,2012,20
sygus comp 2016 results and analysis,2,SyGuS-Comp 2016: Results and Analysis,W2554492429; W2938468157,2016,20
symbolic execution for randomized programs,2,Symbolic execution for randomized programs,W4296412272; W6910617654,2022,20
tejas,2,TeJaS,W2152419799; W4241724203,2013,20
the ramifications of sharing in data structures,2,The ramifications of sharing in data structures,W1974454942; W3017900229,2013,20
tower data structures in quantum superposition,2,Tower: data structures in Quantum superposition,W4281389731; W6894059792,2022,20
translating dependency into parametricity,2,Translating dependency into parametricity,W2027423863; W4235129884,2004,20
using dynamic analysis to generate disjunctive invariants,2,Using dynamic analysis to generate disjunctive invariants,W1978277032; W3098458918,"2014, 2015",20
validating jit compilers via compilation space exploration,2,Validating JIT Compilers via Compilation Space Exploration,W4387302771; W4407583718,"2023, 2025",20
variance analyses from invariance analyses,2,Variance analyses from invariance analyses,W2135331739; W4241086578,2007,20
verifying higher order functional programs with pattern matching algebraic data types,2,Verifying higher-order functional programs with pattern-matching algebraic data types,W2149335820; W4252251463,2011,20
weakest preconditions in fibrations,2,Weakest Preconditions in Fibrations,W3094043897; W4307511218,"2020, 2022",20
why don t software developers use static analysis tools to find bugs,2,Why don’t software developers use static analysis tools to find bugs,W2078393527; W4233410239,2013,20
coinductive big step operational semantics,2,Coinductive big-step operational semantics,W1982866418; W2155466296,"2006, 2008",19
comprehending monads,2,Comprehending monads,W2295914203; W4214538532,"1990, 1992",19
feature specific profiling,2,Feature-Specific Profiling,W1007123516; W2947857949,"2015, 2018",19
model checking programs,2,Model Checking Programs,W2171480813; W4213079124,"2000, 2003",19
mosaic,2,Mosaic,W2606413522; W2764065518,2017,19
race directed random testing of concurrent programs,2,Race directed random testing of concurrent programs,W2135395375; W3006516349,2008,19
there and back again,2,There and Back Again,W1815832560; W2102311747,"2001, 2005",19
a comprehensive survey on graph neural networks,2,A Comprehensive Survey on Graph Neural Networks,W2907492528; W4210257598,"2020, 2021",18
a generic approach to the static analysis of concurrent programs with procedures,2,A generic approach to the static analysis of concurrent programs with procedures,W2160520283; W3023968070,2003,18
a monad for deterministic parallelism,2,A monad for deterministic parallelism,W2155762556; W4250338787,2011,18
a nanopass framework for commercial compiler development,2,A nanopass framework for commercial compiler development,W2151326751; W4237677661,2013,18
a relational shape abstract domain,2,A Relational Shape Abstract Domain,W2604181277; W3157261828,"2017, 2021",18
adversarial robustness of deep code comment generation,2,Adversarial Robustness of Deep Code Comment Generation,W3190338376; W4210499321,"2021, 2022",18
an abstract interpretation framework for termination,2,An abstract interpretation framework for termination,W2012816689; W4240185672,2012,18
an ideal model for recursive polymorphic types,2,An ideal model for recursive polymorphic types,W1992520783; W2090415524,"1984, 1986",18
applicative bidirectional programming with lenses,2,Applicative bidirectional programming with lenses,W2092546644; W3013964916,2015,18
assure,2,ASSURE,W2152475836; W4231055368,2009,18
automated repair of html generation errors in php applications using string constraint solving,2,Automated repair of HTML generation errors in PHP applications using string constraint solving,W2127229466; W3139690144,2012,18
automatic differentiation for adjoint stencil loops,2,Automatic Differentiation for Adjoint Stencil Loops,W2954415057; W3102564634,2019,18
automatic fine grain locking using shape properties,2,Automatic fine-grain locking using shape properties,W2037976904; W3145159751,2011,18
automatically tuning sparse matrix vector multiplication for gpu architectures,2,Automatically Tuning Sparse Matrix-Vector Multiplication for GPU Architectures,W1588915715; W2518567779,2010,18
c to checked c by 3c,2,C to checked C by 3c,W4225163209; W6948453467,2022,18
c3 lightweight incrementalized mcmc for probabilistic programs using continuations and callsite caching,2,C3: Lightweight Incrementalized MCMC for Probabilistic Programs using Continuations and Callsite Caching,W2121813116; W2963172700,"2015, 2016",18
cachebleed a timing attack on openssl constant time rsa,2,CacheBleed: a timing attack on OpenSSL constant-time RSA,W2586555532; W3161081806,"2016, 2017",18
cardinalities and universal quantifiers for verifying parameterized systems,2,Cardinalities and universal quantifiers for verifying parameterized systems,W2415308240; W4230300053,2016,18
client driven pointer analysis,2,Client-Driven Pointer Analysis,W1586099086; W4245041203,2003,18
compiler construction,2,Compiler Construction,W4251149766; W4253779513,"2009, 2014",18
compiler optimizations for improving data locality,2,Compiler optimizations for improving data locality,W2244841219; W4256622436,1994,18
concise outlines for a complex logic a proof outline checker for tada,2,Concise Outlines for a Complex Logic: A Proof Outline Checker for TaDA,W3211410006; W4385418050,"2021, 2022",18
continuous checkpointing of htm transactions in nvm,2,Continuous checkpointing of HTM transactions in NVM,W2623410014; W3015213502,2017,18
dbtoaster,2,DBToaster,W2074489032; W2108290652,"2009, 2012",18
deadlock analysis of unbounded process networks,2,Deadlock Analysis of Unbounded Process Networks,W196808440; W2294770514,"2014, 2016",18
decidable logics combining heap structures and data,2,Decidable logics combining heap structures and data,W2123631714; W4238367836,2011,18
demand driven pointer analysis,2,Demand-driven pointer analysis,W2017842497; W3004884024,2001,18
diehard,2,DieHard,W2136938453; W4250981365,2006,18
effective approaches to attention based neural machine translation,2,Effective Approaches to Attention-based Neural Machine Translation,W1902237438; W2949335953,2015,18
end to end verification of information flow security for c and assembly programs,2,End-to-end verification of information-flow security for C and assembly programs,W2415236938; W4252184193,2016,18
fault tolerance via idempotence,2,Fault tolerance via idempotence,W2114707853; W3004837745,2013,18
functional pearl a sql to c compiler in 500 lines of code,2,Functional pearl: a SQL to C compiler in 500 lines of code,W2070262175; W3009296938,2015,18
generating compiler optimizations from proofs,2,Generating compiler optimizations from proofs,W2119664062; W4235348386,2010,18
higher order program verification via hfl model checking,2,Higher-Order Program Verification via HFL Model Checking,W2766316913; W2963426974,"2017, 2018",18
injective type families for haskell,2,Injective type families for Haskell,W2134394225; W4242290320,2015,18
j and amp,2,J&amp;,W2030639337; W4254538683,2006,18
lazy sequentialization for tso and pso via shared memory abstractions,2,Lazy sequentialization for TSO and PSO via shared memory abstractions,W2462305071; W4235848117,2016,18
local reasoning for global graph properties,2,Local Reasoning for Global Graph Properties,W3023197541; W4288021755,"2019, 2020",18
modular typestate checking of aliased objects,2,Modular typestate checking of aliased objects,W2091712774; W3008053328,2007,18
modules as objects in newspeak,2,Modules as Objects in Newspeak,W1594284843; W4252191421,"2009, 2010",18
nested interpolants,2,Nested interpolants,W2293685560; W4253182982,2010,18
object race detection,2,Object race detection,W2002179840; W4243016075,2001,18
observation of gauge invariance in a 71 site bose hubbard quantum simulator,2,Observation of gauge invariance in a 71-site Bose–Hubbard quantum simulator,W3082193589; W3101626761,2020,18
on the complexity and performance of parsing with derivatives,2,On the complexity and performance of parsing with derivatives,W2338552886; W4255374351,2016,18
optimistic parallelism benefits from data partitioning,2,Optimistic parallelism benefits from data partitioning,W2153185584; W4229535926,2008,18
ownership encapsulation and the disjointness of type and effect,2,"Ownership, encapsulation and the disjointness of type and effect",W2052087935; W4250213069,2002,18
probabilistic termination by monadic affine sized typing,2,Probabilistic Termination by Monadic Affine Sized Typing,W2596582120; W2921909284,"2017, 2019",18
programming and reasoning with algebraic effects and dependent types,2,Programming and reasoning with algebraic effects and dependent types,W2099741881; W3006466942,2013,18
quotient lenses,2,Quotient lenses,W2294798463; W4253929418,2008,18
recursive subtyping revealed,2,Recursive subtyping revealed,W2131770667; W3007982376,"2000, 2002",18
scripting the type inference process,2,Scripting the type inference process,W2122537103; W4251916054,2003,18
select a formal system for testing and debugging programs by symbolic execution,2,SELECT—a formal system for testing and debugging programs by symbolic execution,W2094382938; W2611698539,1975,18
sgap towards efficient sparse tensor algebra compilation for gpu,2,Sgap: Towards Efficient Sparse Tensor Algebra Compilation for GPU,W4297676209; W4375865627,"2022, 2023",18
simulating reachability using first order logic with applications to verification of linked data structures,2,Simulating Reachability Using First-Order Logic with Applications to Verification of Linked Data Structures,W1578097867; W2950585514,"2005, 2009",18
skyway,2,Skyway,W2791984688; W3003331325,2018,18
sound polymorphic type inference for objects,2,Sound polymorphic type inference for objects,W2055292912; W3015933850,1995,18
speeding up symbolic reasoning for relational queries,2,Speeding up symbolic reasoning for relational queries,W2898350230; W4250052151,2018,18
subcubic equivalences between path matrix and triangle problems,2,"Subcubic Equivalences between Path, Matrix and Triangle Problems",W2084803275; W2892948282,"2010, 2018",18
synchronous programming with refinement types,2,Synchronous Programming with Refinement Types,W4399554175; W6949458075,2024,18
tapir,2,Tapir,W2581356531; W4237194902,2017,18
the garbage collection advantage,2,The garbage collection advantage,W2166034429; W2997979671,2004,18
the tree width of separation logic with recursive definitions,2,The Tree Width of Separation Logic with Recursive Definitions,W1910824881; W2952014810,2013,18
towards better semantics exploration for browser fuzzing,2,Towards Better Semantics Exploration for Browser Fuzzing,W4386542590; W4387674220,2023,18
type checking crdt convergence,2,Type-Checking CRDT Convergence,W4379534068; W6931619885,2023,18
types potency and idempotency,2,"Types, potency, and idempotency",W2059860151; W4233636389,2004,18
uncertain and lt i t i and gt,2,Uncertain&lt; <i>T</i> &gt;,W2141955346; W4250759488,2014,18
understanding network failures in data centers,2,Understanding network failures in data centers,W2126969025; W3160434771,2011,18
verifying eventual consistency of optimistic replication systems,2,Verifying eventual consistency of optimistic replication systems,W1967852324; W3005264262,2014,18
weakest precondition of unstructured programs,2,Weakest-precondition of unstructured programs,W2152492994; W4233804448,2005,18
write execute assess program synthesis with a repl,2,"Write, Execute, Assess: Program Synthesis with a REPL",W2952403248; W2970498626,2019,18
z ranking using statistical analysis to counter the impact of static analysis approximations,2,Z-Ranking: Using Statistical Analysis to Counter the Impact of Static Analysis Approximations,W1912598576; W4244945045,2003,18
demanded abstract interpretation,2,Demanded abstract interpretation,W3140161220; W3151652064,"2021, 2022",17
harnessing the multicores nested data parallelism in haskell,2,Harnessing the Multicores: Nested Data Parallelism in Haskell,W2163496769; W2244101089,2008,17
position paper,2,Position paper,W2103408719; W2954419750,"2012, 2019",17
types and higher order recursion schemes for verification of higher order programs,2,Types and higher-order recursion schemes for verification of higher-order programs,W2141505892; W3019389875,2009,17
a bunch of sessions a propositions as sessions interpretation of bunched implications in channel based concurrency,2,A Bunch of Sessions: A Propositions-as-Sessions Interpretation of Bunched Implications in Channel-Based Concurrency,W4297812127; W4307731851,2022,16
a case for mlp aware cache replacement,2,A Case for MLP-Aware Cache Replacement,W2120692212; W3144376511,2006,16
a hat trick automatically verifying representation invariants using symbolic finite automata,2,A HAT Trick: Automatically Verifying Representation Invariants Using Symbolic Finite Automata,W4393924739; W4399851440,2024,16
a per model of secure information flow in sequential programs,2,A Per Model of Secure Information Flow in Sequential Programs,W1519566437; W1521474031,"1999, 2001",16
a practical concurrent binary search tree,2,A practical concurrent binary search tree,W2119251905; W4236393595,2010,16
a primer on memory consistency and cache coherence,2,A Primer on Memory Consistency and Cache Coherence,W2170293694; W4285717907,"2011, 2020",16
a provable time and space efficient implementation of nesl,2,A provable time and space efficient implementation of NESL,W2056714230; W4254297013,1996,16
a relational approach to interprocedural shape analysis,2,A Relational Approach to Interprocedural Shape Analysis,W1480370622; W2049524532,"2004, 2010",16
a theory of qualified types,2,A theory of qualified types,W2131067178; W4245292236,"1992, 1994",16
a trace based java jit compiler retrofitted from a method based compiler,2,A Trace-based Java JIT Compiler Retrofitted from a Method-based Compiler,W2111947818; W4232181514,"2011, 2012",16
active code completion,2,Active code completion,W2119414210; W3151918736,2012,16
adoption and focus,2,Adoption and focus,W2142837069; W3022988980,2002,16
alive infer data driven precondition inference for peephole optimizations in llvm,2,Alive-Infer: data-driven precondition inference for peephole optimizations in LLVM,W2627018084; W4234084457,2017,16
alloy,2,Alloy,W2060440626; W2969374400,"2002, 2019",16
automated detection of serializability violations under weak consistency,2,Automated Detection of Serializability Violations Under Weak Consistency,W2885875591; W2963527490,2018,16
automated formal synthesis of digital controllers for state space physical plants,2,Automated Formal Synthesis of Digital Controllers for State-Space Physical Plants,W2611450296; W2953079911,2017,16
automated verification of concurrent search structures,2,Automated Verification of Concurrent Search Structures,W3167709386; W4210990654,2021,16
automatic differentiation of algorithms,2,Automatic differentiation of algorithms,W1965573563; W302561940,"2000, 2002",16
blame assignment for higher order contracts with intersection and union,2,Blame assignment for higher-order contracts with intersection and union,W2044710350; W3118163484,2015,16
bugs4q a benchmark of real bugs for quantum programs,2,Bugs4Q: A Benchmark of Real Bugs for Quantum Programs,W3194833114; W4205868343,2021,16
cache behavior prediction by abstract interpretation,2,Cache behavior prediction by abstract interpretation,W1874478398; W2062066235,"1996, 1999",16
cclemma e graph guided lemma discovery for inductive equational proofs,2,CCLemma: E-Graph Guided Lemma Discovery for Inductive Equational Proofs,W4401596987; W6930104856,2024,16
characteristic formulae for the verification of imperative programs,2,Characteristic formulae for the verification of imperative programs,W1967019306; W4247464325,2011,16
checking nfa equivalence with bisimulations up to congruence,2,Checking NFA equivalence with bisimulations up to congruence,W2007281030; W3016349333,2013,16
complete multiparty session type projection with automata,2,Complete Multiparty Session Type Projection with Automata,W4378718519; W4384471275,2023,16
control flow analysis in scheme,2,Control flow analysis in scheme,W2057085278; W4250199140,1988,16
debugging webassembly put some whamm on it,2,Debugging WebAssembly? Put Some Whamm on It!,W4414978540; W7077156247,2025,16
decalf a directed effectful cost aware logical framework,2,"Decalf: A Directed, Effectful Cost-Aware Logical Framework",W4384264699; W4390604919,"2023, 2024",16
detecting access anomalies in programs with critical sections,2,Detecting access anomalies in programs with critical sections,W2061239425; W3009177928,1991,16
differential privacy,2,Differential Privacy,W2153751777; W2911978475,"2006, 2014",16
disproving termination with overapproximation,2,Disproving termination with overapproximation,W2036804865; W4234413063,2014,16
domain specific embedded compilers,2,Domain specific embedded compilers,W2145287505; W3004785238,1999,16
efficient detection of determinacy races in cilk programs,2,Efficient Detection of Determinacy Races in Cilk Programs,W1995085071; W2043003055,"1997, 1999",16
efficient monitoring of parametric context free patterns,2,Efficient monitoring of parametric context-free patterns,W2111894887; W3148712241,"2008, 2010",16
eliminating timing side channel leaks using program repair,2,Eliminating Timing Side-Channel Leaks using Program Repair,W2806582033; W2963047853,2018,16
equivalence and similarity refutation for probabilistic programs,2,Equivalence and Similarity Refutation for Probabilistic Programs,W4394007490; W4399850968,2024,16
event driven network programming,2,Event-driven network programming,W2253297209; W4250487560,2016,16
file systems deserve verification too,2,File systems deserve verification too!,W1998669042; W2618644177,"2013, 2014",16
finding effective compilation sequences,2,Finding effective compilation sequences,W2052934867; W4241758965,2004,16
from dirt to shovels,2,From dirt to shovels,W1982280055; W3087355157,2008,16
gamma system,2,Gamma system,W2171530146; W4234943353,2002,16
general purpose code acceleration with limited precision analog computation,2,General-purpose code acceleration with limited-precision analog computation,W2166250385; W4251054771,2014,16
homotopical patch theory,2,Homotopical patch theory,W2089243009; W2520449974,"2014, 2016",16
improving bank level parallelism for irregular applications,2,Improving bank-level parallelism for irregular applications,W2567006428; W4244498474,2016,16
inductive program synthesis over noisy data,2,Inductive program synthesis over noisy data,W3088135204; W3105239039,2020,16
lazy abstraction with interpolants,2,Lazy Abstraction with Interpolants,W1565898282; W2522890436,2006,16
lenses for web data,2,Lenses for Web Data,W1506770266; W6961057173,"2014, 2024",16
light replay via tightly bounded recording,2,Light: replay via tightly bounded recording,W1964200705; W3011661468,2015,16
ligra,2,Ligra,W2000041758; W4234988573,2013,16
lime,2,Lime,W2054625910; W2102960656,"2010, 2011",16
machine independent virtual memory management for paged uniprocessor and multiprocessor architectures,2,Machine-independent virtual memory management for paged uniprocessor and multiprocessor architectures,W2097174266; W4300746813,1987,16
masked types for sound object initialization,2,Masked types for sound object initialization,W2065266923; W4236313453,2009,16
mathematical components,2,Mathematical Components,W4287371490; W4297448175,"2021, 2022",16
monadic decomposition,2,Monadic Decomposition,W2623287016; W2913980179,"2014, 2017",16
off line variable substitution for scaling points to analysis,2,Off-line variable substitution for scaling points-to analysis,W2096587139; W3130008218,2000,16
on probabilistic termination of functional programs with continuous distributions,2,On probabilistic termination of functional programs with continuous distributions,W3155501771; W3166773424,2021,16
on the cost of type tag soundness,2,On the cost of type-tag soundness,W2781403051; W4245545962,2017,16
on the fly detection of instability problems in floating point program execution,2,On-the-fly detection of instability problems in floating-point program execution,W1999858616; W3014268941,2013,16
operating system support for improving data locality on cc numa compute servers,2,Operating system support for improving data locality on CC-NUMA compute servers,W2140455011; W3025105914,1996,16
optimizing dynamically dispatched calls with run time type feedback,2,Optimizing dynamically-dispatched calls with run-time type feedback,W2093334386; W2998550884,1994,16
phase aware optimization in approximate computing,2,Phase-aware optimization in approximate computing,W2591726959; W2749110104,2017,16
polynomial time algorithms for prime factorization and discrete logarithms on a quantum computer,2,Polynomial-Time Algorithms for Prime Factorization and Discrete Logarithms on a Quantum Computer,W2137147061; W3023478445,"1997, 1999",16
predicate abstraction for software verification,2,Predicate abstraction for software verification,W1972085995; W3019119050,2002,16
probabilistic modular and scalable inference of typestate specifications,2,"Probabilistic, modular and scalable inference of typestate specifications",W2158765820; W4230086982,2011,16
programming with permissions in mezzo,2,Programming with permissions in Mezzo,W2138051462; W3008416660,2013,16
progress of concurrent objects with partial methods,2,Progress of concurrent objects with partial methods,W2776176937; W2899076413,"2017, 2018",16
proofs from tests,2,Proofs from Tests,W2055489377; W2139498310,"2008, 2010",16
sccharts sequentially constructive statecharts for safety critical applications,2,SCCharts: sequentially constructive statecharts for safety-critical applications,W2128969973; W3011852893,2014,16
secure virtual architecture,2,Secure virtual architecture,W2106412703; W3015906956,2007,16
separation logic superposition calculus heap theorem prover,2,Separation logic + superposition calculus = heap theorem prover,W2097958972; W4229793125,2011,16
subtyping delimited continuations,2,Subtyping delimited continuations,W2136696721; W4230388769,2011,16
the call by need lambda calculus,2,The call-by-need lambda calculus,W2062838731; W2112022010,"1997, 1998",16
toddler detecting performance problems via similar memory access patterns,2,Toddler: detecting performance problems via similar memory-access patterns,W2157662360; W4241134169,2013,16
topological quantum memory,2,Topological quantum memory,W2088636071; W3100736866,"2001, 2002",16
tree borrows,2,Tree Borrows,W4411267027; W6911779823,2025,16
verification of randomized consensus algorithms under round rigid adversaries,2,Verification of Randomized Consensus Algorithms Under Round-Rigid Adversaries,W2963537662; W3128905785,"2019, 2021",16
veriflow,2,VeriFlow,W2122695394; W4233458882,2012,16
verifying dynamic trait objects in rust,2,Verifying Dynamic Trait Objects in Rust,W4283073038; W4312877890,2022,16
virtual machine showdown,2,Virtual machine showdown,W2010167524; W2167505354,"2005, 2008",16
write rationing garbage collection for hybrid memories,2,Write-rationing garbage collection for hybrid memories,W2799012131; W4229939983,2018,16
a domain specific language for building self optimizing ast interpreters,2,A domain-specific language for building self-optimizing AST interpreters,W2110629752; W3160847527,2014,15
a gpu implementation of inclusion based points to analysis,2,A GPU implementation of inclusion-based points-to analysis,W2157103506; W2999411576,2012,15
a model of type theory in cubical sets,2,A Model of Type Theory in Cubical Sets,W2116438866; W2898503052,2014,15
a nanopass infrastructure for compiler education,2,A nanopass infrastructure for compiler education,W1984698918; W4256011414,2004,15
a probabilistic language based upon sampling functions,2,A probabilistic language based upon sampling functions,W2009776842; W3033175460,2005,15
a programmable editor for developing structured documents based on bidirectional transformations,2,A programmable editor for developing structured documents based on bidirectional transformations,W2010019177; W2151592950,"2004, 2008",15
a verified generational garbage collector for cakeml,2,A Verified Generational Garbage Collector for CakeML,W2747308484; W2932030123,"2017, 2018",15
adaptive ll parsing,2,Adaptive LL(*) parsing,W2091232155; W3003835559,2014,15
an abstraction based framework for neural network verification,2,An Abstraction-Based Framework for Neural Network Verification,W2982540258; W3102139284,2020,15
an evaluation of staged run time optimizations in dyc,2,An evaluation of staged run-time optimizations in DyC,W1991751536; W4247335479,1999,15
an operational foundation for delimited continuations in the cps hierarchy,2,An Operational Foundation for Delimited Continuations in the CPS Hierarchy,W2950666866; W3105810746,2005,15
analyzing catastrophic backtracking behavior in practical regular expression matching,2,Analyzing Catastrophic Backtracking Behavior in Practical Regular Expression Matching,W2097461793; W3146438627,"2014, 2016",15
aspect oriented programming,2,Aspect-oriented programming,W2029414465; W4254691308,"1996, 1997",15
assertion based optimization of quantum programs,2,Assertion-based optimization of Quantum programs,W3108052210; W3110635951,2020,15
bias reformulation for one shot function induction,2,Bias reformulation for one-shot function induction,W2402035130; W2403468034,2014,15
bisimulation can t be traced,2,Bisimulation can't be traced,W1966112122; W2048826020,"1988, 1995",15
bounded quantification is undecidable,2,Bounded quantification is undecidable,W2121169478; W2792739471,"1992, 1994",15
cartesian cubical computational type theory constructive reasoning with paths and equalities,2,Cartesian Cubical Computational Type Theory: Constructive Reasoning with Paths and Equalities,W2775724545; W2888798587,"2017, 2018",15
categorical foundations of gradient based learning,2,Categorical Foundations of Gradient-Based Learning,W3134406394; W4287285802,"2021, 2022",15
cflobdds context free language ordered binary decision diagrams,2,CFLOBDDs: Context-Free-Language Ordered Binary Decision Diagrams,W4309131146; W4392376954,"2022, 2024",15
classes of recursively enumerable sets and their decision problems,2,Classes of recursively enumerable sets and their decision problems,W2047764386; W4249297534,1953,15
codensity lifting of monads and its dual,2,Codensity Lifting of Monads and its Dual,W2897197486; W2962912206,2018,15
commutative set,2,Commutative set,W1986009031; W4243750660,2011,15
comparing object encodings,2,Comparing Object Encodings,W2170800927; W2177120186,"1997, 1999",15
composing dataflow analyses and transformations,2,Composing dataflow analyses and transformations,W2110423393; W3117114023,2002,15
compositional bisimulation metric reasoning with probabilistic process calculi,2,Compositional bisimulation metric reasoning with Probabilistic Process Calculi,W2536060102; W3121327281,2017,15
computing with near data,2,Computing with Near Data,W2906409935; W4242264245,2019,15
correct refactoring of concurrent java code,2,Correct Refactoring of Concurrent Java Code,W2100283823; W4238993245,2010,15
counterexample guided prophecy for model checking modulo the theory of arrays,2,Counterexample-Guided Prophecy for Model Checking Modulo the Theory of Arrays,W4294067193; W4294598978,"2021, 2022",15
coverage guided tensor compiler fuzzing with joint ir pass mutation,2,Coverage-guided tensor compiler fuzzing with joint IR-pass mutation,W4221144766; W6950463590,2022,15
directfix looking for simple program repairs,2,DirectFix: looking for simple program repairs,W2019730517; W4256377773,2015,15
efficient neural network robustness certification with general activation functions,2,Efficient Neural Network Robustness Certification with General Activation Functions,W2891698621; W2963424284,2018,15
efficient resource management for linear logic proof search,2,Efficient resource management for linear logic proof search,W1593404182; W2076859913,"1996, 2000",15
enhancing computation to core assignment with physical location information,2,Enhancing computation-to-core assignment with physical location information,W2798426781; W4248331405,2018,15
equivalence checking of static affine programs using widening to handle recurrences,2,Equivalence checking of static affine programs using widening to handle recurrences,W2046877387; W2151828216,"2009, 2012",15
error propagation analysis for file systems,2,Error propagation analysis for file systems,W2155061608; W4253848354,2009,15
evaluating the impact of context sensitivity on andersen s algorithm for java programs,2,Evaluating the impact of context-sensitivity on Andersen's algorithm for Java programs,W2127309882; W4252786566,2005,15
exploiting vector instructions with generalized stream fusion,2,Exploiting vector instructions with generalized stream fusion,W2134709894; W2609349455,"2013, 2017",15
extensible pattern matching via a lightweight language extension,2,Extensible pattern matching via a lightweight language extension,W2109795737; W2998852367,2007,15
extensible programming with first class cases,2,Extensible programming with first-class cases,W2121787849; W4237607926,2006,15
extensible rule based query rewrite optimization in starburst,2,Extensible/rule based query rewrite optimization in Starburst,W1988504473; W4234627795,1992,15
formal abstractions for packet scheduling,2,Formal Abstractions for Packet Scheduling,W4387667188; W6894119199,2023,15
formal parametric polymorphism,2,Formal parametric polymorphism,W2088982170; W4210653864,1993,15
functioning without closure,2,Functioning without closure,W2142797138; W3003314800,2001,15
generating precise and concise procedure summaries,2,Generating precise and concise procedure summaries,W2073264387; W3123906889,2008,15
generating proof certificates for a language agnostic deductive program verifier,2,Generating Proof Certificates for a Language-Agnostic Deductive Program Verifier,W4362676306; W6894069236,"2022, 2023",15
genesis synthesizing forwarding tables in multi tenant networks,2,Genesis: synthesizing forwarding tables in multi-tenant networks,W2561068234; W3012444178,"2016, 2017",15
giga scale exhaustive points to analysis for java in under a minute,2,Giga-scale exhaustive points-to analysis for Java in under a minute,W2089522440; W3153131947,2015,15
gprof,2,Gprof,W2144433126; W4256386389,1982,15
guided gui testing of android apps with minimal restart and approximate learning,2,Guided GUI testing of android apps with minimal restart and approximate learning,W2091932246; W3004939941,2013,15
hitting families of schedules for asynchronous programs,2,Hitting Families of Schedules for Asynchronous Programs,W2268325898; W2949587992,2016,15
how we refactor and how we know it,2,"How we refactor, and how we know it",W2098664130; W2113157806,"2009, 2011",15
inferring locks for atomic sections,2,Inferring locks for atomic sections,W2138567239; W3023885209,2008,15
inspectre breaking and fixing microarchitectural vulnerabilities by formal analysis,2,InSpectre: Breaking and Fixing Microarchitectural Vulnerabilities by Formal Analysis,W2989370904; W3096867085,"2019, 2020",15
linear dependent type theory for quantum programming languages,2,Linear Dependent Type Theory for Quantum Programming Languages,W3020955609; W3032363873,"2020, 2022",15
logical relations for monadic types,2,Logical Relations for Monadic Types,W2109623518; W2619086274,"2002, 2008",15
low level detection of language level data races with lard,2,Low-level detection of language-level data races with LARD,W2087969648; W4253522574,2014,15
making caches work for graph analytics,2,Making Caches Work for Graph Analytics,W2782794456; W2962865652,"2016, 2017",15
malware guard extension using sgx to conceal cache attacks,2,Malware Guard Extension: Using SGX to Conceal Cache Attacks,W2594560662; W2950775255,2017,15
metamorphic testing of deep learning compilers,2,Metamorphic Testing of Deep Learning Compilers,W4214589259; W4281652542,2022,15
myths and realities,2,Myths and realities,W2112832394; W2996776823,2004,15
neural program repair by jointly learning to localize and repair,2,Neural Program Repair by Jointly Learning to Localize and Repair,W2914933759; W2949737566,2019,15
nominal techniques in isabelle hol,2,Nominal Techniques in Isabelle/HOL,W1684926818; W2037026294,"2005, 2008",15
on the quantum complexity of closest pair and related problems,2,On the Quantum Complexity of Closest Pair and Related Problems,W2989072520; W3046434888,"2019, 2020",15
on the semantics of snapshot isolation,2,On the Semantics of Snapshot Isolation,W2964250752; W4300066906,"2018, 2019",15
parallel associative reductions in halide,2,Parallel associative reductions in halide,W2594003755; W4231091366,2017,15
parsing expression grammars,2,Parsing expression grammars,W2018045485; W3004896733,2004,15
points to analysis using bdds,2,Points-to analysis using BDDs,W2075309900; W4245921527,2003,15
precise and scalable context sensitive pointer analysis via value flow graph,2,Precise and scalable context-sensitive pointer analysis via value flow graph,W2037879546; W4251697482,2013,15
precise subtyping for asynchronous multiparty sessions,2,Precise subtyping for asynchronous multiparty sessions,W3113857243; W4306873603,"2021, 2022",15
product lines of theorems,2,Product lines of theorems,W2023237006; W3096699876,2011,15
proving thread termination,2,Proving thread termination,W2145062333; W3194643655,2007,15
proving uniformity and independence by self composition and coupling,2,Proving uniformity and independence by self-composition and coupling,W2580401938; W2950053966,"2017, 2018",15
quotienting the delay monad by weak bisimilarity,2,Quotienting the Delay Monad by Weak Bisimilarity,W2255188432; W2767001837,"2015, 2017",15
race detection for android applications,2,Race detection for Android applications,W2083636040; W2997474689,2014,15
removing checks in dynamically typed languages through efficient profiling,2,Removing checks in dynamically typed languages through efficient profiling,W2591642915; W4248913673,2017,15
robustness against transactional causal consistency,2,Robustness Against Transactional Causal Consistency.,W2971298211; W3143836580,"2019, 2021",15
sequence to sequence learning with neural networks,2,Sequence to Sequence Learning with Neural Networks,W2130942839; W2949888546,2014,15
smoothness analysis for probabilistic programs with application to optimised variational inference,2,Smoothness Analysis for Probabilistic Programs with Application to Optimised Variational Inference,W4315630796; W4320719343,"2022, 2023",15
software assurance by bounded exhaustive testing,2,Software assurance by bounded exhaustive testing,W2170682382; W3003265943,2004,15
solving shape analysis problems in languages with destructive updating,2,Solving shape-analysis problems in languages with destructive updating,W2030697178; W2072858236,"1996, 1998",15
sound non statistical clustering of static analysis alarms,2,Sound Non-statistical Clustering of Static Analysis Alarms,W2106108278; W2749587018,"2012, 2017",15
speculative separation for privatization and reductions,2,Speculative separation for privatization and reductions,W2087024856; W4250115341,2012,15
super node slp optimized vectorization for code sequences containing operators and their inverse elements,2,Super-Node SLP: optimized vectorization for code sequences containing operators and their inverse elements,W2921329069; W4245767887,2019,15
synthesis of circular compositional program proofs via abduction,2,Synthesis of circular compositional program proofs via abduction,W1135403299; W176283517,"2013, 2015",15
synthesis of quantum logic circuits,2,Synthesis of quantum-logic circuits,W2104590612; W2962960197,"2005, 2006",15
synthesis of ranking functions using extremal counterexamples,2,Synthesis of ranking functions using extremal counterexamples,W2041174694; W3022487056,2015,15
synthesizing geometry constructions,2,Synthesizing geometry constructions,W2115007594; W4242912959,2011,15
synthesizing specifications,2,Synthesizing Specifications,W4386537253; W4387673994,2023,15
the marriage of effects and monads,2,The marriage of effects and monads,W2022518532; W2084804301,"1998, 2003",15
the parallel persistent memory model,2,The Parallel Persistent Memory Model,W2804444364; W3101628343,2018,15
the program dependence web a representation supporting control data and demand driven interpretation of imperative languages,2,"The program dependence web: a representation supporting control-, data-, and demand-driven interpretation of imperative languages",W1990087033; W4240331105,1990,15
the scalable commutativity rule,2,The Scalable Commutativity Rule,W2069852267; W2104670257,"2013, 2015",15
the spirit of ghost code,2,The Spirit of Ghost Code,W1482794; W2318327664,"2014, 2016",15
the splash 2 programs,2,The SPLASH-2 programs,W2145021036; W3008756550,1995,15
the theory of deadlock avoidance via discrete control,2,The theory of deadlock avoidance via discrete control,W2067967561; W3008339000,2009,15
trustworthy specifications of arm v8 a and v8 m system level architecture,2,Trustworthy specifications of ARM® v8-A and v8-M system level architecture,W2603034903; W4239031877,2016,15
type driven defunctionalization,2,Type-driven defunctionalization,W2094174039; W4232206602,1997,15
universes for generic programs and proofs in dependent type theory,2,Universes for generic programs and proofs in dependent type theory,W1751016442; W3043607029,2003,15
uppaal a tool suite for automatic verification of real time systems,2,UPPAAL — a tool suite for automatic verification of real-time systems,W2160883697; W2788342898,1996,15
verification of a practical hardware security architecture through static information flow analysis,2,Verification of a Practical Hardware Security Architecture Through Static Information Flow Analysis,W2604756280; W4233424922,2017,15
you only linearize once tangents transpose to gradients,2,You Only Linearize Once: Tangents Transpose to Gradients,W4224943668; W4315630753,"2022, 2023",15
a characteristic study on failures of production distributed data parallel programs,2,A Characteristic Study on Failures of Production Distributed Data-Parallel Programs,W2039676055; W4254901924,2013,14
a decentralized model for information flow control,2,A decentralized model for information flow control,W2136296832; W4237990977,1997,14
a formally certified end to end implementation of shor s factorization algorithm,2,A Formally Certified End-to-End Implementation of Shor's Factorization Algorithm,W4224142529; W4376609669,"2022, 2023",14
a lambda calculus for quantum computation with classical control,2,A Lambda Calculus for Quantum Computation with Classical Control,W1805380992; W2145862486,"2005, 2006",14
a practical soft type system for scheme,2,A practical soft type system for scheme,W2055886480; W4253003117,"1994, 1997",14
augmenting and structuring user queries to support efficient free form code search,2,Augmenting and structuring user queries to support efficient free-form code search,W2612300213; W2808275365,2018,14
automatic parallelization of divide and conquer algorithms,2,Automatic parallelization of divide and conquer algorithms,W2064556673; W3129453358,1999,14
automatically verifying temporal properties of pointer programs with cyclic proof,2,Automatically Verifying Temporal Properties of Pointer Programs with Cyclic Proof,W2735988056; W2967943502,"2017, 2019",14
bringing extensibility to verified compilers,2,Bringing extensibility to verified compilers,W2126891436; W3124740916,2010,14
bugredux reproducing field failures for in house debugging,2,BugRedux: reproducing field failures for in-house debugging,W2164649341; W3140804348,2012,14
cause clue clauses,2,Cause clue clauses,W2040900440; W4240558819,2011,14
clairvoyance look ahead compile time scheduling,2,Clairvoyance: look-ahead compile-time scheduling,W2593897803; W4233118400,2017,14
compositional pointer and escape analysis for java programs,2,Compositional pointer and escape analysis for Java programs,W2077850509; W3006817828,1999,14
d4 fast concurrency debugging with parallel differential analysis,2,D4: fast concurrency debugging with parallel differential analysis,W2798710664; W4240889175,2018,14
declassification dimensions and principles,2,Declassification: Dimensions and principles,W1699577049; W3024337755,2009,14
depth first search and linear graph algorithms,2,Depth-First Search and Linear Graph Algorithms,W2118382442; W2534652523,"1971, 1972",14
design and modeling of a non blocking checkpointing system,2,Design and Modeling of a Non-blocking Checkpointing System,W2023324599; W4245507143,2012,14
design implementation and evaluation of adaptive recompilation with on stack replacement,2,"Design, implementation and evaluation of adaptive recompilation with on-stack replacement",W2118547657; W4239599010,2003,14
determinacy in static analysis for jquery,2,Determinacy in static analysis for jQuery,W2142194171; W3011033587,2014,14
eff directly in ocaml,2,Eff Directly in OCaml,W2907553500; W2914677266,2018,14
efficient monitoring of safety properties,2,Efficient monitoring of safety properties,W2118962824; W3193531217,"2003, 2004",14
elaborator reflection extending idris in idris,2,Elaborator reflection: extending Idris in Idris,W2507856242; W4247440592,2016,14
engineering with logic,2,Engineering with logic,W2035405585; W2904162908,"2006, 2018",14
evaluating coblox,2,Evaluating CoBlox,W2796012663; W4248885579,2018,14
generating configurable hardware from parallel patterns,2,Generating Configurable Hardware from Parallel Patterns,W2263852834; W4299426995,2016,14
hmf,2,HMF,W1965338843; W4248324061,2008,14
improving the cs1 experience with pair programming,2,Improving the CS1 experience with pair programming,W2074765208; W3005052618,2003,14
industrial experience with design patterns,2,Industrial experience with design patterns,W2101568455; W2178931863,"1996, 2002",14
isap v2 0,2,Isap v2.0,W3049306273; W4254214383,2020,14
lacasa lightweight affinity and object capabilities in scala,2,LaCasa: lightweight affinity and object capabilities in Scala,W2537677062; W3018145043,2016,14
landfill an open dataset of code smells with public evaluation,2,Landfill: an open dataset of code smells with public evaluation,W2077919660; W4243311255,2015,14
lasp,2,Lasp,W2078575444; W2085335712,2015,14
ll,2,LL(*),W2072750798; W4248027902,2011,14
local rely guarantee reasoning,2,Local rely-guarantee reasoning,W2075373350; W3023751354,2009,14
logic programming in a fragment of intuitionistic linear logic,2,Logic Programming in a Fragment of Intuitionistic Linear Logic,W2106458801; W4253630760,"1994, 2002",14
mathsat tight integration of sat and mathematical decision procedures,2,MathSAT: Tight Integration of SAT and Mathematical Decision Procedures,W2158995961; W4243645102,2005,14
mixed powerdomains for probability and nondeterminism,2,Mixed powerdomains for probability and nondeterminism,W2560355278; W3105658135,"2016, 2017",14
ogre and pythia an invariance proof method for weak consistency models,2,Ogre and Pythia: an invariance proof method for weak consistency models,W2562986368; W3110100493,"2016, 2017",14
profiling a warehouse scale computer,2,Profiling a warehouse-scale computer,W2036895660; W4238420657,2015,14
programmatic imitation learning from unlabeled and noisy demonstrations,2,Programmatic Imitation Learning from Unlabeled and Noisy Demonstrations,W4323076615; W4393972717,"2023, 2024",14
programming up to congruence,2,Programming up to Congruence,W2104815907; W3120788393,"2014, 2015",14
provably robust deep learning via adversarially trained smoothed classifiers,2,Provably Robust Deep Learning via Adversarially Trained Smoothed Classifiers,W2951735139; W2971109239,2019,14
quarl a learning based quantum circuit optimizer,2,Quarl: A Learning-Based Quantum Circuit Optimizer,W4384920055; W4396214556,"2023, 2024",14
race directed scheduling of concurrent programs,2,Race directed scheduling of concurrent programs,W2099390117; W3084921114,2014,14
reasoning about the implementation of concurrency abstractions on x86 tso,2,Reasoning about the Implementation of Concurrency Abstractions on x86-TSO,W1509000726; W4246094892,2010,14
recursive markov chains stochastic grammars and monotone systems of nonlinear equations,2,"Recursive Markov Chains, Stochastic Grammars, and Monotone Systems of Nonlinear Equations",W1715173658; W2005059149,"2005, 2009",14
regular model checking,2,Regular Model Checking,W1861590051; W2154229279,"2000, 2011",14
safe automated refactoring for intelligent parallelization of java 8 streams,2,Safe Automated Refactoring for Intelligent Parallelization of Java 8 Streams,W2951985317; W3023891024,"2019, 2020",14
semantics of static pointcuts in aspectj,2,Semantics of static pointcuts in aspectJ,W2077382005; W4254112940,2007,14
shape analysis,2,Shape Analysis,W4205427467; W4252314084,"2000, 2020",14
smten with satisfiability based search,2,Smten with satisfiability-based search,W2166708428; W3010081385,2014,14
solving reflexive domain equations in a category of complete metric spaces,2,Solving reflexive domain equations in a category of complete metric spaces,W1529384059; W1995902462,"1988, 1989",14
symbolic bounds analysis of pointers array indices and accessed memory regions,2,"Symbolic bounds analysis of pointers, array indices, and accessed memory regions",W2107742417; W3092545530,"2000, 2005",14
the bedrock structured programming system,2,The bedrock structured programming system,W1975808766; W3011141959,2013,14
the essence of verilog a tractable and tested operational semantics for verilog artifact,2,The Essence of Verilog: A Tractable and Tested Operational Semantics for Verilog (Artifact),W6894252666; W6930080268,2023,14
the tree width of auxiliary storage,2,The tree width of auxiliary storage,W2165546792; W4214848047,2011,14
tracking pointers with path and context sensitivity for bug detection in c programs,2,Tracking pointers with path and context sensitivity for bug detection in C programs,W2122751766; W4231704316,2003,14
translating canonical sql to imperative code in coq,2,Translating Canonical SQL to Imperative Code in Coq,W4221166233; W4225517137,2022,14
type directed synthesis of visualizations from natural language queries,2,Type-Directed Synthesis of Visualizations from Natural Language Queries,W4294786522; W4307887575,2022,14
why is random testing effective for partition tolerance bugs,2,Why is random testing effective for partition tolerance bugs?,W2777404089; W2898709589,"2017, 2018",14
can reactive synthesis and syntax guided synthesis be friends,2,Can reactive synthesis and syntax-guided synthesis be friends?,W3205817849; W4281723906,"2021, 2022",13
compositional dynamic test generation,2,Compositional dynamic test generation,W2133612077; W4246385123,2007,13
exponential automatic amortized resource analysis,2,Exponential Automatic Amortized Resource Analysis,W3009691493; W3022163212,"2020, 2021",13
internal type theory,2,Internal type theory,W1494555245; W2175195909,1996,13
lectures on the coupling method,2,Lectures on the Coupling Method,W1535793628; W4214593142,"1992, 1994",13
refunctionalization at work,2,Refunctionalization at Work,W2105692950; W2178095747,"2006, 2009",13
syrenn a tool for analyzing deep neural networks,2,SyReNN: A Tool for Analyzing Deep Neural Networks,W3145532460; W4320896439,"2021, 2023",13
a basic linear algebra compiler,2,A Basic Linear Algebra Compiler,W2039227678; W4233358870,2014,12
a case for dot theoretical foundations for objects with pattern matching and gadt style reasoning,2,A case for DOT: Theoretical Foundations for Objects With Pattern Matching and GADT-style Reasoning,W4297847678; W4307731841,2022,12
a categorical approach to open and interconnected dynamical systems,2,A categorical approach to open and interconnected dynamical systems,W2208563212; W3101612166,2016,12
a completeness theorem for kleene algebras and the algebra of regular events,2,A Completeness Theorem for Kleene Algebras and the Algebra of Regular Events,W2163152086; W4256280462,"1994, 2002",12
a compositional theory of linearizability,2,A Compositional Theory of Linearizability,W4315606551; W4391282620,"2023, 2024",12
a concurrent logical framework the propositional fragment,2,A Concurrent Logical Framework: The Propositional Fragment,W1514385560; W2499919128,2004,12
a concurrent perspective on smart contracts,2,A Concurrent Perspective on Smart Contracts,W2593535131; W2952283559,2017,12
a domain specific approach to heterogeneous parallelism,2,A domain-specific approach to heterogeneous parallelism,W2164106630; W4244568863,2011,12
a higher structure identity principle,2,A Higher Structure Identity Principle,W2592155257; W3101135346,2020,12
a hybrid approach to semi automated rust verification,2,A Hybrid Approach to Semi-automated Rust Verification,W4393178190; W4411269405,"2024, 2025",12
a modular type checking algorithm for type theory with singleton types and proof irrelevance,2,A Modular Type-Checking Algorithm for Type Theory with Singleton Types and Proof Irrelevance,W1690628218; W2951383623,"2009, 2011",12
a new algorithm for partial redundancy elimination based on ssa form,2,A new algorithm for partial redundancy elimination based on SSA form,W2002427499; W3004313105,1997,12
a nonstandard standardization theorem,2,A nonstandard standardization theorem,W2028576530; W4245514872,2014,12
a performance analysis framework for identifying potential benefits in gpgpu applications,2,A performance analysis framework for identifying potential benefits in GPGPU applications,W2142769604; W3005101099,2012,12
a reflection on call by value,2,A reflection on call-by-value,W1969661839; W1998873876,"1996, 1997",12
a sound and optimal incremental build system with dynamic dependencies,2,A sound and optimal incremental build system with dynamic dependencies,W2093927510; W3095023974,2015,12
a survey of quantization methods for efficient neural network inference,2,A Survey of Quantization Methods for Efficient Neural Network Inference,W3137147200; W4287254789,"2021, 2022",12
a system and language for building system specific static analyses,2,"A system and language for building system-specific, static analyses",W2106972913; W4248182592,2002,12
a traversal based algorithm for higher order model checking,2,A traversal-based algorithm for higher-order model checking,W2122698067; W4247446425,2012,12
abcd,2,ABCD,W2130711572; W4237333737,2000,12
abstract semantic differencing via speculative correlation,2,Abstract semantic differencing via speculative correlation,W2108629523; W3015970086,2014,12
algorithmic analysis of termination problems for quantum programs,2,Algorithmic analysis of termination problems for quantum programs,W2779911866; W2898709003,"2017, 2018",12
alice or bob process polymorphism in choreographies,2,Alice or Bob?: Process Polymorphism in Choreographies,W4323717488; W4391137562,"2023, 2024",12
allocation wall,2,Allocation wall,W2014672480; W4247436192,2009,12
alter,2,ALTER,W2110645221; W4239409840,2011,12
amandroid,2,Amandroid,W2027538101; W2803054784,"2014, 2018",12
amc automl for model compression and acceleration on mobile devices,2,AMC: AutoML for Model Compression and Acceleration on Mobile Devices,W2886851211; W2949941638,2018,12
an empirical study on quality issues of production big data platform,2,An empirical study on quality issues of production big data platform,W2088727885; W4242010563,2015,12
an expressive aspect language for system applications with arachne,2,An expressive aspect language for system applications with Arachne,W2025183068; W4255324582,"2005, 2006",12
analysing snapshot isolation,2,Analysing Snapshot Isolation,W2485415552; W2787331432,"2016, 2018",12
approxilyzer towards a systematic framework for instruction level approximate computing and its application to hardware resiliency,2,Approxilyzer: towards a systematic framework for instruction-level approximate computing and its application to hardware resiliency,W2561860907; W4250541405,2016,12
approximate counting in smt and value estimation for probabilistic programs,2,Approximate Counting in SMT and Value Estimation for Probabilistic Programs,W1528660673; W2607296636,"2015, 2017",12
archipelago,2,Archipelago,W2149263382; W4237332172,2008,12
automated tail bound analysis for probabilistic recurrence relations,2,Automated Tail Bound Analysis for Probabilistic Recurrence Relations,W4378505299; W4384471480,2023,12
automatic extraction of object oriented component interfaces,2,Automatic extraction of object-oriented component interfaces,W2121059325; W4231709874,2002,12
automatic program inversion using symbolic transducers,2,Automatic program inversion using symbolic transducers,W2626317688; W4230454357,2017,12
automatically validating temporal safety properties of interfaces,2,Automatically Validating Temporal Safety Properties of Interfaces,W2089139117; W4230796557,2001,12
automating ad hoc data representation transformations,2,Automating ad hoc data representation transformations,W2032988652; W3187301112,2015,12
backtracking based load balancing,2,Backtracking-based load balancing,W2116718945; W3005947729,2009,12
badger complexity analysis with fuzzing and symbolic execution,2,Badger: complexity analysis with fuzzing and symbolic execution,W2805375386; W2942157607,2018,12
big graph analytics platforms,2,Big Graph Analytics Platforms,W2574229471; W4298313295,2017,12
binding as sets of scopes,2,Binding as sets of scopes,W2295447786; W4246527937,2016,12
boosting robustness verification of semantic feature neighborhoods,2,Boosting Robustness Verification of Semantic Feature Neighborhoods,W4297812200; W4312643858,2022,12
cache conscious structure layout,2,Cache-conscious structure layout,W2116730320; W4214611987,1999,12
calculus of communicating systems,2,Calculus of Communicating Systems,W2194869982; W378839807,"1991, 2011",12
candle a verified implementation of hol light,2,Candle: A Verified Implementation of HOL Light,W4297797797; W6906473190,2022,12
certified assembly programming with embedded code pointers,2,Certified assembly programming with embedded code pointers,W2165970356; W3148010226,2006,12
certifying low level programs with hardware interrupts and preemptive threads,2,Certifying low-level programs with hardware interrupts and preemptive threads,W2108923990; W2150401476,"2008, 2009",12
checking and inferring local non aliasing,2,Checking and inferring local non-aliasing,W2171733626; W4214630400,2003,12
choreographies logically,2,"Choreographies, logically",W3187321874; W4232794147,"2014, 2017",12
commcsl proving information flow security for concurrent programs using abstract commutativity,2,CommCSL: Proving Information Flow Security for Concurrent Programs using Abstract Commutativity,W4309299843; W4379537321,"2022, 2023",12
composable and compilable macros,2,Composable and compilable macros:,W2055806388; W3004946341,2002,12
compositional entailment checking for a fragment of separation logic,2,Compositional Entailment Checking for a Fragment of Separation Logic,W3023397123; W46575596,"2014, 2017",12
concrete mathematics a foundation for computer science,2,Concrete Mathematics: A Foundation for Computer Science,W2029948740; W2329095262,"1989, 1991",12
concurrency control in groupware systems,2,Concurrency control in groupware systems,W2145220267; W4236824789,1989,12
constraint based type inference for freezeml,2,Constraint-based type inference for FreezeML,W4286588270; W4293812611,2022,12
control flow recovery from partial failure reports,2,Control-flow recovery from partial failure reports,W2625070311; W4242421104,2017,12
cope,2,COPE,W2164096531; W4241999312,2006,12
cps translating inductive and coinductive types,2,CPS translating inductive and coinductive types,W2113069707; W3093326799,2002,12
dcell,2,Dcell,W2143065961; W4256524787,2008,12
definability in the existential theory of concatenation and undecidable extensions of this theory,2,Definability in the Existential Theory of Concatenation and Undecidable Extensions of this Theory,W2166461033; W4239386794,"1988, 1990",12
denotational semantics of recursive types in synthetic guarded domain theory,2,Denotational semantics of recursive types in synthetic guarded domain theory,W2530147817; W2803229276,"2016, 2018",12
dependent types for program termination verification,2,Dependent Types for Program Termination Verification,W2168162624; W4256023041,2002,12
deriving linearizable fine grained concurrent objects,2,Deriving linearizable fine-grained concurrent objects,W2147760702; W3010792303,2008,12
differential cost analysis with simultaneous potentials and anti potentials,2,Differential Cost Analysis with Simultaneous Potentials and Anti-potentials,W4226074206; W4281781753,2022,12
dissociating language and thought in large language models,2,Dissociating language and thought in large language models,W4317463334; W4392935324,"2023, 2024",12
dynamic inference of static types for ruby,2,Dynamic inference of static types for ruby,W2113888205; W4241122238,2011,12
efficient and exact data dependence analysis,2,Efficient and exact data dependence analysis,W2079235644; W4234350265,1991,12
efficient path profiling,2,Efficient Path Profiling,W2101134669; W4238089251,"1996, 2002",12
efficient synthesis of network updates,2,Efficient synthesis of network updates,W2058503096; W3009075947,2015,12
embedding effect systems in haskell,2,Embedding effect systems in Haskell,W2042010295; W4248577883,2014,12
environment classifiers,2,Environment classifiers,W2296536988; W4252279595,2003,12
escape analysis on lists,2,Escape analysis on lists,W1967544098; W4230341943,1992,12
establishing object invariants with delayed types,2,Establishing object invariants with delayed types,W2067901725; W3013271253,2007,12
evaluating the accuracy of java profilers,2,Evaluating the accuracy of Java profilers,W2117975184; W4230822993,2010,12
exploration of low numeric precision deep learning inference using intel fpgas,2,Exploration of Low Numeric Precision Deep Learning Inference Using Intel® FPGAs,W2793471971; W2810498815,2018,12
extending sledgehammer with smt solvers,2,Extending Sledgehammer with SMT Solvers,W1674186056; W2022589543,"2011, 2013",12
extensible query processing in starburst,2,Extensible query processing in starburst,W2200545814; W4250587856,1989,12
fast and precise hybrid type inference for javascript,2,Fast and precise hybrid type inference for JavaScript,W2128457714; W3005541700,2012,12
fast and reliable formal verification of smart contracts with the move prover,2,Fast and Reliable Formal Verification of Smart Contracts with the Move Prover,W3206061238; W4286902750,"2021, 2022",12
finch sparse and structured tensor programming with control flow,2,Finch: Sparse and Structured Tensor Programming with Control Flow,W4395687330; W4409310702,"2024, 2025",12
finding bugs is easy,2,Finding bugs is easy,W1986453394; W2087527532,2004,12
flexible paxos quorum intersection revisited,2,Flexible Paxos: Quorum intersection revisited,W2516886136; W2962698771,"2016, 2017",12
forward or reverse mode automatic differentiation what s the difference,2,Forward- or Reverse-Mode Automatic Differentiation: What's the Difference?,W4320736106; W4385804225,2023,12
fpga programming for the masses,2,FPGA programming for the masses,W2106962797; W3083504653,2013,12
from simulink to scade lustre to tta,2,From simulink to SCADE/lustre to TTA,W2071229589; W4242915164,2003,12
fusing effectful comprehensions,2,Fusing effectful comprehensions,W2529401481; W3085860359,2017,12
generic universe types,2,Generic Universe Types,W1502550949; W4250979901,2007,12
global guidance for local generalization in model checking,2,Global guidance for local generalization in model checking,W3029555746; W3046688479,"2020, 2023",12
global optimization by basin hopping and the lowest energy structures of lennard jones clusters containing up to 110 atoms,2,Global Optimization by Basin-Hopping and the Lowest Energy Structures of Lennard-Jones Clusters Containing up to 110 Atoms,W1986602910; W3105621768,1997,12
global optimizations for parallelism and locality on scalable parallel machines,2,Global optimizations for parallelism and locality on scalable parallel machines,W2070922326; W4253844633,1993,12
green marl,2,Green-Marl,W2104329103; W4249456448,2012,12
griffin,2,GRIFFIN,W2584029330; W4230613728,2017,12
growing a language environment with editor libraries,2,Growing a language environment with editor libraries,W2108230680; W4251359319,2011,12
handling fibred algebraic effects,2,Handling fibred algebraic effects,W2779932201; W2898670361,"2017, 2018",12
hardware transactional memory meets memory persistency,2,Hardware Transactional Memory Meets Memory Persistency,W2885514411; W2928943454,"2018, 2019",12
haschor functional choreographic programming for all functional pearl,2,HasChor: Functional Choreographic Programming for All (Functional Pearl),W4323066591; W4384999944,2023,12
high performance cache replacement using re reference interval prediction rrip,2,High performance cache replacement using re-reference interval prediction (RRIP),W2029577083; W4253438286,2010,12
higher order functional reactive programming without spacetime leaks,2,Higher-order functional reactive programming without spacetime leaks,W2139695229; W4253774675,2013,12
how important are good method names in neural code generation a model robustness perspective,2,How Important are Good Method Names in Neural Code Generation? A Model Robustness Perspective,W4310510189; W4387869031,"2022, 2023",12
hybrid transactional memory,2,Hybrid transactional memory,W2135430119; W3088238805,2006,12
identifying cache based side channels through secret augmented abstract interpretation,2,Identifying Cache-Based Side Channels through Secret-Augmented Abstract Interpretation,W2947155194; W2965388072,2019,12
imageeye batch image processing using program synthesis,2,ImageEye: Batch Image Processing using Program Synthesis,W4362707051; W6929197077,2023,12
incorporating copying mechanism in sequence to sequence learning,2,Incorporating Copying Mechanism in Sequence-to-Sequence Learning,W2304113845; W2964165364,2016,12
indexed codata types,2,Indexed codata types,W2518300910; W3009278385,2016,12
inferring crypto api rules from code changes,2,Inferring crypto API rules from code changes,W2808620986; W3031272488,2018,12
input sensitive profiling,2,Input-sensitive profiling,W2052172035; W3007376233,2012,12
instrumentation and sampling strategies for cooperative concurrency bug isolation,2,Instrumentation and sampling strategies for cooperative concurrency bug isolation,W2049381173; W3014769903,2010,12
just in time static type checking for dynamic languages,2,Just-in-time static type checking for dynamic languages,W2341286426; W2951357319,2016,12
kendo,2,Kendo,W2122532513; W4233547058,2009,12
lambdaficator from imperative to functional programming through automated refactoring,2,LAMBDAFICATOR: from imperative to functional programming through automated refactoring,W2004771867; W4234852849,2013,12
lambdanet probabilistic type inference using graph neural networks,2,LambdaNet: Probabilistic Type Inference using Graph Neural Networks,W2995502120; W3021813414,2020,12
lazy binary splitting,2,Lazy binary-splitting,W2127523684; W3119775030,2010,12
leap,2,LEAP,W2080869721; W4234356145,2010,12
learning a static analyzer from data,2,Learning a Static Analyzer from Data,W2552878490; W2949785274,"2016, 2017",12
linearizability with ownership transfer,2,Linearizability with Ownership Transfer,W2034535157; W2169289247,"2012, 2013",12
logical reasoning for higher order functions with local state,2,Logical Reasoning for Higher-Order Functions with Local State,W1827297117; W2612400484,"2007, 2008",12
ltl to büchi automata translation fast and more deterministic,2,LTL to Büchi Automata Translation: Fast and More Deterministic,W1754034137; W2950094423,2012,12
memory safety without runtime checks or garbage collection,2,Memory safety without runtime checks or garbage collection,W2153463445; W4248542611,2003,12
minimization of symbolic automata,2,Minimization of symbolic automata,W2110117589; W3036883373,2014,12
mining software repair models for reasoning on the search space of automated program fixing,2,Mining software repair models for reasoning on the search space of automated program fixing,W2168156367; W3123680370,2013,12
mitosis compiler,2,Mitosis compiler,W2155410188; W4253095404,2005,12
mixin based inheritance,2,Mixin-based inheritance,W2115680394; W2999050649,1990,12
modal effect types,2,Modal Effect Types,W4401669034; W4409311646,"2024, 2025",12
modal logic,2,Modal logic,W2610670723; W4211144022,2001,12
model checking and abstraction,2,Model checking and abstraction,W2080593426; W2114092850,"1992, 1994",12
model driven autotuning of sparse matrix vector multiply on gpus,2,Model-driven autotuning of sparse matrix-vector multiply on GPUs,W2128539477; W4243261006,2010,12
modular and automated type soundness verification for language extensions,2,Modular and automated type-soundness verification for language extensions,W2080863863; W3009232686,2013,12
multi stage programming with functors and monads eliminating abstraction overhead from generic code,2,Multi-stage programming with functors and monads: Eliminating abstraction overhead from generic code,W2020217406; W2081276788,"2005, 2008",12
multijava,2,MultiJava,W2055970549; W2098884586,"2000, 2006",12
multirace efficient on the fly data race detection in multithreaded c programs,2,MultiRace: efficient on‐the‐fly data race detection in multithreaded C++ programs,W2141975313; W3004104485,"2006, 2007",12
natural language processing almost from scratch,2,Natural Language Processing (almost) from Scratch,W2158899491; W2952230511,2011,12
neural acceleration for general purpose approximate programs,2,Neural acceleration for general-purpose approximate programs,W2105035536; W2187230075,"2012, 2014",12
new tiling techniques to improve cache temporal locality,2,New tiling techniques to improve cache temporal locality,W1968347730; W2999265844,1999,12
normalisation by evaluation for type theory in type theory,2,"Normalisation by Evaluation for Type Theory, in Type Theory",W2562368761; W3101264733,"2016, 2017",12
on flow sensitive security types,2,On flow-sensitive security types,W2149465027; W3082507454,2006,12
on multiphase linear ranking functions,2,On Multiphase-Linear Ranking Functions,W2605065382; W2950827680,2017,12
on the design implementation and use of laziness in r,2,"On the design, implementation, and use of laziness in R",W2974426374; W3121990932,2019,12
on the power of magic,2,On the power of magic,W1978108034; W2070553391,"1987, 1991",12
optimizing sparse tensor times matrix on multi core and many core architectures,2,Optimizing sparse tensor times matrix on multi-core and many-core architectures,W2560878429; W4241741271,2016,12
pam,2,PAM,W2562123954; W4255356349,2018,12
parallelizing complex scans and reductions,2,Parallelizing complex scans and reductions,W2021235324; W4233587516,1994,12
parameterized algebraic protocols,2,Parameterized Algebraic Protocols,W4363676382; W6967129319,2023,12
parametricity in an impredicative sort,2,Parametricity in an Impredicative Sort,W1574134665; W2951295411,2012,12
partial coherence abstractions for relaxed memory models,2,Partial-coherence abstractions for relaxed memory models,W1981959925; W4248790694,2011,12
practical concurrent binary search trees via logical ordering,2,Practical concurrent binary search trees via logical ordering,W2096181137; W3088536720,2014,12
precise analysis of string expressions,2,Precise analysis of string expressions,W1809751277; W4232808412,2003,12
precise calling context encoding,2,Precise Calling Context Encoding,W2136269217; W2140147547,"2010, 2011",12
probabilistic robotics,2,Probabilistic robotics,W2336416123; W4388475847,"2002, 2009",12
production run software failure diagnosis via hardware performance counters,2,Production-run software failure diagnosis via hardware performance counters,W2102967730; W3090784367,2013,12
profile guided static typing for dynamic scripting languages,2,Profile-guided static typing for dynamic scripting languages,W2122592814; W4249990212,2009,12
program analysis is harder than verification a computability perspective,2,Program Analysis Is Harder Than Verification: A Computability Perspective,W2883500998; W2886431776,2018,12
program synthesis and semantic parsing with learned code idioms,2,Program Synthesis and Semantic Parsing with Learned Code Idioms,W2955270045; W2971291256,2019,12
proofs of randomized algorithms in coq,2,Proofs of randomized algorithms in Coq,W2154231274; W2174515752,"2006, 2009",12
quantitative analysis of consistency in nosql key value stores,2,Quantitative Analysis of Consistency in NoSQL Key-Value Stores,W2175270166; W2604995237,"2015, 2017",12
quoted staged rewriting a practical approach to library defined optimizations,2,Quoted staged rewriting: a practical approach to library-defined optimizations,W2754883653; W4233720472,2017,12
ratrace simple and efficient abstractions for bvh ray traversal algorithms,2,RaTrace: simple and efficient abstractions for BVH ray traversal algorithms,W2761057027; W4237985935,2017,12
representing control in the presence of first class continuations,2,Representing control in the presence of first-class continuations,W2114922959; W4241716134,1990,12
resugaring,2,Resugaring,W2044999110; W4237712875,2014,12
rrb vector a practical general purpose immutable sequence,2,RRB vector: a practical general purpose immutable sequence,W2036610497; W3015694766,2015,12
run time scheduling and execution of loops on message passing machines,2,Run-time scheduling and execution of loops on message passing machines,W2085809150; W3005804764,1990,12
rx,2,Rx,W2110137598; W4251521742,2005,12
safe optimisations for shared memory concurrent programs,2,Safe optimisations for shared-memory concurrent programs,W1990191223; W4246957455,2011,12
safecode,2,SAFECode,W1994759706; W4251201460,2006,12
scalable error detection using boolean satisfiability,2,Scalable error detection using boolean satisfiability,W1966982815; W3000428991,2005,12
scalable high performance main memory system using phase change memory technology,2,Scalable high performance main memory system using phase-change memory technology,W2048588974; W4234346842,2009,12
scalpel,2,Scalpel,W2657126969; W4244330903,2017,12
selective specialization for object oriented languages,2,Selective specialization for object-oriented languages,W1971014792; W3005193075,1995,12
self certification,2,Self-certification,W2054873703; W4243294044,2012,12
semantic directed clumping of disjunctive abstract states,2,Semantic-directed clumping of disjunctive abstract states,W2567537733; W3030087658,"2016, 2017",12
semantic subtyping with an smt solver,2,Semantic subtyping with an SMT solver,W2097959001; W2106142143,"2010, 2012",12
semantics and algorithms for data dependent grammars,2,Semantics and algorithms for data-dependent grammars,W1964494435; W3006987039,2010,12
semantics of higher order quantum computation via geometry of interaction,2,Semantics of Higher-Order Quantum Computation via Geometry of Interaction,W2124146342; W2533990420,"2011, 2016",12
session typed concurrent contracts,2,Session-Typed Concurrent Contracts,W2797310167; W3208692159,"2018, 2021",12
session typing and asynchronous subtyping for the higher order π calculus,2,Session typing and asynchronous subtyping for the higher-order π-calculus,W2116362715; W3096922425,2015,12
silverchain a fluent api generator,2,Silverchain: a fluent API generator,W2762430574; W4234065310,2017,12
simple accurate analytical time modeling and optimal tile size selection for gpgpu stencils,2,"Simple, Accurate, Analytical Time Modeling and Optimal Tile Size Selection for GPGPU Stencils",W2579915854; W3009247700,2017,12
simulation of quantum circuits by low rank stabilizer decompositions,2,Simulation of quantum circuits by low-rank stabilizer decompositions,W2885845431; W3106326670,2019,12
software for exact integration of polynomials over polyhedra,2,Software for exact integration of polynomials over polyhedra,W2014894062; W2571112599,2012,12
solving sequential conditions by finite state strategies,2,Solving Sequential Conditions by Finite-State Strategies,W2125267391; W4212901716,"1969, 1990",12
sound type dependent syntactic language extension,2,Sound type-dependent syntactic language extension,W2296064069; W3173633309,2016,12
space efficient closure representations,2,Space-efficient closure representations,W2057065238; W4251784901,1994,12
spore combining symmetry and partial order reduction,2,SPORE: Combining Symmetry and Partial Order Reduction,W4399850860; W6948803068,2024,12
static detection of asymptotic performance bugs in collection traversals,2,Static detection of asymptotic performance bugs in collection traversals,W2114054012; W3005620216,2015,12
steno,2,Steno,W1980590442; W4253004448,2011,12
structured neural summarization,2,Structured Neural Summarization,W2898734514; W2963015915,2018,12
synthesizing axiomatizations using logic learning,2,Synthesizing axiomatizations using logic learning,W4307731837; W6950186104,2022,12
synthesizing iterators from abstraction functions,2,Synthesizing iterators from abstraction functions,W2155780123; W2243433439,2012,12
synthesizing parallel graph programs via automated planning,2,Synthesizing parallel graph programs via automated planning,W1988144253; W3009426093,2015,12
synthesizing racy tests,2,Synthesizing racy tests,W2005335403; W4237706618,2015,12
systematic editing,2,Systematic editing,W2101723202; W4230190751,2011,12
tackling the qubit mapping problem for nisq era quantum devices,2,Tackling the Qubit Mapping Problem for NISQ-Era Quantum Devices,W2889938786; W2951000429,"2018, 2019",12
the architecture of the eden system,2,The architecture of the Eden system,W1977097393; W4237100034,1981,12
the compressor,2,The Compressor,W2156225894; W4255234786,2006,12
the csi framework for compiler inserted program instrumentation,2,The CSI Framework for Compiler-Inserted Program Instrumentation,W2780922723; W4246328121,"2017, 2018",12
the essence of compiling with traces,2,The essence of compiling with traces,W2009927426; W4240196928,2011,12
the interaction of contracts and laziness,2,The interaction of contracts and laziness,W1996450703; W2085595534,2012,12
the jastadd extensible java compiler,2,The jastadd extensible java compiler,W2070821087; W3001351914,2007,12
the yin and yang of power and performance for asymmetric hardware and managed software,2,The yin and yang of power and performance for asymmetric hardware and managed software,W2095995766; W3146780642,2012,12
timed runtime monitoring for multiparty conversations,2,Timed runtime monitoring for multiparty conversations,W1989371806; W2762008287,"2014, 2017",12
toward general diagnosis of static errors,2,Toward general diagnosis of static errors,W2045041259; W4232898148,2014,12
tracking load time configuration options,2,Tracking load-time configuration options,W2073869982; W2760679152,"2014, 2017",12
trading t gates for dirty qubits in state preparation and unitary synthesis,2,Trading T gates for dirty qubits in state preparation and unitary synthesis,W2902431979; W4289147395,"2018, 2024",12
transactions in relaxed memory architectures,2,Transactions in relaxed memory architectures,W2779780123; W2898628115,"2017, 2018",12
transforming spreadsheet data types using examples,2,Transforming spreadsheet data types using examples,W2293101314; W3086152181,2016,12
transporting functions across ornaments,2,Transporting functions across ornaments,W2055372384; W2109775380,"2012, 2014",12
type based race detection for java,2,Type-based race detection for Java,W2109875364; W4241124529,2000,12
typed compilation of recursive datatypes,2,Typed compilation of recursive datatypes,W2140339738; W4247125286,2003,12
typedevil dynamic type inconsistency analysis for javascript,2,TypeDevil: dynamic type inconsistency analysis for JavaScript,W2038461625; W4240995061,2015,12
typestate like analysis of multiple interacting objects,2,Typestate-like analysis of multiple interacting objects,W2156881251; W4234858006,2008,12
unifiers as equivalences proof relevant unification of dependently typed data,2,Unifiers as equivalences: proof-relevant unification of dependently typed data,W2513071761; W3005677913,2016,12
using likely invariants for automated software fault localization,2,Using likely invariants for automated software fault localization,W2121204404; W4250380851,2013,12
validation of modern json schema formalization and complexity,2,Validation of Modern JSON Schema: Formalization and Complexity,W4384919756; W6948915137,2023,12
vbr version based reclamation,2,VBR: Version Based Reclamation,W3174400449; W3186822456,2021,12
verification and change impact analysis of access control policies,2,Verification and change-impact analysis of access-control policies,W2146356111; W4247999361,2005,12
verified causal broadcast with liquid haskell,2,Verified Causal Broadcast with Liquid Haskell,W4283765018; W4327630827,2022,12
verified validation of lazy code motion,2,Verified validation of lazy code motion,W2042220347; W3046391418,2009,12
verifying relative safety accuracy and termination for program approximations,2,"Verifying Relative Safety, Accuracy, and Termination for Program Approximations",W2467947344; W2738309652,"2016, 2017",12
virtual classes a powerful mechanism in object oriented programming,2,Virtual Classes - a powerful mechanism in object-oriented programming,W1926831376; W2056821525,1989,12
voc a methodology for the translation validation of optimizingcompilers,2,VOC: A Methodology for the Translation Validation of OptimizingCompilers,W2098293014; W4292002172,"2003, 2020",12
what is decidable about gradual types,2,What is decidable about gradual types?,W2996400815; W4230238662,2019,12
when less is more consequence finding in a weak theory of arithmetic,2,When Less Is More: Consequence-Finding in a Weak Theory of Arithmetic,W4308670145; W4315630873,"2022, 2023",12
a relational model of data for large shared data banks,2,A relational model of data for large shared data banks,W2165467455; W2185907055,"1970, 1983",11
abstract interpretation of programs as markov decision processes,2,Abstract interpretation of programs as Markov decision processes,W3030098241; W4233556240,2005,11
automatic software repair,2,Automatic software repair,W2807730630; W4288614128,2018,11
better defunctionalization through lambda set specialization,2,Better Defunctionalization through Lambda Set Specialization,W4379512394; W6894208021,2023,11
constructive mathematics and computer programming,2,Constructive mathematics and computer programming,W2106718208; W2124798629,"1982, 1984",11
dependent types from counterexamples,2,Dependent types from counterexamples,W1973094460; W3028156246,2010,11
eventually consistent,2,Eventually consistent,W2341655714; W3083050090,2008,11
fundamentals of session types,2,Fundamentals of Session Types,W1651415197; W2080718905,"2009, 2012",11
generic programming with dependent types,2,Generic Programming with Dependent Types,W1614164110; W44613125,"2007, 2012",11
higher order demand driven program analysis,2,Higher-Order Demand-Driven Program Analysis,W2559098921; W2954535803,"2016, 2019",11
higher order linearisability,2,Higher-Order Linearisability,W2544417439; W3022736191,2017,11
islands,2,Islands,W2049984112; W4234055316,1991,11
on hoare logic and kleene algebra with tests,2,On Hoare logic and Kleene algebra with tests,W2010626618; W2109517606,"2000, 2003",11
probability with martingales,2,Probability with martingales,W1602844557; W4230058301,"1991, 1992",11
provably good scheduling for parallel programs that use data structures through implicit batching,2,Provably good scheduling for parallel programs that use data structures through implicit batching,W2060675879; W2106984698,2014,11
real world ocaml functional programming for the masses,2,Real World OCaml: Functional Programming for the Masses,W4296694382; W7005497641,"2014, 2022",11
spl,2,SPL,W2072277531; W2591953675,"2001, 2017",11
tutorial on static inference of numeric invariants by abstract interpretation,2,Tutorial on Static Inference of Numeric Invariants by Abstract Interpretation,W2771629016; W4300171176,2017,11
universal coalgebra a theory of systems,2,Universal coalgebra: a theory of systems,W2088189323; W2613512071,"1996, 2000",11
a core model for choreographic programming,2,A core model for choreographic programming,W2962520317; W3037922846,"2017, 2019",10
a hierarchical model of data locality,2,A hierarchical model of data locality,W1975229999; W3215956281,2006,10
a linear logical framework,2,A linear logical framework,W2107905351; W3181070739,2002,10
a new notation for arrows,2,A new notation for arrows,W2116435685; W3030938094,2001,10
a parameterized type system for race free java programs,2,A parameterized type system for race-free Java programs,W2103957752; W3001459306,2001,10
a simple verified validator for software pipelining,2,"A simple, verified validator for software pipelining",W1988233180; W3132682100,2010,10
a type theoretic foundation for programming with higher order abstract syntax and first class substitutions,2,A type-theoretic foundation for programming with higher-order abstract syntax and first-class substitutions,W2039769798; W3120062901,2008,10
a verified compiler for an impure functional language,2,A verified compiler for an impure functional language,W2091345373; W3175944920,2010,10
actors a model of concurrent computation in distributed systems,2,Actors: A Model of Concurrent Computation in Distributed Systems,W2072794470; W313326426,"1986, 1988",10
an adaptive performance modeling tool for gpu architectures,2,An adaptive performance modeling tool for GPU architectures,W2113282196; W4250047567,2010,10
an analysis of x86 64 inline assembly in c programs,2,An Analysis of x86-64 Inline Assembly in C Programs,W2792743585; W3005663811,2018,10
an effective fusion and tile size model for optimizing image processing pipelines,2,An effective fusion and tile size model for optimizing image processing pipelines,W2788111881; W3005576069,2018,10
analyzing memory accesses in x86 executables,2,Analyzing Memory Accesses in x86 Executables,W1582456956; W4232757557,"2004, 2006",10
architecture adaptive code variant tuning,2,Architecture-Adaptive Code Variant Tuning,W2329047703; W4249999659,2016,10
artifact for paper submission checking δ satisfiability of reals with integrals,2,"Artifact for Paper Submission ""Checking 𝛿-Satisfiability of Reals with Integrals""",W6930755843; W6968473593,2025,10
artifact for qblaze an efficient and scalable sparse quantum simulator,2,"Artifact for ""qblaze: An Efficient and Scalable Sparse Quantum Simulator""",W7077158189; W7077164894,2025,10
auto encoding variational bayes,2,Auto-Encoding Variational Bayes,W1959608418; W4391602018,"2013, 2024",10
automatic generation of peephole optimizations,2,Automatic generation of peephole optimizations,W1996892501; W4233013357,"1984, 2004",10
automating deductive verification for weak memory programs,2,Automating Deductive Verification for Weak-Memory Programs,W2605169925; W2951416506,"2017, 2018",10
back to the future,2,Back to the future,W1979619055; W4254561751,2008,10
bayesian learning of sum product networks,2,Bayesian Learning of Sum-Product Networks,W2945431146; W2970804616,2019,10
behavioral similarity matching using concrete source code templates in logic queries,2,Behavioral similarity matching using concrete source code templates in logic queries,W1990727091; W3127747493,2007,10
borel structures for function spaces,2,Borel structures for function spaces,W1014828772; W1532374486,"1961, 1971",10
call by push value a subsuming paradigm,2,Call-by-Push-Value: A Subsuming Paradigm,W1545449210; W4229498389,"1999, 2003",10
capriccio,2,Capriccio,W2167756215; W4252120627,2003,10
chianti,2,Chianti,W2038899190; W4249233413,2004,10
collapsing towers of interpreters,2,Collapsing towers of interpreters,W2777619085; W2898762873,"2017, 2018",10
combining programming with theorem proving,2,Combining programming with theorem proving,W2134801812; W3029425656,2005,10
componential set based analysis,2,Componential set-based analysis,W2034379323; W2999264287,"1997, 1999",10
compositional solution space quantification for probabilistic software analysis,2,Compositional solution space quantification for probabilistic software analysis,W2109892325; W4252889632,2014,10
conditional must not aliasing for static race detection,2,Conditional must not aliasing for static race detection,W2096475201; W4229635525,2007,10
consistency in non transactional distributed storage systems,2,Consistency in Non-Transactional Distributed Storage Systems,W2186001977; W2952983874,"2015, 2016",10
continuations and transducer composition,2,Continuations and transducer composition,W2130267274; W4235724843,2006,10
correcting sample selection bias by unlabeled data,2,Correcting Sample Selection Bias by Unlabeled Data,W2112483442; W2811380766,2007,10
creating and preserving locality of java applications at allocation and garbage collection times,2,Creating and preserving locality of java applications at allocation and garbage collection times,W2000931227; W4243903895,2002,10
darwinian data structure selection,2,Darwinian data structure selection,W2624813485; W3100025638,2018,10
deciding i k i cfa is complete for exptime,2,Deciding <i>k</i> CFA is complete for EXPTIME,W1973120448; W2953089209,2008,10
decision trees for entity identification,2,Decision trees for entity identification,W1983231745; W2154838933,"2007, 2011",10
declaring and checking non null types in an object oriented language,2,Declaring and checking non-null types in an object-oriented language,W2125044336; W4253701986,2003,10
demand driven software race detection using hardware performance counters,2,Demand-driven software race detection using hardware performance counters,W2128717053; W4248238279,2011,10
dependent partitioning,2,Dependent partitioning,W2536203406; W4231715478,2016,10
dissection of a bug dataset anatomy of 395 patches from defects4j,2,Dissection of a bug dataset: Anatomy of 395 patches from Defects4J,W2784445699; W3103458892,2018,10
domain theory,2,Domain theory,W2914212232; W4388298908,1995,10
dryad,2,Dryad,W2100830825; W4239429564,2007,10
dynamic and adaptive calling context encoding,2,Dynamic and Adaptive Calling Context Encoding,W2057718941; W4211069212,2014,10
dynamic multirole session types,2,Dynamic multirole session types,W2075426808; W4240807674,2011,10
dynamic race detection for c 11,2,Dynamic race detection for C++11,W2556205142; W4243984190,"2016, 2017",10
dynamics in ml,2,Dynamics in ML,W1535296962; W2117552698,"1991, 1993",10
efficient building and placing of gating functions,2,Efficient building and placing of gating functions,W2101430044; W3003065932,1995,10
exploiting superword level parallelism with multimedia instruction sets,2,Exploiting superword level parallelism with multimedia instruction sets,W2111394443; W3016220765,2000,10
extracting queries by static analysis of transparent persistence,2,Extracting queries by static analysis of transparent persistence,W2153876009; W4247541922,2007,10
first class runtime generation of high performance types using exotypes,2,First-class runtime generation of high-performance types using exotypes,W2137406503; W3013026118,2014,10
first three years of the international verification of neural networks competition vnn comp,2,First Three Years of the International Verification of Neural Networks Competition (VNN-COMP),W4317437650; W4381571085,2023,10
fix the code don t tweak the hardware,2,Fix the code. Don't tweak the hardware,W2167850096; W4238437267,2014,10
foundations of databases,2,Foundations of databases,W1558832481; W2502658919,"1988, 1994",10
from polyvariant flow information to intersection and union types,2,From polyvariant flow information to intersection and union types,W2053118768; W2136290535,"1998, 2001",10
fully automated shape analysis based on forest automata,2,Fully Automated Shape Analysis Based on Forest Automata,W1560366856; W2952803676,2013,10
fundamental approaches to software engineering,2,Fundamental Approaches to Software Engineering,W2592303583; W4365413535,"1999, 2016",10
game themed programming assignments,2,Game-themed programming assignments,W1978429093; W2999207321,2008,10
gnnexplainer generating explanations for graph neural networks,2,GNNExplainer: Generating Explanations for Graph Neural Networks.,W2970119293; W2972317931,2019,10
graph logics with rational relations,2,Graph Logics with Rational Relations,W2169092431; W2613188923,"2013, 2017",10
graphical models exponential families and variational inference,2,"Graphical Models, Exponential Families, and Variational Inference",W2120340025; W4293052541,"2007, 2008",10
hamiltonian simulation by qubitization,2,Hamiltonian Simulation by Qubitization,W2535738892; W3101824094,2019,10
hoare style reasoning with algebraic continuations,2,Hoare-style reasoning with (algebraic) continuations,W1970338420; W4247598266,2013,10
how to integrate a polynomial over a simplex,2,How to integrate a polynomial over a simplex,W2039934364; W3104134886,"2008, 2010",10
hydra,2,HYDRA,W2140508184; W2604623598,"1974, 2017",10
implan scalable incremental motion planning for multi robot systems,2,Implan: scalable incremental motion planning for multi-robot systems,W2408209020; W4246623799,2016,10
improved type specialization for dynamic scripting languages,2,Improved type specialization for dynamic scripting languages,W2168176277; W4250256259,2013,10
improving the performance of trace based systems by false loop filtering,2,Improving the performance of trace-based systems by false loop filtering,W2133240977; W4253537088,2011,10
inductive synthesis of functional programs an explanation based generalization approach,2,Inductive Synthesis of Functional Programs: An Explanation Based Generalization Approach,W2144936864; W3006444925,2006,10
interprocedural analysis of asynchronous programs,2,Interprocedural analysis of asynchronous programs,W2119006541; W2184209356,2007,10
kitsune,2,Kitsune,W2027296616; W2049659774,"2012, 2014",10
learning to represent edits,2,Learning to Represent Edits,W2898951026; W2963965612,2018,10
less training more repairing please revisiting automated program repair via zero shot learning,2,"Less Training, More Repairing Please: Revisiting Automated Program Repair via Zero-shot Learning",W4286233445; W4308643319,2022,10
lightweight fusion by fixed point promotion,2,Lightweight fusion by fixed point promotion,W2105931791; W4234009710,2007,10
lightweight recoverable virtual memory,2,Lightweight recoverable virtual memory,W2155323584; W4231885549,"1993, 1994",10
linear dependent types in a call by value scenario,2,Linear dependent types in a call-by-value scenario,W1993439083; W2077613266,"2012, 2013",10
linear types and non size increasing polynomial time computation,2,Linear types and non-size-increasing polynomial time computation,W2010059824; W2170698790,2003,10
lms verify abstraction without regret for verified systems programming,2,LMS-Verify: abstraction without regret for verified systems programming,W2562397426; W4229964639,"2016, 2017",10
making a fast curry,2,Making a fast curry,W2123307082; W4248456324,2004,10
measuring catastrophic forgetting in neural networks,2,Measuring Catastrophic Forgetting in Neural Networks,W2743151379; W2963560049,"2017, 2018",10
memory management with explicit regions,2,Memory management with explicit regions,W2163365446; W3033281991,1998,10
milp modeling for large s boxes to optimize probability of differential characteristics,2,MILP Modeling for (Large) S-boxes to Optimize Probability of Differential Characteristics,W2782859210; W4242766192,2017,10
modular and verified automatic program repair,2,Modular and verified automatic program repair,W2104220745; W3023843306,2012,10
monitoring networks through multiparty session types,2,Monitoring Networks through Multiparty Session Types,W2995356440; W59370666,"2013, 2017",10
mop,2,Mop,W2150593762; W4230726766,2007,10
mpi runtime error detection with must advances in deadlock detection,2,MPI Runtime Error Detection with MUST: Advances in Deadlock Detection,W1990128020; W4253460352,2012,10
natural adversarial examples,2,Natural Adversarial Examples,W2961301154; W3177096435,"2019, 2021",10
object oriented software construction,2,Object-Oriented Software Construction,W2161825580; W221670187,"1988, 1989",10
on series parallel pomset languages rationality context freeness and automata,2,"On series-parallel pomset languages: Rationality, context-freeness and automata",W2903712233; W3098007364,"2018, 2019",10
operating system concepts,2,Operating System Concepts,W2751601659; W3152703111,"1983, 1991",10
operational semantics using the partiality monad,2,Operational semantics using the partiality monad,W2086201554; W4244496441,2012,10
optimizing direct threaded code by selective inlining,2,Optimizing direct threaded code by selective inlining,W2002325351; W3003972248,1998,10
orthogonally persistent object systems,2,Orthogonally persistent object systems,W2033904757; W3005941131,1995,10
policy mechanism separation in hydra,2,Policy/mechanism separation in Hydra,W2036790532; W4242574860,1975,10
pr miner,2,PR-Miner,W2054520963; W4239312229,2005,10
practical memory checking with dr memory,2,Practical Memory Checking with Dr. Memory,W2170922286; W4210676563,"2011, 2012",10
precise and efficient static array bound checking for large embedded c programs,2,Precise and efficient static array bound checking for large embedded C programs,W2009288822; W3048901311,2004,10
probabilistic call by push value,2,Probabilistic call by push value,W2512575065; W2963128769,"2016, 2019",10
procedural modeling of buildings,2,Procedural modeling of buildings,W2117088012; W4230564045,2006,10
program extrapolation with jennisys,2,Program extrapolation with jennisys,W2128953477; W4255158238,2012,10
promises linguistic support for efficient asynchronous procedure calls in distributed systems,2,Promises: linguistic support for efficient asynchronous procedure calls in distributed systems,W2021838450; W4251292774,1988,10
protection in programming language translations,2,Protection in Programming-Language Translations,W2127625071; W3022452059,"1998, 1999",10
pushdown flow analysis of first class control,2,Pushdown flow analysis of first-class control,W2133263836; W4243661015,2011,10
quantifying the performance of garbage collection vs explicit memory management,2,Quantifying the performance of garbage collection vs. explicit memory management,W2104098106; W4235452221,2005,10
randomized search trees,2,Randomized search trees,W1989218322; W2099844038,"1989, 1996",10
reasoning about nondeterminism in programs,2,Reasoning about nondeterminism in programs,W1964528821; W4234667719,2013,10
regular property guided dynamic symbolic execution,2,Regular property guided dynamic symbolic execution,W2071589768; W4246117430,2015,10
reinforcement learning an introduction,2,Reinforcement Learning: An Introduction,W2121863487; W4214717370,"1998, 2005",10
relaxed linear references for lock free data structures,2,Relaxed Linear References for Lock-free Data Structures,W2733903953; W6966998667,2017,10
safe couplings coupled refinement types,2,Safe Couplings: Coupled Refinement Types,W4283457769; W4293812913,2022,10
scalable linear algebra on a relational database system,2,Scalable Linear Algebra on a Relational Database System,W2614179415; W2889897289,"2017, 2018",10
shader algebra,2,Shader algebra,W2296015560; W4241441081,2004,10
simplifying reductions,2,Simplifying reductions,W2296463846; W4238463124,2006,10
simulation and the monte carlo method,2,Simulation and the Monte Carlo Method,W2147632348; W2797175432,"1983, 2016",10
software change impact analysis,2,Software Change Impact Analysis,W1548254758; W216692372,"1996, 2015",10
software model checking as cyclic proof search,2,Software Model-Checking as Cyclic-Proof Search,W3212954055; W4206247075,"2021, 2022",10
sparse tensor transpositions,2,Sparse Tensor Transpositions,W3028129830; W3098408187,2020,10
specgen automated generation of formal program specifications via large language models,2,SpecGen: Automated Generation of Formal Program Specifications via Large Language Models,W4391012954; W4411552046,"2024, 2025",10
specification guided component based synthesis from effectful libraries,2,Specification-Guided Component-Based Synthesis from Effectful Libraries,W4297675700; W4307884541,2022,10
stateful manifest contracts,2,Stateful manifest contracts,W2567080712; W3041252015,"2016, 2017",10
static conflict analysis for multi threaded object oriented programs,2,Static conflict analysis for multi-threaded object-oriented programs,W2102731275; W4247660350,2003,10
static determination of dynamic properties of generalized type unions,2,Static determination of dynamic properties of generalized type unions,W3004657049; W4251718220,1977,10
strategies for product line verification case studies and experiments,2,Strategies for product-line verification: case studies and experiments,W2069920427; W4252984174,2013,10
structure discovery in nonparametric regression through compositional kernel search,2,Structure Discovery in Nonparametric Regression through Compositional Kernel Search,W2142959074; W2951308445,2013,10
structured generative models of natural source code,2,Structured Generative Models of Natural Source Code,W1551431154; W2962725091,2014,10
subtyping dependent types,2,Subtyping dependent types,W1527062704; W1966663897,"2001, 2002",10
swapper a framework for automatic generation of formula simplifiers based on conditional rewrite rules,2,Swapper: a framework for automatic generation of formula simplifiers based on conditional rewrite rules,W2602442897; W4243435342,2016,10
syntax and semantics of dependent types,2,Syntax and semantics of dependent types,W1533094521; W3167950194,1997,10
synthesizing programs for images using reinforced adversarial learning,2,Synthesizing Programs for Images using Reinforced Adversarial Learning,W2795456585; W2963642948,2018,10
term rewriting and all that,2,Term Rewriting and All That,W1583295953; W2082283048,"1998, 2000",10
the implicit calculus,2,The implicit calculus,W2139141719; W3118228945,2012,10
the t complexity costs of error correction for control flow in quantum computation,2,The T-Complexity Costs of Error Correction for Control Flow in Quantum Computation,W4399851253; W6929931295,2024,10
the xzzx surface code,2,The XZZX surface code,W3085306040; W3155795538,2021,10
think like a vertex behave like a function a functional dsl for vertex centric big graph processing,2,"Think like a vertex, behave like a function! a functional DSL for vertex-centric big graph processing",W2516913757; W3012455538,2016,10
torchsparse efficient point cloud inference engine,2,TorchSparse: Efficient Point Cloud Inference Engine,W4220701587; W4224319921,2022,10
towards a taxonomy of software change,2,Towards a taxonomy of software change,W2148554434; W3015180898,2005,10
tractable constraints in finite semilattices,2,Tractable constraints in finite semilattices,W1603787713; W2005978190,"1996, 1999",10
type based analysis of uncaught exceptions,2,Type-based analysis of uncaught exceptions,W2072162091; W2104656753,"1999, 2000",10
type theory in color,2,Type-theory in color,W2013149027; W3211062941,2013,10
types for proofs and programs,2,Types for Proofs and Programs,W2796961297; W4300050167,"2002, 2006",10
using generational garbage collection to implement cache conscious data placement,2,Using generational garbage collection to implement cache-conscious data placement,W2117703621; W4232200131,1998,10
verification of parameterized concurrent programs by modular reasoning about data and control,2,Verification of parameterized concurrent programs by modular reasoning about data and control,W2096199323; W4243742593,2012,10
web information extraction using markov logic networks,2,Web information extraction using markov logic networks,W2070090726; W2137216273,2011,10
what can the gc compute efficiently,2,What can the GC compute efficiently?,W2145751310; W2996996436,2010,10
what can we learn privately,2,What Can We Learn Privately?,W2097272254; W2245160765,"2008, 2011",10
a decision method for elementary algebra and geometry,2,A Decision Method for Elementary Algebra and Geometry,W1553142094; W4298290503,"1951, 1998",9
a derivative based parser generator for visibly pushdown grammars,2,A Derivative-based Parser Generator for Visibly Pushdown Grammars,W3196963236; W3206648851,2021,9
a formalization of typed lua,2,A formalization of typed lua,W2029722734; W4234662752,2015,9
a logical product approach to zonotope intersection,2,A Logical Product Approach to Zonotope Intersection,W1492125336; W3105930569,2010,9
a mathematical theory of communication,2,A Mathematical Theory of Communication,W1995875735; W2041404167,1948,9
a static analysis for quantifying information flow in a simple imperative language,2,A static analysis for quantifying information flow in a simple imperative language,W2147436337; W3039999392,2007,9
a survey on transfer learning,2,A Survey on Transfer Learning,W2165698076; W3096437212,"2009, 2020",9
a symbolic decision procedure for symbolic alternating finite automata,2,A Symbolic Decision Procedure for Symbolic Alternating Finite Automata,W2528110499; W2964023591,"2016, 2018",9
a systematic approach to static access control,2,A Systematic Approach to Static Access Control,W1479723338; W2002829132,"2001, 2005",9
age based garbage collection,2,Age-based garbage collection,W2068583978; W4250131244,1999,9
an explicit formula for the free exponential modality of linear logic,2,An Explicit Formula for the Free Exponential Modality of Linear Logic,W1560529447; W2606916197,"2009, 2017",9
an infinite needle in a finite haystack finding infinite counter models in deductive verification,2,An Infinite Needle in a Finite Haystack: Finding Infinite Counter-Models in Deductive Verification,W4387964126; W4390605341,"2023, 2024",9
automatic analytical modeling for the estimation of cache misses,2,Automatic Analytical Modeling for the Estimation of Cache Misses,W2022552750; W4237236552,"1999, 2003",9
billions and billions of constraints whitebox fuzz testing in production,2,Billions and billions of constraints: whitebox fuzz testing in production,W2000414759; W4240738830,2013,9
call by push value,2,Call-by-push-value,W4280581646; W49202426,"2003, 2022",9
call by value is dual to call by name,2,Call-by-value is dual to call-by-name,W2053198071; W3033845441,2003,9
categories with families unityped simply typed and dependently typed,2,"Categories with Families: Unityped, Simply Typed, and Dependently Typed",W2928401787; W3176769887,2021,9
chameleon,2,Chameleon,W2135275954; W2963106566,"2009, 2018",9
choral object oriented choreographic programming,2,Choral: Object-Oriented Choreographic Programming,W4287777133; W4388903845,"2020, 2023",9
classical lambda calculus in modern dress,2,Classical lambda calculus in modern dress,W2125224752; W3100695210,"2014, 2015",9
compilation of extended recursion in call by value functional languages,2,Compilation of extended recursion in call-by-value functional languages,W2000817748; W2128113696,"2003, 2009",9
computational higher dimensional type theory,2,Computational higher-dimensional type theory,W2562854264; W3030106953,"2016, 2017",9
consistent web site updating based on bidirectional transformation,2,Consistent Web site updating based on bidirectional transformation,W2145632680; W2537930585,"2008, 2009",9
continualization of probabilistic programs with correction,2,Continualization of Probabilistic Programs With Correction,W3016582770; W4240317929,"2020, 2021",9
contracts for domain specific languages in ruby,2,Contracts for domain-specific languages in Ruby,W1998709841; W4243993752,2014,9
custom data layout for memory parallelism,2,Custom data layout for memory parallelism,W2116316191; W4241787720,2004,9
deductive verification of smart contracts with dafny,2,Deductive Verification of Smart Contracts with Dafny,W4294768173; W4391954247,"2022, 2024",9
distance associativity for high performance energy efficient non uniform cache architectures,2,Distance associativity for high-performance energy-efficient non-uniform cache architectures,W2122764141; W4235489013,"2003, 2004",9
dynamic atomicity optimizing swift memory management,2,Dynamic atomicity: optimizing swift memory management,W2762233280; W3138411814,2017,9
efficient recursive subtyping,2,Efficient recursive subtyping,W2047170808; W2094516550,"1993, 1995",9
elaborating intersection and union types,2,Elaborating intersection and union types,W2092120865; W2951104382,"2012, 2014",9
elixir,2,Elixir,W2165461546; W4255918050,2012,9
embedding hindsight reasoning in separation logic,2,Embedding Hindsight Reasoning in Separation Logic,W4298051257; W4362707249,"2022, 2023",9
enforcing robust declassification,2,Enforcing robust declassification,W1957951093; W4230988461,2004,9
equality of opportunity in supervised learning,2,Equality of Opportunity in Supervised Learning,W2530395818; W2950538796,2016,9
exploiting coarse grained task data and pipeline parallelism in stream programs,2,"Exploiting coarse-grained task, data, and pipeline parallelism in stream programs",W2165100134; W4237758066,2006,9
exploiting purity for atomicity,2,Exploiting purity for atomicity,W2141607910; W4250016899,"2004, 2005",9
fine grained interoperability through mirrors and contracts,2,Fine-grained interoperability through mirrors and contracts,W2123357908; W4240775947,2005,9
formally verified samplers from probabilistic programs with loops and conditioning,2,Formally Verified Samplers from Probabilistic Programs with Loops and Conditioning,W4379512295; W6931482827,2023,9
fortifying macros,2,Fortifying macros,W2293197344; W2912956128,"2010, 2012",9
generational stack collection and profile driven pretenuring,2,Generational stack collection and profile-driven pretenuring,W2024713391; W3006378633,1998,9
hoopl,2,Hoopl,W2160947267; W4251805752,2010,9
human in the loop automatic program repair,2,Human-in-the-Loop Automatic Program Repair,W2996168601; W3048002659,"2020, 2023",9
identifying bug patterns in quantum programs,2,Identifying Bug Patterns in Quantum Programs,W3136163770; W3185543386,2021,9
in ide code generation from natural language promise and challenges,2,In-IDE Code Generation from Natural Language: Promise and Challenges,W3123221944; W4287367872,"2021, 2022",9
intentional software,2,Intentional software,W2295488285; W4255753396,2006,9
interactive disambiguation of meta programs with concrete object syntax,2,Interactive disambiguation of meta programs with concrete object syntax,W1492318810; W1872365633,"2010, 2011",9
interprocedural query extraction for transparent persistence,2,Interprocedural query extraction for transparent persistence,W2016943912; W4236835103,2008,9
isopredict dynamic predictive analysis for detecting unserializable behaviors in weakly isolated data store applications,2,IsoPredict: Dynamic Predictive Analysis for Detecting Unserializable Behaviors in Weakly Isolated Data Store Applications,W4394653559; W6911196071,2024,9
jtl,2,JTL,W1997104165; W4255945201,2006,9
law and order for typestate with borrowing,2,Law and Order for Typestate with Borrowing,W4402701950; W4403223073,2024,9
lazy task creation a technique for increasing the granularity of parallel programs,2,Lazy task creation: a technique for increasing the granularity of parallel programs,W2032404535; W2149663533,"1990, 1991",9
leveraging field data for impact analysis and regression testing,2,Leveraging field data for impact analysis and regression testing,W1965171928; W4250672041,2003,9
locality transformations for nested recursive iteration spaces,2,Locality Transformations for Nested Recursive Iteration Spaces,W2604754884; W4238596836,2017,9
maintaining database integrity with refinement types,2,Maintaining database integrity with refinement types,W180405853; W3137133090,2011,9
making pull based graph processing performant,2,Making pull-based graph processing performant,W2788981395; W3009399596,2018,9
mining association rules between sets of items in large databases,2,Mining association rules between sets of items in large databases,W2166559705; W2998574808,1993,9
modular reifiable matching a list of functors approach to two level types,2,Modular reifiable matching: a list-of-functors approach to two-level types,W2061383381; W3015340014,2015,9
multi types and reasonable space,2,Multi types and reasonable space,W4286231095; W4293812702,2022,9
multilayer feedforward networks are universal approximators,2,Multilayer feedforward networks are universal approximators,W2137983211; W3146803896,1989,9
multiparty session programming with global protocol combinators,2,Multiparty Session Programming with Global Protocol Combinators,W3082446307; W3109872936,2020,9
oil and water high performance garbage collection in java with mmtk,2,Oil and water? High performance garbage collection in Java with MMTk,W2152814480; W4241841924,2004,9
on a problem of formal logic,2,On a Problem of Formal Logic,W2095689360; W4242049669,"1930, 2009",9
on the completeness of bounded model checking for threshold based distributed algorithms reachability,2,On the Completeness of Bounded Model Checking for Threshold-Based Distributed Algorithms: Reachability,W200623142; W2292447407,"2014, 2016",9
optimization by simulated annealing,2,Optimization by Simulated Annealing,W2024060531; W2581275558,"1983, 1987",9
optimizing for reduced code space using genetic algorithms,2,Optimizing for reduced code space using genetic algorithms,W2005985523; W4231368563,1999,9
pi ware hardware description and verification in agda,2,Pi-Ware: Hardware Description and Verification in Agda,W2605220654; W2795150074,"2015, 2018",9
pivot tracing,2,Pivot tracing,W2049314312; W2902547091,"2015, 2017",9
points to analysis for java using annotated constraints,2,Points-to analysis for Java using annotated constraints,W2113238444; W3033849929,2001,9
practical lr error recovery,2,Practical LR error recovery,W2040011820; W4246190460,1979,9
precise and scalable static analysis of jquery using a regular expression domain,2,Precise and scalable static analysis of jQuery using a regular expression domain,W2537655783; W3015871104,2016,9
privacy integrated queries,2,Privacy integrated queries,W2012873258; W2096870293,"2009, 2010",9
probabilistic guarded commands mechanized in hol,2,Probabilistic Guarded Commands Mechanized in HOL,W2090121147; W2113081700,2005,9
probabilistic reasoning in intelligent systems networks of plausible inference,2,Probabilistic Reasoning in Intelligent Systems: Networks of Plausible Inference,W2159080219; W2798149936,"1988, 1991",9
quantitative monitoring of stl with edit distance,2,Quantitative Monitoring of STL with Edit Distance,W2521098037; W2795231670,"2016, 2018",9
quantum control machine the limits of control flow in quantum programming,2,Quantum Control Machine: The Limits of Control Flow in Quantum Programming,W4396240267; W6948703763,2024,9
race checking by context inference,2,Race checking by context inference,W2088139180; W4250366473,2004,9
reconciling manual and automatic refactoring,2,Reconciling manual and automatic refactoring,W2159682099; W3147782219,"2012, 2014",9
refactoring improving the design of existing code,2,Refactoring: Improving the Design of Existing Code,W2153887189; W2787379525,"2002, 2017",9
regular expressions with counting weak versus strong determinism,2,Regular Expressions with Counting: Weak versus Strong Determinism,W1559305750; W2041340246,"2009, 2012",9
relational program reasoning using compiler ir,2,Relational Program Reasoning Using Compiler IR,W2553283531; W2760670085,"2016, 2017",9
renaming detection,2,Renaming Detection,W2293413777; W4245356276,"2000, 2003",9
replication package for article,2,Replication Package for Article,W3033194525; W3033671188,2019,9
resistive computation,2,Resistive computation,W2005522813; W4251941195,2010,9
safe programmable speculative parallelism,2,Safe programmable speculative parallelism,W2141539412; W3023640095,2010,9
scalable omniscient debugging,2,Scalable omniscient debugging,W2002985857; W3006144473,2007,9
scope bounded pushdown languages,2,Scope-Bounded Pushdown Languages,W2541461689; W58916880,"2014, 2016",9
semantics of separation logic typing and higher order frame rules for algol like languages,2,Semantics of Separation-Logic Typing and Higher-order Frame Rules for Algol-like Languages,W2023925909; W3100079782,2006,9
shifting the stage,2,Shifting the stage,W2062813067; W2249290787,"2009, 2011",9
social processes and proofs of theorems and programs,2,Social processes and proofs of theorems and programs,W2005973420; W2012441061,"1977, 1979",9
some properties of predicate transformers,2,Some Properties of Predicate Transformers,W2117436651; W975921262,"1978, 1990",9
speq translation of sparse codes using equivalences,2,SpEQ: Translation of Sparse Codes using Equivalences,W4399851446; W6930108090,2024,9
structure and interpretation of computer programs,2,Structure and Interpretation of Computer Programs,W2089674328; W2154620002,"1985, 2008",9
symbolic quantum simulation with quasimodo,2,Symbolic Quantum Simulation with Quasimodo,W4320165485; W4384471393,2023,9
synthesis of fault tolerant distributed router configurations,2,Synthesis of Fault-Tolerant Distributed Router Configurations,W2796142261; W4250834178,2018,9
synthesis of first order dynamic programming algorithms,2,Synthesis of first-order dynamic programming algorithms,W2022490329; W2998751029,2011,9
system f omega with equirecursive types for datatype generic programming,2,System f-omega with equirecursive types for datatype-generic programming,W2293338131; W4244159195,2016,9
taming the wildcards,2,Taming the wildcards,W2087299606; W4245276232,2011,9
termination casts a flexible approach to termination with general recursion,2,Termination Casts: A Flexible Approach to Termination with General Recursion,W2952016465; W4241458200,"2010, 2018",9
the black box inside the glass box presenting computing concepts to novices,2,The black box inside the glass box: presenting computing concepts to novices,W2016839846; W4253339504,"1981, 1999",9
the click modular router,2,The click modular router,W2010365467; W2156874421,"1999, 2000",9
the concrete tetrahedron,2,The concrete tetrahedron,W2060388111; W4243410516,2011,9
the garbage collection handbook,2,The Garbage Collection Handbook,W4234825413; W4383561240,"2011, 2023",9
the missing link explaining elf static linking semantically,2,"The missing link: explaining ELF static linking, semantically",W2532041240; W4229923289,2016,9
the next 700 data description languages,2,The next 700 data description languages,W1985848114; W2096679454,"2006, 2010",9
the polytope collision problem,2,The Polytope-Collision Problem,W2553207160; W2963819821,"2016, 2017",9
theoretically efficient parallel graph algorithms can be fast and scalable,2,Theoretically Efficient Parallel Graph Algorithms Can Be Fast and Scalable,W2802440256; W3161374268,"2018, 2021",9
thinlto scalable and incremental lto,2,ThinLTO: scalable and incremental LTO,W2592618839; W4247444363,2017,9
train faster generalize better stability of stochastic gradient descent,2,"Train faster, generalize better: Stability of stochastic gradient descent",W1811750039; W2963794891,"2015, 2016",9
transactional memory with strong atomicity using off the shelf memory protection hardware,2,Transactional memory with strong atomicity using off-the-shelf memory protection hardware,W2103847662; W3155619820,2009,9
transparent dynamic instrumentation,2,Transparent dynamic instrumentation,W2133692747; W2996990589,2012,9
trees over infinite structures and path logics with synchronization,2,Trees over Infinite Structures and Path Logics with Synchronization,W1976437792; W3006415844,2011,9
type inference for record concatenation and multiple inheritance,2,Type inference for record concatenation and multiple inheritance,W2036378583; W2165928807,"1991, 2003",9
typing first class continuations in ml,2,Typing first-class continuations in ML,W2083697466; W2097230120,"1991, 1993",9
value dependent session design in a dependently typed language,2,Value-Dependent Session Design in a Dependently Typed Language,W2934277078; W3104800842,2019,9
verifiable properties of database transactions,2,Verifiable properties of database transactions,W2015897252; W2029670992,"1996, 1998",9
verified heap theorem prover by paramodulation,2,Verified heap theorem prover by paramodulation,W2170471756; W4232354397,2012,9
verifying constant time implementations by abstract interpretation,2,Verifying Constant-Time Implementations by Abstract Interpretation,W2745299473; W4237041209,"2017, 2018",9
watchdoglite,2,WatchdogLite,W2160725972; W4242383889,2014,9
a bisimulation for type abstraction and recursion,2,A bisimulation for type abstraction and recursion,W2085080904; W2122220040,"2005, 2007",8
a chase too far,2,A chase too far?,W2142317753; W4230287978,2000,8
a denotational semantics of inheritance and its correctness,2,A denotational semantics of inheritance and its correctness,W1987454317; W3161942825,1989,8
a first order logic with frames,2,A First-Order Logic with Frames,W3021453356; W4319734651,"2020, 2023",8
a framework for reducing the cost of instrumented code,2,A framework for reducing the cost of instrumented code,W2077324087; W3028027981,2001,8
a fully concurrent garbage collector for functional programs on multicore processors,2,A fully concurrent garbage collector for functional programs on multicore processors,W2511610649; W3010224878,2016,8
a pivoting algorithm for convex hulls and vertex enumeration of arrangements and polyhedra,2,A pivoting algorithm for convex hulls and vertex enumeration of arrangements and polyhedra,W1983281982; W4234356172,"1991, 1992",8
a practical wait free simulation for lock free data structures,2,A practical wait-free simulation for lock-free data structures,W2138654728; W3015963472,2014,8
a safe approximate algorithm for interprocedural aliasing,2,A safe approximate algorithm for interprocedural aliasing,W2050320220; W3004911069,1992,8
a scalable approach to thread level speculation,2,A scalable approach to thread-level speculation,W2106018697; W4250258274,2000,8
a simple inductive synthesis methodology and its applications,2,A simple inductive synthesis methodology and its applications,W2108784678; W3003191753,2010,8
a solver aided language for test input generation,2,A solver-aided language for test input generation,W2762387874; W3160805066,2017,8
abstracting abstract control,2,Abstracting abstract control,W2610242999; W2964225594,"2013, 2014",8
accurate efficient and adaptive calling context profiling,2,"Accurate, efficient, and adaptive calling context profiling",W2005795572; W4248649658,2006,8
algorithmic games for full ground references,2,Algorithmic games for full ground references,W2743782362; W63783938,"2012, 2017",8
an empirical evaluation of using large language models for automated unit test generation,2,An Empirical Evaluation of Using Large Language Models for Automated Unit Test Generation,W4320854935; W4389104713,2023,8
analogue quantum simulation with fixed frequency transmon qubits,2,Analogue Quantum Simulation with Fixed-Frequency Transmon Qubits,W4310514600; W4392047296,"2022, 2024",8
attribute grammar based language extensions for java,2,Attribute Grammar-based Language Extensions for Java,W1524613989; W4255614957,2007,8
automata languages and programming,2,"Automata, Languages, and Programming",W4315691002; W623577274,"2014, 2015",8
automated decomposition of build targets,2,Automated decomposition of build targets,W2078753252; W4248990690,2015,8
automated test case repair using language models,2,Automated Test Case Repair Using Language Models,W4390898074; W4407375771,"2024, 2025",8
automatic error elimination by horizontal code transfer across multiple applications,2,Automatic error elimination by horizontal code transfer across multiple applications,W1975455521; W3006962146,2015,8
automatic generation of program specifications,2,Automatic generation of program specifications,W2116973066; W4250359162,2002,8
automatic parallelization via matrix multiplication,2,Automatic parallelization via matrix multiplication,W2090975578; W4233008115,2011,8
automating unrealizability logic hoare style proof synthesis for infinite sets of programs,2,Automating Unrealizability Logic: Hoare-Style Proof Synthesis for Infinite Sets of Programs,W4391244619; W4403223345,2024,8
autoscaling bloom filter controlling trade off between true and false positives,2,Autoscaling Bloom filter: controlling trade-off between true and false positives,W2612853140; W3101009183,"2019, 2020",8
avoiding exponential explosion,2,Avoiding exponential explosion,W1992431017; W3046946143,2001,8
beautiful differentiation,2,Beautiful differentiation,W2295743822; W4242080388,2009,8
big data s disparate impact,2,Big Data's Disparate Impact,W1819662813; W3123374861,2016,8
boa a language and infrastructure for analyzing ultra large scale software repositories,2,Boa: A Language and Infrastructure for Analyzing Ultra-Large-Scale Software Repositories,W1989479444; W4232691406,2013,8
bounded linear logic revisited,2,"Bounded Linear Logic, Revisited",W1876875653; W2952320118,"2009, 2010",8
complexity of bradley manna sipma lexicographic ranking functions,2,Complexity of Bradley-Manna-Sipma Lexicographic Ranking Functions,W2180082329; W2953000932,2015,8
compositional semantics for probabilistic programs with exact conditioning,2,Compositional Semantics for Probabilistic Programs with Exact Conditioning,W3121809296; W3173838504,2021,8
conditional transition systems with upgrades,2,Conditional transition systems with upgrades,W2622682452; W2963914049,"2017, 2019",8
context free session type inference,2,Context-Free Session Type Inference,W2595410081; W2922398162,"2017, 2019",8
context specific independence in bayesian networks,2,Context-Specific Independence in Bayesian Networks,W1544444076; W2949437261,2013,8
contract soundness for object oriented languages,2,Contract Soundness for object-oriented languages,W2133206580; W4235062881,2001,8
control theory for principled heap sizing,2,Control theory for principled heap sizing,W2029185373; W4211054557,2013,8
cooperative types for controlling thread interference in java,2,Cooperative types for controlling thread interference in Java,W1135222779; W2170969792,"2012, 2015",8
cossjit combining static analysis and speculation in jit compilers,2,CoSSJIT: Combining Static Analysis and Speculation in JIT Compilers,W4415007672; W6949817053,2025,8
cryptdb,2,CryptDB,W2136720346; W2159915142,"2011, 2012",8
dag inlining a decision procedure for reachability modulo theories in hierarchical programs,2,DAG inlining: a decision procedure for reachability-modulo-theories in hierarchical programs,W2103279048; W3017092265,2015,8
data parallel string manipulating programs,2,Data-Parallel String-Manipulating Programs,W2097118641; W3010513994,"2014, 2015",8
derivative guided symbolic execution,2,Derivative-Guided Symbolic Execution,W4404403684; W6891906581,"2024, 2025",8
detecting conflicts between structure accesses,2,Detecting conflicts between structure accesses,W1970061809; W4230766819,1988,8
directing javascript with arrows,2,Directing JavaScript with arrows,W1964318686; W4237840017,2009,8
discussion tracking in enron email using parafac,2,Discussion Tracking in Enron Email using PARAFAC.,W4298328081; W67471658,"2007, 2016",8
ditto,2,DITTO,W2139865986; W4247199554,2007,8
divide conquer and combine a new inference strategy for probabilistic programs with stochastic support,2,"Divide, Conquer, and Combine: a New Inference Strategy for Probabilistic Programs with Stochastic Support",W2982599036; W3035365053,"2019, 2020",8
duel of the titans the romulus and remus families of lightweight aead algorithms,2,Duel of the Titans: The Romulus and Remus Families of Lightweight AEAD Algorithms,W2978588021; W4253338219,2020,8
dynamic determinacy analysis,2,Dynamic determinacy analysis,W1969808647; W3004099993,2013,8
effect handlers for c via coroutines artifact,2,Effect Handlers for C via Coroutines - Artifact,W6967912487; W6968148679,2024,8
effective loop fusion in polyhedral compilation using fusion conflict graphs,2,Effective Loop Fusion in Polyhedral Compilation Using Fusion Conflict Graphs,W3091055609; W3198505571,2020,8
efficient processing of deep neural networks,2,Efficient Processing of Deep Neural Networks,W3037261029; W4300171661,2020,8
efficient simulation scheme for a class of quantum optics experiments with non negative wigner representation,2,Efficient simulation scheme for a class of quantum optics experiments with non-negative Wigner representation,W1990634585; W3099026505,2013,8
eigencfa,2,EigenCFA,W2132093657; W4231586329,2011,8
end to end training of deep visuomotor policies,2,End-to-End Training of Deep Visuomotor Policies,W2155007355; W2964161785,"2015, 2016",8
eyeriss v2 a flexible accelerator for emerging deep neural networks on mobile devices,2,Eyeriss v2: A Flexible Accelerator for Emerging Deep Neural Networks on Mobile Devices,W2945146780; W2950775702,"2018, 2019",8
fast deterministic black box context free grammar inference,2,Fast Deterministic Black-box Context-free Grammar Inference,W4385825642; W4394745885,"2023, 2024",8
faster linearizability checking via p compositionality,2,Faster Linearizability Checking via P-Compositionality,W1898066328; W2951282943,2015,8
fifo cache analysis for wcet estimation a quantitative approach,2,FIFO Cache Analysis for WCET Estimation: A Quantitative Approach,W2120587850; W4246925995,2013,8
formal analysis of message passing,2,Formal analysis of message passing,W1551839352; W3139468909,2011,8
gadts and exhaustiveness looking for the impossible,2,GADTs and Exhaustiveness: Looking for the Impossible,W2586154896; W2963372132,2017,8
general bindings and alpha equivalence in nominal isabelle,2,General Bindings and Alpha-Equivalence in Nominal Isabelle,W1495561703; W2763665294,"2011, 2012",8
generating finite state transducers for semi structured data extraction from the web,2,Generating finite-state transducers for semi-structured data extraction from the Web,W2065568440; W3015882749,1998,8
generic go to go dictionary passing monomorphisation and hybrid,2,"Generic Go to Go: Dictionary-Passing, Monomorphisation, and Hybrid",W4292102678; W4304694879,2022,8
geometry of synthesis iii,2,Geometry of synthesis III,W2063460035; W4242556270,2011,8
global abstraction safe marshalling with hash types,2,Global abstraction-safe marshalling with hash types,W2037881889; W4211029631,2003,8
globally governed session semantics,2,Globally Governed Session Semantics,W1925097485; W2400032228,"2013, 2014",8
goslp globally optimized superword level parallelism framework,2,goSLP: globally optimized superword level parallelism framework,W2798960592; W3125750521,2018,8
hardbound,2,Hardbound,W2141365240; W4245736681,2008,8
hasochism,2,Hasochism,W2028880435; W4242238973,2013,8
honesty by typing,2,Honesty by Typing,W2141708104; W3100953548,"2013, 2016",8
hotl,2,HOTL,W2168900306; W4252346724,2013,8
how to roll a join,2,How to roll a join,W2126321570; W4238925974,2000,8
icfp 2022 artifact for the paper random testing of a higher order blockchain language experience report,2,"ICFP-2022 Artifact for the paper ""Random Testing of a Higher-Order Blockchain Language (Experience Report)""",W6912836711; W6950397212,2022,8
implementation of argus,2,Implementation of Argus,W2068387890; W4249800674,1987,8
improvements for free,2,Improvements for Free,W2050400596; W3145350942,2011,8
improving the milp based security evaluation algorithm against differential linear cryptanalysis using a divide and conquer approach,2,Improving the MILP-based Security Evaluation Algorithm against Differential/Linear Cryptanalysis Using A Divide-and-Conquer Approach,W3013007656; W6960718987,2020,8
improving the tokenisation of identifier names,2,Improving the Tokenisation of Identifier Names,W4240565647; W53653089,2011,8
inferring behavioral specifications from large scale repositories by leveraging collective intelligence,2,Inferring behavioral specifications from large-scale repositories by leveraging collective intelligence,W2031300675; W4243208953,2015,8
inferring type rules for syntactic sugar,2,Inferring type rules for syntactic sugar,W2798848760; W4244450464,2018,8
integrating a set of contract checking tools into visual studio,2,Integrating a set of contract checking tools into visual studio,W2006365753; W3140896149,2012,8
introduction to software testing,2,Introduction to Software Testing,W1486172410; W163074494,"2008, 2021",8
legato end to end bounded region serializability using commodity hardware transactional memory,2,Legato: end-to-end bounded region serializability using commodity hardware transactional memory,W2593977208; W4256353911,2017,8
lightweight monadic programming in ml,2,Lightweight monadic programming in ML,W2030360570; W4244177239,2011,8
making prophecies with decision predicates,2,Making prophecies with decision predicates,W2099687675; W4254770492,2011,8
making the fast case common and the uncommon case simple in unbounded transactional memory,2,Making the fast case common and the uncommon case simple in unbounded transactional memory,W2115003448; W4245693595,2007,8
mechanism design via differential privacy,2,Mechanism Design via Differential Privacy,W2123820077; W4234281613,2007,8
meeting midway improving cmp performance with memory side prefetching,2,Meeting midway: improving CMP performance with memory-side prefetching,W2001770111; W3136405287,2013,8
memory model instruction reordering store atomicity,2,Memory Model = Instruction Reordering + Store Atomicity,W2116454140; W4213347330,2006,8
minimizing the cost of iterative compilation with active learning,2,Minimizing the cost of iterative compilation with active learning,W2586408124; W3163667142,2017,8
model checking parameterized asynchronous shared memory systems,2,Model Checking Parameterized Asynchronous Shared-Memory Systems,W2761734916; W374648105,"2015, 2016",8
modular control plane verification via temporal invariants,2,Modular Control Plane Verification via Temporal Invariants,W4224320107; W4364387774,"2022, 2023",8
modules abstraction and parametric polymorphism,2,"Modules, abstraction, and parametric polymorphism",W2560961062; W3055243769,"2016, 2017",8
monoidal indeterminates and categories of possible worlds,2,Monoidal indeterminates and categories of possible worlds,W1976985540; W2126973105,"2009, 2012",8
natural semantics,2,Natural Semantics,W2914260883; W4249903311,"1987, 2006",8
network wide configuration synthesis,2,Network-Wide Configuration Synthesis,W2552298303; W2952969985,"2016, 2017",8
niagaracq,2,NiagaraCQ,W2132461362; W4232534713,2000,8
observational equality meets cic,2,Observational Equality Meets CIC,W4393943379; W4407910644,"2024, 2025",8
on protection by layout randomization,2,On Protection by Layout Randomization,W2014108710; W2090483038,"2010, 2012",8
on the side effects of code abstraction,2,On the side-effects of code abstraction,W2029919639; W4238878191,2003,8
online performance auditing,2,Online performance auditing,W2055817654; W4243305730,2006,8
optimizing program locality through cmes and gas,2,Optimizing program locality through CMEs and GAs,W2161229179; W4254387659,"2003, 2004",8
packet types,2,Packet types,W2149827273; W4232537713,2000,8
parallel reductions in λ calculus,2,Parallel Reductions in λ-Calculus,W2018181305; W2055655588,"1989, 1995",8
parallelizing functional programs by generalization,2,Parallelizing functional programs by generalization,W1559921330; W2127814526,"1997, 1999",8
particle gibbs with ancestor sampling for probabilistic programs,2,Particle Gibbs with Ancestor Sampling for Probabilistic Programs,W1962717331; W2963630431,2015,8
pointer and escape analysis for multithreaded programs,2,Pointer and escape analysis for multithreaded programs,W2127163775; W3005880032,2001,8
precision and error analysis of matlab applications during automated hardware synthesis for fpgas,2,Precision and error analysis of MATLAB applications during automated hardware synthesis for FPGAs,W2151176284; W4253587856,"2001, 2002",8
predator,2,PREDATOR,W2165734765; W4238359122,2014,8
probability and random processes,2,Probability and Random Processes,W1976625337; W4388297583,"2001, 2004",8
productive use of failure in inductive proof,2,Productive use of failure in inductive proof,W2067540169; W4210917167,1996,8
programmatic strategy synthesis resolving nondeterminism in probabilistic programs,2,Programmatic Strategy Synthesis: Resolving Nondeterminism in Probabilistic Programs,W4388717631; W4390605315,"2023, 2024",8
propositions as types,2,Propositions as [Types],W2121730419; W2186501980,"2004, 2015",8
purecake a verified compiler for a lazy functional language,2,PureCake: A Verified Compiler for a Lazy Functional Language,W4379534241; W6931811963,2023,8
quantum programming,2,Quantum Programming,W2914012520; W4238931494,2000,8
r a language for data analysis and graphics,2,R: A Language for Data Analysis and Graphics,W1969761972; W4229880569,1996,8
random testing of c compilers based on test program generation by equivalence transformation,2,Random testing of C compilers based on test program generation by equivalence transformation,W2576158840; W2595037583,2016,8
ranking function synthesis for bit vector relations,2,Ranking function synthesis for bit-vector relations,W2071969326; W2161217905,"2010, 2013",8
ranking templates for linear loops,2,Ranking Templates for Linear Loops,W1525126490; W2230554596,"2014, 2015",8
realizability in the unitary sphere,2,Realizability in the Unitary Sphere,W2939512914; W3105392254,2019,8
recursive markov decision processes and recursive stochastic games,2,Recursive Markov Decision Processes and Recursive Stochastic Games,W1482647296; W2220995138,"2005, 2015",8
relational inductive shape analysis,2,Relational inductive shape analysis,W2013050211; W3003422935,2008,8
revec program rejuvenation through revectorization,2,Revec: program rejuvenation through revectorization,W2911593804; W3103937600,2019,8
reversible irreversible and optimal λ machines,2,"Reversible, Irreversible and Optimal λ-machines",W1511381872; W2027591072,"1996, 1999",8
scrap more boilerplate,2,Scrap more boilerplate,W2046671194; W4250126356,2004,8
searching for build debt experiences managing technical debt at google,2,Searching for build debt: experiences managing technical debt at Google,W2029482959; W3142332980,2012,8
secure program execution via dynamic information flow tracking,2,Secure program execution via dynamic information flow tracking,W2100666033; W4252481514,2004,8
simuq a framework for programming quantum hamiltonian simulation with analog compilation,2,SimuQ: A Framework for Programming Quantum Hamiltonian Simulation with Analog Compilation,W4323566629; W6948095267,"2023, 2024",8
smooth interpretation,2,Smooth interpretation,W2295283246; W4236495020,2010,8
solving non linear arithmetic,2,Solving Non-linear Arithmetic,W1493060511; W2011495999,"2012, 2013",8
sparse matrix methods in optimization,2,Sparse Matrix Methods in Optimization,W2153738380; W4254321607,"1982, 1984",8
speculative alias analysis for executable code,2,Speculative Alias Analysis for Executable Code,W2155957569; W4206300973,"2003, 2007",8
speculative lock elision enabling highly concurrent multithreaded execution,2,Speculative lock elision: enabling highly concurrent multithreaded execution,W2099661831; W4255353403,"2001, 2005",8
static analysis of finite precision computations,2,Static analysis of finite precision computations,W1528042415; W3138624857,2011,8
steering symbolic execution to less traveled paths,2,Steering symbolic execution to less traveled paths,W2159899121; W3011209520,2013,8
strisynth synthesis for live programming,2,StriSynth: synthesis for live programming,W2069841869; W4214751146,2015,8
sweeten your javascript,2,Sweeten your JavaScript,W2105982807; W4233002554,2014,8
synthesizing benchmarks for predictive modeling,2,Synthesizing benchmarks for predictive modeling,W2565684518; W4214583996,2017,8
synthetiq fast and versatile quantum circuit synthesis,2,Synthetiq: Fast and Versatile Quantum Circuit Synthesis,W4396214513; W6911296266,2024,8
syrust automatic testing of rust libraries with semantic aware program synthesis technical report,2,SyRust: Automatic Testing of Rust Libraries with Semantic-Aware Program Synthesis–Technical Report,W3165616602; W6903508594,2021,8
the art of testing less without sacrificing quality,2,The art of testing less without sacrificing quality,W2051559996; W4245116308,2015,8
the best of both worlds linear functional programming without compromise,2,The best of both worlds: linear functional programming without compromise,W2510433231; W4238949052,2016,8
the bunker cache for spatio value approximation,2,The bunker cache for spatio-value approximation,W2562506265; W4248591063,2016,8
the call by need lambda calculus revisited,2,"The Call-by-Need Lambda Calculus, Revisited",W1934781858; W2949948326,2012,8
the essence of generalized algebraic data types,2,The Essence of Generalized Algebraic Data Types,W4390605281; W6948889815,"2023, 2024",8
the logical strength of b uchi s decidability theorem,2,"The logical strength of B\""uchi's decidability theorem",W2511934226; W2945500475,2019,8
the method of attributes for data flow analysis,2,The method of attributes for data flow analysis,W1607605746; W2885877860,1978,8
the probabilistic termination tool amber,2,The Probabilistic Termination Tool Amber,W3184256266; W3214973620,"2021, 2022",8
the subtyping problem for second order types is undecidable,2,The subtyping problem for second-order types is undecidable,W2132037187; W3180721729,2002,8
thin locks,2,Thin locks,W2094449661; W4255852953,1998,8
translation lookaside buffer consistency a software approach,2,Translation lookaside buffer consistency: a software approach,W2121340036; W4241961864,1989,8
type inference for datalog with complex type hierarchies,2,Type inference for datalog with complex type hierarchies,W2103838931; W4250251590,2010,8
typing unmarshalling without marshalling types,2,Typing unmarshalling without marshalling types,W2144108798; W3083468910,2012,8
ulterior reference counting,2,Ulterior reference counting,W2162435060; W3163911544,2003,8
understanding adversarial examples from the mutual influence of images and perturbations,2,Understanding Adversarial Examples From the Mutual Influence of Images and Perturbations,W3034643863; W3042118193,2020,8
unifying data and control transformations for distributed shared memory machines,2,Unifying data and control transformations for distributed shared-memory machines,W1973122629; W3036164445,1995,8
unifying type checking and property checking for low level code,2,Unifying type checking and property checking for low-level code,W2111050128; W4255884526,2009,8
unifying typing and subtyping,2,Unifying typing and subtyping,W2761821266; W3161264600,2017,8
variable binding and substitution for nameless dummies,2,Variable binding and substitution for (nameless) dummies,W4225986717; W4392385926,"2022, 2024",8
veracity declarative multicore programming with commutativity,2,Veracity: Declarative Multicore Programming with Commutativity,W4221167351; W4320339621,2022,8
verification of neural networks global robustness,2,Verification of Neural Networks' Global Robustness,W4392575204; W4396214268,2024,8
wait free linked lists,2,Wait-Free Linked-Lists,W1482449995; W1998951508,2012,8
what s decidable about hybrid automata,2,What's Decidable about Hybrid Automata?,W2085838366; W2163590987,"1995, 1998",8
what you see is what you test a methodology for testing form based visual programs,2,What You See Is What You Test: A Methodology for Testing Form-Based Visual Programs,W2083808198; W4249909277,"1998, 2002",8
xnor net imagenet classification using binary convolutional neural networks,2,XNOR-Net: ImageNet Classification Using Binary Convolutional Neural Networks,W2300242332; W2951978180,2016,8
zooid a dsl for certified multiparty computation,2,Zooid: a DSL for Certified Multiparty Computation,W3136091313; W6893837936,2021,8
a certified type preserving compiler from lambda calculus to assembly language,2,A certified type-preserving compiler from lambda calculus to assembly language,W2157480301; W3023703923,2007,7
a partially deadlock free typed process calculus,2,A partially deadlock-free typed process calculus,W1547651002; W2148901852,"1998, 2002",7
a polynomial time algorithm for counting integral points in polyhedra when the dimension is fixed,2,A polynomial time algorithm for counting integral points in polyhedra when the dimension is fixed,W2099000978; W2129740858,"1994, 2002",7
a primer on separation logic and automatic program verification and analysis,2,A Primer on Separation Logic (and Automatic Program Verification and Analysis).,W2396349698; W4407735807,2012,7
a type system for lock free processes,2,A Type System for Lock-Free Processes,W2065772939; W4213249360,2002,7
algebraic effects linearity and quantum programming languages,2,"Algebraic Effects, Linearity, and Quantum Programming Languages",W2117753869; W3118727839,"2014, 2015",7
an abstract monte carlo method for the analysis of probabilistic programs,2,An abstract Monte-Carlo method for the analysis of probabilistic programs,W1975447428; W3101972507,2001,7
binary decision diagrams,2,Binary Decision Diagrams,W1994143452; W2804240010,"1978, 2018",7
bisimulation for labelled markov processes,2,Bisimulation for Labelled Markov Processes,W2100893927; W4233323875,2002,7
candid,2,CANDID,W1997389706; W2037786632,"2007, 2010",7
clank,2,Clank,W2626726782; W4244662820,2017,7
complexity analysis for a lazy higher order language,2,Complexity analysis for a lazy higher-order language,W1525599808; W1567423028,1990,7
concurrent programming in ml,2,Concurrent Programming in ML,W1495087637; W1971957791,"1999, 2000",7
defunctionalized interpreters for programming languages,2,Defunctionalized interpreters for programming languages,W2020259928; W4231445347,2008,7
floating point verification in hol light the exponential function,2,Floating Point Verification in HOL Light: The Exponential Function,W1670181694; W1672719503,"1997, 2000",7
formal verification of simulink stateflow diagrams,2,Formal Verification of Simulink/Stateflow Diagrams,W2296004247; W4234184051,"2015, 2016",7
from control effects to typed continuation passing,2,From control effects to typed continuation passing,W2136545577; W3108746298,2003,7
incremental data flow analysis in a structured program editor,2,Incremental data flow analysis in a structured program editor,W2006084860; W4237340275,1984,7
interprocedural may alias analysis for pointers,2,Interprocedural may-alias analysis for pointers,W2102440514; W3003698748,1994,7
kite,2,Kite,W2861196621; W3000455689,"2018, 2020",7
on understanding data abstraction revisited,2,"On understanding data abstraction, revisited",W1999662942; W4245021137,2009,7
photonic quantum technologies,2,Photonic quantum technologies,W1967673033; W3006572015,"2009, 2020",7
predicate calculus and program semantics,2,Predicate Calculus and Program Semantics,W1511110335; W2322933071,"1990, 1994",7
probabilistic relational models,2,Probabilistic Relational Models,W2895423403; W4299881428,"2007, 2018",7
proceedings of the national conference on artificial intelligence,2,Proceedings of the National Conference on Artificial Intelligence,W2536379393; W2886362482,"2005, 2015",7
programming from specifications,2,Programming from specifications,W1552647623; W2936157456,"1990, 1991",7
react,2,React,W2558189790; W4318328284,"2016, 2022",7
safe memory reclamation for dynamic lock free objects using atomic reads and writes,2,Safe memory reclamation for dynamic lock-free objects using atomic reads and writes,W2127976210; W4252461621,2002,7
satisfiability of word equations with constants is in pspace,2,Satisfiability of word equations with constants is in PSPACE,W2028685566; W2153128123,"2003, 2004",7
self adjusting computation,2,Self-adjusting computation,W2028423097; W2097284499,"2004, 2009",7
shortcut fusion for accumulating parameters and amp zip like functions,2,Shortcut fusion for accumulating parameters &amp; zip-like functions,W2159227002; W3107822754,2002,7
simulating physics with computers,2,Simulating physics with computers,W2179731956; W4242275969,"1982, 2018",7
static checking of dynamically generated queries in database applications,2,Static checking of dynamically generated queries in database applications,W2003751975; W4240309233,"2004, 2007",7
three years of experience with sledgehammer a practical link between automatic and interactive theorem provers,2,"Three Years of Experience with Sledgehammer, a Practical Link between Automatic and Interactive Theorem Provers",W2981616527; W836255558,2018,7
total parser combinators,2,Total parser combinators,W2049814260; W4247830816,2010,7
toward automatic verification of quantum programs,2,Toward automatic verification of quantum programs,W2887991122; W3105304321,"2016, 2018",7
type theory based on dependent inductive and coinductive types,2,Type Theory based on Dependent Inductive and Coinductive Types,W2384122606; W3099982020,2016,7
a basic linear algebra compiler for embedded processors,2,A basic linear algebra compiler for embedded processors,W1993445765; W4249977307,2015,6
a collection of novice interactions with the ocaml top level system,2,A Collection Of Novice Interactions With The Ocaml Top-Level System,W4393752495; W4393819010,2017,6
a flexible framework for implementing software transactional memory,2,A flexible framework for implementing software transactional memory,W1993179651; W3037420462,2006,6
a flight data recorder for enabling full system multiprocessor deterministic replay,2,"A ""flight data recorder"" for enabling full-system multiprocessor deterministic replay",W2108806129; W4237155047,2003,6
a framework for network protocol software,2,A framework for network protocol software,W2023247355; W3009999046,1995,6
a framework for numeric analysis of array operations,2,A framework for numeric analysis of array operations,W2060697066; W3003421191,2005,6
a game of surface codes large scale quantum computing with lattice surgery,2,A Game of Surface Codes: Large-Scale Quantum Computing with Lattice Surgery,W2886696706; W3098228168,2019,6
a logical characterization of forward and backward chaining in the inverse method,2,A Logical Characterization of Forward and Backward Chaining in the Inverse Method,W1797159706; W1989085426,"2006, 2008",6
a methodology for creating fast wait free data structures,2,A methodology for creating fast wait-free data structures,W2140227464; W3008344179,2012,6
a model of cooperative threads,2,A model of cooperative threads,W1995065158; W2088105382,"2009, 2010",6
a parametric segmentation functor for fully automatic and scalable array content analysis,2,A parametric segmentation functor for fully automatic and scalable array content analysis,W2108241838; W4230509083,2011,6
a scalable architecture for high throughput regular expression pattern matching,2,A Scalable Architecture For High-Throughput Regular-Expression Pattern Matching,W2149695592; W3144157896,2006,6
a semantics of multiple inheritance,2,A semantics of multiple inheritance,W2173184982; W2686043342,"1984, 1988",6
a serializability violation detector for shared memory server programs,2,A serializability violation detector for shared-memory server programs,W2111759889; W4243324871,2005,6
a statically safe alternative to virtual types,2,A statically safe alternative to virtual types,W2137252778; W2783482882,"1997, 1998",6
a survey on product operators in abstract interpretation,2,A Survey on Product Operators in Abstract Interpretation,W1990621394; W3106522360,2013,6
a theory of the learnable,2,A theory of the learnable,W2019363670; W4238893454,1984,6
a unified construction of the glushkov follow and antimirov automata,2,"A Unified Construction of the Glushkov, Follow, and Antimirov Automata",W1501213188; W2474245743,2006,6
a wait free queue as fast as fetch and add,2,A wait-free queue as fast as fetch-and-add,W2269124978; W3015821333,2016,6
abstract syntax networks for code generation and semantic parsing,2,Abstract Syntax Networks for Code Generation and Semantic Parsing,W2610002206; W2962728167,2017,6
abstracting effect systems for algebraic effect handlers,2,Abstracting Effect Systems for Algebraic Effect Handlers,W4395686866; W4401597214,2024,6
access permission contracts for scripting languages,2,Access permission contracts for scripting languages,W2026997444; W4234170022,2012,6
active harmony towards automated performance tuning,2,Active Harmony: Towards Automated Performance Tuning,W2136628731; W4247050054,2002,6
adaptive subgradient methods for online learning and stochastic optimization,2,Adaptive Subgradient Methods for Online Learning and Stochastic Optimization,W2146502635; W2998508934,"2010, 2011",6
addressing shared resource contention in multicore processors via scheduling,2,Addressing shared resource contention in multicore processors via scheduling,W2098278566; W4240262711,2010,6
algebraic notions of termination,2,Algebraic Notions of Termination,W1974090329; W3099900407,"2006, 2011",6
algebras for weighted search,2,Algebras for weighted search,W3193490601; W6949915896,2021,6
an adaptive cache coherence protocol optimized for migratory sharing,2,An adaptive cache coherence protocol optimized for migratory sharing,W2118543332; W3015945987,1993,6
an algorithm for the machine calculation of complex fourier series,2,An algorithm for the machine calculation of complex Fourier series,W2061171222; W4231896027,1965,6
an efficient profile analysis framework for data layout optimizations,2,An efficient profile-analysis framework for data-layout optimizations,W2126915506; W3009401151,2002,6
an empirical study of object protocols in the wild,2,An empirical study of object protocols in the wild,W1870299213; W4240735127,2011,6
an infinite needle in a finite haystack finding infinite counter models in deductive verification artifact,2,An Infinite Needle in a Finite Haystack: Finding Infinite Counter-Models in Deductive Verification (Artifact),W6911096910; W6950398621,2023,6
an introduction to the analysis of algorithms,2,An Introduction to the Analysis of Algorithms,W1491961545; W1494942133,"1995, 2017",6
an open graph visualization system and its applications to software engineering,2,An open graph visualization system and its applications to software engineering,W2001914359; W4238387639,2000,6
anti unification for unranked terms and hedges,2,Anti-Unification for Unranked Terms and Hedges,W2101992951; W2141979816,"2011, 2013",6
approaches to interpreter composition,2,Approaches to interpreter composition,W2028053566; W3103391685,"2014, 2015",6
archer,2,ARCHER,W2138538192; W4231935229,2003,6
are your incoming aliases really necessary counting the cost of object ownership,2,Are your incoming aliases really necessary? counting the cost of object ownership,W2095473724; W4236681616,2013,6
artifact for a coq mechanization of javascript regular expression semantics at icfp 2024,2,"Artifact for ""A Coq Mechanization of JavaScript Regular Expression Semantics"" at ICFP 2024",W6930372087; W6930400283,2024,6
automated detection of test fixture strategies and smells,2,Automated detection of test fixture strategies and smells,W1526118661; W1991242370,2013,6
automated synthesis of symbolic instruction encodings from i o samples,2,Automated synthesis of symbolic instruction encodings from I/O samples,W2113489899; W3095934469,2012,6
automated verification of fundamental algebraic laws,2,Automated Verification of Fundamental Algebraic Laws,W4399851414; W6967703058,2024,6
automating equational proofs in dirac notation,2,Automating Equational Proofs in Dirac Notation,W4404573282; W6891905664,"2024, 2025",6
beyond notations hygienic macro expansion for theorem proving languages,2,Beyond Notations: Hygienic Macro Expansion for Theorem Proving Languages,W3040625350; W4226202061,"2020, 2022",6
bidirectionalization for free pearl,2,Bidirectionalization for free! (Pearl),W2024951218; W3043523721,2009,6
binary search trees of bounded balance,2,Binary search trees of bounded balance,W2018665307; W2026166434,"1972, 1973",6
bixid,2,biXid,W2047652936; W4255145032,2006,6
bounded algol like languages,2,Bounded 𝐴𝐿𝐺𝑂𝐿-like languages,W1582408114; W2089107726,1964,6
bounded underapproximations,2,Bounded Underapproximations,W2912538643; W2914181030,"2010, 2012",6
branching processes for quickcheck generators,2,Branching processes for QuickCheck generators,W2885842896; W3216006874,2018,6
calculational design of in correctness transformational program logics by abstract interpretation,2,Calculational Design of [In]Correctness Transformational Program Logics by Abstract Interpretation,W4390604674; W6930071041,"2023, 2024",6
cassandra proactive conflict minimization through optimized task scheduling,2,Cassandra: proactive conflict minimization through optimized task scheduling,W1972503075; W2297048691,2013,6
circular reference attributed grammars their evaluation and applications,2,Circular Reference Attributed Grammars - their Evaluation and Applications,W2003686116; W2131449137,"2003, 2007",6
coarse grained reconfigurable array architectures,2,Coarse-Grained Reconfigurable Array Architectures,W4248970686; W93901327,"2010, 2013",6
coarser equivalences for causal concurrency,2,Coarser Equivalences for Causal Concurrency,W4293352276; W4390605256,"2022, 2024",6
code compaction of matching single entry multiple exit regions,2,Code compaction of matching single-entry multiple-exit regions,W1534839574; W4248255691,2003,6
combining functional and imperative programming for multicore software an empirical study evaluating scala and java,2,Combining Functional and Imperative Programming for Multicore Software: An Empirical Study Evaluating Scala and Java,W2145331347; W3146261931,"2012, 2013",6
communication optimization and code generation for distributed memory machines,2,Communication optimization and code generation for distributed memory machines,W2008677874; W4253945282,1993,6
compilation by stochastic hamiltonian sparsification,2,Compilation by stochastic Hamiltonian sparsification,W2980123143; W3104134044,2020,6
compiler design,2,Compiler Design,W4230059447; W4253641208,"2012, 2013",6
complexity of inference in graphical models,2,Complexity of Inference in Graphical Models,W1948169740; W2952683300,2012,6
composing contracts,2,Composing contracts,W2087307736; W4251493246,2000,6
composing high performance memory allocators,2,Composing high-performance memory allocators,W1998141415; W4231016324,2001,6
computer performance microscopy with s scp him scp,2,Computer performance microscopy with S <scp>him</scp>,W1973718751; W4230043734,2015,6
concolic testing for functional languages,2,Concolic testing for functional languages,W2088263927; W2612371455,"2015, 2017",6
concurrent data structures,2,Concurrent Data Structures,W2404168692; W4236284099,2004,6
configuration synthesis for programmable analog devices with arco,2,Configuration synthesis for programmable analog devices with Arco,W2417936412; W2808819671,2016,6
confluent persistence revisited,2,Confluent Persistence Revisited,W1637995300; W2951294242,"2011, 2012",6
continuous evolutionary and large scale a new perspective for automated mobile app testing,2,"Continuous, Evolutionary and Large-Scale: A New Perspective for Automated Mobile App Testing",W2767532007; W2963011053,"2017, 2018",6
control flow analysis of dynamic languages via pointer analysis,2,Control-flow analysis of dynamic languages via pointer analysis,W1972543616; W4255499266,2015,6
conventional and uniqueness typing in graph rewrite systems,2,Conventional and uniqueness typing in graph rewrite systems,W1555216982; W3102045914,1993,6
cork,2,Cork,W2000100269; W4251369193,2007,6
correctly rounded math libraries without worrying about the application s rounding mode,2,Correctly Rounded Math Libraries without Worrying about the Application’s Rounding Mode,W4411267640; W6968574938,2025,6
correctness preserving derivation of concurrent garbage collection algorithms,2,Correctness-preserving derivation of concurrent garbage collection algorithms,W2166653824; W4247694393,2006,6
counting constraints in flat array fragments,2,Counting Constraints in Flat Array Fragments,W2258893410; W2953034525,2016,6
coupling policy iteration with semi definite relaxation to compute accurate numerical invariants in static analysis,2,Coupling Policy Iteration with Semi-definite Relaxation to Compute Accurate Numerical Invariants in Static Analysis,W1896502719; W2095551467,"2010, 2012",6
cssv,2,CSSV,W1998285060; W4242009960,2003,6
data and computation transformations for multiprocessors,2,Data and computation transformations for multiprocessors,W2014033064; W4232453487,1995,6
deconstructing the calculus of relations with tape diagrams,2,Deconstructing the Calculus of Relations with Tape Diagrams,W4306891268; W4315605974,"2022, 2023",6
delta lenses over inductive types,2,Delta Lenses over Inductive Types,W2099594328; W6904894638,"2012, 2024",6
denotational semantics as a foundation for cost recurrence extraction for functional languages,2,Denotational semantics as a foundation for cost recurrence extraction for functional languages,W3006007823; W4287867331,"2020, 2022",6
deriving a floyd hoare logic for non local jumps from a formulæ as types notion of control,2,Deriving a Floyd–Hoare logic for non-local jumps from a formulæ-as-types notion of control,W1967996089; W4300891092,2012,6
deriving structural hylomorphisms from recursive definitions,2,Deriving structural hylomorphisms from recursive definitions,W1975580206; W3012271422,1996,6
direct manipulation interfaces,2,Direct Manipulation Interfaces,W2115647291; W4299885995,"1985, 1986",6
disjoint eager execution an optimal form of speculative execution,2,Disjoint eager execution: an optimal form of speculative execution,W2103982793; W4248248450,1995,6
does high public debt consistently stifle economic growth a critique of reinhart and rogoff,2,Does high public debt consistently stifle economic growth? A critique of Reinhart and Rogoff,W2053814546; W3125111961,"2013, 2020",6
efficient analysis of probabilistic programs with an unbounded counter,2,Efficient Analysis of Probabilistic Programs with an Unbounded Counter,W1602747308; W1975636681,"2011, 2014",6
efficient concurrency bug detection across inputs,2,Efficient concurrency-bug detection across inputs,W2119898212; W3157542420,2013,6
efficient generation of small interpolants in cnf,2,Efficient generation of small interpolants in CNF,W2055440714; W2285587265,"2013, 2015",6
efficient points to analysis for whole program analysis,2,Efficient points-to analysis for whole-program analysis,W1975514564; W4236256989,1999,6
efficient program execution indexing,2,Efficient program execution indexing,W2100894869; W4246378947,2008,6
effpi,2,Effpi,W2958902825; W3033035696,2019,6
elimination structures in scientific computing,2,Elimination Structures in Scientific Computing,W2396646384; W4248080568,2004,6
equivalence of deterministic top down tree to string transducers is decidable,2,Equivalence of Deterministic Top-Down Tree-to-String Transducers is Decidable,W1619058287; W2797808503,"2015, 2018",6
event structures,2,Event Structures,W2912931674; W4233702006,"1986, 1987",6
evolutionary dynamics in finite populations mix rapidly,2,Evolutionary Dynamics in Finite Populations Mix Rapidly,W2273367549; W4231181376,"2015, 2016",6
executing a program on the mit tagged token dataflow architecture,2,Executing a program on the MIT Tagged-Token Dataflow architecture,W2134393676; W2171532807,"1987, 1990",6
explainable reactive synthesis,2,Explainable Reactive Synthesis,W3091894794; W3116923949,2020,6
explicit fairness in testing semantics,2,Explicit fairness in testing semantics,W2074706872; W3098302809,"2008, 2009",6
exploiting answer set programming with external sources for meta interpretive learning,2,Exploiting Answer Set Programming with External Sources for Meta-Interpretive Learning,W2798878581; W2891027922,2018,6
exploiting virtual synchrony in distributed systems,2,Exploiting virtual synchrony in distributed systems,W2131929623; W4214844336,1987,6
exploring the design space of static and incremental graph connectivity algorithms on gpus,2,Exploring the Design Space of Static and Incremental Graph Connectivity Algorithms on GPUs,W3080908358; W3104493467,2020,6
facile a symmetric integration of concurrent and functional programming,2,FACILE: A symmetric integration of concurrent and functional programming,W1824183965; W2011924693,1989,6
falcon,2,Falcon,W2137270184; W2271498114,"2010, 2015",6
finding plagiarisms among a set of programs with jplag,2,Finding Plagiarisms among a Set of Programs with JPlag,W2146659255; W4292014584,"2000, 2020",6
flask,2,Flask,W2117222496; W4230414644,2008,6
flexible architectural support for fine grain scheduling,2,Flexible architectural support for fine-grain scheduling,W2142729958; W4245607618,2010,6
formalization of quantum protocols using coq,2,Formalization of Quantum Protocols using Coq,W2208188898; W2963150816,2015,6
foundations of software science and computational structures,2,Foundations of Software Science and Computational Structures,W2477880734; W3015776104,"2008, 2011",6
frc a high performance concurrent parallel deferred reference counter for c,2,FRC: a high-performance concurrent parallel deferred reference counter for C++,W2808271599; W3158672252,2018,6
free me,2,Free-Me,W2061005179; W4254142897,2006,6
from algebraic semantics to denotational semantics for verilog,2,From algebraic semantics to denotational semantics for Verilog,W1514943866; W1978773992,"2006, 2008",6
from event b specifications to programs for distributed algorithms,2,From Event-B Specifications to Programs for Distributed Algorithms,W2061296444; W2528801369,"2013, 2016",6
from ml to ml sup f sup,2,From ML to ML <sup>F</sup>,W2165347588; W4242368982,2008,6
functional ownership through fractional uniqueness,2,Functional Ownership through Fractional Uniqueness,W4388032039; W4396214269,"2023, 2024",6
functional reactive programming from first principles,2,Functional reactive programming from first principles,W2089589666; W3023901936,2000,6
fuzzy array dataflow analysis,2,Fuzzy Array Dataflow Analysis,W2013981372; W2155632873,"1995, 1997",6
game semantics,2,Game Semantics,W1870018393; W4244463218,"1997, 1999",6
game semantics for interface middleweight java,2,Game semantics for interface middleweight Java,W2026236518; W3111047563,"2014, 2020",6
generalized homogeneous polynomials for efficient template based nonlinear invariant synthesis,2,Generalized Homogeneous Polynomials for Efficient Template-Based Nonlinear Invariant Synthesis,W2460148525; W2805924739,"2016, 2018",6
geometry of synthesis iv,2,Geometry of synthesis iv,W2167839898; W4250389508,2011,6
heavy hitters and the structure of local privacy,2,Heavy Hitters and the Structure of Local Privacy,W2963424903; W2980195532,"2018, 2019",6
high level small step operational semantics for transactions,2,High-level small-step operational semantics for transactions,W2152988224; W4231716406,2008,6
hir an mlir based intermediate representation for hardware accelerator description,2,HIR: An MLIR-based Intermediate Representation for Hardware Accelerator Description,W3134877013; W4391623924,"2021, 2023",6
history of lisp,2,History of LISP,W2020156556; W3161373887,1978,6
homotopy theoretic models of identity types,2,Homotopy theoretic models of identity types,W2150941507; W3102482356,"2008, 2009",6
incremental and modular context sensitive analysis,2,Incremental and Modular Context-sensitive Analysis,W3115796600; W3122466558,2021,6
incremental whole program optimization and compilation,2,Incremental whole program optimization and compilation,W2593316846; W4242827060,2017,6
inductive logic programming,2,Inductive Logic Programming,W1629572354; W2520858206,"1991, 2016",6
inference of message sequence charts,2,Inference of message sequence charts,W2001503652; W2144807091,"2000, 2003",6
inference rules for proving the equivalence of recursive procedures,2,Inference rules for proving the equivalence of recursive procedures,W2039222548; W2406820219,"2008, 2010",6
injecting mechanical faults to localize developer faults for evolving software,2,Injecting mechanical faults to localize developer faults for evolving software,W2001005268; W3009206850,2013,6
interactive theorem proving,2,Interactive Theorem Proving,W2481963721; W4206694237,"2011, 2021",6
interconvertbility of set constraints and context free language reachability,2,Interconvertbility of set constraints and context-free language reachability,W1989058323; W3163858947,1997,6
interprocedural dependence analysis and parallelization,2,Interprocedural dependence analysis and parallelization,W1964714157; W4241790184,"1986, 2004",6
interprocedural partial redundancy elimination and its application to distributed memory compilation,2,Interprocedural partial redundancy elimination and its application to distributed memory compilation,W2155397373; W3005766367,1995,6
introduction,2,Introduction,W4246274719; W4249583447,"2016, 2017",6
introduction to information retrieval,2,Introduction to information retrieval,W1532325895; W4213009331,"2008, 2009",6
invariant measures concentrated on countable structures,2,INVARIANT MEASURES CONCENTRATED ON COUNTABLE STRUCTURES,W1837282692; W3100613408,"2013, 2016",6
invertible syntax descriptions,2,Invertible syntax descriptions,W2148275616; W3163391239,2010,6
irreversibility and heat generation in the computing process,2,Irreversibility and heat generation in the computing process,W2068967633; W4233798822,"1961, 2000",6
isolating and understanding concurrency errors using reconstructed execution fragments,2,Isolating and understanding concurrency errors using reconstructed execution fragments,W2106858176; W4233347627,2011,6
javadl automatically incrementalizing java bug pattern detection,2,JavaDL: Automatically Incrementalizing Java Bug Pattern Detection,W6893847193; W6912690816,2021,6
kestrel relational verification using e graphs for program alignment,2,KestRel: Relational Verification Using E-Graphs for Program Alignment,W4394838728; W6930615392,"2024, 2025",6
language support for regions,2,Language support for regions,W2087466192; W3003402100,2001,6
languages with decidable learning a meta theorem,2,Languages with Decidable Learning: A Meta-theorem,W4320843444; W4362659545,2023,6
lazy multivariate higher order forward mode ad,2,Lazy multivariate higher-order forward-mode AD,W2112615547; W4256418598,2007,6
leveraging linear and mixed integer programming for smt,2,Leveraging Linear and Mixed Integer Programming for SMT,W2013892603; W2395386862,2014,6
limitations of highly available eventually consistent data stores,2,Limitations of Highly-Available Eventually-Consistent Data Stores,W2163285148; W2336088419,"2015, 2016",6
local search for satisfiability modulo integer arithmetic theories,2,Local Search For Satisfiability Modulo Integer Arithmetic Theories,W4309587750; W4377021963,"2022, 2023",6
logics for epistemic programs,2,Logics for Epistemic Programs,W1988804687; W4235131552,2004,6
lost in abstraction monotonicity in multi threaded programs,2,Lost in Abstraction: Monotonicity in Multi-threaded Programs,W1243232056; W2293697645,"2014, 2016",6
low power cmos digital design,2,Low-power CMOS digital design,W1633471522; W2166243422,"1992, 2015",6
making operation based crdts operation based,2,Making operation-based CRDTs operation-based,W2061940402; W2904215295,2014,6
making trace monitors feasible,2,Making trace monitors feasible,W2021875003; W4231411900,2007,6
memsafe ensuring the spatial and temporal memory safety of c at runtime,2,MemSafe: ensuring the spatial and temporal memory safety of C at runtime,W1530333203; W1969540782,"2010, 2012",6
miniboxing,2,Miniboxing,W2041364386; W4255255387,2013,6
mining frequent patterns without candidate generation,2,Mining frequent patterns without candidate generation,W2064853889; W4252403066,2000,6
mitigation of readout noise in near term quantum devices by classical post processing based on detector tomography,2,Mitigation of readout noise in near-term quantum devices by classical post-processing based on detector tomography,W2963421575; W3101842759,2020,6
mixin modules,2,Mixin modules,W2295135584; W4252832858,1996,6
modern concurrency abstractions for c,2,Modern concurrency abstractions for C#,W2118317839; W4238772279,"2002, 2004",6
modular typechecking for hierarchically extensible datatypes and functions,2,Modular typechecking for hierarchically extensible datatypes and functions,W2126234902; W3034080026,"2002, 2004",6
monads for functional programming,2,Monads for functional programming,W2136202785; W2621168830,"1993, 1995",6
more on the size of higman haines sets effective constructions,2,More on the Size of Higman-Haines Sets: Effective Constructions,W2151646486; W4248122200,"2007, 2009",6
newtonian program analysis of probabilistic programs,2,Newtonian Program Analysis of Probabilistic Programs,W4384807973; W4396239453,"2023, 2024",6
nixos,2,NixOS,W2141186838; W4243772354,2008,6
normalization for multimodal type theory,2,Normalization for Multimodal Type Theory,W3168820674; W4318621177,"2022, 2026",6
not all patterns but enough,2,"Not all patterns, but enough",W2120171626; W4232736436,2008,6
object relative addressing compressed pointers in 64 bit java virtual machines,2,Object-Relative Addressing: Compressed Pointers in 64-Bit Java Virtual Machines,W1548802270; W2560476913,"2007, 2008",6
on exact quantum query complexity,2,On Exact Quantum Query Complexity,W2139821069; W3101283140,"2011, 2013",6
on ideal lattices and learning with errors over rings,2,On Ideal Lattices and Learning with Errors over Rings,W2071825329; W2098290658,"2010, 2013",6
on interference abstractions,2,On interference abstractions,W2035510793; W4256696816,2011,6
on regions and linear types extended abstract,2,On regions and linear types (extended abstract),W2092234164; W3009547723,2001,6
on the complexity of boolean unification,2,On the complexity of Boolean unification,W1981232804; W4300778719,"1997, 1998",6
on the complexity of loop fusion,2,On the complexity of loop fusion,W2003368909; W4237521714,"1999, 2003",6
on the importance of points to analysis and other memory disambiguation methods for c programs,2,On the importance of points-to analysis and other memory disambiguation methods for C programs,W2003675210; W3045684483,2001,6
on the relative usefulness of fireballs,2,On the Relative Usefulness of Fireballs,W1551972816; W2949424697,2015,6
on the uniform convergence of relative frequencies of events to their probabilities,2,On the Uniform Convergence of Relative Frequencies of Events to Their Probabilities,W2029538739; W4238284510,"1971, 2015",6
one down 699 to go or synthesising compositional desugarings,2,"One down, 699 to go: or, synthesising compositional desugarings",W3200769474; W3201523680,2021,6
optimal speedup of las vegas algorithms,2,Optimal speedup of Las Vegas algorithms,W2094855848; W2154318861,"1993, 2002",6
optimizing function placement for large scale data center applications,2,Optimizing function placement for large-scale data-center applications,W2594305427; W4251155448,2017,6
pointer networks,2,Pointer networks,W2507756961; W3037280547,2015,6
polyhedral auto transformation with no integer linear programming,2,Polyhedral auto-transformation with no integer linear programming,W2799269451; W3012085932,2018,6
polynomial time inverse computation for accumulative functions with multiple data traversals,2,Polynomial-time inverse computation for accumulative functions with multiple data traversals,W1998594782; W2162741239,2012,6
positive almost sure termination complexity and proof rules,2,Positive Almost-Sure Termination -- Complexity and Proof Rules,W4387963548; W4390605099,"2023, 2024",6
positive subtyping,2,Positive subtyping,W2296293111; W2912288127,"1995, 1996",6
practical concurrent traversals in search trees,2,Practical concurrent traversals in search trees,W2788751764; W3087596853,2018,6
practical fault detection in puppet programs,2,Practical fault detection in puppet programs,W3088191102; W4287664278,2020,6
predicate abstraction and refinement for verifying multi threaded programs,2,Predicate abstraction and refinement for verifying multi-threaded programs,W2170487018; W4236040576,2011,6
principles of transactional memory,2,Principles of Transactional Memory,W2064214512; W4302585339,2010,6
prioritise the best variation,2,Prioritise the Best Variation,W3177169713; W4389879425,"2021, 2023",6
probabilistic simulations for probabilistic processes,2,Probabilistic simulations for probabilistic processes,W138290785; W1793726001,"1994, 2005",6
processes in kaffeos isolation resource management and sharing in java,2,"Processes in KaffeOS: isolation, resource management, and sharing in java",W2020136418; W4249622694,2000,6
program verification as satisfiability modulo theories,2,Program Verification as Satisfiability Modulo Theories,W2397041770; W3020819715,"2012, 2018",6
programmable syntax macros,2,Programmable syntax macros,W2036134187; W3004018421,1993,6
programming with abstract data types,2,Programming with abstract data types,W2156076209; W3160136729,1974,6
properties of a type abstract interpreter,2,Properties of a Type Abstract Interpreter,W1607783099; W2978808968,2002,6
protocols for secure computations,2,Protocols for secure computations,W2092422002; W3141585064,1982,6
provable defenses against adversarial examples via the convex outer adversarial polytope,2,Provable defenses against adversarial examples via the convex outer adversarial polytope,W2766462876; W2963496101,2017,6
putting strong linearizability in context preserving hyperproperties in programs that use concurrent objects,2,Putting Strong Linearizability in Context: Preserving Hyperproperties in Programs That Use Concurrent Objects,W2947389486; W2982706767,2019,6
pvs combining specification proof checking and model checking,2,"PVS: Combining specification, proof checking, and model checking",W1627776297; W1659048632,1996,6
quantifying the magic of quantum channels,2,Quantifying the magic of quantum channels,W2921011193; W3101000235,2019,6
quantitative information flow as safety and liveness hyperproperties,2,Quantitative Information Flow as Safety and Liveness Hyperproperties,W2034284430; W2963472894,"2012, 2013",6
quantitative interprocedural analysis,2,Quantitative Interprocedural Analysis,W2055545029; W3027560063,"2014, 2015",6
quantum circuit placement,2,Quantum circuit placement,W2140389278; W2148493470,"2007, 2008",6
quantum simulations of lattice gauge theories using ultracold atoms in optical lattices,2,Quantum simulations of lattice gauge theories using ultracold atoms in optical lattices,W1918709909; W3105228778,2015,6
query processing on probabilistic data a survey,2,Query Processing on Probabilistic Data: A Survey,W2739264497; W4292080426,2017,6
reasoning about networks with many identical finite state processes,2,Reasoning about networks with many identical finite-state processes,W2039812824; W4248849419,"1986, 1987",6
reasoning about online algorithms with weighted automata,2,Reasoning about online algorithms with weighted automata,W2070937106; W4251144709,"2009, 2010",6
recursion principles for syntax with bindings and substitution,2,Recursion principles for syntax with bindings and substitution,W1985926613; W2999700365,2011,6
refinement to imperative hol,2,Refinement to Imperative/HOL,W1955004327; W2762980364,"2015, 2017",6
regression testing minimization selection and prioritization a survey,2,"Regression testing minimization, selection and prioritization: a survey",W2014515160; W4247801242,"2010, 2012",6
regular expression containment,2,Regular expression containment,W2086171783; W4230275554,2011,6
relational parametricity and separation logic,2,Relational Parametricity and Separation Logic,W1511487092; W2001550314,"2007, 2008",6
relational queries over program traces,2,Relational queries over program traces,W2162126440; W4242528790,2005,6
relational semantics of linear logic and higher order model checking,2,Relational semantics of linear logic and higher-order model-checking,W1496335730; W2962716594,2015,6
rely guarantee protocols,2,Rely-Guarantee Protocols,W180196925; W4211046704,2014,6
results on the propositional μ calculus,2,Results on the propositional μ-calculus,W1577412708; W2015640848,"1982, 1983",6
retcon,2,RETCON,W2098359329; W4255372994,2010,6
reverse engineering of object oriented code,2,Reverse engineering of object oriented code,W2053426230; W4301151395,2005,6
revisiting loop fusion in the polyhedral framework,2,Revisiting loop fusion in the polyhedral framework,W2172073571; W3054224424,2014,6
rewrite systems,2,Rewrite systems,W2912818154; W3022794709,"1990, 1991",6
robotics software engineering a perspective from the service robotics domain,2,Robotics software engineering: a perspective from the service robotics domain,W3036758131; W3100344681,2020,6
safe fusion of functional expressions,2,Safe fusion of functional expressions,W2091762291; W3093007008,1992,6
safe software updates via multi version execution,2,Safe software updates via multi-version execution,W2151497944; W4236883605,2013,6
safer unsafe code for net,2,Safer unsafe code for .NET,W2155772078; W3015669913,2008,6
safety and conservativity of definitions in hol and isabelle hol,2,Safety and conservativity of definitions in HOL and Isabelle/HOL,W2780404142; W2898664984,"2017, 2018",6
satisfiability modulo odes,2,Satisfiability Modulo ODEs,W1996609162; W2964309890,2013,6
scalable address spaces using rcu balanced trees,2,Scalable address spaces using RCU balanced trees,W2165772200; W4233831038,2012,6
scaling regression testing to large software systems,2,Scaling regression testing to large software systems,W2144600533; W4238064055,2004,6
scanning polyhedra with do loops,2,Scanning polyhedra with DO loops,W1995270665; W3022287855,1991,6
secure implementation of channel abstractions,2,Secure implementation of channel abstractions,W1841523394; W2049618117,2002,6
segmental duplications organization and impact within the current human genome project assembly,2,Segmental Duplications: Organization and Impact Within the Current Human Genome Project Assembly,W2151318268; W4238737563,2001,6
selective eager execution on the polypath architecture,2,Selective eager execution on the PolyPath architecture,W2153948266; W4236787594,"1998, 2002",6
semantic domains and denotational semantics,2,Semantic Domains and Denotational Semantics,W1857165034; W4244619323,1989,6
shape analysis and applications,2,Shape Analysis and Applications,W2394743012; W56096157,"2002, 2007",6
shared memory performance profiling,2,Shared-memory performance profiling,W1998644982; W4242031649,1997,6
sheriff,2,SHERIFF,W2157352291; W4251870670,2011,6
slipstream processors,2,Slipstream processors,W2143068308; W4255602098,2000,6
smart choices and the selection monad,2,Smart Choices and the Selection Monad,W3042976617; W3174421213,"2021, 2023",6
smt based bounded model checking for embedded ansi c software,2,SMT-Based Bounded Model Checking for Embedded ANSI-C Software,W2106892818; W2949558051,"2009, 2011",6
sound and precise analysis of web applications for injection vulnerabilities,2,Sound and precise analysis of web applications for injection vulnerabilities,W2008158744; W2997473338,2007,6
speculative execution in a distributed file system,2,Speculative execution in a distributed file system,W2047418149; W2121178808,"2005, 2006",6
stability of randomized learning algorithms,2,Stability of Randomized Learning Algorithms,W2131542408; W3005141333,2005,6
staged notational definitions,2,Staged notational definitions,W1777933108; W4244104539,2003,6
static dependent costs for estimating execution time,2,Static dependent costs for estimating execution time,W2043310309; W4250377501,1994,6
stereo matching using belief propagation,2,Stereo matching using belief propagation,W2151646056; W2180905035,"2002, 2003",6
stmbench7,2,STMBench7,W2103933790; W4238758016,2007,6
string analysis as an abstract interpretation,2,String analysis as an abstract interpretation,W1530639173; W4242646994,2011,6
structured formal development with quotient types in isabelle hol,2,Structured Formal Development with Quotient Types in Isabelle/HOL,W2034168949; W4255801913,2010,6
symbolic solving of extended regular expression inequalities,2,Symbolic Solving of Extended Regular Expression Inequalities,W2963977162; W41571726,2014,6
synthesis of operation centric hardware descriptions,2,Synthesis of operation-centric hardware descriptions,W2172052797; W4249778561,"2000, 2002",6
t count optimization and reed muller codes,2,T-Count Optimization and Reed–Muller Codes,W2308615846; W3098637671,"2016, 2019",6
the art of the metaobject protocol,2,The art of the metaobject protocol,W1527793496; W68605010,"1991, 1992",6
the essence of command injection attacks in web applications,2,The essence of command injection attacks in web applications,W2144696387; W3001455961,2006,6
the google file system,2,The Google file system,W2119565742; W4238584892,2003,6
the incremental garbage collection of processes,2,The incremental garbage collection of processes,W1971181882; W3125427430,1977,6
the octahedron abstract domain,2,The Octahedron Abstract Domain,W1774989331; W1968208713,"2004, 2006",6
the path to durable linearizability,2,The Path to Durable Linearizability,W4309137580; W4315630770,"2022, 2023",6
the space complexity of approximating the frequency moments,2,The space complexity of approximating the frequency moments,W2064379477; W2080745194,"1996, 1999",6
the verifast program verifier a tutorial,2,The Verifast Program Verifier: A Tutorial,W3208039908; W6930547358,"2017, 2024",6
three improvements to the top down solver,2,Three Improvements to the Top-Down Solver,W2885805316; W4210555564,"2018, 2021",6
through the looking glass,2,Through the looking glass,W2018490996; W4251597198,2007,6
tiling stencil computations to maximize parallelism,2,Tiling stencil computations to maximize parallelism,W2070961300; W4255560897,2012,6
toward a theory of test data selection,2,Toward a theory of test data selection,W2132840411; W2610485112,1975,6
towards automatic construction of staged compilers,2,Towards automatic construction of staged compilers,W2117070687; W4242524330,2002,6
towards scalable verification of deep reinforcement learning,2,Towards Scalable Verification of Deep Reinforcement Learning,W3196050394; W6927441928,2021,6
transparent lightweight application execution replay on commodity multiprocessor operating systems,2,"Transparent, lightweight application execution replay on commodity multiprocessor operating systems",W2123524055; W2997781304,2010,6
trx a formally verified parser interpreter,2,TRX: A Formally Verified Parser Interpreter,W1689185560; W2949259341,"2010, 2011",6
type based amortized resource analysis with integers and arrays,2,Type-based amortized resource analysis with integers and arrays,W2408755413; W82233118,"2014, 2015",6
type directed partial evaluation,2,Type-directed partial evaluation,W2159591963; W2167075594,"1996, 1999",6
type indexed data types,2,Type-indexed data types,W2145738007; W2493130382,"2002, 2004",6
type inference against races,2,Type Inference Against Races,W1520671672; W1999539882,"2004, 2006",6
typechecking for xml transformers,2,Typechecking for XML transformers,W1981870753; W1995362929,"2000, 2003",6
types regions and effects for safe programming with object oriented parallel frameworks,2,"Types, regions, and effects for safe programming with object-oriented parallel frameworks",W2118373501; W4237849741,2011,6
understanding devops education with grounded theory,2,Understanding DevOps education with Grounded theory,W3095180893; W4252159906,2020,6
unifying graded and parameterised monads,2,Unifying graded and parameterised monads,W3003163255; W3099908169,2020,6
uniqueness typing for resource management in message passing concurrency,2,Uniqueness Typing for Resource Management in Message-Passing Concurrency,W2950251922; W3140772287,2010,6
univalent categories and the rezk completion,2,Univalent categories and the Rezk completion,W2054195362; W4230309943,2015,6
using fully homomorphic encryption for statistical analysis of categorical ordinal and numerical data,2,"Using Fully Homomorphic Encryption for Statistical Analysis of Categorical, Ordinal and Numerical Data",W2614081991; W2949776585,"2016, 2017",6
using structural context to recommend source code examples,2,Using structural context to recommend source code examples,W2169952536; W4240736797,2005,6
value profiling,2,Value profiling,W2295303622; W4251073284,"1997, 2002",6
varan the unbelievable,2,VARAN the Unbelievable,W1984554975; W3018471263,2015,6
varlifter recovering variables and types from bytecode of solidity smart contracts,2,VarLifter: Recovering Variables and Types from Bytecode of Solidity Smart Contracts,W4403222872; W6949274831,2024,6
verifiable hierarchical protocols with network invariants on parametric systems,2,Verifiable hierarchical protocols with network invariants on parametric systems,W2597597082; W4238041321,2016,6
verifiable reinforcement learning via policy extraction,2,Verifiable Reinforcement Learning via Policy Extraction,W2803974723; W2964231903,2018,6
verification algorithms for automated separation logic verifiers,2,Verification Algorithms for Automated Separation Logic Verifiers,W4398157140; W4400973470,2024,6
verification of annotated models from executions,2,Verification of annotated models from executions,W2078162013; W4248646522,2013,6
verifying an effect handler based define by run reverse mode ad library,2,Verifying an Effect-Handler-Based Define-By-Run Reverse-Mode AD Library,W4226262645; W4387876350,"2021, 2023",6
verifying programs with unreliable channels,2,Verifying Programs with Unreliable Channels,W2123160677; W4247648311,"1996, 2002",6
verifying relational properties of functional programs by first order refinement,2,Verifying Relational Properties of Functional Programs by First-Order Refinement,W2077881577; W2299804622,"2014, 2016",6
verifying safety properties of concurrent java programs using 3 valued logic,2,Verifying safety properties of concurrent Java programs using 3-valued logic,W2007541742; W3033386533,2001,6
visibly pushdown transducers,2,Visibly pushdown transducers,W2881695248; W6987983230,"2011, 2018",6
weighted context free language ordered binary decision diagrams,2,Weighted Context-Free-Language Ordered Binary Decision Diagrams,W4378464754; W4403223208,"2023, 2024",6
where should the bugs be fixed more accurate information retrieval based bug localization based on bug reports,2,Where should the bugs be fixed? - more accurate information retrieval-based bug localization based on bug reports,W2116737258; W3149255455,2012,6
witchdoctor ide support for real time auto completion of refactorings,2,WitchDoctor: IDE Support for Real-Time Auto-Completion of Refactorings,W2141682682; W3148057751,"2012, 2013",6
yesterday my program worked today it does not why,2,"Yesterday, my program worked. Today, it does not. Why?",W2148329403; W4232512250,1999,6
a computationally sound mechanized prover for security protocols,2,A Computationally Sound Mechanized Prover for Security Protocols,W1987581799; W2108978217,"2006, 2008",5
a fast fourier transform compiler,2,A fast Fourier transform compiler,W2164197394; W3004184795,1999,5
a framework for type inference with subtyping,2,A framework for type inference with subtyping,W2081992169; W3008834557,1998,5
a sentence generator for testing parsers,2,A sentence generator for testing parsers,W1983878972; W4243412374,1972,5
adaptive random testing,2,Adaptive random testing,W2045002843; W2153649445,"2004, 2011",5
an operational semantics for scheme,2,An operational semantics for Scheme,W2002931343; W2165507557,"1992, 2007",5
call by value non determinism in a linear logic type discipline,2,Call-by-Value Non-determinism in a Linear Logic Type Discipline,W1597392452; W3099560079,2013,5
catch me if you can,2,Catch me if you can,W2019673585; W2096666207,"2009, 2011",5
category theory,2,Category Theory,W2610994252; W4251799386,2006,5
circuit for shor s algorithm using 2n 3 qubits,2,Circuit for Shor's algorithm using 2n+3 qubits,W1624887593; W3004181536,2003,5
coinductive proofs for temporal hyperliveness,2,Coinductive Proofs for Temporal Hyperliveness,W4406235120; W6911726551,"2024, 2025",5
compositional explanation of types and algorithmic debugging of type errors,2,Compositional explanation of types and algorithmic debugging of type errors,W2087272670; W3014343239,2001,5
computer science logic,2,Computer Science Logic,W1768754909; W590934608,"1997, 2009",5
data streams algorithms and applications,2,Data Streams: Algorithms and Applications,W1965972569; W1995484833,2005,5
data types as lattices,2,Data types as lattices,W2093541252; W4211265583,"1976, 2006",5
deriving backtracking monad transformers,2,Deriving backtracking monad transformers,W1970782371; W2999328989,2000,5
deterministic techniques for efficient non deterministic parsers,2,Deterministic techniques for efficient non-deterministic parsers,W1577934069; W4244423947,1974,5
dictionary free overloading by partial evaluation,2,Dictionary-free overloading by partial evaluation,W2068465106; W2702590602,"1994, 1995",5
focusing on pattern matching,2,Focusing on pattern matching,W2076578036; W4253158494,2009,5
fundamental properties of infinite trees,2,Fundamental Properties of Infinite Trees,W1973576343; W4212983671,"1982, 1983",5
handbook of categorical algebra,2,Handbook of Categorical Algebra,W1578654632; W2493333586,1994,5
handbook of theoretical computer science,2,Handbook of theoretical computer science,W2132750992; W2748837517,"1990, 1992",5
hierarchical ordering of sequential processes,2,Hierarchical Ordering of Sequential Processes,W1582831902; W2094159214,1971,5
intersection types and bounded polymorphism,2,Intersection types and bounded polymorphism,W1592716715; W2014351883,"1997, 2006",5
modular specification and verification of a cache coherent interface,2,Modular specification and verification of a cache-coherent interface,W2600316512; W4241192608,2016,5
monads in action,2,Monads in action,W2162298406; W4250682738,2010,5
multi objective optimization,2,Multi-objective Optimization,W2198098822; W4241971694,"2013, 2016",5
open source computer algebra systems,2,Open source computer algebra systems,W2011357920; W4249835868,"2010, 2012",5
optimization directed compiler fuzzing for continuous translation validation,2,Optimization-Directed Compiler Fuzzing for Continuous Translation Validation,W4411267910; W6968341395,2025,5
pipelining with futures,2,Pipelining with Futures,W1995689755; W2044872254,"1997, 1999",5
poster,2,POSTER,W2581643029; W2765944901,2017,5
principles and practice of constraint programming,2,Principles and Practice of Constraint Programming,W2501430986; W4232676016,"1994, 2019",5
probability and computing randomized algorithms and probabilistic analysis,2,Probability and computing: randomized algorithms and probabilistic analysis,W1595409123; W2067883080,"2005, 2006",5
probability inequalities for sums of bounded random variables,2,Probability Inequalities for sums of Bounded Random Variables,W2103012681; W4233413206,"1963, 1994",5
profile guided code positioning,2,Profile guided code positioning,W2116672403; W4248045917,"1990, 2004",5
program inversion,2,Program Inversion,W2913026635; W4251939443,"1978, 1979",5
pure subtype systems,2,Pure subtype systems,W1977820295; W4241473484,2010,5
register allocation and amp spilling via graph coloring,2,Register allocation &amp; spilling via graph coloring,W2118866757; W3148529197,1982,5
relating computational effects by lifting,2,Relating Computational Effects by ⊤ ⊤-Lifting,W2104602076; W2119440710,"2011, 2012",5
relational and algebraic methods in computer science,2,Relational and Algebraic Methods in Computer Science,W3150527377; W4243439029,"2011, 2019",5
search based software engineering,2,Search-based software engineering,W1977321274; W2092382400,"2001, 2012",5
secrecy by typing in security protocols,2,Secrecy by typing in security protocols,W1966219798; W1991354622,"1997, 1999",5
set based analysis of ml programs,2,Set-based analysis of ML programs,W2102389857; W3003760137,1994,5
states effects and operations fundamental notions of quantum theory,2,"States, Effects, and Operations Fundamental Notions of Quantum Theory",W1643301482; W2599980333,"1983, 1986",5
submodules in racket,2,Submodules in racket,W2126328048; W3163435015,2013,5
the c programming language,2,The C++ Programming Language,W2987803397; W4400961909,"1985, 2024",5
the optimal implementation of functional programming languages,2,The optimal implementation of functional programming languages,W1553954213; W2002663537,"1998, 2000",5
the origins of structural operational semantics,2,The origins of structural operational semantics,W2007809070; W4206485129,2004,5
type driven development with idris,2,Type-Driven Development with Idris,W3035097735; W3037986940,"2017, 2020",5
verification model checking and abstract interpretation,2,"Verification, Model Checking, and Abstract Interpretation",W2496613029; W4316662532,"2005, 2023",5
verification of sequential and concurrent programs,2,Verification of Sequential and Concurrent Programs,W2156461803; W2569787747,"1997, 2009",5
views and queries,2,Views and queries,W2066684585; W2074669964,"2005, 2010",5
a coinductive calculus for asynchronous side effecting processes,2,A coinductive calculus for asynchronous side-effecting processes,W2003927942; W2149142030,"2011, 2013",4
a fast and high quality multilevel scheme for partitioning irregular graphs,2,A Fast and High Quality Multilevel Scheme for Partitioning Irregular Graphs,W2070232376; W3009233884,1998,4
a formal comparison of approaches to datatype generic programming,2,A Formal Comparison of Approaches to Datatype-Generic Programming,W2108061437; W3140687576,"2012, 2013",4
a framework for extensible languages,2,A framework for extensible languages,W2151073063; W3161041739,2013,4
a linear time self interpreter of a reversible imperative language,2,A Linear-Time Self-Interpreter of a Reversible Imperative Language,W2531051632; W4412267756,2016,4
a logic of probability with decidable model checking,2,A Logic of Probability with Decidable Model-Checking,W1591783602; W2020997970,"2002, 2006",4
a logic programming language with lambda abstraction function variables and simple unification,2,"A logic programming language with lambda-abstraction, function variables, and simple unification",W1542795482; W2075352622,"1991, 2006",4
a low overhead coherence solution for multiprocessors with private cache memories,2,A low-overhead coherence solution for multiprocessors with private cache memories,W2173730676; W4249203857,"1984, 1998",4
a message passing interpretation of adjoint logic,2,A Message-Passing Interpretation of Adjoint Logic,W2949311029; W3113536295,"2019, 2020",4
a monadic formalization of ml5,2,A Monadic Formalization of ML5,W2110424720; W2963548903,2010,4
a new approach to program testing,2,A new approach to program testing,W2126094482; W2610511123,1975,4
a practical flow sensitive and context sensitive c and c memory leak detector,2,A practical flow-sensitive and context-sensitive C and C++ memory leak detector,W2138369269; W4244800399,2003,4
a statistical approach to texture classification from single images,2,A Statistical Approach to Texture Classification from Single Images,W2108082645; W4239269065,"2004, 2005",4
a type system equivalent to flow analysis,2,A type system equivalent to flow analysis,W2014387690; W2052440299,1995,4
a verification technique for deterministic parallel programs,2,A Verification Technique for Deterministic Parallel Programs,W2604335042; W2762592033,2017,4
accelerating fuzzing through prefix guided execution,2,Accelerating Fuzzing through Prefix-Guided Execution,W4324126469; W4362676235,2023,4
accent,2,Accent,W2117271294; W4205353076,1981,4
achieving out of order performance with almost in order complexity,2,Achieving Out-of-Order Performance with Almost In-Order Complexity,W2163516662; W3151936273,2008,4
adjunction models for call by push value with stacks,2,Adjunction Models For Call-By-Push-Value With Stacks,W2097704879; W4413966238,"2003, 2005",4
an algorithm for the general petri net reachability problem,2,An algorithm for the general Petri net reachability problem,W2011495892; W2164003033,"1981, 1984",4
an analytical model for a gpu architecture with memory level and thread level parallelism awareness,2,An analytical model for a GPU architecture with memory-level and thread-level parallelism awareness,W2167334577; W2997701623,2009,4
an automatic object inlining optimization and its evaluation,2,An automatic object inlining optimization and its evaluation,W1967716562; W3031203502,2000,4
an empirical exploration of refactoring effect on software quality using external quality factors,2,An Empirical Exploration of Refactoring effect on Software Quality using External Quality Factors,W2096483096; W4248809073,"2014, 2015",4
analyzing the performance of code copying virtual machines,2,Analyzing the performance of code-copying virtual machines,W2043313946; W4248578803,2008,4
anatomy of a hardware compiler,2,Anatomy of a hardware compiler,W2031722188; W4246471423,1988,4
approximate computation with outlier detection in topaz,2,Approximate computation with outlier detection in Topaz,W1992071554; W4230025805,2015,4
approximating optimal binary decision trees,2,Approximating Optimal Binary Decision Trees,W1811083715; W2092795460,"2008, 2011",4
automatic detection and repair of errors in data structures,2,Automatic detection and repair of errors in data structures,W2098010463; W3170419972,2003,4
automatic formal verification of mpi based parallel programs,2,Automatic formal verification of MPI-based parallel programs,W2156588754; W4254648976,2011,4
autosynch,2,AutoSynch,W2011487374; W4249443638,2013,4
axe em eliminating spurious states with induction axioms artifact,2,Axe 'Em: Eliminating Spurious States with Induction Axioms (Artifact),W6968113442; W6968520923,2024,4
axioms for concurrent objects,2,Axioms for concurrent objects,W2015121269; W4211195336,1987,4
balanced trees inhabiting functional parallel programming,2,Balanced trees inhabiting functional parallel programming,W2049940842; W4236607251,2011,4
basic category theory for computer scientists,2,Basic category theory for computer scientists,W1533008268; W4300454881,"1991, 1992",4
bayesian artificial intelligence,2,Bayesian Artificial Intelligence,W1989020770; W2501634593,"2003, 2010",4
bayesian inference in dynamic econometric models,2,Bayesian Inference in Dynamic Econometric Models,W1545129310; W1609127433,2000,4
better extensibility through modular syntax,2,Better extensibility through modular syntax,W2098396599; W4237774781,2006,4
beyond induction variables,2,Beyond induction variables,W1999346024; W2078314687,"1992, 1995",4
bounded msc communication,2,Bounded MSC Communication,W1553788986; W2013082250,"2002, 2003",4
bounding normalization time through intersection types,2,Bounding normalization time through intersection types,W2072508414; W3104763574,2013,4
branch prediction for free,2,Branch prediction for free,W1969012464; W4248161256,1993,4
can program profiling support value prediction,2,Can program profiling support value prediction,W2125452276; W4248185003,"1997, 2002",4
cartesian closed 2 categories and permutation equivalence in higher order rewriting,2,Cartesian closed 2-categories and permutation equivalence in higher-order rewriting,W2126306617; W3102303293,"2010, 2013",4
ccs expressions finite state processes and three problems of equivalence,2,"CCS expressions, finite state processes, and three problems of equivalence",W2021473546; W2072538510,"1983, 1990",4
chacha20 and poly1305 for ietf protocols,2,ChaCha20 and Poly1305 for IETF Protocols,W2262479410; W4255560409,"2015, 2018",4
chad for expressive total languages,2,CHAD for expressive total languages,W3203610362; W4362597565,"2021, 2023",4
clustering algorithms for the centralized and local models,2,Clustering Algorithms for the Centralized and Local Models,W2736175436; W2963174403,"2017, 2018",4
code style sheets css for code,2,Code Style Sheets: CSS for Code,W4407583589; W4409311147,2025,4
combining abstract interpreters,2,Combining abstract interpreters,W2140856295; W4232671690,2006,4
combining language and database advances in an object oriented development environment,2,Combining language and database advances in an object-oriented development environment,W1992847198; W3160865900,1987,4
compatible genericity with run time types for the java programming language,2,Compatible genericity with run-time types for the Java programming language,W2035709547; W4231981509,1998,4
computer architecture techniques for power efficiency,2,Computer Architecture Techniques for Power-Efficiency,W2110999878; W4211195804,2008,4
concur 2010 concurrency theory,2,Concur 2010 - Concurrency Theory,W119572049; W2597686129,"2010, 2011",4
concurrent constraint programming,2,Concurrent constraint programming,W1989095004; W2142423074,"1990, 2000",4
conditional lemma discovery and recursion induction in hipster,2,Conditional Lemma Discovery and Recursion Induction in Hipster,W2273920291; W6904961585,"2015, 2024",4
confined types,2,Confined types,W2295471304; W4230409082,1999,4
constraint based synthesis of coupling proofs,2,Constraint-Based Synthesis of Coupling Proofs,W2797085787; W2950092323,2018,4
containment of conjunctive queries on annotated relations,2,Containment of Conjunctive Queries on Annotated Relations,W2058560220; W2150616017,"2009, 2011",4
context and path sensitive memory leak detection,2,Context- and path-sensitive memory leak detection,W2166140339; W3114516458,2005,4
context sensitive domain independent algorithm composition and selection,2,Context-sensitive domain-independent algorithm composition and selection,W2142920127; W4243693775,2006,4
covariance and controvariance a fresh look at an old issue a primer in advanced type systems for learning functional programmers,2,Covariance and Controvariance: a fresh look at an old issue (a primer in advanced type systems for learning functional programmers),W2889794696; W3097352678,"2020, 2022",4
coverage guided test generation for continuous and hybrid systems,2,Coverage-guided test generation for continuous and hybrid systems,W2080932760; W3010528861,2009,4
cryptographically sound implementations for typed information flow security,2,Cryptographically sound implementations for typed information-flow security,W2044338429; W3007816028,2008,4
data flow equations for explicitly parallel programs,2,Data flow equations for explicitly parallel programs,W1982335633; W2998112824,1993,4
data mining and knowledge discovery handbook,2,Data Mining and Knowledge Discovery Handbook,W2002830978; W4205930639,"2005, 2010",4
dcg,2,DCG,W2160620982; W4229813677,1994,4
developing verified programs with dafny,2,Developing verified programs with dafny,W2027294620; W4253467440,2013,4
developments in language theory,2,Developments in Language Theory,W2503239872; W2503434581,"2003, 2016",4
discovery and exploitation of general reductions a constraint based approach,2,Discovery and exploitation of general reductions: a constraint based approach,W2593883698; W4250405455,2017,4
displayed categories,2,Displayed Categories,W2795378980; W4404447154,2019,4
do machine learning models produce typescript types that type check,2,Do Machine Learning Models Produce TypeScript Types That Type Check?,W4321855260; W4384115804,2023,4
dynamic hot data stream prefetching for general purpose programs,2,Dynamic hot data stream prefetching for general-purpose programs,W2095063920; W4242270999,2002,4
dynamic memory disambiguation in the presence of out of order store issuing,2,Dynamic memory disambiguation in the presence of out-of-order store issuing,W2176684476; W2217374585,"1999, 2003",4
dynamine,2,DynaMine,W2124666592; W4254645357,2005,4
efficient chad,2,Efficient CHAD,W4384389552; W6929416592,"2023, 2024",4
efficient milp modelings for sboxes and linear layers of spn ciphers,2,Efficient MILP Modelings for Sboxes and Linear Layers of SPN ciphers,W3097184403; W4398224880,2020,4
efficient parallelisation using combined loop and data transformations,2,Efficient parallelisation using combined loop and data transformations,W2055015894; W3138691618,"1999, 2003",4
elements of style,2,Elements of style,W2136650506; W4254512865,1996,4
elimination of redundant array subscript range checks,2,Elimination of redundant array subscript range checks,W2054939714; W3005590754,1995,4
empirically detecting false test alarms using association rules,2,Empirically detecting false test alarms using association rules,W2009389031; W4233654496,2015,4
enabling static analysis for partial java programs,2,Enabling static analysis for partial java programs,W2011458734; W3014903559,2008,4
energy efficient work stealing language runtimes,2,Energy-efficient work-stealing language runtimes,W2000364684; W3114492435,2014,4
essential language support for generic programming,2,Essential language support for generic programming,W2104076942; W4233840497,2005,4
event based runtime verification of java programs,2,Event-based runtime verification of java programs,W2107412422; W4234921998,2005,4
explicitly heterogeneous metaprogramming with metahaskell,2,Explicitly heterogeneous metaprogramming with MetaHaskell,W2131012971; W3091380453,2012,4
exploiting contextual independence in probabilistic inference,2,Exploiting Contextual Independence In Probabilistic Inference,W2167116921; W3103202110,2003,4
face fast aes ctr mode encryption techniques based on the reuse of repetitive data,2,FACE: Fast AES CTR mode Encryption Techniques based on the Reuse of Repetitive Data,W2895996699; W4241297976,2018,4
fair stateless model checking,2,Fair stateless model checking,W2154266022; W3080174946,2008,4
first class subtypes,2,First-Class Subtypes,W2946823504; W2947762162,2019,4
first steps in synthetic tait computability the objective metatheory of cubical type theory,2,First Steps in Synthetic Tait Computability: The Objective Metatheory of Cubical Type Theory,W4291668274; W6959498146,"2021, 2022",4
focused proof search in the logic of bunched implications,2,Focused Proof-search in the Logic of Bunched Implications,W3139860392; W4287639019,"2020, 2021",4
foundations for virtual types,2,Foundations for Virtual Types,W1525902790; W2049773429,"1999, 2002",4
foundations of modern probability,2,Foundations of Modern Probability,W2017170340; W4301084947,"1998, 2021",4
from network interface to multithreaded web applications,2,From Network Interface to Multithreaded Web Applications,W1981810578; W3043673239,"2014, 2015",4
from single to multi objective auto tuning of programs advantages and implications,2,From Single- to Multi-Objective Auto-Tuning of Programs: Advantages and Implications,W2136461733; W4250317907,2014,4
functional differentiation of computer programs,2,Functional differentiation of computer programs,W2156468295; W2999031440,1998,4
functional pearl a smart view on datatypes,2,Functional pearl: a smart view on datatypes,W2012355983; W3199301239,2015,4
functional programming with structured graphs,2,Functional programming with structured graphs,W2166289497; W4246394701,2012,4
game theoretical semantics insights and prospects,2,Game-Theoretical Semantics: Insights and Prospects,W1993752242; W4250353750,"1982, 1983",4
global code motion global value numbering,2,Global code motion/global value numbering,W2017351599; W2996811965,1995,4
global common subexpression elimination,2,Global common subexpression elimination,W2150082535; W4252737723,1970,4
global instruction scheduling for superscalar machines,2,Global instruction scheduling for superscalar machines,W2118911512; W3003229632,1991,4
grading student programs using assyst,2,Grading student programs using ASSYST,W1971973232; W3005371628,1997,4
hardware synthesis from guarded atomic actions with performance specifications,2,Hardware synthesis from guarded atomic actions with performance specifications,W2144931012; W4250169475,2005,4
hochc a refutationally complete and semantically invariant system of higher order logic modulo theories,2,HoCHC: A Refutationally Complete and Semantically Invariant System of Higher-order Logic Modulo Theories,W2933925126; W2964409640,2019,4
how to print floating point numbers accurately,2,How to print floating-point numbers accurately,W1992823221; W4243124072,"1990, 2004",4
i ephemerons i,2,<i>Ephemerons</i>,W2087960970; W4238745398,1997,4
identifying reasons for software changes using historic databases,2,Identifying reasons for software changes using historic databases,W2164519300; W3145932680,2000,4
igor a system for program debugging via reversible execution,2,IGOR: a system for program debugging via reversible execution,W2082498963; W4252135746,1988,4
ill typed programs don t evaluate,2,Ill-Typed Programs Don't Evaluate,W4384392978; W4390603371,"2023, 2024",4
implementation of functional languages,2,Implementation of Functional Languages,W2488050585; W4298474179,"1997, 1999",4
improving cache performance in dynamic applications through data and computation reorganization at run time,2,Improving cache performance in dynamic applications through data and computation reorganization at run time,W2028914463; W3022352883,1999,4
improving data cache performance by pre executing instructions under a cache miss,2,Improving data cache performance by pre-executing instructions under a cache miss,W2019674193; W4232096869,"1997, 2014",4
incrementalized pointer and escape analysis,2,Incrementalized pointer and escape analysis,W2105256796; W4205439553,2001,4
indentation sensitive parsing for parsec,2,Indentation-sensitive parsing for Parsec,W2115538819; W4254962740,2014,4
indexed induction recursion,2,Indexed Induction-Recursion,W1593841126; W2132221175,"2001, 2005",4
inference of finite automata using homing sequences,2,Inference of finite automata using homing sequences,W2080028974; W2140606869,"1989, 1993",4
inferring termination conditions for logic programs using backwards analysis,2,Inferring Termination Conditions for Logic Programs Using Backwards Analysis,W1496121453; W2148363954,"2001, 2005",4
instances of computational effects an algebraic perspective,2,Instances of Computational Effects: An Algebraic Perspective,W2016718260; W4235724312,2013,4
integer and combinatorial optimization,2,Integer and Combinatorial Optimization,W1968143987; W2595833503,"1989, 1990",4
interface automata,2,Interface automata,W2293287097; W4244728546,2001,4
international symposium on programming,2,International Symposium on Programming,W2476374105; W4247885407,"1982, 1984",4
introduction to high performance scientific computing,2,Introduction to High Performance Scientific Computing,W4298097438; W632194658,"2015, 2016",4
jedd,2,Jedd,W2136503680; W4241344291,2004,4
lambda dropping transforming recursive equations into programs with block structure,2,Lambda-dropping: transforming recursive equations into programs with block structure,W2077853727; W4234297566,"1999, 2000",4
language modularity with the mps language workbench,2,Language modularity with the MPS language workbench,W2167469483; W3144910326,2012,4
large margin classification using the perceptron algorithm,2,Large margin classification using the perceptron algorithm,W1979711143; W4249572517,"1998, 1999",4
lattice surgery with a twist simplifying clifford gates of surface codes,2,Lattice Surgery with a Twist: Simplifying Clifford Gates of Surface Codes,W2753032830; W3099545137,2018,4
learning concepts definable in first order logic with counting,2,Learning Concepts Definable in First-Order Logic with Counting,W2965343728; W3103193224,2019,4
lifting propositional interpolants to the word level,2,Lifting Propositional Interpolants to the Word−Level,W2098467159; W4242333425,2007,4
light linear logic,2,Light Linear Logic,W1969548989; W2177992386,"1995, 1998",4
lightweight generics in embedded systems through static analysis,2,Lightweight generics in embedded systems through static analysis,W2142019528; W3161720777,2012,4
linearity sharing and state a fully abstract game semantics for idealized algol with active expressions,2,"Linearity, Sharing and State: A Fully Abstract Game Semantics for Idealized Algol with Active Expressions",W1977216954; W3169946360,"1996, 1997",4
ll sc and atomic copy constant time space efficient implementations using only pointer width cas,2,"LL/SC and Atomic Copy: Constant Time, Space Efficient Implementations Using Only Pointer-Width CAS",W2990923843; W3097570329,2019,4
lolliproc,2,Lolliproc,W2070112643; W4234108538,2010,4
lots o ticks,2,Lots o'Ticks,W2099767549; W4238735223,2001,4
magicfuzzer scalable deadlock detection for large scale applications,2,MagicFuzzer: scalable deadlock detection for large-scale applications,W2104831091; W3151416809,2012,4
maintenance of materialized views problems techniques and applications,2,"Maintenance of Materialized Views: Problems, Techniques, and Applications",W1943411325; W253264081,"1995, 1999",4
making smalltalk a database system,2,Making smalltalk a database system,W1977101058; W2998952999,1984,4
markov chain monte carlo convergence diagnostics a comparative review,2,Markov Chain Monte Carlo Convergence Diagnostics: A Comparative Review,W2102862543; W4256665558,1996,4
matching logic,2,Matching logic,W2142762894; W3037272170,"2011, 2017",4
mathematical logic,2,Mathematical logic,W2977904728; W4237721941,"1967, 1994",4
maté,2,Maté,W2124705135; W4255895675,2002,4
meaningful change detection in structured data,2,Meaningful change detection in structured data,W2143275903; W4245525132,1997,4
mechanising blockchain consensus,2,Mechanising blockchain consensus,W2774513577; W4245104683,"2017, 2018",4
memory dependence prediction using store sets,2,Memory dependence prediction using store sets,W2064909421; W4210823068,1998,4
minimum cost loop nests for contraction of a sparse tensor with a tensor network,2,Minimum Cost Loop Nests for Contraction of a Sparse Tensor with a Tensor Network,W4384263491; W4399344346,"2023, 2024",4
mnist c a robustness benchmark for computer vision,2,MNIST-C: A Robustness Benchmark for Computer Vision,W2948140748; W4301599248,2019,4
model representation over finite and infinite signatures,2,Model Representation over Finite and Infinite Signatures,W1587803076; W2040182340,"2006, 2007",4
modern datalog engines,2,Modern Datalog Engines,W4285157437; W4293208303,2022,4
multi return function call,2,Multi-return function call,W1964116669; W2144700864,"2004, 2006",4
mutually enhancing test generation and specification inference,2,Mutually Enhancing Test Generation and Specification Inference,W1533857697; W2584780271,2004,4
new cache designs for thwarting software cache based side channel attacks,2,New cache designs for thwarting software cache-based side channel attacks,W2166293920; W4241773843,2007,4
nltk,2,NLTK,W2143017621; W4245267204,"2002, 2004",4
non null references by default in java alleviating the nullity annotation burden,2,Non-null references by default in java: alleviating the nullity annotation burden,W1874950958; W4241904514,2007,4
numerical optimization,2,Numerical optimization,W3029645440; W4301014524,"2006, 2021",4
on barron and strachey s cartesian product function,2,On Barron and Strachey's Cartesian Product Function,W2724973355; W3002822525,2007,4
on bounding problems of quantitative information flow,2,On bounding problems of quantitative information flow,W1484057600; W2947969153,"2010, 2011",4
on notions of regularity for data languages,2,On notions of regularity for data languages,W2163310156; W3005147078,"2007, 2009",4
on polymorphic sessions and functions,2,On Polymorphic Sessions and Functions,W2797067244; W3172689801,"2018, 2021",4
on stack replacement distilled,2,"On-stack replacement, distilled",W2798432239; W3183480845,2018,4
on the analysis of interacting pushdown systems,2,On the analysis of interacting pushdown systems,W2038216124; W4247858957,2007,4
on the complexity of putinar vasilescu s positivstellensatz,2,On the complexity of Putinar–Vasilescu's Positivstellensatz,W3157758976; W4220774658,"2021, 2022",4
on the learnability of disjunctive normal form formulas,2,On the Learnability of Disjunctive Normal Form Formulas,W2033049828; W4238857046,1995,4
on the logical complexity of cyclic arithmetic,2,On the logical complexity of cyclic arithmetic,W2884490461; W3003688551,2020,4
one unambiguous regular languages,2,One-Unambiguous Regular Languages,W2057841333; W2998389348,1998,4
optimathsat a tool for optimization modulo theories,2,OptiMathSAT: A Tool for Optimization Modulo Theories,W1022177737; W3021334088,"2015, 2018",4
optimistic evaluation,2,Optimistic evaluation,W2135037829; W4248041368,2003,4
optimizing for parallelism and data locality,2,Optimizing for parallelism and data locality,W2077960035; W4241752870,"1992, 2014",4
optimizing hash array mapped tries for fast and lean immutable jvm collections,2,Optimizing hash-array mapped tries for fast and lean immutable JVM collections,W2062349224; W4237405477,2015,4
optimizing programs with intended semantics,2,Optimizing programs with intended semantics,W2104462386; W4233563801,2009,4
parallel algorithms with optimal speedup for bounded treewidth,2,Parallel algorithms with optimal speedup for bounded treewidth,W1541012495; W2017492235,"1995, 1998",4
parallel flow sensitive pointer analysis by graph rewriting,2,Parallel flow-sensitive pointer analysis by graph-rewriting,W1999398749; W4234839769,2013,4
philosophy and the practice of bayesian statistics,2,Philosophy and the practice of Bayesian statistics,W2951147613; W3122478777,"2010, 2012",4
polymorphic typestate for session types,2,Polymorphic Typestate for Session Types,W4307934025; W4385849472,"2022, 2023",4
positive operators,2,Positive Operators,W2911459287; W4255507581,"2006, 2008",4
precise memory leak detection for java software using container profiling,2,Precise memory leak detection for java software using container profiling,W2154843497; W2157579724,"2008, 2013",4
predicting conditional branch directions from previous runs of a program,2,Predicting conditional branch directions from previous runs of a program,W2167651816; W4249114917,1992,4
predicting whole program locality through reuse distance analysis,2,Predicting whole-program locality through reuse distance analysis,W2024717934; W4241057782,2003,4
presheaf models for concurrency,2,Presheaf models for concurrency,W1511331505; W2732985646,"1996, 1997",4
privacy preserving data mining,2,Privacy-preserving data mining,W2128906841; W4248358572,2000,4
program development by stepwise refinement,2,Program development by stepwise refinement,W2987977008; W4300377269,"1971, 2002",4
program verification using templates over predicate abstraction,2,Program verification using templates over predicate abstraction,W2111950041; W3020568625,2009,4
prompting is all you need automated android bug replay with large language models,2,Prompting Is All You Need: Automated Android Bug Replay with Large Language Models,W4379538742; W4391558516,"2023, 2024",4
psym efficient symbolic exploration of distributed systems,2,Psym: Efficient Symbolic Exploration of Distributed Systems,W4379537666; W6931713075,2023,4
qualified data flow problems,2,Qualified Data Flow Problems,W2002920670; W2036812689,"1980, 1981",4
quantum gauge field theory in cohesive homotopy type theory,2,Quantum Gauge Field Theory in Cohesive Homotopy Type Theory,W2041893638; W3149816478,"2013, 2014",4
quantum query complexity of minor closed graph properties,2,Quantum query complexity of minor-closed graph properties,W2623901742; W3099748545,"2010, 2011",4
quantum walk algorithm for element distinctness,2,Quantum Walk Algorithm for Element Distinctness,W2058286540; W2165264713,"2004, 2007",4
random walks on polytopes and an affine interior point method for linear programming,2,Random Walks on Polytopes and an Affine Interior Point Method for Linear Programming,W2123493177; W2145089782,"2009, 2012",4
rapid region based pointer disambiguation,2,Rapid: Region-based Pointer Disambiguation,W4386464927; W4387674315,2023,4
reactive synthesis towards output sensitive algorithms,2,Reactive Synthesis: Towards Output-Sensitive Algorithms,W2785382935; W2962760075,"2017, 2018",4
reconciling abstraction with high performance a metaocaml approach,2,Reconciling Abstraction with High Performance: A MetaOCaml approach,W2805929662; W4301270244,2018,4
reconciling exhaustive pattern matching with objects,2,Reconciling exhaustive pattern matching with objects,W2063553958; W4245299262,2013,4
reconstructing verit proofs in isabelle hol,2,Reconstructing veriT Proofs in Isabelle/HOL,W2969483684; W3098927713,2019,4
reducing false sharing on shared memory multiprocessors through compile time data transformations,2,Reducing false sharing on shared memory multiprocessors through compile time data transformations,W2094439101; W4233567673,1995,4
refining semantics for multi stage programming,2,Refining semantics for multi-stage programming,W2561581089; W4232444174,2017,4
register allocation,2,Register Allocation,W4297672591; W4312357863,"2021, 2022",4
regularly annotated set constraints,2,Regularly annotated set constraints,W2123401325; W3174292934,2007,4
relating models of backtracking,2,Relating models of backtracking,W1982998916; W4230823447,2004,4
remote timing attacks are practical,2,Remote timing attacks are practical,W1560720671; W3007127761,2005,4
replication and fault tolerance in the isis system,2,Replication and fault-tolerance in the ISIS system,W2116820549; W4231195072,1985,4
representation and symbolic manipulation of linearly inductive boolean functions,2,Representation and symbolic manipulation of linearly inductive Boolean functions,W2105489972; W4248764752,"1993, 2002",4
reproduction package for an empirical evaluation of property based testing in python,2,Reproduction Package for An Empirical Evaluation of Property-based Testing in Python,W7077055100; W7077081618,2025,4
revisiting membership problems in subclasses of rational relations,2,Revisiting Membership Problems in Subclasses of Rational Relations,W4384302160; W4390654832,2023,4
rose compiler support for object oriented frameworks,2,Rose Compiler Support for Object-Oriented Frameworks,W2068810256; W4239437589,"2000, 2001",4
search based software test data generation a survey,2,Search‐based software test data generation: a survey,W2114869486; W3007533873,2004,4
secure implementations of typed channel abstractions,2,Secure implementations of typed channel abstractions,W1965427929; W4242450894,2007,4
semantic analysis of normalisation by evaluation for typed lambda calculus,2,Semantic analysis of normalisation by evaluation for typed lambda calculus,W2056024754; W4309694915,"2002, 2022",4
semantic foundations for deterministic dataflow and stream processing,2,Semantic Foundations for Deterministic Dataflow and Stream Processing,W3017159537; W4229968863,"2020, 2021",4
semantics of multimodal adjoint type theory,2,Semantics of multimodal adjoint type theory,W4323557380; W4388946565,2023,4
semiring frameworks and algorithms for shortest distance problems,2,Semiring Frameworks and Algorithms for Shortest-Distance Problems,W2125528794; W3081458930,2002,4
separation logic modulo theories,2,Separation logic modulo theories,W2222934773; W4290004727,2013,4
sheaf semantics of termination insensitive noninterference,2,Sheaf Semantics of Termination-Insensitive Noninterference,W4224311436; W4412308858,2022,4
signatures and induction principles for higher inductive inductive types,2,Signatures and Induction Principles for Higher Inductive-Inductive Types,W2914814133; W3097948082,2020,4
smoothing methods for automatic differentiation across conditional branches,2,Smoothing Methods for Automatic Differentiation Across Conditional Branches,W4387427697; W4389664989,2023,4
software profiling for hot path prediction,2,Software profiling for hot path prediction,W2127890955; W4238502383,2000,4
space efficient conservative garbage collection,2,Space efficient conservative garbage collection,W2094631165; W4241928781,"1993, 2004",4
statistical debugging for real world performance problems,2,Statistical debugging for real-world performance problems,W2163661306; W3027678148,2014,4
suggesting valid hole fits for typed holes experience report,2,Suggesting valid hole fits for typed-holes (experience report),W2891612558; W4229736286,2018,4
sum product networks a new deep architecture,2,Sum-product networks: A new deep architecture,W2040370888; W2399803916,"2011, 2012",4
synthesis from component libraries,2,Synthesis from Component Libraries,W1596680954; W2059312600,"2009, 2012",4
synthesis from multi cycle atomic actions as a solution to the timing closure problem,2,Synthesis from multi-cycle atomic actions as a solution to the timing closure problem,W2030220202; W4240633153,2008,4
techniques for improving language based editors,2,Techniques for improving language-based editors,W2085039685; W4249481576,1984,4
template your boilerplate,2,Template your boilerplate,W2101407609; W4249438729,2012,4
temporal logic can be more expressive,2,Temporal logic can be more expressive,W2075920544; W2806619258,"1981, 1983",4
the algebraic specification of abstract data types,2,The algebraic specification of abstract data types,W2134338128; W4253361097,1978,4
the birth of prolog,2,The birth of Prolog,W1969456304; W2173702800,"1993, 1996",4
the clocks they are adjunctions denotational semantics for clocked type theory,2,The Clocks They Are Adjunctions Denotational Semantics for Clocked Type Theory,W2796955244; W2964181739,2018,4
the development of chez scheme,2,The development of Chez Scheme,W2124509807; W4243123764,2006,4
the dynamic practice and static theory of gradual typing,2,The Dynamic Practice and Static Theory of Gradual Typing,W2964500203; W2965144419,2019,4
the hardness of data packing,2,The hardness of data packing,W2295173494; W4254405132,2016,4
the java syntactic extender jse,2,The Java syntactic extender (JSE),W2065428406; W3009770552,2001,4
the lrpd test,2,The LRPD test,W2078429521; W2996943613,1995,4
the mathematics of sentence structure,2,The Mathematics of Sentence Structure,W2328580899; W4242125186,1958,4
the real projective spaces in homotopy type theory,2,The real projective spaces in homotopy type theory,W2608452728; W2963522163,2017,4
the simplicial model of univalent foundations after voevodsky,2,The Simplicial Model of Univalent Foundations (after Voevodsky),W2475129850; W3133537387,"2012, 2021",4
the theory of hybrid automata,2,The theory of hybrid automata,W2147340401; W3189981105,"2000, 2002",4
the under appreciated unfold,2,The under-appreciated unfold,W1963928257; W3011593512,1998,4
thermodynamic semirings,2,Thermodynamic semirings,W3037885508; W4297904295,"2011, 2014",4
timed pi calculus,2,Timed $$\pi $$-Calculus,W1216450975; W4241140060,2014,4
towards a mathematical science of computation,2,Towards a Mathematical Science of Computation,W2124141583; W3181441684,"1962, 1993",4
towards the essence of hygiene,2,Towards the Essence of Hygiene,W2064093999; W4244095209,"2014, 2015",4
transmission control protocol,2,Transmission Control Protocol,W1540641082; W4230038347,1981,4
trees that grow,2,Trees That Grow.,W2536586774; W4291348424,"2016, 2020",4
typability in bounded dimension,2,Typability in bounded dimension,W2742413387; W4237646746,2017,4
typed embedding of a relational language in ocaml,2,Typed Embedding of a Relational Language in OCaml,W2803658390; W2913845010,2018,4
typed self interpretation by pattern matching,2,Typed self-interpretation by pattern matching,W2136707405; W4210585478,2011,4
using passive object garbage collection algorithms for garbage collection of active objects,2,Using passive object garbage collection algorithms for garbage collection of active objects,W2175673467; W3096767826,2002,4
vector models for data parallel computing,2,Vector Models for Data-Parallel Computing,W1967321130; W2112708371,"1990, 1991",4
vectorwise beyond column stores,2,Vectorwise: Beyond Column Stores,W2102987499; W6987932406,2012,4
verified density compilation for a probabilistic programming language,2,Verified Density Compilation for a Probabilistic Programming Language,W4379536100; W6950345792,2023,4
warping cache simulation of polyhedral programs,2,Warping Cache Simulation of Polyhedral Programs,W4226093591; W4281692018,2022,4
web cat,2,Web-CAT,W2089010774; W4249812482,2008,4
well structured futures and cache locality,2,Well-structured futures and cache locality,W2118973181; W3026542295,2014,4
welterweight java,2,Welterweight java,W2912860002; W4214533059,2010,4
when won t membership queries help,2,When won't membership queries help?,W2018908820; W4210406996,"1991, 1995",4
which pointer analysis should i use,2,Which pointer analysis should I use?,W2141442517; W3009605109,2000,4
whole program path based dynamic impact analysis,2,Whole Program Path-Based Dynamic Impact Analysis,W2070948110; W4238127296,2003,4
whole program paths,2,Whole program paths,W2108112890; W4239327426,1999,4
łukasiewicz μ calculus,2,Łukasiewicz μ-calculus,W2185433846; W2963188641,"2015, 2017",4
a classical sequent calculus with dependent types,2,A Classical Sequent Calculus with Dependent Types,W2528080869; W3128607236,"2017, 2019",3
a first look at rigorous probability theory,2,A First Look at Rigorous Probability Theory,W1493856275; W4300129738,"2000, 2006",3
a history of mathematical notations,2,A history of mathematical notations,W1514058369; W4239610423,"1928, 1929",3
a semantic account of type directed partial evaluation,2,A Semantic Account of Type-Directed Partial Evaluation,W1783167788; W2399951213,1999,3
a set of postulates for the foundation of logic,2,A Set of Postulates for the Foundation of Logic,W2323803659; W4240853462,"1932, 1933",3
a survey of graphical languages for monoidal categories,2,A Survey of Graphical Languages for Monoidal Categories,W1644475622; W3105507374,"2009, 2010",3
a versatile constraint based type inference system,2,A versatile constraint-based type inference system,W1600280684; W2999671222,2000,3
algebraic combinatorics on words,2,Algebraic Combinatorics on Words,W1586417893; W2017793853,"2002, 2004",3
an introduction to quantum error correction and fault tolerant quantum computation,2,An introduction to quantum error correction and fault-tolerant quantum computation,W1675244148; W4394642796,"2009, 2010",3
array expansion,2,Array expansion,W2294743625; W4210409048,"1988, 2014",3
basic category theory,2,Basic Category Theory,W1571102086; W4205281654,"2014, 2022",3
breadth first numbering,2,Breadth-first numbering,W2136952837; W3005063329,2000,3
call arity,2,Call Arity,W4235947164; W4250882027,"2014, 2017",3
clowns to the left of me jokers to the right pearl,2,"Clowns to the left of me, jokers to the right (pearl)",W2130446944; W3043982209,2008,3
combining algebra and higher order types,2,Combining algebra and higher-order types,W1513590676; W2157928652,"1988, 2003",3
compilation of qubit circuits to optimized qutrit circuits,2,Compilation of Qubit Circuits to Optimized Qutrit Circuits,W4399851293; W6948676638,2024,3
computational complexity,2,Computational Complexity,W4298227433; W4396808206,"2009, 2024",3
computer architecture a quantitative approach,2,Computer Architecture: A Quantitative Approach,W1555915743; W2725179571,"1989, 1993",3
conversion,2,Conversion,W2036846060; W4238243988,"1984, 2013",3
deciding equivalence with sums and the empty type,2,Deciding equivalence with sums and the empty type,W2529368321; W4300602882,"2016, 2017",3
decoupled access execute computer architectures,2,Decoupled access/execute computer architectures,W1969648707; W2154790323,"1982, 1984",3
dependent type system with subtyping i type level transitivity elimination,2,Dependent type system with subtyping (I) type level transitivity elimination,W2075388708; W3150947695,1998,3
determinantal point processes for machine learning,2,Determinantal Point Processes for Machine Learning,W2138779671; W3103014337,2012,3
effective synchronization removal for java,2,Effective synchronization removal for Java,W1969610731; W3007960993,2000,3
focusing and higher order abstract syntax,2,Focusing and higher-order abstract syntax,W1979392127; W3035862024,2008,3
foundations of software technology and theoretical computer science,2,Foundations of Software Technology and Theoretical Computer Science,W4234960994; W4236451659,"1987, 1991",3
framing the frame problem,2,Framing the Frame Problem.,W2398885040; W4407736235,2015,3
from natural semantics to abstract machines,2,From Natural Semantics to Abstract Machines,W1572670118; W2617537082,"2004, 2005",3
geometry of synthesis,2,Geometry of synthesis,W2150548943; W4249023099,2007,3
ggplot2 elegant graphics for data analysis,2,ggplot2: Elegant Graphics for Data Analysis,W1587026990; W1810028515,"2009, 2011",3
handling control,2,Handling control,W2293423472; W4238644718,1993,3
high performance tensor contraction without transposition,2,High-Performance Tensor Contraction without Transposition,W2588061952; W2951081301,"2016, 2018",3
individual comparisons by ranking methods,2,Individual Comparisons by Ranking Methods,W1857789879; W4252684946,"1945, 1992",3
infinitary intersection types as sequences a new answer to klop s problem,2,Infinitary intersection types as sequences: a new answer to Klop's problem,W2744716545; W3192138410,2017,3
initializing mutually referential abstract objects the value recursion challenge,2,Initializing Mutually Referential Abstract Objects: The Value Recursion Challenge,W2109404349; W3195139395,2006,3
learning to predict by the methods of temporal differences,2,Learning to Predict by the Methods of Temporal Differences,W2100677568; W3041202696,1988,3
measure theory,2,Measure Theory,W4245807314; W4253577938,"2007, 2013",3
numerical methods for scientists and engineers,2,Numerical Methods for Scientists and Engineers,W3036935753; W4402262041,"1975, 2024",3
objective c programming,2,Objective-C Programming,W3164082694; W578514382,"2013, 2014",3
orthomodular lattices,2,Orthomodular Lattices,W4206264042; W4249911606,"1984, 1985",3
parameterized complexity,2,Parameterized Complexity,W4292230561; W4396808240,"1999, 2024",3
positive recursive type assignment,2,Positive recursive type assignment,W1479802504; W1566576475,"1995, 1996",3
prime numbers a computational perspective,2,Prime Numbers: A Computational Perspective,W2005936791; W3173983494,"2002, 2012",3
queries and concept learning,2,Queries and Concept Learning,W2139709458; W4252861488,1988,3
secure multiparty computation,2,Secure Multiparty Computation,W2746530484; W3026923845,"2017, 2020",3
semi continuous sized types and termination,2,Semi-continuous Sized Types and Termination,W1505308924; W1963720087,"2006, 2008",3
shake before building,2,Shake before building,W1966725513; W3003851828,2012,3
simple partial type inference for system f based on type containment,2,"Simple, partial type-inference for System F based on type-containment",W2161193752; W4229859398,2005,3
singular integral equations,2,Singular Integral Equations,W2482911253; W4210892436,2000,3
tensorflow,2,TensorFlow,W6950140870; W6968601389,"2025, 2026",3
the collapsed gibbs sampler in bayesian computations with applications to a gene regulation problem,2,The Collapsed Gibbs Sampler in Bayesian Computations with Applications to a Gene Regulation Problem,W2033765726; W4237519894,1994,3
the development of erlang,2,The development of Erlang,W1986277018; W3004121085,1997,3
the foundations of program verification,2,The foundations of program verification.,W1521505629; W2315559518,"1986, 1988",3
the jackknife the bootstrap and other resampling plans,2,"The Jackknife, the Bootstrap and Other Resampling Plans",W2124181495; W3026721701,"1982, 1983",3
the mathematical analysis of logic,2,The Mathematical Analysis of Logic.,W2317286377; W4210667464,"1950, 2009",3
the mathematical theory of context free languages,2,The mathematical theory of context free languages,W2148224873; W299519334,"1966, 1967",3
the semantics of scheme with future,2,The semantics of Scheme with future,W2008447317; W2998259715,1996,3
the temporal semantics of concurrent programs,2,The temporal semantics of concurrent programs,W1970603830; W2180713429,"1981, 2005",3
the verification of a distributed system,2,The verification of a distributed system,W2273057198; W3126547945,"2015, 2016",3
toward a foundational typed assembly language,2,Toward a foundational typed assembly language,W2069954929; W3088061016,2003,3
towards a proof theory of rewriting the simply typed 2λ calculus,2,Towards a proof theory of rewriting: The simply typed 2λ-calculus,W1990916178; W4210699837,1996,3
towards a theory of parallel programming,2,Towards a Theory of Parallel Programming,W2117963862; W3146519985,"1972, 1978",3
unification based pointer analysis with directional assignments,2,Unification-based pointer analysis with directional assignments,W2095115578; W3018596786,2000,3
vcode,2,VCODE,W2018016444; W4302565961,1996,3
über formal unentscheidbare sätze der principia mathematica und verwandter systeme i,2,Über formal unentscheidbare Sätze der Principia Mathematica und verwandter Systeme I,W2114804254; W4256369010,"1931, 2006",3
a calculus for probabilistic languages,2,A calculus for probabilistic languages,W2126605576; W3004894784,2003,2
a course on borel sets,2,A Course on Borel Sets,W1545549932; W4206519198,1998,2
a decomposition theorem for partially ordered sets,2,A Decomposition Theorem for Partially Ordered Sets,W2044935944; W4254807835,"1950, 2009",2
a distributed garbage collector for active objects,2,A distributed garbage collector for active objects,W2614013577; W4244962904,1994,2
a faster and simpler fully dynamic transitive closure,2,A faster and simpler fully dynamic transitive closure,W1997898455; W2069938443,"2003, 2008",2
a logic for statutes,2,A Logic for Statutes,W2771586520; W3121655850,2017,2
a practical theory of programming,2,A Practical Theory of Programming,W2081945419; W4212949860,"1990, 1993",2
a recipe for state and effect triangles,2,A Recipe for State-and-Effect Triangles,W2285040361; W2950495758,2017,2
accurate garbage collection in an uncooperative environment,2,Accurate garbage collection in an uncooperative environment,W2121433585; W3005014122,2002,2
accurate static branch prediction by value range propagation,2,Accurate static branch prediction by value range propagation,W2006471246; W4252829923,1995,2
advanced linear algebra,2,Advanced Linear Algebra,W4230271953; W4293163450,"2007, 2016",2
an introduction to functional programming through lambda calculus,2,An Introduction to Functional Programming Through Lambda Calculus,W1483171835; W2316163296,"1989, 1991",2
an overview of actor languages,2,An overview of actor languages,W2169335806; W4236421179,1986,2
analysis of structured programs,2,Analysis of structured programs,W2057837530; W2087161072,"1973, 1974",2
ansi common lisp,2,ANSI Common Lisp,W1582924718; W1914234,"1992, 1995",2
applying hierarchical and role based access control to xml documents,2,Applying hierarchical and role-based access control to XML documents,W2156560889; W2403582703,"2004, 2006",2
artifact for oopsla 2025 669,2,Artifact for OOPSLA 2025 #669,W6893297631; W6930665897,2025,2
artifact for oopsla 2025 745,2,Artifact for OOPSLA 2025 #745,W6930884590; W6950103953,2025,2
assessing security threats of looping constructs,2,Assessing security threats of looping constructs,W2078114603; W4238789074,2007,2
automatic inline allocation of objects,2,Automatic inline allocation of objects,W2130958336; W3110420271,1997,2
back to direct style,2,Back to direct style,W2124056143; W4251825445,"1992, 1994",2
categorical models of computation partially traced categories and presheaf models of quantum computation,2,Categorical models of computation: Partially traced categories and presheaf models of quantum computation,W1626797245; W4298357633,"2010, 2013",2
cml,2,CML,W2015888335; W4254587780,1991,2
computational complexity of probabilistic turing machines,2,Computational Complexity of Probabilistic Turing Machines,W2059442002; W2070488416,"1974, 1977",2
concepts and experiments in computational reflection,2,Concepts and experiments in computational reflection,W2168287017; W3161394903,1987,2
constraint handling rules,2,Constraint handling rules,W2570710533; W4234159174,"1995, 2009",2
constraint solving for program verification theory and practice by example,2,Constraint Solving for Program Verification: Theory and Practice by Example,W1701051220; W1871170357,2010,2
decidability and complexity of petri net problems an introduction,2,Decidability and complexity of Petri net problems — An introduction,W1493373428; W2485149744,1998,2
efficient interpretation using quickening,2,Efficient interpretation using quickening,W1970709334; W3004830048,2010,2
efficient representations and abstractions for quantifying and exploiting data reference locality,2,Efficient representations and abstractions for quantifying and exploiting data reference locality,W1988637082; W4249758101,2001,2
entropy and uncertainty,2,Entropy and Uncertainty,W1993734789; W4243742020,"1986, 1987",2
estimation of the length of interactions in arena game semantics,2,Estimation of the Length of Interactions in Arena Game Semantics,W1771631851; W3098034088,2011,2
evomaster evolutionary multi context automated system test generation,2,EvoMaster: Evolutionary Multi-context Automated System Test Generation,W2790334838; W3106293840,2018,2
exact real computer arithmetic with continued fractions,2,Exact real computer arithmetic with continued fractions,W2055314056; W2127112332,"1988, 1990",2
fault tolerant quantum computation,2,FAULT-TOLERANT QUANTUM COMPUTATION,W1639600422; W2167927798,"1998, 2002",2
finite trace linear temporal logic coinductive completeness,2,Finite-Trace Linear Temporal Logic: Coinductive Completeness,W2523467757; W2901540136,"2016, 2018",2
from branching to linear time coalgebraically,2,"From Branching to Linear Time, Coalgebraically",W2013127440; W2615302770,"2013, 2017",2
function inlining versus function cloning,2,Function inlining versus function cloning,W1997154986; W4251521744,2003,2
heterogeneous computing,2,Heterogeneous computing,W2583280147; W4253152747,"2016, 2017",2
improved sharing of apl workspaces and libraries,2,Improved sharing of APL workspaces and libraries,W2073052545; W4248294096,1981,2
information theory inference and learning algorithms,2,"Information Theory, Inference, and Learning Algorithms",W1607198972; W2092883204,"2004, 2005",2
information transmission in computational systems,2,Information transmission in computational systems,W2113660296; W3163429311,1977,2
inline caching meets quickening,2,Inline caching meets quickening,W1595450046; W4239451401,2010,2
interval analysis for computer graphics,2,Interval analysis for computer graphics,W2169964384; W4249516290,1992,2
introduction to functional programming,2,Introduction to functional programming,W1507693023; W2968694164,"1988, 2019",2
introduction to quantum computation,2,Introduction to Quantum Computation,W1619080249; W2111390870,"2003, 2007",2
introduction to real analysis,2,Introduction to Real Analysis,W1537372611; W2963521659,"2003, 2019",2
l a l b decidability results from complete formal systems,2,L(A) = L(B)? Decidability Results from Complete Formal Systems,W1541953080; W2111753126,"2001, 2002",2
lambda calculus schemata,2,Lambda-calculus schemata,W2029818286; W2041945455,"1972, 1993",2
leaking space,2,Leaking space,W2341329932; W3083511734,2013,2
logic for computer scientists,2,Logic for Computer Scientists,W2163268481; W4252344653,2008,2
mathematical programming methods,2,Mathematical Programming Methods,W2291661959; W6983295390,"1976, 1977",2
measures on the closed subspaces of a hilbert space,2,Measures on the Closed Subspaces of a Hilbert Space,W2070217890; W4244716531,"1957, 1975",2
mechanized semantics for compiler verification,2,Mechanized Semantics for Compiler Verification,W1547334915; W2176417916,2012,2
miniagda integrating sized and dependent types,2,MiniAgda: Integrating Sized and Dependent Types,W2952161062; W3188212766,"2010, 2018",2
monadic and comonadic aspects of dependency analysis,2,Monadic and Comonadic Aspects of Dependency Analysis,W4295992770; W4307887886,2022,2
nasa task load index nasa tlx 20 years later,2,Nasa-Task Load Index (NASA-TLX); 20 Years Later,W2151905266; W4245990317,2006,2
new trends in density matrix renormalization,2,New trends in density matrix renormalization,W2093617300; W3101835793,2006,2
on decidable and undecidable extensions of simply typed lambda calculus,2,On Decidable and Undecidable Extensions of Simply Typed Lambda Calculus,W4404401104; W4406222247,"2024, 2025",2
on the complexity of linearizability,2,On the Complexity of Linearizability,W1532290188; W2794155582,"2015, 2018",2
paradoxes of probabilistic programming and how to condition on events of measure zero with infinitesimal probabilities,2,Paradoxes of probabilistic programming: and how to condition on events of measure zero with infinitesimal probabilities,W3119685641; W6950201671,"2020, 2021",2
pearls of functional algorithm design,2,Pearls of functional algorithm design,W1590310444; W4296274916,"2010, 2011",2
polynomial time and dependent types,2,Polynomial Time and Dependent Types,W4384808200; W6947830926,"2023, 2024",2
principles of mathematical analysis,2,Principles of mathematical analysis,W2097415784; W2595897327,"1953, 1964",2
probability,2,Probability,W4211192810; W4232753567,"2010, 2019",2
program extraction for mutable arrays,2,Program Extraction for Mutable Arrays,W2800345163; W3022608628,"2018, 2019",2
programming as a discipline of mathematical nature,2,Programming as a Discipline of Mathematical Nature,W2090596673; W4210314035,1974,2
programs and proofs mechanizing mathematics with dependent types,2,Programs and Proofs: Mechanizing Mathematics with Dependent Types,W6912563179; W6968860906,2014,2
random geometric graphs,2,Random Geometric Graphs,W2778446896; W630423399,"2003, 2017",2
regression models and life tables,2,Regression Models and Life-Tables,W1580788756; W3147894994,"1972, 1992",2
regular canonical systems,2,Regular Canonical Systems,W2035561341; W4232505977,"1964, 1990",2
replicated distributed programs,2,Replicated distributed programs,W2020181081; W4233141170,1985,2
resolution in type theory,2,Resolution in Type Theory,W2115610240; W4237061074,1971,2
robot programming,2,Robot programming,W2294089271; W4252387763,1983,2
should tables be sorted,2,Should Tables Be Sorted?,W1993022201; W2067169404,"1978, 1981",2
software pipelining an effective scheduling technique for vliw machines,2,Software pipelining: an effective scheduling technique for VLIW machines,W3143608323; W4232919122,1988,2
specification and synthesis of communicating processes using an extended temporal logic,2,Specification and synthesis of communicating processes using an extended temporal logic,W2063903592; W2401007240,1982,2
static analysis of run time errors in embedded real time parallel c programs,2,Static Analysis of Run-Time Errors in Embedded Real-Time Parallel C Programs,W2025577256; W3104985640,2012,2
symbolic logic a razor edged tool for drafting and interpreting legal documents,2,SYMBOLIC LOGIC: A RAZOR-EDGED TOOL FOR DRAFTING AND INTERPRETING LEGAL DOCUMENTS,W1868697350; W4249318453,1957,2
system description isabelle jedit in 2014,2,System description: Isabelle/jEdit in 2014,W1983365251; W4299953167,2014,2
systematic software development using vdm,2,Systematic software development using VDM,W1970495662; W2318940639,1986,2
the behavior of tutoring systems,2,The Behavior of Tutoring Systems,W1765030997; W3015277188,2006,2
the decision problem for standard classes,2,The decision problem for standard classes,W2114368612; W4247725673,1976,2
the nature of statistical learning theory,2,The Nature of Statistical Learning Theory,W2156909104; W4230674625,"1995, 2000",2
the problem of simplifying truth functions,2,The Problem of Simplifying Truth Functions,W2335478831; W4253456425,1952,2
the verifying compiler a grand challenge for computing research,2,The Verifying Compiler: A Grand Challenge for Computing Research,W2597376266; W4231555653,2003,2
theories of programming languages,2,Theories of Programming Languages,W1530632793; W1974491122,"1998, 2000",2
total and partial computation in categorical quantum foundations,2,Total and Partial Computation in Categorical Quantum Foundations,W2232550624; W3149871783,2015,2
toward a mathematical foundation for information flow security,2,Toward a mathematical foundation for information flow security,W2129858673; W2174737314,"1992, 2002",2
type systems for programming languages,2,Type Systems for Programming Languages,W1487166760; W2405921311,1990,2
unfold fold transformations and loop optimization of logic programs,2,Unfold/fold transformations and loop optimization of logic programs,W2044422265; W4235363020,1988,2
up to techniques using sized types,2,Up-to techniques using sized types,W2777036761; W2898853664,"2017, 2018",2
using formal methods to enable more secure vehicles,2,Using formal methods to enable more secure vehicles,W2088525440; W3014692125,2014,2
using t closeness anonymity to control for non discrimination,2,Using t-closeness anonymity to control for non-discrimination,W2184545618; W3126102191,"2014, 2015",2
virtualization with kvm,2,Virtualization with KVM,W115429978; W2999825842,2008,2
